番号,単語,発音記号,品詞,意味,補足,例文,例文訳
1,agree,/əˈɡriː/,動詞,同意する、賛成する、意見が一致する,主に agree with 人 や agree to 提案 などの形で用います。,My cat and I finally agree on one thing: the sofa belongs to him.,うちの猫と私は、ついに一つだけ意見が一致した。ソファは彼のものだ、と。
2,oppose,/əˈpoʊz/,動詞,反対する、対抗する,他動詞のため、後ろに前置詞を挟まず直接目的語を取ります（oppose the bill）。,"The whole committee opposed my idea, so naturally I knew it was brilliant.",委員会全員が私の案に反対した。つまりこの案が天才的だと、私は確信した。
3,advise,/ədˈvaɪz/,動詞,助言する、忠告する、勧める,名詞形の advice /ədˈvaɪs/（不可算名詞）とスペル・発音の違いに注意。,"The doctor advised me to relax, which is the most stressful advice I have ever received.",医者は私にリラックスするよう助言した。人生で最もストレスのたまる助言だった。
4,tip,/tɪp/,名詞、動詞,【名】秘訣、チップ、先端<br>【動】傾ける、チップを渡す,日常会話では「役立つアドバイス、コツ」という意味でよく使われます。,"【名】""Here is a tip,"" said the waiter, spilling coffee on my laptop. ""Always back up your files.""<br>【動】He tipped his chair back too far and discovered gravity the hard way.",【名】「一つ秘訣を」とウェイターは言い、私のノートPCにコーヒーをこぼした。「ファイルは必ずバックアップしておけ」<br>【動】彼は椅子を後ろに傾けすぎ、重力というものを痛い形で発見した。
5,discuss,/dɪˈskʌs/,動詞,議論する、話し合う,他動詞なので、discuss about としないよう直後に目的語を置きます。,"We spent two hours discussing where to eat, then ate cereal at home anyway.",どこで食べるか二時間話し合った末、結局は家でシリアルを食べた。
6,blame,/bleɪm/,動詞、名詞,【動】非難する、〜のせいにする<br>【名】非難、責任,blame A for B（BのことでAを非難する）の形で頻出です。,"【動】Don't blame the dog. We both know who really ate the cake, and I am watching you.<br>【名】He accepted the blame with a shrug, mostly because arguing sounded exhausting.",【動】犬のせいにするな。誰が本当にケーキを食べたか、二人とも分かっている。見ているぞ。<br>【名】彼は肩をすくめて非難を受け入れた。反論する方が疲れそうだったからだ。
7,argue,/ˈɑːrɡjuː/,動詞,主張する、議論する、口論する,自分の主張を通すために論争する、または言い争うニュアンスを含みます。,"My brother and I can argue about anything, including whether we are actually arguing right now.",兄と私は何についてでも口論できる。今まさに口論しているかどうか、についても含めて。
8,claim,/kleɪm/,動詞、名詞,【動】主張する、要求する<br>【名】主張、請求,正当な権利として事実を主張する表現。日本語の「クレーム（苦情）」とは意味が異なります。,"【動】He claims he never sleeps in meetings, yet somehow knows nothing that was discussed.<br>【名】Her claim to the last donut was strong, but my reflexes were, tragically for her, stronger.",【動】彼は会議で絶対に寝ないと主張するが、なぜか議論された内容を何も知らない。<br>【名】最後のドーナツへの彼女の要求は強かったが、私の反射神経は、彼女には悲劇的なことに、より強かった。
9,complain,/kəmˈpleɪn/,動詞,不平を言う、不満を漏らす,complain about/of ...（〜について不満を言う）の形でよく使います。,"He came to complain about the noise, then stayed two hours to join the party.",彼は騒音に文句を言いに来たが、そのまま二時間居座ってパーティーに加わった。
10,offer,/ˈɔːfər/,動詞、名詞,【動】提供する、申し出る<br>【名】申し出、提供,offer A B（AにBを提供する）などの第4文型をとることができます。,"【動】The salesman offered me a lifetime warranty on a pen, so naturally I bought three.<br>【名】Her offer to ""just help a little"" ended with her repainting the entire kitchen.",【動】店員がペンに生涯保証を申し出たので、当然ながら私は三本買った。<br>【名】「ちょっとだけ手伝う」という彼女の申し出は、キッチン全体の塗り直しで終わった。
11,suggest,/səɡˈdʒest/,動詞,提案する、暗示する、示す,控えめに提案するニュアンス。that節内の動詞は原形（またはshould + 原形）になります。,"The waiter suggested the special, which suspiciously happened to be the most expensive dish.",ウェイターは本日のおすすめを提案したが、それは怪しいことに一番高い料理だった。
12,recommend,/ˌrekəˈmend/,動詞,勧める、推薦する,専門知識や経験に基づき「〜を勧める」場合に使います。recommend doing など。,"My friend recommended a ""quick five-minute recipe"" that somehow consumed my entire Sunday.",友人が「手軽な五分レシピ」を勧めてきたが、それはなぜか私の日曜日を丸ごと飲み込んだ。
13,grateful,/ˈɡreɪtfl/,形容詞,感謝している、ありがたく思う,be grateful to 人 for 事柄（人の事柄に感謝する）の形で使われます。,"I'm grateful for automatic doors, mostly because I always forget to push or pull correctly.",自動ドアには感謝している。押すか引くか、いつも正しく思い出せないからだ。
14,apologize,/əˈpɑːlədʒaɪz/,動詞,謝る、謝罪する,自動詞なので、apologize to 人 for 事柄（人に事柄を謝る）と前置詞が必要です。,"He apologized so sincerely for being late that I forgot he was, in fact, three hours late.",彼があまりに誠実に遅刻を謝るので、私は彼が実は三時間遅れだったことを忘れた。
15,excuse,/ɪkˈskjuːs/ (名詞)<br>/ɪkˈskjuːz/ (動詞),名詞、動詞,【名】言い訳、弁明<br>【動】許す、免除する,名詞は末尾が /s/、動詞は濁る /z/ になります。Excuse me. は「失礼します」の定番表現。,"【名】""I left my homework on the bus"" is an excuse the teacher has heard nine hundred times.<br>【動】Please excuse the mess; the cat has strong opinions about how furniture should be arranged.",【名】「宿題をバスに置いてきた」は、先生が九百回聞いた言い訳だ。<br>【動】散らかっているのはご容赦を。うちの猫は家具の配置に強いこだわりがある。
16,celebrate,/ˈselɪbreɪt/,動詞,祝う、記念式を行う,特定の日（誕生日や記念日）や行事を祝う際に使います（人を直接祝う表現ではありません）。,"We celebrated finishing the project, then immediately remembered there was a second project.",プロジェクト完了を祝った、その直後に第二のプロジェクトの存在を思い出した。
17,congratulate,/kənˈɡrætʃuleɪt/,動詞,祝う、お祝いを言う,congratulate 人 on 事柄 の形で、人の成功や幸運に対して直接お祝いを言います。,"I congratulate you on your promotion, and quietly warn you about the emails that come with it.",昇進おめでとう。そしてそれに付いてくるメールの数について、そっと警告しておく。
18,admire,/ədˈmaɪər/,動詞,感嘆する、賞賛する、敬愛する,人の才能、行為、美しさなどに深く感心し、尊敬の念を抱く場合に使われます。,I admire people who wake up at 5 a.m. to exercise; I admire them from my very warm bed.,朝五時に起きて運動する人を尊敬する。私はとても暖かいベッドの中から尊敬している。
19,impress,/ɪmˈpres/,動詞,感銘を与える、印象づける,主に受動態 be impressed by/with（〜に深く感動する）の形で頻出します。,"She tried to impress the interviewer, who was, unfortunately, impressed by absolutely nothing.",彼女は面接官を感心させようとしたが、あいにくその面接官は何にも一切感心しない人だった。
20,award,/əˈwɔːrd/,名詞、動詞,【名】賞、賞品<br>【動】授与する、賞を与える,審査等を経て公式に授与される賞（例：Academy Award）を指します。,"【名】He won an award for punctuality, then arrived late to the award ceremony itself.<br>【動】The judges decided to award the prize to the underdog, purely to enjoy the drama.",【名】彼は時間厳守で賞をもらったが、その授賞式そのものに遅刻してきた。<br>【動】審査員たちは、ただ騒動を楽しむために、賞を無名の選手に与えることに決めた。
21,explain,/ɪkˈspleɪn/,動詞,説明する、明らかにする,explain 事柄 to 人 の形で用い、explain 人 事柄 という語順は取れません。,"He tried to explain the plot of the movie, and somehow made it far more confusing.",彼は映画の筋を説明しようとして、なぜかそれをはるかに分かりにくくした。
22,describe,/dɪˈskraɪb/,動詞,（特徴などを）説明する、描写する,言葉によって対象の外観、性質、状況などを詳細に表現することを意味します。,"Asked to describe himself in one word, he took a full paragraph and still wasn't done.",一言で自分を表現するよう言われ、彼はまるまる一段落を費やし、それでもまだ終わらなかった。
23,communicate,/kəˈmjuːnɪkeɪt/,動詞,伝える、意思疎通する、連絡を取る,communicate with 人（人と意思疎通をはかる）の形でよく用いられます。,"Dogs communicate mostly through eye contact, which is how mine demands dinner at 4 p.m. sharp.",犬は主にアイコンタクトで意思疎通する。うちの犬はそうやって午後四時ぴったりに夕食を要求する。
24,express,/ɪkˈspres/,動詞、形容詞、名詞,【動】表現する、表す<br>【形】急行の、明確な<br>【名】急行列車,動詞としては、感情や意図、思想を言葉や態度で外に表すことを言います。,"【動】She struggled to express her feelings, so she just baked forty cookies instead.<br>【形】He took the express train and still managed to be late for the very short meeting.<br>【名】The overnight express arrived at dawn, carrying mail and one very confused pigeon.",【動】彼女は気持ちを表現するのに苦労し、代わりにクッキーを四十個焼いた。<br>【形】彼は急行列車に乗ったが、それでもごく短い会議に遅刻した。<br>【名】夜行の急便は夜明けに到着し、郵便物と、非常に困惑した一羽のハトを運んできた。
25,promise,/ˈpɑːmɪs/,動詞、名詞,【動】約束する<br>【名】約束、見込み、将来性,名詞として「（将来の）見込み、有望さ」という意味でも用いられます。,"【動】He promised to fix the leaky faucet ""this weekend,"" a phrase now in its third year.<br>【名】Her promise to arrive early held all the reliability of a weather forecast.",【動】彼は水漏れする蛇口を「今週末」直すと約束したが、その言葉は今や三年目に入っている。<br>【名】早く着くという彼女の約束は、天気予報ほどの信頼性しかなかった。
26,information,/ˌɪnfərˈmeɪʃn/,名詞,情報、案内、知識,代表的な不可算名詞（数えられない名詞）で、an information や複数形にはできません。,"The internet gave us all the information in the world, and also all the arguments in the world.",インターネットは世界中の情報を私たちに与え、同時に世界中の論争も与えた。
27,technology,/tekˈnɑːlədʒi/,名詞,科学技術、テクノロジー,科学的知識を工業や実用に役立てる応用技術全般を指します。,"Technology was supposed to give us more free time, which we now spend fixing the technology.",テクノロジーは私たちにもっと自由時間を与えるはずだったが、その時間は今やテクノロジーの修理に費やされている。
28,research,/rɪˈsɜːrtʃ/,名詞、動詞,【名】研究、調査<br>【動】研究する、調査する,体系的な調査・研究を指し、不可算名詞として扱われることが多いです。,"【名】Her research on sleep was excellent, though she completed most of it wide awake at 3 a.m.<br>【動】He decided to research the topic thoroughly, then read exactly one headline and called it done.",【名】睡眠に関する彼女の研究は素晴らしかったが、その大半を午前三時に目を爛々とさせて仕上げた。<br>【動】彼はそのテーマを徹底的に調べようと決め、見出しをちょうど一つ読んで完了とした。
29,material,/məˈtɪriəl/,名詞、形容詞,【名】材料、素材、資料、生地<br>【形】物質的な、具体的な,工業の原材料、衣服の生地から、講義・学習用の資料（教材）まで広く指します。,"【名】The builders ran out of material halfway up, so the second floor is technically optional.<br>【形】He insisted his happiness was not material, right before ordering the largest television made.",【名】建設業者は途中で資材を切らしたので、二階は厳密には任意ということになった。<br>【形】彼は自分の幸せは物質的なものではないと言い張った、史上最大のテレビを注文する直前に。
30,artificial,/ˌɑːrtɪˈfɪʃl/,形容詞,人工の、造り物の、不自然な,artificial intelligence（AI：人工知能）や artificial flowers などの形で使われます。,"The ""natural"" juice contained so many artificial flavors that the fruit was purely decorative.",その「天然」ジュースにはあまりに多くの人工香料が入っていて、果物は完全に飾りだった。
31,electric,/ɪˈlektrɪk/,形容詞,電気の、電動の,"電気で動く、または電気を発生するものを指します（例：electric guitar, electric car）。","The new electric car is silent, which is great until you sneak up on a very startled neighbor.",新しい電気自動車は静かだ。とても驚いた隣人に忍び寄ってしまうまでは、それは素晴らしい。
32,invent,/ɪnˈvent/,動詞,発明する、でっち上げる,今までにない新しい物や機械などを生み出すこと、また言い訳をでっち上げる意味もあります。,"He tried to invent a machine that makes coffee automatically, and invented a very expensive puddle.",彼は自動でコーヒーを淹れる機械を発明しようとして、非常に高価な水たまりを発明した。
33,discover,/dɪˈskʌvər/,動詞,発見する、知る、見つける,すでに存在していたが、まだ一般に知られていなかったものを見つけ出すことを指します。,"Scientists discover new species daily, while I discover new snacks hidden behind the old snacks.",科学者は毎日新種を発見する。一方で私は、古いおやつの後ろに隠れた新しいおやつを発見する。
34,develop,/dɪˈveləp/,動詞,開発する、発達させる、発展する,技術や地域の開発、筋肉の発達だけでなく、病気を「発症する」という意味もあります。,It takes years to develop a good habit and about four seconds to abandon it for a nap.,良い習慣を身につけるのに何年もかかり、昼寝のためにそれを捨てるのに約四秒かかる。
35,skill,/skɪl/,名詞,技術、技能、技量,訓練や経験によって習得される、特定の仕事や活動をこなす熟練した力を指します。,His main skill is looking extremely busy while doing absolutely nothing of measurable value.,彼の主な技能は、測定できる価値のあることを一切せずに、極めて忙しそうに見せることだ。
36,ability,/əˈbɪləti/,名詞,能力、才能、手腕,物事を行うための知能的・体力的な「能力」全般を指します。ability to do など。,"She has the rare ability to fall asleep instantly, especially during important explanations.",彼女には瞬時に眠りに落ちる稀な能力がある。特に重要な説明の最中に。
37,talent,/ˈtælənt/,名詞,才能、素質,生まれつき備わっている、特別な高い「天賦の才能」を指すことが多いです。,His hidden talent turned out to be finding parking spaces in a city with famously none.,彼の隠れた才能は、駐車場が皆無で有名な街で駐車スペースを見つけることだと判明した。
38,effort,/ˈefərt/,名詞,努力、骨折り、苦労,make an effort で「努力する」という必須のイディオムになります。,"He put enormous effort into avoiding effort, which itself required a surprising amount of effort.",彼は労力を避けることに多大な労力を注いだが、それ自体が驚くほどの労力を要した。
39,practice,/ˈpræktɪs/,名詞、動詞,【名】練習、実践、習慣、開業<br>【動】練習する、実践する,医師や弁護士などが事務所を「開業して活動する」という意味でも用いられます。,"【名】They say practice makes perfect, but my practice mostly makes the neighbors close their windows.<br>【動】He decided to practice the trumpet at midnight, forging an unbreakable bond of hatred with the walls.",【名】練習は完璧を作るというが、私の練習は主に近所の人に窓を閉めさせる。<br>【動】彼は真夜中にトランペットを練習することにし、壁との間に壊れない憎悪の絆を築いた。
40,achieve,/əˈtʃiːv/,動詞,達成する、成し遂げる、獲得する,努力や時間をかけ、困難を乗り越えた末に目的や目標を果たすニュアンス。,"She achieved her goal of reading fifty books, mostly by counting extremely short children's books.",彼女は五十冊読破という目標を達成したが、その大半は非常に短い絵本を数えることによってだった。
41,manage,/ˈmænɪdʒ/,動詞,管理する、経営する、何とかやり遂げる,manage to do で「何とか〜し遂げる、どうにかやりくりして〜する」となります。,"He somehow manages to burn water, which the rest of us assumed was scientifically impossible.",彼はなぜか水を焦がすことができる。それは残りの我々が科学的に不可能だと思っていたことだ。
42,improve,/ɪmˈpruːv/,動詞,改善する、向上させる、良くなる,状態、質、価値、能力などを以前より良いものに高めることを表します。,"To improve my mornings, I set nine alarms, then improve nothing by ignoring all nine.",朝を改善するために目覚ましを九個セットし、その九個全部を無視して何も改善しない。
43,produce,/prəˈduːs/ (動詞)<br>/ˈproʊduːs/ (名詞),動詞、名詞,【動】生産する、引き起こす<br>【名】農産物,名詞として使われる場合は「（野菜や果物などの）農産物」を指し、アクセントが前に置かれます。,"【動】The factory can produce a thousand toys an hour, and exactly zero that my cat will play with.<br>【名】She bought fresh produce at the market, then let it slowly become a science experiment in the fridge.",【動】その工場は一時間に千個のおもちゃを生産できるが、うちの猫が遊ぶものはちょうどゼロ個だ。<br>【名】彼女は市場で新鮮な農産物を買い、それから冷蔵庫の中でゆっくりと科学実験にさせた。
44,create,/kriˈeɪt/,動詞,創造する、作り出す,独自のアイディアや行動で、これまでにない新しい状態や形を生み出します。,"He tried to create modern art, and his cat created something far more valuable on the same canvas.",彼は現代アートを創作しようとし、彼の猫は同じキャンバスにはるかに価値あるものを創作した。
45,establish,/ɪˈstæblɪʃ/,動詞,設立する、確立する、制定する,企業、学校、制度などの組織を設けるほか、信頼や学説を確固たるものにすること。,"They established strict office rules, the very first of which everyone immediately established as optional.",彼らは厳格なオフィス規則を制定したが、その第一条を全員が即座に任意と定めた。
46,form,/fɔːrm/,名詞、動詞,【名】形、形態、用紙、書式<br>【動】形づくる、結成する,申込書などの「用紙・フォーム」という意味も非常に重要です（例：application form）。,"【名】The clouds took the form of a dragon, then a rabbit, then a very ordinary blob.<br>【動】The volunteers formed a line so orderly that a passing goose joined it out of sheer respect.",【名】雲は竜の形になり、次にウサギ、そして最後にごく普通の塊になった。<br>【動】ボランティアたちがあまりに整然と列を作ったので、通りすがりのガチョウが敬意のあまり加わった。
47,save,/seɪv/,動詞、前置詞,【動】救う、貯金する、節約する、保存する<br>【前】〜を除いて,前置詞として except と同様に「〜を除いて」という意味で用いられることがあります（文語的）。,"【動】I tried to save money by cooking at home, then saved even more by burning it and ordering pizza.<br>【前】Everyone came to the surprise party save the guest of honor, who had simply forgotten.",【動】家で料理してお金を節約しようとし、それを焦がしてピザを注文することでさらに節約した。<br>【前】主賓を除いて全員がサプライズパーティーに来たが、その主賓は単に忘れていた。
48,medicine,/ˈmedsn/,名詞,薬、医学,take medicine で「薬を飲む」となります。液状や錠剤などの内服薬全般を指します。,"The best medicine, they say, is laughter; the second best is not reading the comments online.",最良の薬は笑いだという。第二の薬は、ネットのコメント欄を読まないことだ。
49,patient,/ˈpeɪʃnt/,名詞、形容詞,【名】患者<br>【形】忍耐強い、我慢強い,形容詞としての名詞形は patience（忍耐、我慢強さ）になります。,"【名】The patient asked the doctor for a second opinion, then a third, then a fourth.<br>【形】My grandmother is endlessly patient, except when someone touches the thermostat.",【名】その患者は医者にセカンドオピニオンを求め、次にサード、そしてフォースを求めた。<br>【形】祖母は果てしなく忍耐強い。ただし誰かが温度調節器に触れた時を除いて。
50,condition,/kənˈdɪʃn/,名詞、動詞,【名】状態、健康状態、条件<br>【動】条件づける、調整する,on condition that ... で「〜という条件で」という接続詞のように使われます。,"【名】The car was in perfect condition, apart from the small detail that it refused to start.<br>【動】Years of comfort had conditioned the cat to expect breakfast the very instant anyone blinked.",【名】その車は完璧な状態だった。始動を拒否するという小さな点を除けば。<br>【動】長年の快適さが猫を条件づけ、誰かが瞬きした瞬間に朝食を期待するようにさせた。
51,medical,/ˈmedɪkl/,形容詞、名詞,【形】医学の、医療の、内科の<br>【名】健康診断,医療や治療全般に関連する代表的な形容詞です。,"【形】The medical form asked forty questions, the last being whether I had energy to fill out forms.<br>【名】He rushed the injured hiker to the medical, where they mostly offered tea and mild concern.",【形】その医療用紙は四十の質問をし、最後のは私に書類を埋める気力があるかどうかだった。<br>【名】彼は負傷したハイカーを医務室へ運んだが、そこでは主にお茶と軽い心配が提供された。
52,stress,/stres/,名詞、動詞,【名】ストレス、強調、強音<br>【動】強調する、圧迫する,精神的・身体的なストレスのほか、言葉の「強勢（アクセント）」や「重要視」も意味します。,"【名】The stress of choosing a movie ended nine friendships and one otherwise pleasant evening.<br>【動】The coach stressed the importance of teamwork, then benched everyone who dared to pass the ball.",【名】映画選びのストレスが、九つの友情と、それ以外は快適だった一晩を終わらせた。<br>【動】コーチはチームワークの重要性を強調し、それからボールをパスした者全員をベンチに下げた。
53,suffer,/ˈsʌfər/,動詞,苦しむ、損害を被る、患う,自他動詞。特に suffer from 病気/苦痛 で「〜で苦しむ、患う」と表現します。,"He claims to suffer greatly, mostly because the coffee shop ran out of his favorite muffin.",彼はひどく苦しんでいると主張するが、主にカフェがお気に入りのマフィンを切らしたせいだ。
54,exercise,/ˈeksərsaɪz/,名詞、動詞,【名】運動、練習問題、行使<br>【動】運動する、行使する,体を動かす「運動」以外に、権利や職権などを「行使する」という硬い意味の動詞でもあります。,"【名】My daily exercise consists of walking to the fridge and back with impressive dedication.<br>【動】She exercises every morning, which the rest of us respect deeply from a safe, seated distance.",【名】私の毎日の運動は、見事な献身をもって冷蔵庫まで歩いて往復することで成り立っている。<br>【動】彼女は毎朝運動する。残りの我々は、安全な着席距離からそれを深く尊敬している。
55,breathe,/briːð/,動詞,呼吸する、息をする,名詞形は breath /breθ/ で、最後の音が清音 /θ/ になり、eが付かないスペルになります。,Remember to breathe during the presentation; passing out tends to distract from your key points.,プレゼン中は呼吸を忘れずに。気絶すると、要点から注意がそれがちだから。
56,thirsty,/ˈθɜːrsti/,形容詞,喉が渇いた、切望して,単に水が飲みたい状態のほか、知識などを「切望している（thirsty for ...）」とも言います。,"I get thirsty the exact moment I settle into bed, as if my body enjoys a good practical joke.",ベッドに落ち着いたまさにその瞬間に喉が渇く。まるで私の体が良いいたずらを楽しんでいるかのように。
57,physical,/ˈfɪzɪkl/,形容詞、名詞,【形】身体の、物理的な、物質の<br>【名】健康診断,精神的（mental）なことに対する「物理的・肉体的」なことを指す際によく使われます。,"【形】He avoids all physical activity except the intense sport of reaching for the remote.<br>【名】The rookie passed the physical easily, then failed the far harder test of staying awake in training.",【形】彼はリモコンに手を伸ばすという激しいスポーツを除き、あらゆる身体活動を避ける。<br>【名】その新人は身体検査を楽々と通過したが、研修中に起きているというはるかに難しい試練に落ちた。
58,fever,/ˈfiːvər/,名詞,熱、発熱、熱狂,体温の上昇による発熱だけでなく、一時的な社会的ブームや「熱狂」を意味することもあります。,He ran a slight fever and declared it a national emergency requiring immediate soup and sympathy.,彼は微熱を出し、それを即座のスープと同情を要する国家的緊急事態だと宣言した。
59,strength,/streŋθ/,名詞,強さ、力、長所、強み,形容詞 strong の名詞形。企業分析などで用いられる「強み（長所）」としても頻出。,"It takes real strength to open a jar of pickles, and even more to admit you can't.",ピクルスの瓶を開けるには本物の力がいる。そして開けられないと認めるには、さらに大きな力がいる。
60,tear,/tɪər/ (涙)<br>/tɛər/ (裂く),名詞、動詞,【名】涙、裂け目<br>【動】裂く、引きちぎる,"涙を意味する場合は /tɪər/、紙や布を引き裂く（過去 tore, 過去分詞 torn）場合は /tɛər/ と発音が異なります。","【名】A single tear rolled down his cheek as he watched the last slice of pizza vanish forever.<br>【動】Be careful not to tear the wrapping paper; my grandmother reuses it, and she remembers everything.",【名】最後のピザ一切れが永遠に消えるのを見つめ、彼の頬を一筋の涙が伝った。<br>【動】包装紙を破らないよう気をつけて。祖母はそれを再利用するし、すべてを覚えているから。
61,taste,/teɪst/,名詞、動詞,【名】味、味覚、好み、風味<br>【動】味がする、味わう,「（芸術や音楽などの）趣味、好み」という意味の表現でも重要（例：have good taste in music）。,"【名】The soup had a strange taste that everyone politely called ""interesting"" and quietly stopped eating.<br>【動】He bravely tasted the mystery sauce, then spent the next hour rethinking several life choices.",【名】そのスープは奇妙な味がして、全員が礼儀正しく「興味深い」と呼び、そっと食べるのをやめた。<br>【動】彼は勇敢にも謎のソースを味見し、その後一時間、いくつかの人生の選択を考え直して過ごした。
62,rule,/ruːl/,名詞、動詞,【名】規則、規定、支配<br>【動】支配する、裁定する,動詞として、国や組織などを「支配・統治する」という意味でも頻出します。,"【名】The one rule of the house is that there are no rules, which is itself a confusing rule.<br>【動】The tiny kitten rules the household with an iron paw and a truly relentless meow.",【名】この家の唯一の規則は「規則はない」というもので、それ自体が紛らわしい規則だ。<br>【動】その小さな子猫は、鉄の肉球と実に容赦ない鳴き声で家庭を支配している。
63,role,/roʊl/,名詞,役割、役、任務,play an important role in ...（〜で重要な役割を果たす）というフレーズが非常によく使われます。,"He takes his role as ""person who reheats the office coffee"" with almost heroic seriousness.",彼は「オフィスのコーヒーを温め直す人」という役割を、ほとんど英雄的な真剣さで担っている。
64,habit,/ˈhæbɪt/,名詞,（個人の）習慣、癖,個人の無意識な習慣や癖を指します（爪を噛むなど）。社会の「習わし」は custom を用います。,"Checking my phone the instant I wake up is a habit I plan to break, right after this one last scroll.",起きた瞬間にスマホを見るのは、やめようと思っている習慣だ。この最後の一スクロールの、すぐ後で。
65,custom,/ˈkʌstəm/,名詞、形容詞,【名】（社会的な）習慣、習わし、税関<br>【形】特注の、あつらえの,複数形の customs は、空港や国境における「税関」という意味を指します。,"【名】It is our family custom to argue loudly over board games and pretend afterward that nothing happened.<br>【形】He ordered a custom cake shaped like his own face, which delighted precisely no one else.",【名】ボードゲームで大声で言い争い、後から何もなかったふりをするのが我が家の習慣だ。<br>【形】彼は自分の顔の形をした特注ケーキを注文したが、それは他の誰も一切喜ばせなかった。
66,tradition,/trəˈdɪʃn/,名詞,伝統、伝承、慣習,歴史的に長い世代にわたって受け継がれてきた伝統行事や思想を指します。,It's a beautiful tradition to gather every holiday and immediately debate who cooks best.,祝日ごとに集まり、即座に誰が一番料理上手かを議論するのは、美しい伝統だ。
67,society,/səˈsaɪəti/,名詞,社会、協会、学会,人間社会全体や共同体、または共通の目的を持った組織としての「学会・クラブ」を指します。,"Society agrees on many things, but never on the correct volume for a phone call in public.",社会は多くのことで合意するが、公共の場での電話の適切な音量については決して合意しない。
68,law,/lɔː/,名詞,法律、法、法則,国家の法律だけでなく、物理や自然科学における「法則（例：the law of gravity）」も指します。,"The law clearly states you must not park here, which the seagulls interpret as a personal invitation.",法律はここに駐車してはならないと明記しているが、カモメたちはそれを個人的な招待と解釈している。
69,ancestor,/ˈænsestər/,名詞,祖先、先祖,系統としての人間・動植物の祖先。また、現在の機械などの「原型・前身」を指すこともあります。,My ancestor supposedly crossed an ocean bravely; I get seasick looking at a strong bathtub.,私の先祖は勇敢に大洋を渡ったとされるが、私は勢いのある浴槽を見るだけで船酔いする。
70,population,/ˌpɑːpjuˈleɪʃn/,名詞,人口、全住民、（特定の）個体群,単に人間だけでなく、ある地域内に生息する特定の動物や植物の「個体数・個体群」も指します。,"The town's entire population fits in one small cafe, and somehow the coffee line is still long.",その町の全人口は一軒の小さなカフェに収まるが、なぜかコーヒーの列は今も長い。
71,native,/ˈneɪtɪv/,形容詞、名詞,【形】生まれ故郷の、固有の、自国の<br>【名】現地人、その土地で生まれた人,native to ... で「〜に固有・自生の（動植物）」などの使い方もあります。,"【形】As a native speaker, she still couldn't explain why the language has so many silent letters.<br>【名】The tour guide, a proud native of the town, knew every shortcut and every embarrassing local legend.",【形】ネイティブスピーカーである彼女でさえ、なぜその言語に無音の文字がこんなに多いのか説明できなかった。<br>【名】その町の誇り高い地元民であるガイドは、あらゆる近道と、あらゆる恥ずかしい地元の伝説を知っていた。
72,abroad,/əˈbrɔːd/,副詞,海外に、外国で,副詞であるため、go to abroad のように前置詞 to を直前に置くのは誤りです（go abroad）。,"He dreamed of studying abroad, then realized ""abroad"" also has early morning classes.",彼は留学を夢見たが、「海外」にも早朝の授業があると気づいた。
73,local,/ˈloʊkl/,形容詞、名詞,【形】地元の、現地の、部分的な<br>【名】地元の人、各駅停車,主に特定の地方・狭い地域に関する事を指します。医学用語では「局所的な（local anesthesia：局所麻酔）」の意味もあります。,"【形】The local diner serves one dish, cooks it perfectly, and refuses to explain the recipe to anyone.<br>【名】As a proud local, he gave directions using landmarks that had been demolished a decade ago.",【形】その地元の食堂は一品だけ出し、それを完璧に作り、レシピを誰にも説明することを拒む。<br>【名】誇り高い地元民である彼は、十年前に取り壊された目印を使って道案内をした。
74,survey,/ˈsɜːrveɪ/,名詞、動詞,【名】調査、概観、測定<br>【動】調査する、見渡す,アンケートによる世論調査、全体をざっと見渡す調査、あるいは土地の「測量」を意味します。,"【名】The survey asked how satisfied I was, then offered no box for ""it depends entirely on the coffee.""<br>【動】The scientists set out to survey the remote valley, and mostly surveyed a flock of judgmental sheep.",【名】そのアンケートは私の満足度を尋ねたが、「コーヒー次第」という選択肢は用意していなかった。<br>【動】科学者たちは人里離れた谷を調査しに出かけ、主に批判的な羊の群れを調査した。
75,value,/ˈvæljuː/,名詞、動詞,【名】価値、有用性、評価、価格<br>【動】評価する、重んじる,複数形 values で、社会的な「価値観」を意味することが多くあります。,"【名】He finally understood the value of sleep the very week he had a newborn and none of it.<br>【動】I value honesty, which is why I told her the cake was ""technically edible.""",【名】彼は睡眠の価値をやっと理解した。新生児がいて、睡眠が皆無になったまさにその週に。<br>【動】私は正直さを重んじる。だからこそ彼女に、そのケーキは「一応食べられる」と伝えた。
76,treasure,/ˈtreʒər/,名詞、動詞,【名】宝物、財宝<br>【動】大切にする、秘蔵する,物理的な宝だけでなく、心の中の思い出や友情を「非常に大切にする」という動詞でも多用されます。,"【名】He guards his snack drawer like a national treasure, complete with an unspoken threat.<br>【動】She treasures every childhood photo, especially the ones nobody else is allowed to see.",【名】彼はおやつの引き出しを、暗黙の脅しつきで、国宝のように守っている。<br>【動】彼女は幼少期の写真をすべて大切にしている。特に他の誰にも見せないものを。
77,fashion,/ˈfæʃn/,名詞、動詞,【名】流行、ファッション、やり方<br>【動】形づくる,in a fashion や in this fashion の形で「〜のやり方、方法で」という意味になります。,"【名】Fashion changes so fast that my ""outdated"" jacket has become vintage twice already.<br>【動】He tried to fashion a raincoat out of garbage bags, and honestly, it worked terrifyingly well.",【名】流行はあまりに速く変わるので、私の「時代遅れ」の上着はもう二度ヴィンテージになった。<br>【動】彼はゴミ袋でレインコートを作ろうとし、正直、それは恐ろしいほどうまく機能した。
78,public,/ˈpʌblɪk/,形容詞、名詞,【形】公の、公共の、公立の<br>【名】一般大衆、世間,the public で「大衆・一般市民」という集合名詞（単数・複数扱い）になります。,"【形】The public restroom had a sign saying ""Out of Order"" that had itself become a permanent fixture.<br>【名】He addressed the public with great confidence, forgetting his microphone was completely off.",【形】その公衆トイレには「故障中」の張り紙があり、その張り紙自体が恒久的な備品と化していた。<br>【名】彼は大いなる自信をもって公衆に語りかけたが、マイクが完全にオフだったことを忘れていた。
79,evidence,/ˈevɪdəns/,名詞,証拠、根拠,不可算名詞（数えられない名詞）であるため、一つの証拠と言う場合は a piece of evidence とします。,The only evidence that he cleaned the kitchen was a single sponge placed with suspicious pride.,彼がキッチンを掃除した唯一の証拠は、疑わしいほど誇らしげに置かれた一個のスポンジだった。
80,vote,/voʊt/,名詞、動詞,【名】投票、投票権<br>【動】投票する,賛成投票は vote for ...、反対投票は vote against ... と表現します。,"【名】The vote on where to eat lunch ended in a tie, so we ate nowhere and complained everywhere.<br>【動】We decided to vote on the new office rules, then voted to never speak of the vote again.",【名】昼食の場所を巡る投票は引き分けに終わり、結局どこでも食べず、あらゆる場所で不平を言った。<br>【動】新しいオフィス規則を投票で決めることにし、それからその投票について二度と語らないことを投票で決めた。
81,government,/ˈɡʌvərnmənt/,名詞,政府、政治、行政,「政府機関」だけでなく「統治・支配すること」そのものを指すこともあります。,"The government promised faster internet, and my connection celebrated by disconnecting on the spot.",政府はより速いインターネットを約束し、私の接続はその場で切断することで祝った。
82,nation,/ˈneɪʃn/,名詞,国家、国民、民族,共通の歴史、言語、文化を持つ人々の集まり（国民）や、その人々からなる「国」を指します。,The tiny nation is famous for two things: excellent cheese and losing every football match politely.,その小さな国は二つのことで有名だ。素晴らしいチーズと、あらゆるサッカーの試合を礼儀正しく負けることだ。
83,capital,/ˈkæpɪtl/,名詞、形容詞,【名】首都、資本金、大文字<br>【形】主要な、大文字の、死刑の,capital punishment（死刑）や capital letters（大文字）などの形でよく使われます。,"【名】He confidently named the capital of the country, then quietly admitted he had guessed correctly.<br>【形】It was a capital idea to hold the meeting outdoors, right up until the sudden, dramatic downpour.",【名】彼は自信満々にその国の首都を答え、それから正解を当てずっぽうで言ったと静かに認めた。<br>【形】会議を屋外で開くのは素晴らしい思いつきだった。突然の劇的な土砂降りまでは。
84,state,/steɪt/,名詞、形容詞、動詞,【名】状態、国家、州<br>【形】国家の、公式の<br>【動】述べる、表明する,動詞として「公式に（書類やスピーチ等で）はっきりと述べる」という意味が非常に重要です。,"【名】The president addressed the entire state, whose citizens were mainly interested in the weather forecast.<br>【形】The museum displayed the state car, which was polished enough to blind an unsuspecting tourist.<br>【動】""I will state this once,"" he said, then repeated it eleven increasingly loud times.",【名】大統領は州全体に演説したが、その市民たちは主に天気予報に関心があった。<br>【形】博物館は公用車を展示していたが、それは無防備な観光客を目がくらませるほど磨かれていた。<br>【動】「一度だけ言う」と彼は言い、それをだんだん大声で十一回繰り返した。
85,political,/pəˈlɪtɪkl/,形容詞,政治の、政治的な,名詞 politics（政治、政治学）から派生した形容詞です。,Family dinners stay peaceful until someone raises a political topic and the gravy goes cold.,家族の夕食は平和なままだ。誰かが政治的な話題を持ち出し、グレイビーが冷めるまでは。
86,price,/praɪs/,名詞、動詞,【名】価格、値段、代償<br>【動】値段をつける,比喩的に、成功などのために払うべき「犠牲・代償」という意味でも使われます。,"【名】The price of the ""free"" trial became painfully clear when the first bill arrived.<br>【動】They priced the tiny coffee so high that ordering it felt like a serious financial decision.",【名】その「無料」お試しの値段は、最初の請求書が届いた時に痛いほど明白になった。<br>【動】彼らはその小さなコーヒーをあまりに高く値づけしたので、注文するのが重大な財政的決断のように感じられた。
87,sum,/sʌm/,名詞、動詞,【名】合計、金額、要約<br>【動】合計する、要約する,sum up で「要約する、合計する」という動詞句になります。,"【名】He owed a small sum, so naturally he avoided me with the dedication of a professional athlete.<br>【動】If you sum up the meeting, it lasted three hours and decided to hold another meeting.",【名】彼は少額の借金があり、当然ながらプロ選手並みの献身で私を避けた。<br>【動】その会議を要約すると、三時間続き、もう一つ会議を開くことを決めた、となる。
88,budget,/ˈbʌdʒɪt/,名詞、動詞、形容詞,【名】予算、経費<br>【動】予算を立てる<br>【形】格安の,形容詞として「低価格の、予算が少なくてすむ」という意味でも用いられます（例：budget travel）。,"【名】Their vacation budget lasted exactly two days, then feelings and receipts were both crumpled.<br>【動】She learned to budget carefully, then blew it all on a chair shaped like a giant hand.<br>【形】He booked a budget hotel whose main amenity was a truly spectacular view of the parking lot.",【名】彼らの旅行予算はちょうど二日もち、それから感情もレシートも両方くしゃくしゃになった。<br>【動】彼女は慎重に予算を組むことを覚え、それを巨大な手の形の椅子に全部つぎ込んだ。<br>【形】彼は格安ホテルを予約したが、その目玉設備は駐車場の実に壮観な眺めだった。
89,fee,/fiː/,名詞,料金、謝礼、手数料、謝礼金,医師、弁護士などへの専門的な報酬や、学校の授業料（tuition fee）、入場料、手数料などを指します。,"The gym charges a monthly fee, which I pay faithfully in exchange for feeling vaguely healthier.",そのジムは月会費を請求し、私は漠然と健康的な気分になる見返りに、それを忠実に払っている。
90,fare,/fær/,名詞、動詞,【名】（交通機関の）運賃、料理<br>【動】やっていく,バス、電車、タクシーなどの公共交通機関を「利用して支払う運賃」に対して使います。,"【名】The bus fare went up again, so I now walk everywhere and call it a fitness journey.<br>【動】""How did you fare on the exam?"" she asked, and his long, tragic sigh answered for him.",【名】バス運賃がまた上がったので、私は今どこへでも歩き、それをフィットネスの旅と呼んでいる。<br>【動】「試験はどうだった?」と彼女が尋ね、彼の長く悲劇的なため息が代わりに答えた。
91,bill,/bɪl/,名詞、動詞,【名】請求書、紙幣、法案、鳥のくちばし<br>【動】請求書を送る,意味の範囲が広く、飲食店の「会計・伝票」から議会の「法案」まで様々なものを表します。,"【名】The restaurant bill arrived, and suddenly everyone became fascinated by their own shoelaces.<br>【動】They billed me for a service I never used, which I discovered only after twelve confusing phone calls.",【名】レストランの請求書が届くと、突然全員が自分の靴ひもに夢中になった。<br>【動】彼らは私が一度も使っていないサービスを請求してきたが、それは十二回の混乱した電話の末にやっと分かった。
92,trade,/treɪd/,名詞、動詞,【名】貿易、取引、商業、職業<br>【動】貿易する、取引する、交換する,国際間の貿易だけでなく、個人の間での売買や物品・カードなどの「交換」にも用いられます。,"【名】The kids conducted a lively trade of snacks at lunch, with rates that shifted by the minute.<br>【動】He offered to trade his sandwich for mine, sensing, correctly, that mine was clearly superior.",【名】子どもたちは昼食時に活発なおやつの交易を行い、そのレートは刻一刻と変動した。<br>【動】彼は自分のサンドイッチを私のと交換しようと申し出た。私のが明らかに優れていると正しく察して。
93,wealth,/welθ/,名詞,富、財産、豊富さ,物質的な財産だけでなく、a wealth of experience（豊富な経験）のように「大量、豊富さ」を表すこともできます。,He inherited great wealth and spent it all on a boat he now uses mainly as a very expensive shed.,彼は莫大な富を相続し、それを全部、今や主に非常に高価な物置として使っているボートに費やした。
94,economy,/ɪˈkɑːnəmi/,名詞、形容詞,【名】経済、景気、節約<br>【形】節約の、エコノミーの,飛行機の「エコノミークラス」や、大容量で安い「お徳用パック（economy size）」の節約のニュアンスを含みます。,"【名】The economy is confusing, but I understand it perfectly the moment my snacks get more expensive.<br>【形】He bought the economy pack of pens, then lost all two hundred of them within a single week.",【名】経済は分かりにくいが、おやつが値上がりした瞬間に私は完璧に理解する。<br>【形】彼は徳用パックのペンを買い、その二百本全部を一週間以内に失くした。
95,cost,/kɔːst/,動詞、名詞,【動】（費用が）かかる、失わせる<br>【名】費用、犠牲、原価,cost A B で「AにB（費用・犠牲など）を払わせる」という型をとります。過去・過去分詞形も同じ cost です。,"【動】A single moment of pride can cost you a friendship, or at least the last piece of cake.<br>【名】The cost of the wedding was so high that the couple honeymooned in their own living room.",【動】一瞬のプライドが友情を、あるいは少なくとも最後のケーキを犠牲にすることがある。<br>【名】結婚式の費用があまりに高く、その夫婦は自宅の居間で新婚旅行をした。
96,company,/ˈkʌmpəni/,名詞,会社、同席、仲間、来客,「会社」という意味の他に、「一緒にいること（同伴・交際）」や「来客」という意味でも日常的によく使われます。,"The company promised a relaxed atmosphere, then scheduled a meeting to discuss the relaxed atmosphere.",その会社はリラックスした雰囲気を約束し、それからそのリラックスした雰囲気を議論する会議を設定した。
97,task,/tæsk/,名詞、動詞,【名】仕事、任務、課題<br>【動】課す,一定の期限内にやり遂げなければならない、具体的で骨の折れる作業や任務を指します。,"【名】His only task was to water one plant, which he honored with a moving funeral three weeks later.<br>【動】The manager tasked him with ""thinking outside the box,"" then rejected every idea outside the box.",【名】彼の唯一の任務は一つの植物に水をやることで、彼は三週間後、感動的な葬式でそれをたたえた。<br>【動】マネージャーは彼に「枠にとらわれず考える」よう命じ、それから枠外のあらゆる案を却下した。
98,earn,/ɜːrn/,動詞,稼ぐ、得る、博する,労働によってお金を「稼ぐ」だけでなく、努力の末に「信頼、評判、学位」などを勝ち取る場合にも使います。,"He works hard to earn a living, then works even harder to earn the right to nap on Sundays.",彼は生計を立てるために懸命に働き、それから日曜に昼寝する権利を得るためにさらに懸命に働く。
99,hurt,/hɜːrt/,動詞、名詞、形容詞,【動】痛む、〜を傷つける<br>【名】傷、痛み<br>【形】傷ついた,物理的に体を傷つけるだけでなく、自尊心や感情を「傷つける」場合、または体の部位が「痛む（自動詞）」ときにも使われます。変化は hurt - hurt - hurt。,"【動】Be careful, that stapler can hurt you, and it holds a grudge from the last time you jammed it.<br>【名】The insult caused less hurt than the fact that everyone quietly agreed with it.<br>【形】He gave me a hurt look for eating his fries, which he had, after all, offered me himself.",【動】気をつけろ、そのホチキスは君を傷つけるし、前に詰まらせた時の恨みを覚えている。<br>【名】その侮辱が与えた痛みより、全員がそれに静かに同意したという事実の方が痛かった。<br>【形】彼のフライドポテトを食べたら傷ついた顔をされたが、そもそも彼自身が私に勧めたものだった。
100,injure,/ˈɪndʒər/,動詞,傷つける、痛める、損なう,事故や災害、戦いなどによって、体の特定の部位に「（外傷的な）怪我を負わせる」という他動詞です。,"He didn't want to injure his pride, so he pretended the treadmill had simply attacked him first.",彼はプライドを傷つけたくなかったので、ランニングマシンが先に攻撃してきたことにした。
101,damage,/ˈdæmɪdʒ/,名詞、動詞,【名】損害、傷<br>【動】損害を与える、傷つける,基本的に不可算名詞ですが、複数形の damages は法的な「損害賠償金」を意味することがあります。,"【名】The storm caused serious damage, mostly to my confidence in the weather app.<br>【動】One clumsy elbow can damage a phone screen faster than any expensive drop test.",【名】その嵐は深刻な被害をもたらした。主に天気アプリへの私の信頼に。<br>【動】不器用な肘一つが、どんな高価な落下試験より速くスマホの画面を傷つける。
102,destroy,/dɪˈstrɔɪ/,動詞,破壊する、台無しにする,建物や関係性などを「完全に壊して修復不可能にする」強いニュアンス。名詞形は destruction。,The toddler managed to destroy the tidy living room in the exact time it took me to sneeze.,その幼児は、私がくしゃみをするのにかかった時間ぴったりで、片付いた居間を破壊した。
103,ruin,/ˈruːɪn/,動詞、名詞,【動】台無しにする、破滅させる<br>【名】破滅、廃墟、遺跡,名詞の複数形 ruins で「遺跡、廃墟」を表します。,"【動】One typo in the subject line can ruin an otherwise flawless and very professional email.<br>【名】The ancient castle was now a picturesque ruin, popular mainly with tourists and confident goats.",【動】件名の一つの誤字が、それ以外は完璧で非常にプロフェッショナルなメールを台無しにする。<br>【名】その古城は今や絵になる廃墟で、主に観光客と自信満々のヤギに人気だった。
104,danger,/ˈdeɪndʒər/,名詞,危険、危機,in danger（危険にさらされて）や out of danger（危機を脱して）などの表現が頻出。,The only real danger in the office kitchen is the mystery yogurt no one will claim ownership of.,オフィスの給湯室で唯一の本当の危険は、誰も所有権を主張しない謎のヨーグルトだ。
105,neighbor,/ˈneɪbər/,名詞,近所の人、隣人,隣の国や隣接する物など、人間以外の「隣にあるもの・国」を指すこともあります。,"My neighbor mows his lawn at 7 a.m. on Sundays, a tradition I plan to reward with equal enthusiasm.",隣人は日曜の朝七時に芝を刈る。その伝統に、私は同じ熱意でお返しをするつもりだ。
106,audience,/ˈɔːdiəns/,名詞,（テレビ・コンサート・演劇などの）聴衆、観客,個々の観客が集まった一つの集合体として扱い、通常は集合名詞です。,"The magician asked the audience for a volunteer, and every single hand suddenly needed to check a phone.",マジシャンが観客にボランティアを募ると、あらゆる手が突然スマホを確認する必要に迫られた。
107,crowd,/kraʊd/,名詞、動詞,【名】群衆、人混み<br>【動】群がる、押し寄せる,形容詞 crowded（混雑した）の原形です。,"【名】A crowd gathered to watch two people argue about a parking space, as if it were live theater.<br>【動】Fans crowded the tiny cafe, having heard, incorrectly, that a celebrity ate there once.",【名】二人が駐車スペースを巡って言い争うのを、まるで生の演劇のように群衆が集まって見物した。<br>【動】ファンが小さなカフェに殺到した。有名人がそこで一度食事をしたという誤った噂を聞いて。
108,author,/ˈɔːθər/,名詞,著者、作家,本や論文などの執筆者を指し、比喩的に物事の「創設者、張本人」を意味することもあります。,"The author of the diet book was spotted eating cake, which honestly made me trust him more.",そのダイエット本の著者がケーキを食べているのを目撃され、正直、私は彼をより信頼した。
109,staff,/stæf/,名詞,職員、スタッフ、部下,集合名詞。一人のスタッフを指す場合は a member of staff や a staff member と言います。,The hotel staff smiled so relentlessly that I began to suspect they knew something I didn't.,ホテルのスタッフがあまりに絶え間なく笑うので、私は彼らが私の知らない何かを知っているのではと疑い始めた。
110,clerk,/klɜːrk/,名詞,事務員、店員、ホテルのフロント係,主に机仕事をする事務員や、お店の販売員・受付係などを指します。,"The store clerk found my exact size in the back, a miracle I still tell people about.",店員が奥から私のぴったりのサイズを見つけてくれた。その奇跡を私は今も人に語っている。
111,customer,/ˈkʌstəmər/,名詞,顧客、客、取引先,物やサービスを直接買いに来る「顧客・買い手」を指します。,"The customer insisted he was always right, right up until he tried to return a sandwich he had eaten.",その客は自分がいつも正しいと言い張った。食べ終えたサンドイッチを返品しようとするまでは。
112,passenger,/ˈpæsɪndʒər/,名詞,乗客、旅客,電車、バス、船、飛行機などの乗り物に乗っている人を指します。,"The only calm passenger during the turbulence was a baby, who found the whole thing deeply hilarious.",乱気流の間、唯一落ち着いていた乗客は赤ん坊で、その子は事の全部を心底愉快がっていた。
113,elderly,/ˈeldərli/,形容詞、名詞,【形】年配の、高齢の<br>【名】（the elderlyで）高齢者たち,old よりも丁寧で敬意を含んだ高齢者の表し方です。,"【形】The elderly gentleman beat everyone at chess, then explained he'd only started playing last month.<br>【名】The community center hosts a weekly dance where the elderly outshine every nervous younger visitor.",【形】その年配の紳士は全員をチェスで打ち負かし、それから先月始めたばかりだと説明した。<br>【名】そのコミュニティセンターは週一のダンスを開き、そこで高齢者たちは緊張した若い来場者を皆かすませる。
114,female,/ˈfiːmeɪl/,形容詞、名詞,【形】女性の、雌の<br>【名】女性、雌,人間だけでなく動植物の「雌（メス）」を指す際にも使われます。対義語は male。,"【形】The female lion does most of the hunting, while the male practices looking majestic and important.<br>【名】The zoo announced the newborn was a female, sparking a fierce public debate over her name.",【形】メスのライオンが狩りの大半を担い、一方オスは威厳ありげで重要そうに見える練習をする。<br>【名】動物園が新生児はメスだと発表し、その名前を巡って激しい世論の議論が巻き起こった。
115,head,/hed/,名詞、動詞,【名】頭、首長、先端<br>【動】向かう、率いる,動詞 head for ... で「〜に向かう」という意味になり、日常・ビジネス問わず頻出します。,"【名】He hit his head on the low doorframe so often that it had become a personal ritual.<br>【動】We decided to head to the beach, then headed straight into the world's longest traffic jam.",【名】彼はあまりに頻繁に低い戸口の枠に頭をぶつけるので、それは個人的な儀式と化していた。<br>【動】私たちはビーチへ向かうことにし、それから世界一長い渋滞へまっすぐ突っ込んだ。
116,follow,/ˈfɑːloʊ/,動詞,ついて行く、従う、理解する,物理的に後ろを「ついて行く」だけでなく、指示や規則に「従う」、話の流れを「理解する」の意味もあります。,"My dog will follow me anywhere, provided ""anywhere"" involves the strong possibility of snacks.",うちの犬はどこへでも私についてくる。ただし「どこへでも」がおやつの強い可能性を含む場合に限る。
117,wander,/ˈwɑːndər/,動詞、名詞,【動】歩き回る、さまよう、それる,目的なくのんびり歩き回ること。スペルが似ている wonder（不思議に思う）との混同に注意。,"【動】He tends to wander off in supermarkets, reappearing later with items no one asked for.<br>【名】She went for a short wander in the park and returned three hours later with a new best friend.",【動】彼はスーパーでふらふらとはぐれがちで、後から誰も頼んでいない品物を手に再登場する。<br>【名】彼女は公園へ短い散策に出かけ、三時間後に新しい親友を連れて戻ってきた。
118,travel,/ˈtrævl/,動詞、名詞,【動】旅行する、移動する<br>【名】旅行,比較的長い距離や、一般的な「旅行」全般を指します（不可算名詞として扱われることが多い）。,"【動】He wants to travel the world, starting bravely with a weekend trip to the next town over.<br>【名】Her travel plans were ambitious, though her packing consisted of one sock and heartfelt optimism.",【動】彼は世界を旅したいと願い、勇敢にも隣町への週末旅行から始める。<br>【名】彼女の旅行計画は野心的だったが、荷造りは靴下一枚と心からの楽観主義で構成されていた。
119,pass,/pæs/,動詞、名詞,【動】通り過ぎる、合格する、渡す、時が経つ<br>【名】通行証、パス,時が「経過する（pass by）」、または試験などに「合格する」などの多様な意味があります。,"【動】He tried to pass the difficult exam by staring intensely at the questions, which sadly did not work.<br>【名】The quarterback threw a perfect pass to the one teammate who was, at that moment, tying his shoe.",【動】彼は問題を強く見つめることで難しい試験を通過しようとしたが、悲しいことにそれは効かなかった。<br>【名】クォーターバックは完璧なパスを、その瞬間に靴ひもを結んでいた唯一のチームメイトへ投げた。
120,likely,/ˈlaɪkli/,形容詞、副詞,【形】ありそうな、〜しそうな<br>【副】おそらく,be likely to do（〜しそうである）という重要構文で非常によく用いられます。,"【形】It is highly likely that I will say ""just five more minutes"" and mean approximately none of it.<br>【副】He will very likely forget this promise, as likely as the sun rising tomorrow morning.",【形】私が「あと五分だけ」と言って、そのほぼどれも本気でない可能性は極めて高い。<br>【副】彼はまずこの約束を忘れるだろう。明朝、太陽が昇るのと同じくらい確実に。
121,natural,/ˈnætʃrəl/,形容詞,自然の、天然の、当然の、生まれつきの,状況から考えて「当然の」という意味で It is natural that ... のように使われます。,"It's completely natural to want a nap after lunch, and completely unnatural that society forbids it.",昼食後に昼寝したくなるのはごく自然だ。そしてそれを社会が禁じているのはまったく不自然だ。
122,certain,/ˈsɜːrtn/,形容詞,確信して、確かな、ある特定の,be certain of ... / that ... で「確信している」。また a certain man で「ある男」という意味になります。,"I am certain I turned off the stove, a certainty that lasts exactly until I leave the house.",コンロは絶対に消した、という確信は、家を出るまでちょうど続く。
123,probably,/ˈprɑːbəbli/,副詞,おそらく、たぶん,確信度がかなり高い（80〜90%程度）「おそらく」を表します。,"He'll probably be late, which is the safest prediction anyone has ever made about him.",彼はおそらく遅刻する。それは彼について誰かが下した中で最も安全な予測だ。
124,face,/feɪs/,名詞、動詞,【名】顔、表面<br>【動】直面する、立ち向かう,動詞 be faced with ... で「〜に直面している」という状態を表します。,"【名】His poker face was flawless until his own face betrayed him by turning a guilty shade of red.<br>【動】She had to face the fact that the plant was, despite her hopes, extremely and permanently dead.",【名】彼のポーカーフェイスは完璧だった。彼自身の顔が、罪深い赤に変わって彼を裏切るまでは。<br>【動】彼女は、その植物が希望に反して極めて完全に枯れているという事実に向き合わねばならなかった。
125,avoid,/əˈvɔɪd/,動詞,避ける、回避する,好ましくない事態や行動を避けること。後ろには名詞または動名詞（avoid doing）が来ます。,"To avoid awkward small talk, he studied the vending machine as though it held the meaning of life.",気まずい世間話を避けるため、彼は自販機を、まるでそれが人生の意味を宿しているかのように研究した。
126,solve,/sɑːlv/,動詞,解決する、解く,問題、疑問、パズルなどを論理的に「解く、解決する」を意味します。名詞形は solution。,He can solve a complex equation in seconds but cannot solve which shirt looks less like a mistake.,彼は複雑な方程式を数秒で解けるが、どちらのシャツがより失敗に見えないかは解けない。
127,trouble,/ˈtrʌbl/,名詞、動詞,【名】トラブル、心配、迷惑<br>【動】悩ませる、迷惑をかける,不可算名詞として扱われることが多いです。have trouble doing で「〜するのに苦労する」。,"【名】The only trouble with a nap is the deep, existential confusion of waking up in the dark.<br>【動】Don't trouble yourself over the small stuff; save that energy for the truly ridiculous large stuff.",【名】昼寝の唯一の問題は、暗闇の中で目覚めた時の深い実存的な混乱だ。<br>【動】小さなことで悩むな。そのエネルギーは本当にばかげた大きなことのために取っておけ。
128,issue,/ˈɪʃuː/,名詞、動詞,【名】問題点、発行、号<br>【動】発行する、出す,単なるトラブルではなく、社会的な論争点や「課題」、または雑誌の「〜号」の意味。,"【名】The main issue with the meeting was that it existed at all on a perfectly good Friday afternoon.<br>【動】The library issued him a stern warning, followed by a fine large enough to fund a small library.",【名】その会議の主な問題は、申し分なく良い金曜の午後に、そもそもそれが存在したことだった。<br>【動】図書館は彼に厳重な警告を発し、続いて小さな図書館を作れるほどの罰金を科した。
129,cheer,/tʃɪər/,動詞、名詞,【動】元気づける、歓声をあげる<br>【名】歓声、励まし,cheer up で「元気を出す、〜を元気づける」となります。,【動】The crowd cheered so loudly for the mascot that the actual players felt mildly forgotten.<br>【名】A little cheer went through the office the moment someone announced free leftover cake.,【動】観衆があまりに大声でマスコットに声援を送ったので、実際の選手たちは少々忘れられた気分になった。<br>【名】誰かが無料の残りケーキを告げた瞬間、オフィスに小さな歓声が走った。
130,encourage,/ɪnˈkɜːrɪdʒ/,動詞,励ます、勇気づける、促進する,encourage A to do（Aが〜するよう勧める・励ます）の形で非常によく使われます。,"My friends encourage all my terrible ideas, which is exactly why I keep them around.",友人たちは私のひどいアイデアを全部応援してくれる。まさにそれが、私が彼らを手放さない理由だ。
131,support,/səˈpɔːrt/,動詞、名詞,【動】支持する、養う、支える<br>【名】支持、支援、支え,意見を「支持する」だけでなく、家族などを「養う（経済的に支える）」という意味もあります。,"【動】I fully support your dream of quitting your job, from a very safe and financially stable distance.<br>【名】The old shelf needed more support, a fact it announced dramatically at three in the morning.",【動】仕事を辞めるという君の夢を全面的に応援する。非常に安全で経済的に安定した距離から。<br>【名】その古い棚はもっと支えを必要としていた。その事実を、午前三時に劇的に発表した。
132,prevent,/prɪˈvent/,動詞,防ぐ、妨げる、予防する,prevent A from doing で「Aが〜するのを妨げる・防ぐ」という超頻出構文を作ります。,"To prevent overeating, I hid the cookies from myself and then spent all evening finding them again.",食べ過ぎを防ぐため、自分自身からクッキーを隠し、それから晩じゅうかけてそれをまた見つけ出した。
133,deny,/dɪˈnaɪ/,動詞,否定する、拒む,提案や事実を「違う」と否定すること。後ろには名詞または動名詞（deny doing）が来ます。,"He can deny eating the last slice all he wants, but the crumbs on his shirt have already testified.",彼はいくらでも最後の一切れを食べたのを否定できるが、シャツのパンくずがすでに証言してしまっている。
134,enable,/ɪˈneɪbl/,動詞,可能にする、できるようにする,enable A to do で「Aが〜することを可能にする（〜できるようにする）」となります。,"The new app is designed to enable focus, mainly by sending you nine notifications about focusing.",その新アプリは集中を可能にするよう設計されている。主に集中に関する通知を九つ送ることによって。
135,succeed,/səkˈsiːd/,動詞,成功する、相続する、後を継ぐ,「成功する（succeed in ...）」のほかに、「〜の跡を継ぐ（succeed to ...）」という意味もあります。,"To succeed in the kitchen, I follow the recipe exactly, then blame the recipe when it fails.",キッチンで成功するために、私はレシピを正確に守り、失敗するとそのレシピのせいにする。
136,miss,/mɪs/,動詞、名詞,【動】逃す、いなくて寂しく思う、見落とす<br>【名】失敗、ミス,バスなどを「乗り損ねる」、機会を「逃す」、人がいなくて「寂しく思う」など、多義語です。,"【動】I always miss the bus by exactly ten seconds, just enough time to see it drive away smugly.<br>【名】He took one wild swing at the piñata, a complete miss that somehow hit the host instead.",【動】私はいつもちょうど十秒差でバスを逃す。それが得意げに走り去るのを見るのにちょうど十分な時間だ。<br>【名】彼はピニャータに一発大きく振ったが、完全な空振りで、なぜか代わりに主催者に当たった。
137,fail,/feɪl/,動詞、名詞,【動】失敗する、〜し損ねる、怠る<br>【名】不合格,fail to do で「〜し損ねる、〜できない」という重要な表現になります。,"【動】If at first you don't succeed, you can always fail bigger, louder, and far more memorably.<br>【名】His attempt to bake bread was a glorious fail that the smoke alarm reviewed in real time.",【動】最初に成功しなくても、いつでもより大きく、より派手に、そしてはるかに記憶に残る形で失敗できる。<br>【名】彼のパン作りの試みは見事な失敗作で、火災報知器がそれをリアルタイムで批評した。
138,mistake,/mɪˈsteɪk/,名詞、動詞,【名】誤り、間違い<br>【動】間違える、誤解する,make a mistake で「間違える」。mistake A for B で「AをBと間違える」。,"【名】My biggest mistake was assuming the ""quiet car"" on the train applied to everyone but me.<br>【動】People often mistake my silence for wisdom, which I have wisely decided never to correct.",【名】私の最大の失敗は、電車の「静かな車両」が私以外の全員に適用されると思い込んだことだ。<br>【動】人はよく私の沈黙を賢さと勘違いするが、私は賢明にもそれを決して訂正しないと決めている。
139,check,/tʃek/,動詞、名詞,【動】調べる、検査する、阻止する<br>【名】検査、小切手、会計票,アメリカ英語では「小切手」やレストランの「お勘定・伝票」を意味します。,"【動】I always check the door twice, the stove three times, and my confidence exactly zero times.<br>【名】The waiter brought the check with a smile that clearly said the fun part of the evening was over.",【動】私はいつもドアを二回、コンロを三回確認するが、自分の自信はちょうど零回確認する。<br>【名】ウェイターは、この夜の楽しい部分は終わったと明白に告げる笑顔で勘定書を持ってきた。
140,hide,/haɪd/,動詞、名詞,【動】隠す、隠れる<br>【名】獣皮,過去形 hid、過去分詞 hidden。名詞の hide は動物の「粗皮・獣皮」を指します。,"【動】The cat likes to hide in the exact box I need, then act deeply offended when I ask it to move.<br>【名】He tanned the hide into a fine leather, then made a wallet he was too proud to ever actually use.",【動】猫は私が必要とする箱ぴったりに隠れ、どくよう頼むと深く侮辱された態度をとる。<br>【名】彼はその獣皮を上質な革になめし、それから誇らしすぎて実際には決して使えない財布を作った。
141,draw,/drɔː/,動詞、名詞,【動】描く、引く、引き出す、引き分ける<br>【名】引き分け,鉛筆やペンで線を描くこと。またカードを「引く」、お金を「引き出す」など「引く」ニュアンスが基本です。,"【動】I tried to draw a horse and produced something that my friends kindly called ""a brave attempt.""<br>【名】The match ended in a draw, which satisfied absolutely no one, especially the exhausted fans.",【動】馬を描こうとして、友人たちが優しく「勇敢な試み」と呼ぶ何かを生み出した。<br>【名】試合は引き分けに終わり、それは誰一人、特に疲れ果てたファンを満足させなかった。
142,join,/dʒɔɪn/,動詞,加わる、参加する、つなぐ,団体やクラブに所属（入会）して「一員になる」場合に使われます（一時的な参加は participate in など）。,"He agreed to join the gym, and has since faithfully joined the parking lot outside it every day.",彼はジムに入会することに同意し、以来、その外の駐車場に毎日忠実に加わっている。
143,throw,/θroʊ/,動詞、名詞,【動】投げる<br>【名】投げること,throw away（捨てる）、throw up（吐く）などの句動詞がよく使われます。,【動】He tried to throw the ball casually and instead launched it directly into a startled bush.<br>【名】One wild throw from the outfield sailed over the fence and into a neighbor's very surprised barbecue.,【動】彼はボールを気軽に投げようとし、代わりに驚いた茂みへまっすぐ発射した。<br>【名】外野からの一つの暴投がフェンスを越え、隣人の非常に驚いたバーベキューへと飛んでいった。
144,operate,/ˈɑːpəreɪt/,動詞,操作する、運転する、営業する、手術する,医療の分野では operate on 人 の形で「（人に）手術を施す」という意味になります。,"He claims he can operate any machine, a claim the office printer has personally and repeatedly disproven.",彼はどんな機械でも操作できると主張するが、その主張をオフィスのプリンターが個人的かつ繰り返し反証している。
145,repair,/rɪˈpær/,動詞、名詞,【動】修理する、修復する<br>【名】修理、回復,壊れた機械や建物などを、技術を使って元の正常な状態に戻すことを指します。,"【動】He offered to repair the leaky sink and successfully converted a small drip into a modest fountain.<br>【名】The car's repair cost more than the car, so he named it and kept it purely out of loyalty.",【動】彼は水漏れするシンクを修理すると申し出て、小さなしずくをささやかな噴水へと見事に変えた。<br>【名】その車の修理代は車より高くついたので、彼はそれに名前をつけ、純粋な忠誠心から手元に置いた。
146,sew,/soʊ/,動詞,縫う、縫い合わせる,針と糸を使って縫うこと。発音は /suː/（sue）ではなく /soʊ/（sowと同じ）であるため要注意。,My grandmother can sew a whole dress in an afternoon; I can barely sew a button back on by midnight.,祖母は午後一つでドレスを一着縫える。私は真夜中までにボタンを一つ縫い戻すのがやっとだ。
147,raise,/reɪz/,動詞、名詞,【動】上げる、育てる、集める<br>【名】昇給,他動詞なので目的語を取ります（raise your hand）。子供を「育てる」、資金を「集める」意味も重要です。,"【動】Please raise your hand if you did the reading, she said, to a room of suddenly very still students.<br>【名】He asked for a raise so confidently that his boss almost forgot to say a firm and immediate no.",【動】読んできた人は手を挙げてと彼女が言うと、教室は突然とても静かな生徒たちで満ちた。<br>【名】彼があまりに自信満々に昇給を求めたので、上司はきっぱりと即座にノーと言うのを危うく忘れかけた。
148,serve,/sɜːrv/,動詞,仕える、食事を出す、役立つ,serve as ... で「〜として役立つ、役割を果たす」という意味になります。,"The waiter can serve five tables flawlessly, yet somehow always forgets the one that ordered first.",そのウェイターは五つのテーブルを完璧に給仕できるが、なぜかいつも最初に注文したテーブルを忘れる。
149,pour,/pɔːr/,動詞,注ぐ、流れる、激しく降る,液体を注ぐこと。雨が「激しく降る（It's pouring.）」という際にも使われます。,He tried to pour the coffee elegantly and instead created abstract art all over the clean counter.,彼はコーヒーを優雅に注ごうとして、代わりにきれいなカウンター一面に抽象芸術を生み出した。
150,spill,/spɪl/,動詞、名詞,【動】こぼす、こぼれる<br>【名】流出、こぼすこと,液体などをうっかりこぼしてしまう他動詞（または自動詞）。過去形・過去分詞は spilled または spilt。,"【動】I never spill anything, except on the one day I wear white and have somewhere important to be.<br>【名】The tiny spill on his shirt somehow found its way exactly to the center, like it had planned it.",【動】私は何もこぼさない。白い服を着て、大事な予定がある日だけを除いて。<br>【名】シャツの小さなシミは、まるで計画していたかのように、なぜかちょうど中央にたどり着いた。
151,pretend,/prɪˈtend/,動詞,〜のふりをする,pretend to do で「〜するふりをする」となります。,"I pretend to understand the movie's ending, nodding wisely while quietly planning to look it up later.",私は映画の結末を理解しているふりをし、賢そうにうなずきつつ、後で調べようと静かに計画する。
152,behave,/bɪˈheɪv/,動詞,ふるまう、行動する、行儀よくする,Behave yourself! で「行儀よくしなさい！」という決まり文句になります。,"The kids promised to behave, a promise with roughly the lifespan of a snowflake in July.",子どもたちは行儀よくすると約束したが、その約束の寿命は七月の雪片ほどだった。
153,bear,/ber/,動詞、名詞,【動】耐える、支える、産む、実を結ぶ<br>【名】クマ,クマを意味する名詞のほかに、「苦痛や困難に耐える」「子供を産む（bornの原形）」などの動詞の意味があります。,"【動】I can bear many things, but I cannot bear the sound of someone chewing loudly right beside me.<br>【名】The bear wandered into the campsite, calmly ate all the snacks, and reviewed them with a satisfied grunt.",【動】私は多くのことに耐えられるが、すぐ隣で誰かが大きな音を立てて噛む音には耐えられない。<br>【名】そのクマはキャンプ場に入り込み、落ち着いておやつを全部食べ、満足げなうなり声でそれを批評した。
154,explore,/ɪkˈsplɔːr/,動詞,探検する、調査する、探索する,未知の地域を探検するだけでなく、問題やアイデアを「深く掘り下げて調査する」場合にも使われます。,"He loves to explore new restaurants, then orders the exact same dish he always gets everywhere.",彼は新しいレストランを開拓するのが大好きだが、いつもどこでも頼むのとまったく同じ料理を注文する。
155,happen,/ˈhæpən/,動詞,起こる、偶然〜する,自動詞。happen to do で「偶然〜する」、What happened to A? で「Aに何があったのか？」となります。,"Good things happen to those who wait, and slightly better things happen to those who bring snacks.",良いことは待つ者に訪れ、少しだけ良いことはおやつを持ってくる者に訪れる。
156,appear,/əˈpɪər/,動詞,現れる、〜のように見える,appear to do や It appears that ... で「〜のようである、〜と思われる」という意味になります。,Solutions always appear the exact moment after I've dramatically declared the problem unsolvable.,解決策はいつも、私がその問題を解決不能だと劇的に宣言した、まさにその直後に現れる。
157,remain,/rɪˈmeɪn/,動詞、名詞,【動】残る、〜のままでいる<br>【名】（remainsで）遺跡、遺体,remain silent のように、後ろに形容詞をとって「〜のままでいる」という状態を表します。,"【動】Please remain seated during the flight, unless of course the snack cart is coming, then feel free to panic.<br>【名】The only remains of the birthday cake were a few crumbs and a note reading ""sorry, worth it.""",【動】飛行中は着席したままで。ただしおやつのカートが来る場合は別で、その時は遠慮なくパニックになってよい。<br>【名】バースデーケーキの唯一の残骸は、数個のパンくずと「ごめん、その価値はあった」と書かれたメモだった。
158,survive,/sərˈvaɪv/,動詞,生き残る、切り抜ける、〜より長生きする,事故や災害などを「生き延びる（他動詞）」、または「生き残る（自動詞）」の両方で使われます。,"I can survive without coffee, technically, in the same way a phone can survive at one percent battery.",私は厳密にはコーヒーなしでも生きられる。スマホがバッテリー一パーセントで生きられるのと同じ意味で。
159,belong,/bɪˈlɔːŋ/,動詞,所属している、〜のものである,belong to ... の形で「〜に属している、〜の所有物である」と表現します。進行形にできません。,The last cookie belongs to whoever is brave enough to take it in front of the entire watching family.,最後のクッキーは、見つめる家族全員の前でそれを取るだけの勇気がある者のものだ。
160,represent,/ˌreprɪˈzent/,動詞,代表する、表す、象徴する,国や組織、地域などを「代表する」、あるいは文字や記号が意味を「表す」ことを指します。,"He was chosen to represent the office at the party, mainly because he was the only one who couldn't say no.",彼はパーティーでオフィスを代表するよう選ばれた。主に、ノーと言えなかった唯一の人物だったからだ。
161,base,/beɪs/,名詞、動詞,【名】土台、基礎、基地<br>【動】基礎を置く,be based on ...（〜に基づいている）という受動態の形で非常によく使われます。,"【名】The lamp's base was so heavy that moving it counted as my entire workout for the week.<br>【動】He decided to base his whole diet on cheese, a plan doomed from its delicious beginning.",【名】そのランプの台座はあまりに重く、動かすことが私のその週の運動の全部としてカウントされた。<br>【動】彼は食生活全体をチーズに基づかせることにしたが、その計画は美味しい始まりから破滅していた。
162,include,/ɪnˈkluːd/,動詞,含む、含める,全体の一部として要素を含んでいる状態を指します（対義語は exclude）。,"The gym membership does not include the motivation, which they sell separately at a suspicious price.",そのジムの会員権にやる気は含まれていない。それは別売りで、怪しい値段で売られている。
163,contain,/kənˈteɪn/,動詞,含む、入っている、抑える,容器や成分の中に「内包されている、入っている」という意味の含む（例：This bottle contains water.）。,"The mystery box was said to contain treasure; it contained a smaller box, which contained a note.",その謎の箱には宝が入っているとされていた。中に入っていたのは小さな箱で、その中にはメモが入っていた。
164,own,/oʊn/,形容詞、動詞、代名詞,【形】自分自身の<br>【動】所有する,of my own で「私自身の」、動詞としては法的に「所有している」ことを意味します。,"【形】He wanted his own office, but got his own corner of the hallway near the loudly humming printer.<br>【動】She wanted to own a small, quiet cottage, and now owns a small, extremely loud house full of dogs.<br>【代】""This mess is my own doing,"" he sighed, surveying a kitchen that looked like a flour explosion.",【形】彼は自分専用のオフィスが欲しかったが、大きな音でうなるプリンターの近くの、廊下の自分の一角を得た。<br>【動】彼女は小さく静かな別荘を所有したかったが、今は小さく極めてうるさい、犬だらけの家を所有している。<br>【代】「この惨状は自分自身のせいだ」と彼はため息をつき、小麦粉の爆発のようなキッチンを見渡した。
165,share,/ʃær/,動詞、名詞,【動】分け合う、共有する<br>【名】分け前、分担、株,感情、部屋、情報などを「共有する」ほか、ビジネスでは「市場シェア」や「株（株式）」も意味します。,"【動】He offered to share his fries, then guarded them with an intensity that made sharing purely theoretical.<br>【名】She demanded her fair share of the dessert, and her definition of ""fair"" was impressively generous.",【動】彼はフライドポテトを分けると申し出たが、共有が純粋に理論上のものになるほどの強さでそれを守った。<br>【名】彼女はデザートの公平な取り分を要求し、その「公平」の定義は見事に気前がよかった。
166,collect,/kəˈlekt/,動詞,集める、回収する、収集する,趣味で物を集める（コレクションする）だけでなく、募金やゴミなどを「回収する」という意味もあります。,"He collects old maps of places he will absolutely never visit, purely for the pleasure of owning them.",彼は絶対に訪れることのない場所の古い地図を、ただ所有する喜びのためだけに集めている。
167,gather,/ˈɡæðər/,動詞,集まる、集める,人や物が1つの場所に自然に、あるいは意図的に「集まる（または集める）」ことを指します。,"The whole family gathers for the holidays, mostly to gather new material for next year's arguments.",一家は祝日に集まる。主に、来年の口論のための新しいネタを集めるために。
168,history,/ˈhɪstəri/,名詞,歴史、経歴、履歴,個人の「経歴、病歴（medical history）」などを指すこともあります。,"History repeats itself, first as a lesson and second as the thing I forgot to study for the test.",歴史は繰り返す。一度目は教訓として、二度目は私がテスト勉強を忘れたものとして。
169,subject,/ˈsʌbdʒɪkt/ (名・形)<br>/səbˈdʒekt/ (動),名詞、形容詞、動詞,【名】学科、主題、主語、被験者<br>【形】支配下にある、受けやすい<br>【動】服従させる,be subject to ... で「〜の影響を受けやすい、〜を条件とする」という重要表現になります。,"【名】His favorite subject in school was lunch, closely followed by the long walk home afterward.<br>【形】The plan is subject to change, which is a polite way of saying it will definitely change tomorrow.<br>【動】The strict coach would subject the team to drills so brutal that even the water breaks felt heroic.",【名】学校での彼の一番好きな科目は昼食で、僅差でその後の長い下校がそれに続いた。<br>【形】その計画は変更の対象となる。それは明日確実に変わる、という丁寧な言い方だ。<br>【動】その厳しいコーチはチームを、水休憩さえ英雄的に感じるほど過酷な練習にさらすのだった。
170,education,/ˌedʒuˈkeɪʃn/,名詞,教育、育成,一般的に受ける学校教育から、個別の指導・育成までを指します。,"Education is expensive, but as they say, so is the alternative of confidently knowing nothing at all.",教育は高くつくが、彼らが言うように、何も知らないと自信満々でいるという選択肢も同じくらい高くつく。
171,knowledge,/ˈnɑːlɪdʒ/,名詞,知識、理解,原則として不可算名詞（数えられない名詞）です。common knowledge（常識）。,"His knowledge of obscure facts is vast, which makes him either a great teammate or a smug nightmare at quizzes.",彼のマニアックな知識は膨大で、それがクイズで彼を最高の仲間か、または得意げな悪夢のどちらかにする。
172,uniform,/ˈjuːnɪfɔːrm/,名詞、形容詞,【名】制服、ユニフォーム<br>【形】均一な、一定の,形容詞として「一様な、どれも同じである」という意味（例：uniform price：一律の価格）もあります。,"【名】The school uniform was designed for comfort, according to someone who has clearly never worn one.<br>【形】The bakery keeps its cookies at a uniform size, so no arguments break out over who got the bigger one.",【名】その制服は快適さのために設計された。明らかに一度も着たことのない誰かによれば。<br>【形】そのパン屋はクッキーを均一なサイズに保つので、誰が大きいのを取ったかで口論が起きない。
173,grade,/ɡreɪd/,名詞、動詞,【名】学年、成績、階級<br>【動】評価する、格付けする,アメリカ英語で学校の「学年（例：first grade）」や「成績（評価）」を意味します。,"【名】He got a perfect grade on the test, then spent twice as long explaining how he almost didn't.<br>【動】The teacher had to grade a hundred essays, all of which mysteriously began with the same opening line.",【名】彼はテストで満点を取り、それからもう少しで取れなかった経緯を、その二倍の時間かけて説明した。<br>【動】教師は百本の作文を採点せねばならず、そのすべてが不思議と同じ書き出しで始まっていた。
174,senior,/ˈsiːniər/,形容詞、名詞,【形】年上の、上級の、最上級生の<br>【名】年長者、最上級生,senior citizen で「高齢者」、会社などの「役員・上級管理者」を指します。,"【形】The senior member of the team gets the comfortable chair, the last word, and the biggest coffee mug.<br>【名】As a senior, she mentored the nervous new hires while quietly stealing their fresh, boundless energy.",【形】チームの古参メンバーは、快適な椅子と、最後の一言と、一番大きなマグカップを手に入れる。<br>【名】先輩として、彼女は緊張した新入社員を指導しつつ、その新鮮で無限のエネルギーを静かに盗んでいた。
175,graduate,/ˈɡrædʒuət/ (名詞)<br>/ˈɡrædʒueɪt/ (動詞),動詞、名詞,【動】卒業する<br>【名】卒業生,graduate from 学校 のように、自動詞として from を伴って「（学校を）卒業する」と使います。,"【動】She was thrilled to graduate, right up until she remembered that student discounts also graduated with her.<br>【名】As a fresh graduate, he had a degree, big dreams, and absolutely no idea how taxes worked.",【動】彼女は卒業に胸を躍らせた。学割も一緒に卒業したことを思い出すまでは。<br>【名】新卒として、彼は学位と大きな夢を持っていたが、税金の仕組みはまったく分かっていなかった。
176,decide,/dɪˈsaɪd/,動詞,決定する、決心する、解決する,いくつかの選択肢の中から最終的に決めること。decide to do（〜することを決める）。,It takes me thirty seconds to decide a career and thirty minutes to decide what to have for lunch.,私はキャリアを決めるのに三十秒、昼食に何を食べるか決めるのに三十分かかる。
177,judge,/dʒʌdʒ/,名詞、動詞,【名】裁判官、審査員<br>【動】判断する、裁く,名詞は法廷の「裁判官」やコンテストの「審査員」。judge A by B で「BによってAを判断する」。,"【名】The judge at the pie contest took his job so seriously that he tasted each entry three careful times.<br>【動】Don't judge a book by its cover, unless the cover is stained with what looks suspiciously like soup.",【名】パイコンテストの審査員は、その仕事を非常に真剣に受け止め、各出品作を慎重に三回味見した。<br>【動】本を表紙で判断するな。ただしその表紙が、疑わしくもスープに見える何かで汚れている場合を除く。
178,quit,/kwɪt/,動詞,辞める、中止する、立ち去る,仕事や悪い習慣（タバコなど）を完全に「辞める」ニュアンス。変化は quit - quit - quit。後ろは動名詞（quit doing）。,He threatened to quit every Monday morning and returned every Monday afternoon as though nothing happened.,彼は毎週月曜の朝に辞めると脅し、毎週月曜の午後に何事もなかったかのように戻ってきた。
179,retire,/rɪˈtaɪər/,動詞,引退する、退職する,年齢や任期満了によって、仕事や現役のキャリアから「退職・引退する」場合に使います。,My grandfather retired years ago and is now busier than the entire company he used to run.,祖父は何年も前に引退したが、今やかつて経営していた会社全体より忙しい。
180,review,/rɪˈvjuː/,名詞、動詞,【名】再検討、復習、批評、評価<br>【動】再検討する、復習する、批評する,勉強の「復習」のほか、ビジネスでの「再評価・見直し」、製品や本の「レビュー（論評）」を意味します。,"【名】The film got a glowing review from the critic, who admitted he had slept through most of the middle.<br>【動】I need to review my notes before the exam, or at least review the general concept of having notes.",【名】その映画は評論家から絶賛の批評を得たが、その評論家は中盤の大半を寝ていたと認めた。<br>【動】試験前にノートを見直す必要がある。せめて、ノートを持っているという一般的概念だけでも見直したい。
181,choose,/tʃuːz/,動詞,選ぶ、選択する,過去形 chose、過去分詞 chosen。選択肢の中から意志を持って「選ぶ」一般的な動詞です。,"Asked to choose one restaurant, our group somehow chose to stand in a parking lot debating for an hour.",一つのレストランを選ぶよう言われ、我々のグループはなぜか駐車場に立って一時間議論することを選んだ。
182,imagine,/ɪˈmædʒɪn/,動詞,想像する、心に思い浮かべる,頭の中で特定の像や状況を思い描くこと。名詞形は imagination。,"Imagine a world with no Mondays; now open your eyes to the crushing reality that it is, in fact, Monday.",月曜のない世界を想像してみて。さあ目を開けて、実は今日が月曜だという打ちのめすような現実に。
183,guess,/ɡes/,動詞、名詞,【動】推測する、言い当てる<br>【名】推測,十分な根拠がない状態で「言い当てる、推測する」ニュアンスです（例：Guess what!：何だと思う？）。,"【動】I'll guess your age, he said confidently, then guessed a number that ended the friendship instantly.<br>【名】My best guess is that the missing sock achieved its lifelong dream and finally escaped the dryer.",【動】年齢を当ててあげよう、と彼は自信満々に言い、それから友情を即座に終わらせる数字を言った。<br>【名】私の一番の推測では、片方だけ消えた靴下は生涯の夢をかなえ、ついに乾燥機から脱走したのだ。
184,expect,/ɪkˈspekt/,動詞,期待する、予期する、待つ,単に楽しみに待つだけでなく、状況から考えて当然そうなるだろうと「予測・想定する」意味もあります。,"I never expect much from Mondays, and yet somehow they still manage to disappoint me creatively.",月曜には何も期待しないのに、それでもなぜか、月曜は私を創造的にがっかりさせてくる。
185,predict,/prɪˈdɪkt/,動詞,予測する、予言する,科学的データや知識に基づき、将来起こることを「予測する、予言する」ニュアンス。,"The weather forecast tried to predict sunshine, so naturally I packed an umbrella and a small ark.",天気予報は晴れを予測しようとしたので、当然ながら私は傘と小さな方舟を用意した。
186,remember,/rɪˈmembər/,動詞,覚えている、思い出す,remember doing（〜したことを覚えている）と remember to do（忘れずに〜する）の使い分けが重要です。,"I can remember a song from twenty years ago perfectly, but not why I just walked into this room.",二十年前の歌は完璧に思い出せるのに、たった今なぜこの部屋に入ってきたのかは思い出せない。
187,remind,/rɪˈmaɪnd/,動詞,思い出させる、気づかせる,remind A of B で「AにBを思い出させる」という代表的な形を取ります。,"Please remind me to buy milk, and then remind me why I walked past the milk three separate times.",牛乳を買うよう思い出させてくれ。それから、なぜ私が牛乳を三度も素通りしたのかも思い出させてくれ。
188,realize,/ˈriːəlaɪz/,動詞,気づく、はっきりと理解する、実現する,頭で「はっきりと理解する、悟る」という意味と、夢などを「実現する」という2つの大きな意味があります。,It took me an hour to realize I'd been reading the same paragraph while thinking entirely about snacks.,同じ段落を、まるまるおやつのことを考えながら読んでいたと気づくのに、一時間かかった。
189,appreciate,/əˈpɪsierɪt/,動詞,感謝する、正しく評価する、鑑賞する,単に感謝する（I appreciate your help.）だけでなく、芸術などを「味わう・鑑賞する」意味もあります。,"I truly appreciate honest feedback, she said, in a tone that suggested she truly did not.",正直な意見は本当にありがたい、と彼女は、まったくそう思っていないことを示す口調で言った。
190,accept,/əkˈsept/,動詞,受け入れる、承認する,提案、贈り物、批判などを、同意して（または逆らわずに）「受け取る・受け入れる」こと。,"I've decided to accept that I will never fold a fitted sheet correctly, and I feel strangely at peace.",ボックスシーツを正しくたためないことを受け入れると決めたら、不思議と心が穏やかになった。
191,consider,/kənˈsɪdər/,動詞,よく考える、検討する、みなす,consider doing の形をとり、consider A (to be) B で「AをBとみなす」となります。,Please consider all the consequences before you eat the leftovers I clearly labeled with my name.,私が明確に名前を書いておいた残り物を食べる前に、あらゆる結果をよく考えてほしい。
192,mind,/maɪnd/,名詞、動詞,【名】心、精神、精神作用<br>【動】気にする、嫌がる,動詞として否定文や疑問文で「嫌だと思う、気にする」と使います（例：Would you mind opening the window?）。,"【名】My mind wanders during meetings, usually toward the far more important question of dinner.<br>【動】""I don't mind at all,"" he said, in the exact tone of someone who very much did mind.",【名】会議中、私の心はさまよう。たいていは夕食というはるかに重要な問いへと。<br>【動】「全然かまわないよ」と彼は、大いにかまっている人物とまったく同じ口調で言った。
193,wonder,/ˈwʌndər/,動詞、名詞,【動】〜かしらと思う、不思議に思う<br>【名】驚き、奇跡,I wonder if ...（〜かしらと思う）の形で日常会話で多用されます。,"【動】I wonder why the elevator is so slow, then remember I could have taken the stairs and said nothing.<br>【名】The real wonder of modern life is how a fully charged phone dies the moment you actually need it.",【動】なぜエレベーターはこんなに遅いのかと考え、それから階段を使って黙っていられたのにと思い出す。<br>【名】現代生活の真の驚異は、満充電のスマホが、いざ本当に必要な瞬間に切れることだ。
194,seem,/siːm/,動詞,〜のように見える、〜のようだ,seem to do または It seems that ...（〜のようだ、〜と思われる）としてよく使われます。,"The plan seemed foolproof, which, in my long experience, is the exact moment things begin to go wrong.",その計画は絶対確実に思えたが、私の長い経験では、それこそが物事が狂い始めるまさにその瞬間だ。
195,compare,/kəmˈpær/,動詞,比較する、たとえる,compare A with/to B で「AをBと比較する」または「AをBにたとえる」となります。,"It's unfair to compare my cooking to a chef's, mostly because the chef's food is actually edible.",私の料理をシェフのと比べるのは不公平だ。主に、シェフの料理は実際に食べられるからだ。
196,concentrate,/ˈcɒnsntreɪt/,動詞,集中する、集める,concentrate on ... の形で「〜に精神を集中させる、専念する」と使います。,It's hard to concentrate on work when a single fly has declared the entire office its personal kingdom.,一匹のハエがオフィス全体を自分の王国だと宣言している時、仕事に集中するのは難しい。
197,focus,/ˈfoʊkəs/,名詞、動詞,【名】焦点、関心の的<br>【動】焦点を合わせる、集中する,focus on ... で「〜に集中する、焦点を当てる」という意味になります。,"【名】I lost my focus the moment someone mentioned lunch, and it has not returned since.<br>【動】Try to focus on the presentation, not on the tiny piece of spinach in the speaker's confident smile.",【名】誰かが昼食に触れた瞬間に集中力を失い、以来それは戻ってこない。<br>【動】プレゼンに集中しよう。話し手の自信に満ちた笑顔にある小さなほうれん草のかけらではなく。
198,allow,/əˈlaʊ/,動詞,許可する、可能にする、認める,allow A to do で「Aが〜するのを許可する（〜できるようにする）」という頻出表現。,"My diet allows one cheat day a week, which I have generously interpreted as any day ending in ""y.""",私のダイエットは週一のチートデイを許している。それを私は寛大にも「曜日」で終わる日すべてと解釈した。
199,admit,/ədˈmɪt/,動詞,認める、入場（入学）を許可する,嫌々ながらも事実や誤りを「（本当だと）認める」ニュアンスがあります。後ろは動名詞（admit doing）。,"I'll admit I was wrong, he said, in a sentence that took him a truly heroic forty-five years to complete.",自分が間違っていたと認めるよ、と彼は、完成させるのに実に英雄的な四十五年を要した一文で言った。
200,ground,/ɡraʊnd/,名詞、動詞,【名】地面、根拠、理由<br>【動】根拠を置く,複数形の grounds で「根拠、理由（例：on the grounds that ...）」という意味でよく用いられます。,"【名】He sat on the cold ground to think deeply, then mostly thought about how cold the ground was.<br>【動】The airline grounded the flight, grounding my vacation plans along with it in one cruel announcement.",【名】彼は深く考えるために冷たい地面に座り、それから主に地面がどれだけ冷たいかを考えた。<br>【動】航空会社はその便を欠航にし、一つの残酷なアナウンスで私の休暇計画も一緒に地に落とした。
201,pollution,/pəˈluːʃn/,名詞,汚染、公害,不可算名詞（数えられない名詞）です。動詞形は pollute（汚染する）。,The factory dumped so much pollution into the river that even the fish filed a formal complaint.,工場が川にあまりに汚染物質を垂れ流したので、魚まで正式に苦情を申し立てた。
202,sight,/saɪt/,名詞、動詞,【名】視力、光景、名所、視野<br>【動】見つける,catch sight of ... で「〜を見つける」、sightseeing で「観光」になります。,【名】The sight of my empty wallet on payday is the only horror movie I truly fear.<br>【動】I sighted my ex across the café and immediately pretended to study the menu very hard.,【名】給料日に空っぽの財布を見る光景こそ、俺が本気で恐れる唯一のホラー映画だ。<br>【動】カフェの向こうに元恋人を見つけ、私は即座にメニューを猛烈に真剣に読むふりをした。
203,view,/vjuː/,名詞、動詞,【名】意見、見方、眺め、視野<br>【動】見る、みなす,in my view（私の考えでは）、view A as B（AをBとみなす）の形でよく使われます。,"【名】The view from my apartment is a brick wall, but I call it ""industrial minimalism"" to feel better.<br>【動】My boss views every coffee break as a personal betrayal of the company mission.",【名】うちのアパートからの眺めはレンガの壁だが、俺は「インダストリアル・ミニマリズム」と呼んで自分を慰めている。<br>【動】上司はコーヒー休憩のすべてを、会社の使命への個人的な裏切りとみなしている。
204,landscape,/ˈlændskeɪp/,名詞、動詞,【名】（陸地の）風景、景色、景観<br>【動】景観を美化する,視界に入る広々とした「陸地の風景、田園風景」を指すことが多いです。,【名】The painter spent six hours on the landscape and still forgot to include the giant volcano behind him.<br>【動】They landscaped the yard so beautifully that the weeds now feel underdressed.,【名】画家は風景画に六時間かけたが、背後にそびえる巨大な火山を描き忘れていた。<br>【動】彼らが庭をあまりに美しく造園したので、雑草が今や場違いに感じている。
205,nature,/ˈneɪtʃər/,名詞,自然、本質、性質,「大自然」だけでなく、人間や事物の「本質・性質（例：human nature：人間性）」の意味もあります。,"I told everyone I love nature, then screamed and ran when a single friendly bee approached me.",私は皆に自然が大好きだと言っておきながら、人懐こい蜂が一匹近づいただけで叫んで逃げた。
206,seed,/siːd/,名詞、動詞,【名】種、種子、原因<br>【動】種をまく,比喩的に、事物の「原因、兆候（例：seeds of doubt：疑念の種）」を指すこともあります。,"【名】He planted one seed, watered it for a year, and now demands to be called a professional farmer.<br>【動】She seeded doubt about the manager so quietly that he promoted her for being a good listener.",【名】彼は種を一粒植えて一年間水をやり、今や自分をプロの農家と呼べと要求している。<br>【動】彼女は課長への疑念をあまりに静かに植えつけたので、聞き上手だと言われて昇進した。
207,plant,/plænt/,名詞、動詞,【名】植物、工場、発電所<br>【動】植える,製造「工場（特に大型の重工業プラント）」や「発電所（power plant）」を意味することも多いです。,"【名】My only houseplant is a plastic plant, and even that one is somehow starting to wilt.<br>【動】We planted the flag on the summit, then realized we had climbed the wrong mountain entirely.",【名】うちの唯一の観葉植物はプラスチック製だが、それすらなぜか枯れかけている。<br>【動】我々は山頂に旗を立ててから、まったく違う山に登っていたことに気づいた。
208,bloom,/bluːm/,名詞、動詞,【名】（主に観賞用の）花、開花、最盛期<br>【動】花が咲く、栄える,主に木や草の花が美しく「咲く（咲いている状態）」を指します。,【名】The rose's bloom lasted exactly two days before my cat decided it was a chew toy.<br>【動】Talent tends to bloom right after you stop caring what the internet thinks of you.,【名】バラの開花はきっちり二日続いたが、その後うちの猫がそれを噛むおもちゃと決めつけた。<br>【動】才能というものは、ネットの評価を気にするのをやめた直後に開花しがちだ。
209,harvest,/ˈhɑːrvɪst/,名詞、動詞,【名】収穫、収穫期、収穫量<br>【動】収穫する,農作物を取り入れること。比喩的に、努力の成果などを「手に入れる」こと。,"【名】After a whole summer of gardening, our entire harvest was three tomatoes and one very confused carrot.<br>【動】Grandpa harvested his crops at dawn while lecturing the crows about their poor work ethic.",【名】夏まるまる庭仕事をした結果、収穫は全部でトマト三つと、ひどく困惑した人参一本だった。<br>【動】祖父は夜明けに作物を収穫しながら、カラスどもに労働倫理の欠如を説教していた。
210,insect,/ˈɪnsekt/,名詞,昆虫、虫,科学的（節足動物）な意味での虫（カブトムシやハエなど）を指します。,The picnic was perfect until a single insect appeared and somehow invited every relative it had ever met.,ピクニックは完璧だったが、虫が一匹現れ、なぜか出会った限りの親戚全員を招待したところで終わった。
211,earthquake,/ˈɜːrθkweɪk/,名詞,地震,quake と略されることもあります。,The earthquake was so mild that only my anxiety and one overachieving car alarm actually noticed it.,地震はあまりに弱く、実際に気づいたのは俺の不安と、やたら意識高い車の警報一台だけだった。
212,temperature,/ˈtemprətʃər/,名詞,温度、気温、体温,take one's temperature で「体温を測る」となります。,"The office temperature is set to a level scientists officially classify as ""revenge against warm-blooded life.""",オフィスの室温は、科学者が公式に「温血生物への復讐」と分類する水準に設定されている。
213,degree,/dɪˈɡriː/,名詞,度、程度、学位,温度や角度の「〜度」のほか、大学の「学位（例：bachelor's degree：学士号）」の意味もあります。,"He earned a degree in philosophy and now uses it to explain, at length, why he cannot find a job.",彼は哲学の学位を取得し、今やそれを使って、なぜ仕事が見つからないかを延々と説明している。
214,flood,/flʌd/,名詞、動詞,【名】洪水、殺到<br>【動】氾濫する、押し寄せる,物理的な水の洪水だけでなく、情報や注文が「殺到する（be flooded with）」際にも用いられます。,【名】The flood was so sudden that my neighbor was seen calmly kayaking through his own living room.<br>【動】Complaints flooded the inbox the instant the company announced its brave new smaller portion sizes.,【名】洪水があまりに突然だったので、隣人が自宅のリビングを平然とカヤックで漕ぐ姿が目撃された。<br>【動】会社が勇敢にも量を減らした新商品を発表した瞬間、苦情が受信箱に殺到した。
215,freeze,/friːz/,動詞、名詞,【動】凍る、凍らせる、フリーズする<br>【名】氷結、凍結,過去形 froze、過去分詞 frozen。「動くな！」という警察の命令口調（Freeze!）としても知られます。,"【動】I watched the smoothie freeze solid because I forgot it in the freezer during my three-hour ""quick nap.""<br>【名】One accusing glance from my mother produced a freeze more effective than any refrigerator ever built.",【動】三時間の「ちょっと昼寝」の間に冷凍庫に忘れたスムージーが、カチカチに凍るのを私は見届けた。<br>【名】母の非難のこもった一瞥は、これまで作られたどの冷蔵庫よりも効果的な凍結をもたらした。
216,reflect,/rɪˈflekt/,動詞,反射する、映す、熟考する,光や音を「反射する」のほか、reflect on ... の形で「〜について熟考する、振り返る」という意味になります。,The lake reflected the mountains so perfectly that a duck landed and complained about the traffic.,湖が山々をあまりに完璧に映したので、着水したカモが交通渋滞について文句を言った。
217,polite,/pəˈlaɪt/,形容詞,礼儀正しい、丁寧な,他人への配慮や社会的なマナーが身についている状態。対義語は rude。,He was so polite while cutting in line that half the queue actually thanked him for the privilege.,彼は割り込みながらもあまりに礼儀正しかったので、列の半分が実際にその栄誉に感謝した。
218,rude,/ruːd/,形容詞,無礼な、失礼な、粗雑な,相手に対して不躾であること。名詞形は rudeness。,"The waiter was so rude that we tipped him anyway, purely out of respect for such total commitment.",ウェイターがあまりに無礼だったので、我々はその徹底ぶりへの敬意から、逆にチップを弾んでやった。
219,lonely,/ˈloʊnli/,形容詞,寂しい、孤独な,単に一人でいる状態（alone）ではなく、精神的に「寂しい、孤独を感じる」状態を指します。,She felt lonely at the party until she found the one other person hiding behind the snack table.,彼女はパーティーで孤独を感じていたが、お菓子のテーブルの陰に隠れているもう一人の人物を見つけた。
220,lazy,/ˈleɪzi/,形容詞,怠惰な、怠けた、のんびりした,やるべきことをやる気がなく、ダラダラしている状態を指します。,I am not lazy; I am simply conserving energy for a heroic effort I have carefully scheduled for never.,俺は怠け者ではない。ただ、決して来ない日に慎重に予定した英雄的努力のため、エネルギーを温存しているだけだ。
221,strict,/strɪkt/,形容詞,厳しい、厳格な,規則や規律をきっちりと守らせる態度。be strict with 人 で「人に厳しい」。,My grandmother is so strict that even the family dog files a request before daring to sit on the couch.,祖母があまりに厳格なので、飼い犬すらソファに座る前に申請書を提出する。
222,ugly,/ˈʌɡli/,形容詞,醜い、見苦しい、不快な,外見が醜いことのほか、状況や関係などが「険悪な、見苦しい」場合にも使われます。,The sweater was so ugly that it looped all the way back around to becoming a bold fashion statement.,そのセーターはあまりに醜く、一周回って大胆なファッション表現へと到達していた。
223,intelligent,/ɪnˈtelɪdʒənt/,形容詞,知的な、賢い、情報処理能力の高い,理解力、学習能力、思考能力が高いこと。人工知能は artificial intelligence です。,My phone is more intelligent than me; it corrects my spelling and quietly judges my late-night decisions.,俺のスマホは俺より賢い。スペルを直し、深夜の俺の判断を静かに裁いてくる。
224,silly,/ˈsɪli/,形容詞、名詞,【形】愚かな、バカげた、たわいもない<br>【名】バカな人,stupid よりは少しおどけた、軽くてユーモラスな「バカバカしい、ひょうきんな」ニュアンス。,"【形】It was a silly plan, but somehow the silly plan worked and now everyone calls me a genius.<br>【名】He acts like a silly at parties, yet he is the one who always remembers to bring the actual food.",【形】ばかげた計画だったが、なぜかそのばかげた計画は成功し、今や皆が俺を天才と呼ぶ。<br>【名】彼はパーティーでおどけ者を演じるが、実際の食べ物を持ってくるのをいつも忘れないのは彼だ。
225,nervous,/ˈnɜːrvəs/,形容詞,緊張している、神経質な、神経の,「神経質」という意味のほか、スピーチや試験の前などで一時的に「ドキドキ・緊張している」状態。,I was so nervous during the interview that I confidently introduced myself using entirely the wrong name.,面接中あまりに緊張していたので、俺は自信満々に、まったく違う名前で自己紹介してしまった。
226,awake,/əˈweɪk/,形容詞、動詞,【形】目が覚めて、起きている<br>【動】目覚める、起こす,形容詞として主に叙述用法（be awake の形）で用いられます。,"【形】I stayed awake all night worrying about oversleeping, then triumphantly slept through the entire exam.<br>【動】The smell of coffee is the only thing that can awake my soul from its Monday-morning coma.",【形】寝坊を心配して一晩中起きていた結果、俺は堂々と試験を全部寝過ごした。<br>【動】コーヒーの香りだけが、月曜の朝の昏睡から俺の魂を目覚めさせられる唯一のものだ。
227,alone,/əˈloʊn/,形容詞、副詞,【形】一人きりで、〜だけ<br>【副】単独で、〜だけで,他に誰もいない、あるいは物理的に孤立している状態を指します（寂しさのニュアンスは必須ではありません）。,"【形】I finally had the house alone, so I celebrated my freedom by immediately falling asleep on the sofa.<br>【副】He assembled the entire bookshelf alone, guided only by rage and a diagram he refused to read.",【形】ついに家に一人になれたので、俺はその自由を祝して即座にソファで眠りに落ちた。<br>【副】彼は本棚を一人きりで組み立てた。導いたのは怒りと、読むのを拒否した説明図だけだった。
228,attitude,/ˈætɪtuːd/,名詞,態度、姿勢、心構え,物事に対する考え方や心理的な構え、または身体の姿勢。attitude toward ...（〜に対する態度）。,"His attitude toward deadlines is best described as a warm, personal friendship with the concept of ""later.""",締め切りに対する彼の態度は、「後で」という概念との、温かく個人的な友情と表現するのが最も適切だ。
229,character,/ˈkærəktər/,名詞,性格、個性、登場人物、文字,個人の「性格」や、小説・映画などの「登場人物」、あるいは「漢字（Chinese characters）」などの文字。,"My cat has more character than most people I meet, and considerably better opinions about who to ignore.",うちの猫は俺が出会う大半の人間より個性があり、誰を無視すべきかについても格段に見識が高い。
230,characteristic,/ˌkærəktəˈrɪstɪk/,形容詞、名詞,【形】特有の、特徴的な<br>【名】特徴、特性,他と区別できる際立った性質。be characteristic of ... で「〜に特有である」。,"【形】The soup had one characteristic flavor that everyone recognized instantly as ""grandma gave up halfway.""<br>【名】His most notable characteristic is the ability to fall asleep during any meeting he himself called.",【形】そのスープには、誰もが即座に「祖母が途中で諦めた味」と認識する特徴的な風味が一つあった。<br>【名】彼の最も顕著な特徴は、自分が招集したどんな会議でも眠れる能力だ。
231,feature,/ˈfeɪtʃər/,名詞、動詞,【名】特徴、顔立ち、特集（記事）<br>【動】呼び物にする、特集する,物事の「目立つ特徴」や、複数形 features で人の「顔立ち・容貌」を意味します。,"【名】The car's best feature is a cup holder large enough to hold my dignity after a bad parking attempt.<br>【動】The documentary featured my uncle for three seconds, and he has not stopped mentioning it since.",【名】その車の最大の特徴は、下手な駐車のあとの俺の尊厳が収まるほど大きいカップホルダーだ。<br>【動】ドキュメンタリーは俺の叔父を三秒間登場させ、彼は以来ずっとその話をやめない。
232,detail,/ˈdiːteɪl/,名詞、動詞,【名】詳細、細部<br>【動】詳細に述べる,in detail で「詳細に、細部まで細かく」という頻出の表現になります。,【名】He explained the plan in such painful detail that we all forgot what the plan was even about.<br>【動】She detailed her weekend so thoroughly that the meeting ended before we reached actual business.,【名】彼が計画をあまりに苦痛なほど詳細に説明したので、我々は全員、計画が何の話だったか忘れた。<br>【動】彼女が週末を事細かに詳述したので、本題に入る前に会議が終わった。
233,advantage,/ədˈvæntɪdʒ/,名詞,利点、強み、有利な点,他と比べて有利な状況や強み。take advantage of ... で「〜を利用する、〜に付け込む」。,The only advantage of arriving early is enjoying two full hours of watching everyone else arrive late.,早く着くことの唯一の利点は、他の全員が遅れて来るのをたっぷり二時間眺めて楽しめることだ。
234,fault,/fɔːlt/,名詞,（個人の）過失、責任、欠点、断層,It's my fault. で「私のせいです（過失です）」となります。地学用語の「断層」の意味もあります。,"It was entirely my fault, but I have decided, after careful reflection, to blame the weather instead.",それは完全に俺の落ち度だったが、熟慮の末、代わりに天気のせいにすることに決めた。
235,quality,/ˈkwɑːləti/,名詞、形容詞,【名】質、品質、性質、資質<br>【形】上質な,「量（quantity）」に対する「質（quality）」。また個人の「素質・資質」を指すこともあります。,"【名】The hotel promised luxury quality but delivered a towel with the approximate softness of sandpaper.<br>【形】We bought the quality furniture, and it collapsed with a dignity that cheap furniture could never match.",【名】ホテルは高級な品質を約束したが、届いたのは紙やすりほどの柔らかさのタオルだった。<br>【形】我々は上質な家具を買い、それは安物には決して真似できない威厳をもって崩壊した。
236,correct,/kəˈrekt/,形容詞、動詞,【形】正しい、正確な<br>【動】訂正する、修正する,事実や規則に照らし合わせて「エラーがなく正しい」状態。,"【形】His answer was technically correct, which is, as we all know, the most annoying kind of correct.<br>【動】She corrected my grammar so gently that I only cried a little bit in the office bathroom afterward.",【形】彼の答えは厳密には正しく、周知のとおり、それは最も腹立たしい種類の正しさだった。<br>【動】彼女があまりに優しく俺の文法を訂正したので、俺は後でオフィスのトイレで少し泣いただけで済んだ。
237,ideal,/aɪˈdiːəl/,形容詞、名詞,【形】理想的な<br>【名】理想、極致,想像される最も完璧な状態（理想）を指します。,"【形】The ideal candidate must have ten years of experience in a technology invented only last Tuesday.<br>【名】Chasing the ideal, he rejected every good option and ended up with nothing but strong principles.",【形】理想の候補者には、先週の火曜に発明された技術で十年の経験が求められる。<br>【名】理想を追い求めた彼は、良い選択肢をすべて却下し、残ったのは立派な信念だけだった。
238,fair,/fer/,形容詞、名詞,【形】公平な、まずまずの、晴れた<br>【名】定期市、品評会、フェア,「公平な」という意味のほか、a job fair などのように「見本市・博覧会」の意味でも多用されます。,"【形】It is not fair that my houseplants get more consistent care and attention than I have ever received.<br>【名】We went to the county fair, where I paid twelve dollars to lose at a game rigged by a duck.",【形】うちの観葉植物が俺の受けたどんな世話より一貫した愛情を得ているのは、公平じゃない。<br>【名】我々は郡の縁日に行き、俺はアヒルに仕組まれたゲームに負けるため十二ドルを払った。
239,appropriate,/əˈproʊpriət/,形容詞,適切な、ふさわしい,特定の目的や状況にぴったりと合致して「適切である」こと。,"Wearing pajamas to a wedding is not appropriate, though I maintain it is deeply, wonderfully comfortable.",結婚式にパジャマを着ていくのは適切ではないが、それが心底、素晴らしく快適であることは俺は主張し続ける。
240,famous,/ˈfeɪməs/,形容詞,有名な,広く世間に知られていること。be famous for ... で「〜で有名である」。,He became famous for one viral video and now signs autographs for people who have no idea who he is.,彼はバズった動画一本で有名になり、今や自分が誰か知らない人々にサインをしている。
241,elementary,/ˌelɪˈmentri/,形容詞,初歩の、基本的な、元素の,elementary school（小学校）の「初等の」のほか、「最もシンプルで基本レベルの」を指します。,The instructions were so elementary that I still managed to assemble the chair completely upside down.,説明書はあまりに初歩的だったが、俺はそれでも椅子を完全に上下逆さまに組み立ててみせた。
242,major,/ˈmeɪdʒər/,形容詞、名詞、動詞,【形】主要な、重大な<br>【名】専攻（科目）<br>【動】専攻する,大学での「専攻」を指す際、動詞は major in 専攻分野 の形で使います。,"【形】A major problem with my plan is that, upon inspection, it turns out I never actually had a plan.<br>【名】The army major inspected our messy dorm and quietly aged about fifteen years in a single instant.<br>【動】He majored in economics, then confidently explained to everyone why he still cannot budget for coffee.",【形】俺の計画の重大な問題は、点検してみると、実は計画などまるでなかったと判明することだ。<br>【名】陸軍少佐は散らかった我々の寮を視察し、一瞬で静かに十五歳ほど老けた。<br>【動】彼は経済学を専攻し、なぜ未だにコーヒー代の予算すら組めないかを皆に自信満々に説明した。
243,matter,/ˈmætər/,名詞、動詞,【名】問題、事柄、物質<br>【動】重要である、問題となる,動詞として It doesn't matter. で「問題ではない、かまわない」という会話表現になります。,【名】The urgent matter turned out to be a coworker asking whether the office plant looked slightly sad.<br>【動】I told myself the calories would not matter if I ate the cake standing over the kitchen sink.,【名】その緊急の用件とは、オフィスの観葉植物が少し悲しそうに見えないかと尋ねる同僚のことだった。<br>【動】台所のシンクの上に立って食べればカロリーは問題にならない、と俺は自分に言い聞かせた。
244,bright,/braɪt/,形容詞,明るい、輝く、頭の良い,光が「明るい」だけでなく、人の表情や将来が「明るい」、あるいは「頭が良い・利発な」ことも指します。,The morning was so bright and cheerful that my hangover took it as a deeply personal insult.,朝があまりに明るく晴れやかだったので、俺の二日酔いはそれを深く個人的な侮辱と受け取った。
245,brilliant,/ˈbrɪliənt/,形容詞,素晴らしい、輝かしい、極めて優秀な,光が「燦然と輝く」状態。人の知性やアイディアが「極めて優れている」ことにも用いられます。,"It was a brilliant idea until we tried it, at which point it revealed its true career as a disaster.",試すまでは見事なアイデアだったが、試した途端、それは大惨事という本当の職業を明かした。
246,lively,/ˈlaɪvli/,形容詞,活気のある、にぎやかな、元気な,語尾が -ly ですが、主に形容詞として「活気に満ちた、生き生きとした」を意味します。,"The party was so lively that the neighbors called not to complain, but to ask why they were not invited.",パーティーがあまりに活気づいていたので、隣人は苦情ではなく、なぜ呼ばれなかったのかと電話してきた。
247,comfortable,/ˈkʌmftəbl/,形容詞,快適な、居心地の良い、心地よい,物理的または精神的な苦痛がなく、リラックスして過ごせる状態を指します。,My couch is so comfortable that leaving it now requires either a fire alarm or a truly desperate appetite.,うちのソファはあまりに快適で、そこを離れるには火災報知器か、本当に切羽詰まった食欲が必要だ。
248,pleasant,/ˈpleznt/,形容詞,楽しい、心地よい、感じの良い,人や場所、天候などが「心地よい、感じが良い、愉快な」印象を与える状態。,It was a pleasant afternoon until my phone reminded me of the six things I had been happily ignoring.,俺が幸せに無視していた六つの用事をスマホが思い出させるまでは、快適な午後だった。
249,convenient,/kənˈviːniənt/,形容詞,便利な、都合が良い,手間がかからず実用的で「便利である」、または時間や場所の「都合が良い」こと（例：convenience store）。,"The store is open twenty-four hours, which is convenient for both my snacks and my questionable life choices.",その店は二十四時間営業で、俺の夜食にとっても、俺の怪しい人生の選択にとっても便利だ。
250,FALSE,/fɔːls/,形容詞,誤った、嘘の、不忠実な、偽の,事実と異なる「誤った」状態（true の対義語）。false teeth で「義歯・入れ歯」。,"He gave a false name at the party, then spent the whole night forgetting to respond when people called it.",彼はパーティーで偽名を名乗り、そのくせ一晩中、その名で呼ばれても返事するのを忘れていた。
251,terrible,/ˈterəbl/,形容詞,恐ろしい、ひどい、最悪の,状況、質、天候、体調などが「極めて不快、最悪である」ことを口語でも非常によく表します。,My cooking is so terrible that the smoke detector has started applauding sarcastically whenever I enter the kitchen.,俺の料理があまりにひどいので、俺が台所に入るたび火災報知器が皮肉たっぷりに拍手し始めた。
252,awful,/ˈɔːfl/,形容詞,恐ろしい、ひどい、ものすごい,terrible と同様に「ひどい、最悪の」を意味します。,"The movie was awful, yet we stayed until the end out of pure stubbornness and eleven dollars of guilt.",映画はひどかったが、我々は純粋な意地と十一ドル分の罪悪感から、最後まで居座った。
253,thin,/θɪn/,形容詞,薄い、細い、痩せた、希薄な,物が「薄い」こと、人が「痩せている」こと、または液体や空気が「希薄である」ことを指します。,The hotel walls were so thin that I now know far too much about my neighbor's opinion of his boss.,ホテルの壁があまりに薄かったので、俺は隣人の上司への意見について、知りすぎるほど知ってしまった。
254,tight,/taɪt/,形容詞、副詞,【形】きつい、引き締まった、ぎっしり詰まった<br>【副】きつく,服がきついのほか、tight schedule（過密日程）や tight budget（厳しい予算）などでも使われます。,"【形】These jeans were tight two years ago, and I refuse to accept the cake-based explanation for the change.<br>【副】Hold on tight, because I am about to explain the plot of this show using only interpretive hand gestures.",【形】このジーンズは二年前はきつかった。俺はその変化のケーキ由来の説明を受け入れることを拒む。<br>【副】しっかり掴まってくれ、これからこの番組の筋を、身振り手振りだけで説明するから。
255,loose,/luːs/,形容詞,緩い、だぶだぶの、解き放たれた,服が「だぶだぶである」状態や、ロープなどが「緩んでいる」こと。発音は濁らない清音の /s/ です。,The screw was so loose that the entire shelf collapsed with the dramatic timing of a well-rehearsed play.,ネジがあまりに緩んでいたので、棚全体がよく稽古された芝居のような劇的なタイミングで崩れ落ちた。
256,raw,/rɔː/,形容詞,生の、加工していない,加熱調理していない食品（例：raw fish：生魚）や、加工していない「生（原料）」を指します。,"【形】He served the fish still raw, insisting confidently that cooking merely ""gets in the way of the flavor.""<br>【動】Losing to my little sister at chess exposed a raw nerve I did not know I still had.",【形】彼は魚を生のまま出し、調理は「風味の邪魔をするだけだ」と自信たっぷりに言い張った。<br>【動】妹にチェスで負けたことが、まだ残っているとは知らなかった生々しい神経を露わにした。
257,empty,/ˈempti/,形容詞、動詞,【形】空の、空いている<br>【動】空にする,中身が何もない状態（例：empty bottle）。動詞として「中身を空っぽにする」という意味もあります。,"【形】I opened the fridge with high hopes and found it as empty as my ambitions on a Sunday afternoon.<br>【動】He emptied his savings account for concert tickets, then survived the whole month on plain rice and denial.",【形】期待に胸を膨らませて冷蔵庫を開けたが、日曜午後の俺の野心と同じくらい空っぽだった。<br>【動】彼はコンサートのチケットのため貯金を空にし、その月をずっと白米と現実逃避で生き延びた。
258,smooth,/smuːð/,形容詞、動詞,【形】滑らかな、平らな、円滑な<br>【動】滑らかにする,ざらざらしていない「滑らかな」表面のほか、物事が「円滑・順調に進む」という意味もあります。,【形】His excuse was so smooth that I almost forgot he was the exact person who had caused the entire problem.<br>【動】She smoothed over the awkward silence with a joke so bad that everyone bonded over hating it together.,【形】彼の言い訳があまりに滑らかだったので、俺は彼こそが問題全部の原因だったことを危うく忘れかけた。<br>【動】彼女はひどい冗談で気まずい沈黙を取り繕い、皆はそれを一緒に嫌うことで結束した。
259,direct,/dəˈrekt/,形容詞、動詞、副詞,【形】直接の、直行の、率直な<br>【動】向ける、案内する、指揮する,動詞として、映画を「監督する」や、道を「案内する（direct A to B）」などの意味もあります。,"【形】I asked for direct feedback and received a review so direct that I am still emotionally recovering today.<br>【動】She directed the school play with the fierce intensity of someone commanding an actual military campaign.<br>【副】The map said to go direct, so naturally I took the scenic route and arrived three hours after everyone.",【形】率直な意見を求めたら、あまりに直接的な評価が返ってきて、俺は今日もまだ心の傷を癒している。<br>【動】彼女は本物の軍事作戦を指揮するような猛烈な気迫で、学芸会を演出した。<br>【副】地図は直進しろと言ったので、俺は当然、景色の良い道を選び、全員より三時間遅れて到着した。
260,familiar,/fəˈmɪliər/,形容詞,よく知られた、親しい,be familiar with ... で「〜をよく知っている」、be familiar to ... で「〜によく知られている」となります。,The song sounded familiar until I realized it was just my phone alarm remixed by my own sleep-deprived brain.,その曲は聞き覚えがあると思ったが、寝不足の脳がリミックスしたスマホのアラームだと気づいた。
261,similar,/ˈsɪmələr/,形容詞,似ている、同様の、類似した,be similar to ... で「〜と似ている、同様である」という形をよくとります。,My twin and I look so similar that even our own mother relies on our T-shirts to tell us apart.,俺と双子はあまりにそっくりなので、実の母ですら俺たちを見分けるのにTシャツを頼りにしている。
262,differ,/ˈdɪfər/,動詞,異なる、意見が合わない,differ from ... で「〜と異なる」。名詞形は difference、形容詞形は different。,My weekend plans differ from reality in the same way a travel brochure differs from a delayed airport.,俺の週末の計画は、旅行パンフレットが遅延した空港と違うのと同じくらい、現実と異なる。
263,vary,/ˈværi/,動詞,変化する、異なる、多様化する,自動詞として「（時や場所で）異なる・様変わりする」、他動詞として「〜を変化させる・変える」。,My motivation to exercise tends to vary wildly depending on how recently I saw a mirror I did not expect.,俺の運動へのやる気は、予期せぬ鏡をどれだけ最近見たかによって、激しく変動しがちだ。
264,specific,/spəˈsɪfɪk/,形容詞,具体的な、明確な、特定の,曖昧ではなく「はっきりと詳細な（具体的な）」、あるいは「特定の」目的や用途を指します。,"The doctor asked for my specific symptoms, so I bravely described a vague feeling of general Monday-ness.",医者が具体的な症状を尋ねてきたので、俺は勇敢にも、漠然とした全般的な月曜っぽさを描写した。
265,common,/ˈkɑːmən/,形容詞、名詞,【形】共通の、一般的な、普通の、ありふれた<br>【名】共通点,common sense（常識）や、have A in common（Aを共通して持つ）などのイディオムが頻出。,【形】Finding a coworker who also hates the same meeting is the most common way office friendships truly begin.<br>【名】The village green was a shared common where sheep grazed and teenagers loudly pretended not to loiter.,【形】同じ会議を嫌う同僚を見つけることこそ、職場の友情が本当に始まる最も一般的なきっかけだ。<br>【名】村の緑地は共有の入会地で、羊が草を食み、若者が大声でたむろしていないふりをしていた。
266,unusual,/ʌnˈjuːʒuəl/,形容詞,珍しい、並外れた、普通でない,通常（usual）とは異なる、一風変わった、あるいは非凡な状態を指します。,"It was unusual for him to arrive early, so everyone immediately assumed something must be catastrophically wrong.",彼が早く来るのは珍しかったので、皆は即座に、何か破滅的にまずいことがあるに違いないと思った。
267,add,/æd/,動詞,加える、足す、付け加える,add A to B で「AをBに加える」。「足し算をする」の足すも意味します。,"I tried to add one tiny task to my list, and somehow it multiplied into a full existential crisis.",俺はリストにたった一つ小さな用事を加えようとしたが、なぜかそれは本格的な実存的危機に増殖した。
268,increase,/ɪnˈkriːs/ (動)<br>/ˈɪnkriːs/ (名),動詞、名詞,【動】増える、増やす<br>【名】増加,自他動詞。数量や規模などが大きくなることを意味します。アクセントの位置は、動詞は後ろ、名詞は前になります。,【動】My screen time increased so much this week that my phone sent me a concerned message about my wellbeing.<br>【名】The sudden increase in his confidence was directly and suspiciously related to a new and very shiny haircut.,【動】今週スクリーンタイムがあまりに増えたので、スマホが俺の健康を心配するメッセージを送ってきた。<br>【名】彼の自信の突然の増加は、新しくてやたら光る髪型と、直接的かつ怪しく関連していた。
269,reduce,/rɪˈduːs/,動詞,減らす、縮小する、下げる,数量、価格、重さなどを小さく・少なくすることを意味します。名詞形は reduction。,"【動】I promised to reduce my spending, then celebrated that noble decision by buying a fancy budgeting notebook.<br>【動】To reduce the drama, he simply left the group chat and achieved instant, blissful, total silence.",【動】俺は支出を減らすと誓い、その高潔な決意を祝して、洒落た家計簿を買った。<br>【動】揉め事を減らすため、彼はグループチャットをただ抜け、即座に、至福の、完全な静寂を手に入れた。
270,divide,/dɪˈvaɪd/,動詞,分ける、分割する、割る,divide A into B で「AをBに分ける」。「割り算（割る）」を意味することもあります。,"We tried to divide the pizza fairly, and somehow the largest slice always mysteriously migrated to the loudest person.",我々はピザを公平に分けようとしたが、なぜか一番大きな一切れは、いつも謎めいて一番声の大きい人へと移動した。
271,count,/kaʊnt/,動詞、名詞,【動】数える、重要である、見なす<br>【名】計算、総数,動詞として「重要である（= matter）」という意味も非常に大切です（例：Every second counts.：一分一秒が重要だ）。,"【動】I count on coffee to make me a functioning human, and coffee counts on me to never once respect its power.<br>【名】The final head count revealed we had somehow invited three more guests than the actual venue could hold.",【動】俺はコーヒーが俺を機能する人間にしてくれると頼り、コーヒーは俺がその力を一度も敬わないと当てにしている。<br>【名】最終的な人数確認で、我々は会場が実際に収容できるより三人多く招待していたと判明した。
272,weigh,/weɪ/,動詞,重さがある、重さを量る、よく考える,weigh 10 kg で「10kgの重さがある」。比喩的に重要性を「比較検討する」意味もあります。,"The suitcase seemed to weigh exactly one gram less than the airline limit, purely to torment my sense of victory.",スーツケースは航空会社の制限よりきっかり一グラム軽いようで、それはひとえに俺の勝利感を苦しめるためだった。
273,quarter,/ˈkwɔːrtər/,名詞,4分の1、15分、25セント,1年の4分の1（四半期：クオーター）や、時間の「15分」、アメリカの「25セント硬貨」を指します。,"He ate three quarters of the cake, then generously offered to ""help finish"" the tragic remaining piece.",彼はケーキの四分の三を食べてから、悲惨に残った一切れを「片づけるのを手伝う」と気前よく申し出た。
274,lot,/lɑːt/,名詞、副詞,【名】（たくさんの）分量、運命、区画、一区切り,a lot of で「たくさんの」。不動産用語などで土地の「一区画、敷地（例：parking lot）」としても重要。,"【名】I have learned a lot about patience from waiting for a website to load on our office wifi.<br>【副】He talks a lot about starting his diet, always beginning it confidently the day after tomorrow.",【名】俺は、オフィスのwifiでサイトが読み込まれるのを待つことから、忍耐について多くを学んだ。<br>【副】彼はダイエットを始めるとよくしゃべるが、いつも自信満々に明後日から始めることにしている。
275,pile,/paɪl/,名詞、動詞,【名】積み重ね、山<br>【動】積み重ねる、積み重なる,物が乱雑に積み重なった「山、一山」を指します（例：a pile of books）。,"【名】A pile of unread emails greeted me on Monday, glaring at me with the collective judgment of the entire company.<br>【動】He piled his plate so high at the buffet that the plate itself seemed to sigh in weary resignation.",【名】月曜、未読メールの山が俺を出迎え、会社全体の集合的な非難のまなざしで俺を睨んでいた。<br>【動】彼がバイキングで皿にあまりに高く盛ったので、皿自体が疲れた諦めのため息をついたようだった。
276,rate,/reɪt/,名詞、動詞,【名】割合、比率、速度、料金、評価<br>【動】評価する,unemployment rate（失業率）や、at any rate（とにかく、いずれにせよ）の形でよく使われます。,"【名】The success rate of my New Year resolutions is roughly equal to that of a snowman in July.<br>【動】Critics rated the film highly, while my uncle rated it ""too much talking, not enough explosions.""",【名】俺の新年の抱負の成功率は、七月の雪だるまとおおよそ同じくらいだ。<br>【動】批評家はその映画を高く評価し、俺の叔父は「喋りすぎ、爆発足りず」と評価した。
277,figure,/ˈfɪɡjər/,名詞、動詞,【名】数字、図形、姿、人物<br>【動】計算する、考える,多義語です。特に figure out ...（〜を理解する、解決する）という句動詞は極めて重要です。,"【名】She was a key figure in the meeting, mostly because she was the only one who knew the projector's password.<br>【動】I still cannot figure out why the vending machine accepted my money and then offered me only silence.",【名】彼女は会議の重要人物だった。主に、プロジェクターのパスワードを知る唯一の人物だったからだ。<br>【動】自販機がなぜ俺の金を受け取り、そして沈黙だけを差し出したのか、俺は未だに理解できない。
278,lack,/læk/,名詞、動詞,【名】不足、欠乏<br>【動】欠いている、不足している,名詞では for lack of ...（〜の不足のために）、動詞では他動詞として lack confidence（自信を欠く）のように使います。,"【名】My main problem is a total lack of motivation, closely followed by a suspicious abundance of snacks.<br>【動】He does not lack confidence; if anything, he has a dangerous surplus of it and zero supporting evidence.",【名】俺の主な問題はやる気の完全な欠如で、それに次ぐのが怪しいほど豊富な夜食だ。<br>【動】彼に自信が欠けているわけではない。むしろ危険なほど過剰で、裏付けとなる証拠は皆無だ。
279,extra,/ˈekstrə/,形容詞、名詞、副詞,【形】余分の、追加の、臨時の<br>【名】追加のもの、エキストラ,通常の量や基準に「余分に・追加で」加わるものを指します。,"【形】The recipe called for a pinch of salt, so I added an extra handful just to establish clear dominance.<br>【名】The theater hired me as an extra, and I delivered a background performance so intense it stole the whole scene.<br>【副】He always packs extra heavy for a weekend trip, as if fleeing the country under a brand-new identity.",【形】レシピは塩ひとつまみと指示していたが、俺は明確な優位を確立するため、追加でひと掴み入れた。<br>【名】劇場は俺をエキストラとして雇い、俺はあまりに濃い背景演技を披露して、その場面全体を奪った。<br>【副】彼は週末旅行にいつも余分に重い荷物を詰める。まるで新しい身分で国外逃亡するかのように。
280,ready,/ˈredi/,形容詞,準備ができて、進んで〜する,be ready to do で「喜んで〜する、今にも〜しそうである」という意味もあります。,"I have been ""almost ready"" to leave for the past forty minutes, and my patience is now the only thing running out.",俺はこの四十分間ずっと出かける「準備がほぼできた」状態で、今や尽きかけているのは俺の忍耐だけだ。
281,prepare,/prɪˈpær/,動詞,準備する、用意する、備える,食事、旅行、試験などに備えて、事前に具体的に道具や状態を「整える」こと。,"I spent three hours preparing to study, buying pens and organizing my desk, and then triumphantly went to sleep.",俺は勉強の準備に三時間を費やし、ペンを買い机を整理し、そして堂々と眠りについた。
282,adjust,/əˈdʒʌst/,動詞,調整する、合わせる、適応する,環境や条件に合わせて「微調整する」、または adjust to ... の形で「〜に適応する」を意味します。,"It took me a week to adjust to the new office chair, and now leaving it feels like an act of betrayal.",新しいオフィスチェアに慣れるのに一週間かかり、今やそこを離れるのは裏切り行為のように感じる。
283,apply,/əˈplaɪ/,動詞,申し込む、適用する、塗る,apply for ...（仕事やビザなどに申し込む）、apply to ...（ルールなどが〜に適用される）の使い分けが頻出。,"I told him to apply himself, and he replied that he already applies himself very seriously to avoiding effort.",彼に本気を出せと言ったら、努力を避けることにはすでに大真面目に本気を出している、と返された。
284,suit,/suːt/,名詞、動詞,【名】スーツ、訴訟<br>【動】適する、似合う,服がその人に「似合う」、スケジュールや条件が「都合に合う」などの動詞の意味があります。,"【名】He wore a fancy suit to the interview and was so nervous he introduced himself to a coat rack.<br>【動】This weather does not suit my mood, but honestly nothing short of a national holiday truly would.",【名】彼は面接に洒落たスーツを着ていき、緊張のあまりコート掛けに自己紹介した。<br>【動】この天気は俺の気分に合わないが、正直、国民の祝日でもなければ何一つ合いはしない。
285,case,/keɪs/,名詞,場合、事例、事件、容疑、容器,in case of ... で「〜の場合に備えて」、in any case で「いずれにせよ」となります。,"In this particular case, ignoring the problem completely somehow turned out to be the most effective solution.",この特定のケースでは、問題を完全に無視することが、なぜか最も効果的な解決策だと判明した。
286,scene,/siːn/,名詞,場面、シーン、現場、光景,映画や演劇の1シーン、事件・事故の「現場（例：the scene of the accident）」、舞台裏などを表します。,"He made such a dramatic scene over a wrong coffee order that the entire café gave him a slow, respectful clap.",彼はコーヒーの注文違いにあまりに劇的な騒ぎを起こしたので、カフェ全体が彼にゆっくりと敬意のこもった拍手を送った。
287,chance,/tʃæns/,名詞、動詞,【名】偶然、機会、可能性、見込み<br>【動】偶然起こる,偶然の「機会」や、物事が起こる「可能性（例：Chances are that ...：おそらく〜だろう）」を表します。,"【名】I finally got the chance to sing at karaoke, and my friends immediately regretted encouraging me at all.<br>【動】I would not chance eating that leftover sushi, which has been quietly evolving in the fridge since last week.",【名】ついにカラオケで歌う機会を得たが、友人たちは俺を煽ったことを即座に後悔した。<br>【動】先週から冷蔵庫で静かに進化しているあの残り寿司を食べる危険を、俺は冒す気はない。
288,opportunity,/ˌɑːpərˈtuːnəti/,名詞,（自分に有利な）機会、好機,計画を達成したり、自分を向上させたりするのに好都合な「チャンス（機会）」を指す、フォーマルな言葉です。,"This is a golden opportunity, which naturally means I will overthink it until the opportunity quietly walks away.",これは絶好の好機だが、それは当然、俺がその好機が静かに立ち去るまで考えすぎることを意味する。
289,experience,/ɪkˈspɪriəns/,名詞、動詞,【名】経験、体験<br>【動】経験する、体験する,知識やスキルを得るプロセス（不可算）、個々の具体的な出来事（可算名詞）の双方で使われます。,"【名】Assembling that shelf was a character-building experience, mostly building the character trait of quiet despair.<br>【動】I have never experienced true fear until my phone hit one percent battery in an unfamiliar part of town.",【名】あの棚の組み立ては人格形成的な経験で、主に静かな絶望という人格特性を形成した。<br>【動】不慣れな街でスマホの電池が一パーセントになるまで、俺は本当の恐怖を経験したことがなかった。
290,time,/taɪm/,名詞、動詞,【名】時間、時刻、倍、〜回、時代<br>【動】時間を測定する,複数形の times は、数学の「倍（例：three times：3倍）」や「時代（例：modern times）」を意味します。,"【名】I have plenty of time to relax, said no one who has ever agreed to help a friend move house.<br>【動】We timed the meeting to end exactly at lunch, a rare display of true corporate strategic genius.",【名】くつろぐ時間はたっぷりある、とは、友人の引っ越しを手伝うと約束した者が誰一人言わない言葉だ。<br>【動】我々は会議がきっかり昼食時に終わるよう時間を計った。真の企業戦略的天才の稀な発揮だった。
291,spring,/sprɪŋ/,名詞、動詞,【名】春、泉、ばね<br>【動】跳ぶ、湧き出る,季節の「春」のほかに、水が湧き出る「泉、温泉（例：hot spring）」、金属の「バネ」などの意味があります。,"【名】Spring arrived, the flowers bloomed, and my allergies immediately declared open war on my entire face.<br>【動】The cat did not merely jump; it seemed to spring across the room to attack a single, offensive dust particle.",【名】春が来て、花が咲き、俺のアレルギーは即座に顔全体に対して公然と宣戦布告した。<br>【動】猫はただ跳んだのではない。一粒の目障りな埃を襲うため、部屋を横切って跳躍したかのようだった。
292,minute,/ˈmɪnɪt/ (名)<br>/maɪˈnuːt/ (形),名詞、形容詞,【名】分、短い時間、議事録<br>【形】微小な、詳細な,形容詞としての発音は /maɪˈnuːt/ であり、「極めて小さい、極微の、詳細な」という意味になります。,"【名】The recipe said it takes five minutes, a claim as honest as a politician promising to cut his own salary.<br>【形】He devoted a minute amount of effort to the project, then took a remarkably enormous share of the credit.",【名】レシピは五分でできると言ったが、それは自分の給料を削ると約束する政治家並みに正直な主張だった。<br>【形】彼はプロジェクトにごくわずかな努力を注ぎ、そして驚くほど巨大な手柄の分け前を取った。
293,age,/eɪdʒ/,名詞、動詞,【名】年齢、時代、老齢<br>【動】年をとる、成熟する,for ages で「長年の間、とても長い間」という口語表現になります。,"【名】At my age, staying up past midnight now counts as a genuinely wild and reckless act of youthful rebellion.<br>【動】This cheese was left to age gracefully, while I was simply left to age in fluorescent office lighting.",【名】この歳になると、深夜を過ぎて起きているのは、今や本当に無謀で若気の至りの反抗行為に数えられる。<br>【動】このチーズは優雅に熟成させられたが、俺はただ蛍光灯のオフィスの明かりの下で老けさせられただけだ。
294,generation,/ˌdʒenəˈreɪʃn/,名詞,世代、一世代、発生、生み出すこと,おおよそ30年程度の「世代」のほか、電気や熱などを「発生させること（例：power generation）」の意味もあります。,"My generation invented the group chat, and we have used it primarily to leave each other on read for days.",俺の世代はグループチャットを発明し、そして主に、互いを何日も既読無視するために使ってきた。
295,anniversary,/ˌænɪˈvɜːrsəri/,名詞、形容詞,【名】記念日、創立記念日<br>【形】記念日の,年に1回めぐってくる特別な記念日（例：wedding anniversary：結婚記念日）。,"【名】We celebrated our anniversary by arguing about where to eat, then eating at the same place we always do.<br>【形】He gave her a heartfelt anniversary card, one year late, and bravely insisted the delay added to its charm.",【名】我々は記念日を、どこで食べるか言い争い、そして結局いつもの同じ店で食べることで祝った。<br>【形】彼は心のこもった記念日のカードを一年遅れで渡し、その遅れが趣を増したと勇敢に言い張った。
296,recently,/ˈriːsntli/,副詞,最近、近頃,過去の特定の時点や「少し前」を指すため、原則として過去形または現在完了形と共に用いられます。,"I have recently discovered that ""I'll do it later"" is, at its core, a beautiful and elaborate form of lying.",俺は最近、「後でやる」は本質的に、美しく手の込んだ嘘の一形態だと発見した。
297,used,/juːst/ (助動詞的)<br>/juːzd/ (形「中古の」),助動詞、形容詞,【助】（used toで）かつて〜した<br>【形】中古の、慣れている,used to do（以前はよく〜したものだ）、be used to doing（〜に慣れている）の使い分けに注意。,"【助】I used to wake up early and full of ambition, but those days now feel like someone else's biography entirely.<br>【形】He handed me a used tissue as if it were a precious gift, and I accepted it out of sheer stunned politeness.",【助】俺はかつて早起きして野心に満ちていたが、あの日々は今や完全に他人の伝記のように感じる。<br>【形】彼は使用済みのティッシュを貴重な贈り物のように渡し、俺は呆然とした礼儀からそれを受け取った。
298,early,/ˈɜːrli/,形容詞、副詞,【形】早い、初期の、早朝の<br>【副】早く、早めに,時間や時期が基準よりも「早い、初期の」を意味します（速度が速いのは fast や quick）。,"【形】I caught an early train to beat the crowd, only to discover the entire city had the exact same idea.<br>【副】I woke up early on my day off out of habit, then lay in bed furious at my own reliable internal clock.",【形】人混みを避けようと早い電車に乗ったが、街全体がまったく同じことを考えていたと知っただけだった。<br>【副】休日に習慣で早く目が覚め、俺は自分の律儀な体内時計に激怒しながらベッドに横たわった。
299,first,/fɜːrst/,形容詞、副詞、名詞,【形】最初の、第一の<br>【副】最初に、まず第一に<br>【名】最初の人・物,at first（最初は、当初は）と firstly（第一に、まず）などの表現があります。,"【形】My first attempt at baking produced something that legally could not be described using the word ""cake.""<br>【副】I finished the marathon first, which is easy to say when you simply do not mention there were only two runners.<br>【名】She was the first in her family to graduate, and she reminds everyone of it at every single holiday dinner.",【形】俺の初めてのお菓子作りは、法的に「ケーキ」という語では表現できない何かを生み出した。<br>【副】俺はマラソンを一位で完走した。走者が二人しかいなかったと言わなければ、簡単に言えることだ。<br>【名】彼女は家族で最初に卒業した者で、そのことを祝日の夕食のたびに全員に念押しする。
300,latest,/ˈleɪtɪst/,形容詞、名詞,【形】最新の、最後の<br>【名】最新ニュース,late の最上級。時間的に一番遅くに出てきたもの＝「最新の（例：the latest fashion）」となります。,"【形】I bought the latest phone, which becomes gloriously obsolete roughly four minutes after I unbox it.<br>【名】Have you heard the latest? Apparently the office coffee machine has filed for early retirement again.",【形】俺は最新のスマホを買ったが、それは箱を開けてからおよそ四分後に華々しく時代遅れになる。<br>【名】最新情報聞いた？ どうやらオフィスのコーヒーマシンがまた早期退職を申請したらしい。
301,modern,/ˈmɑːdərn/,形容詞,現代の、近世の、最新の,伝統的なものや古代（ancient）に対する「現代の、近代的な」状態を指します。,My idea of a modern kitchen is a machine that makes coffee while I heroically continue to sleep.,俺にとって現代的な台所とは、俺が英雄的に眠り続ける間にコーヒーを淹れてくれる機械のことだ。
302,ancient,/ˈeɪnʃənt/,形容詞、名詞,【形】古代の、大昔の<br>【名】古代人,はるか昔の歴史的な時代、または極めて古いものを指します。,"【形】He gave me directions using an ancient landmark that had been demolished long before I was even born.<br>【名】The museum guide called the vase an ancient, and my clumsy elbow nearly turned it into an ancient tragedy.",【形】彼は、俺が生まれるずっと前に取り壊された古代の目印を使って道案内をした。<br>【名】館長はその壺を古代の遺物と呼び、俺の不器用な肘はそれを危うく古代の悲劇に変えかけた。
303,spend,/spend/,動詞,（お金・時間を）費やす、過ごす,spend 時間/お金 (in) doing または spend 時間/お金 on 名詞 の形が極めて重要です。過去・過去分詞形は spent。,"I promised to spend less this month, then spent an entire afternoon buying things to help me save money.",今月は出費を抑えると誓ったのに、俺は節約を助ける品々を買うのに午後まるまる費やした。
304,delay,/dɪˈleɪ/,動詞、名詞,【動】遅らせる、延期する、遅れる<br>【名】遅延、延期,予定されていた時刻より遅らせる他動詞、または自ら遅れる自動詞として使われます。,"【動】The airline delayed my flight so many times that I started to consider the airport my legal residence.<br>【名】The only thing longer than the delay was the announcer's cheerful apology, repeated every fifteen minutes.",【動】航空会社が便を何度も遅延させたので、俺は空港を法的な住所と考え始めた。<br>【名】遅延より長かったのは、十五分ごとに繰り返されるアナウンスの陽気な謝罪だけだった。
305,borrow,/ˈbɑːroʊ/,動詞,借りる,移動可能なものを一時的に「無料で借りる」ことを指します（持ち運べない不動産や、有料で借りる場合は rent を使用）。,"I let my friend borrow my favorite pen three years ago, and I still quietly mourn its loss to this day.",三年前に友人にお気に入りのペンを貸したが、俺は今なお静かにその喪失を悼んでいる。
306,lend,/lend/,動詞,貸す、貸し出す,無料で一時的に「貸す」ことを表します（有料の貸し出しは rent や lease など）。過去・過去分詞形は lent。,"I would happily lend you money, but my wallet and I have a strict policy against making optimistic promises.",喜んで金を貸したいところだが、俺の財布と俺は、楽観的な約束をしない厳格な方針を掲げている。
307,rent,/rent/,動詞、名詞,【動】賃借りする、有料で借りる・貸す<br>【名】家賃、賃貸料,アパート、部屋、レンタカーなど、お金を払って物を貸し借りする際に広く使われます。,"【動】We rent a tiny apartment so expensive that the closet politely charges us extra just to store our regrets.<br>【名】The monthly rent goes up every year, unlike my salary, which prefers a peaceful and motionless existence.",【動】我々はあまりに高い狭いアパートを借りていて、押し入れは後悔を仕舞うだけで丁重に追加料金を取る。<br>【名】家賃は毎年上がる。平穏で微動だにしない生活を好む俺の給料とは違って。
308,provide,/prəˈvaɪd/,動詞,提供する、供給する、備える,provide A with B（AにBを提供する）や provide B for A の形で非常によく使われます。,"The hotel promised to provide everything, then provided a single towel and the phone number of a distant help desk.",ホテルは何もかも提供すると約束し、それからタオル一枚と、遠く離れたヘルプデスクの電話番号を提供した。
309,board,/bɔːrd/,名詞、動詞,【名】板、会議、役員会、搭乗<br>【動】搭乗する,on board で「（船や飛行機に）搭乗して」。名詞の board of directors で「取締役会」を意味します。,"【名】He pinned his brilliant plan to the board, and the board immediately became the smartest object in the room.<br>【動】We board the plane last, get the worst seats, and then act genuinely surprised, as if this were somehow new.",【名】彼は名案を掲示板に貼り、掲示板は即座に部屋で一番賢い物体になった。<br>【動】我々は最後に搭乗し、最悪の席に座り、そしてまるで初めてのように、心底驚いたふりをする。
310,garbage,/ˈɡɑːrbɪdʒ/,名詞,（主に生ゴミなどの）ゴミ、廃棄物,不可算名詞です。主に台所から出る生ゴミなどを指します（紙ゴミなどの乾いたゴミは trash や rubbish）。,"I told myself I would clean out the garbage this weekend, a beautiful promise I make roughly every single weekend.",今週末こそゴミを片づけると自分に言い聞かせた。おおよそ毎週末する、美しい約束だ。
311,item,/ˈaɪtəm/,名詞,項目、品目、品物,リストに記載された1項目や、店で売られている具体的な商品「1点・1品」などを指します。,"The most expensive item on the menu was the tap water, priced as though it had been personally blessed by a saint.",メニューで一番高い品は水道水で、まるで聖人が個人的に祝福したかのような値段がついていた。
312,wheel,/wiːl/,名詞、動詞,【名】車輪、ハンドル<br>【動】回転する、車輪付きの車で運ぶ,behind the wheel で「運転して（ハンドルの後ろに座って）」という意味になります。,"【名】The shopping cart had one broken wheel that insisted, with great passion, on steering us toward the wine aisle.<br>【動】He wheeled the enormous suitcase through the airport as if it contained the last hopes of an entire nation.",【名】ショッピングカートには壊れた車輪が一つあり、大いなる情熱をもって我々をワイン売り場へ導こうとした。<br>【動】彼は巨大なスーツケースを、まるで一国の最後の希望が入っているかのように空港で押していった。
313,note,/noʊt/,名詞、動詞,【名】メモ、注釈、紙幣、音符<br>【動】注意する、書き留める,イギリス英語では「紙幣（例：banknote）」を意味します。動詞としては note that ... で「〜に注意する、言及する」。,【名】She left me a sweet note on the fridge that turned out to be a detailed list of chores I owed her.<br>【動】Please note that I did read your long message; I simply chose emotional survival over an immediate reply.,【名】彼女は冷蔵庫に優しいメモを残してくれたが、それは俺が負っている家事の詳細な一覧だった。<br>【動】あなたの長文は確かに読んだと留意してほしい。俺はただ即答より心の生存を選んだだけだ。
314,present,/ˈpreznt/ (名・形)<br>/prɪˈzent/ (動),名詞、形容詞、動詞,【名】贈り物、現在<br>【形】出席している、現在の<br>【動】提示する、贈る,形容詞として名詞の後ろに置かれると「出席している（people present）」、名詞の前に置かれると「現在の（present situation）」になります。,"【名】He gave me a birthday present so useless that even the wrapping paper looked mildly embarrassed about it.<br>【形】All members were present at the meeting, except for the one person whose ideas we actually needed.<br>【動】She presented her excuse with such confidence that we nearly gave her an award instead of a warning.",【名】彼は俺の誕生日に、包装紙すら少し気まずそうに見えるほど役に立たないプレゼントをくれた。<br>【形】会議には全員が出席していた。我々が本当に必要としたアイデアを持つ唯一の人物を除いて。<br>【動】彼女があまりに自信たっぷりに言い訳を提示したので、我々は警告の代わりに賞を与えかけた。
315,bargain,/ˈbɑːrɡən/,名詞、動詞,【名】お買い得品、契約、取引<br>【動】交渉する、値切る,安くて価値がある「お買い得品」のほか、取引の条件を「交渉する、値切る」という動詞の意味もあります。,"【名】I found a real bargain on shoes, saving twenty dollars while somehow spending two hundred on things I didn't need.<br>【動】He tried to bargain with the vending machine, which responded with the cold indifference of true authority.",【名】靴で本物のお買い得品を見つけ、二十ドル節約しながら、なぜか要らない物に二百ドル使った。<br>【動】彼は自販機と値切り交渉を試みたが、自販機は真の権威者らしい冷たい無関心で応じた。
316,stuff,/stʌf/,名詞、動詞,【名】（漠然とした）もの、材料、こと<br>【動】詰め込む,不可算名詞で、持ち物や話題を指して「あれこれ、物、こと」と日常的に非常によく使われます。,【名】My closet is full of stuff I am absolutely certain I will need on some vague and glorious future occasion.<br>【動】He stuffed his suitcase so full that closing it became a two-person job and a genuine test of friendship.,【名】俺のクローゼットは、いつか漠然と輝かしい未来の機会に必ず必要になると確信している物で満杯だ。<br>【動】彼はスーツケースをあまりに詰め込んだので、閉めるのは二人がかりの仕事、真の友情の試練となった。
317,string,/strɪŋ/,名詞、動詞,【名】ひも、糸、弦、一連の<br>【動】ひもで縛る,楽器の「弦」や、一連の出来事を指す「一連の、ひと続き（例：a string of successes：一連の成功）」という意味もあります。,"【名】He tied the gift with a single string, presenting it as if fine craftsmanship were entirely beneath him.<br>【動】She strung together three unrelated excuses so smoothly that even I started to believe she had been abducted.",【名】彼は贈り物を紐一本で縛り、まるで丁寧な仕事など自分には無用とばかりに差し出した。<br>【動】彼女は無関係な言い訳三つをあまりに滑らかに繋いだので、俺すら彼女が誘拐されたと信じかけた。
318,leisure,/ˈleʒər/,名詞、形容詞,【名】余暇、レジャー<br>【形】余暇の,仕事や義務、勉強から解放された自由な時間を指します。,"【名】I planned to use my leisure to learn a language, and instead I mastered the art of lying very still on the sofa.<br>【形】He wore leisure clothes to the formal dinner and insisted, with a straight face, that comfort is the true elegance.",【名】余暇を語学の勉強に使う予定だったが、代わりに俺はソファでじっと横たわる技を極めた。<br>【形】彼は正式な晩餐に普段着を着てきて、真顔で、快適さこそ真の優雅さだと言い張った。
319,diet,/ˈdiet/,名詞、動詞,【名】日常の食事、規定食、国会<br>【動】食事制限をする,単に痩せるためのダイエットだけでなく、「日常の食事・食習慣」そのものを表します。また、固有名詞の the Diet は日本の「国会」を指します。,"【名】I started a strict diet on Monday, and by lunchtime the diet had already quietly submitted its resignation.<br>【動】He decided to diet before the holidays, an ambition that lasted precisely until the first plate of cookies.",【名】月曜に厳しいダイエットを始めたが、昼までにそのダイエットはすでに静かに辞表を提出していた。<br>【動】彼は休暇前に減量すると決めたが、その志は最初のクッキーの皿までしか正確にはもたなかった。
320,furniture,/ˈfɜːrnɪtʃər/,名詞,家具,代表的な不可算名詞（数えられない名詞）です。家具を1点、2点と数える場合は a piece of furniture とします。,"We bought the furniture that required assembly, and now the living room contains a chair and a permanent grudge.",我々は組み立て式の家具を買い、今やリビングには椅子一脚と、永遠の恨みが置かれている。
321,refrigerator,/rɪˈfrɪdʒəreɪtər/,名詞,冷蔵庫,会話など日常の場面では、より短く fridge /frɪdʒ/ と呼ばれることが多いです。,My refrigerator is where good vegetables go to slowly transform into a science experiment I never agreed to fund.,うちの冷蔵庫は、良い野菜が、俺が出資に同意した覚えのない科学実験へとゆっくり変わっていく場所だ。
322,traffic,/ˈtræfɪk/,名詞,交通、交通量、往来,乗り物や歩行者の「交通（量）」を指す不可算名詞。道路が混んでいる状態は heavy traffic と表現します。,The traffic was so bad that I finished an entire audiobook and still had not reached the end of my own street.,渋滞があまりにひどく、俺はオーディオブックを一冊まるまる聴き終えても、まだ自分の通りの端にすら着いていなかった。
323,sell,/sel/,動詞,売る、売れる,過去形・過去分詞形は sold。自動詞として「（本などが）〜のように売れる（例：sell well：よく売れる）」という意味でも使われます。,"They say you should never sell yourself short, so I confidently sold myself at a very generous imaginary price.",自分を安売りするなと言うので、俺は自信満々に、非常に気前のいい架空の値段で自分を売り込んだ。
324,pay,/peɪ/,動詞、名詞,【動】支払う、割に合う、報いる<br>【名】給料、手当,pay attention to ...（〜に注意を払う）などの塾語も頻出します。過去形・過去分詞形は paid。,"【動】I offered to pay for dinner, secretly praying my friend would insist, which he did not, with terrifying speed.<br>【名】The pay was modest, but the free snacks in the break room did their best to compensate for my crushed dreams.",【動】俺は夕食を奢ると申し出て、友人が固辞するよう密かに祈ったが、彼は恐ろしい速さでそうしなかった。<br>【名】給料は控えめだったが、休憩室の無料の菓子が、砕けた俺の夢を埋め合わせようと最善を尽くした。
325,wear,/wer/,動詞、名詞,【動】身につけている、すり減らす<br>【名】衣類、すり減り,衣服、靴、帽子、眼鏡などを「身につけている（状態）」を意味します（着る動作は put on）。過去形 wore、過去分詞 worn。,【動】I wear the same three outfits and rotate them with the quiet confidence of a man with far bigger problems.<br>【名】This old sweater is not fashion; it is simply comfortable wear that I refuse to surrender to the passage of time.,【動】俺は同じ三着を着回し、もっと大きな問題を抱えた男の静かな自信をもってローテーションしている。<br>【名】この古いセーターはファッションではなく、時の流れに明け渡すのを拒む、ただ快適な衣服だ。
326,clothes,/kloʊðz/,名詞,衣服、服,常に複数形で扱われる名詞です。単数形で「服の布地・雑巾」を指す cloth とは区別されます。,"I own many clothes, yet I still stand before the closet every morning declaring, with deep conviction, that I have nothing.",服はたくさん持っているのに、俺は毎朝クローゼットの前に立ち、深い確信を込めて、着る物がないと宣言する。
327,marry,/ˈmæri/,動詞,〜と結婚する,他動詞であるため、marry with ... とはせず、marry her のように直接目的語を取ります（または get married to ...）。,"He promised to marry his job, and honestly the job responds to his messages far faster than any human ever has.",彼は自分の仕事と結婚すると誓ったが、正直、仕事は人間の誰よりずっと早く彼のメッセージに返信する。
328,greet,/ɡriːt/,動詞,挨拶する、迎える,人を言葉やジェスチャーで出迎えて「挨拶を交わす」ことを意味します。,"My cat greets me at the door every evening, though I strongly suspect it is greeting the food, not me personally.",うちの猫は毎晩玄関で俺を出迎えるが、俺自身ではなく餌を出迎えているのだと強く疑っている。
329,order,/ˈorder/,名詞、動詞,【名】注文、順序、秩序、命令<br>【動】注文する、命じる,in order to do で「〜するために」という代表的な目的表現になります。,"【名】The waiter brought the wrong order, and it was, humiliatingly, far better than the thing I had actually chosen.<br>【動】I ordered a small coffee, and the barista returned with a cup so large it required both hands and a strategy.",【名】ウェイターが違う注文を持ってきたが、それは屈辱的なことに、俺が実際に選んだものよりずっと美味かった。<br>【動】小さいコーヒーを注文したのに、バリスタは両手と戦略を要するほど巨大なカップを持って戻ってきた。
330,room,/ruːm/,名詞、動詞,【名】部屋、余地、空間、スペース<br>【動】同居する,個々の「部屋」を指す場合は可算名詞ですが、抽象的な「余地、スペース、可能性」を指す場合は不可算名詞になります。,"【名】My room is not messy; it is a carefully curated exhibition of everything I have avoided dealing with this year.<br>【動】We could not room together on the trip, because his snoring qualifies, scientifically, as a natural disaster.",【名】俺の部屋は散らかっているのではない。今年向き合うのを避けてきた全てを丁寧に構成した展示なのだ。<br>【動】旅行で彼と相部屋にはできなかった。彼のいびきは科学的に自然災害に分類されるからだ。
331,story,/ˈstɔːri/,名詞,物語、話、階（建物の）,建物の「〜階」を指す意味（例：two-story house：2階建ての家）としても用いられます。,"He told a long story about his weekend that had no plot, no point, and yet somehow refused to ever actually end.",彼は週末についての長い話をしたが、筋も要点もなく、それでいてなぜか決して終わろうとしなかった。
332,site,/saɪt/,名詞,敷地、現場、遺跡、ウェブサイト,建設の「現場（construction site）」や、インターネットの「ウェブサイト」などを指します。,"The construction site next door starts drilling at dawn, ensuring my alarm clock has been permanently made redundant.",隣の工事現場は夜明けに掘削を始め、おかげで俺の目覚まし時計は永久に不要になった。
333,yard,/jɑːrd/,名詞,庭、囲い地、ヤード（長さの単位：約91.4cm）,家の周りの前庭や芝生を指すほか、特定の作業場（例：junkyard）を指します。,"I mowed the entire back yard yesterday, and today the grass has already returned, looking faintly amused by my effort.",昨日、裏庭を全部刈ったのに、今日にはもう草が戻ってきて、俺の努力をかすかに面白がっているように見える。
334,bottom,/ˈbɑːtəm/,名詞、形容詞,【名】底、最下部、お尻<br>【形】最下部の,at the bottom of ... で「〜の底に、〜の最下部に」という意味になります。,"【名】I finally reached the bottom of my to-do list, only to discover a second, secret list hiding shyly beneath it.<br>【形】I always draw the bottom bunk in life, both literally at camp and figuratively in every group project ever.",【名】ついてTodoリストの一番下に到達したら、その下に恥ずかしそうに隠れる二枚目の秘密のリストを発見した。<br>【形】俺は人生でいつも一番下の段を引く。キャンプでも文字通り、あらゆるグループ課題でも比喩的に。
335,line,/laɪn/,名詞、動詞,【名】線、行、列、回線、方針、職業<br>【動】整列させる,stand in line で「列に並ぶ」。ビジネスなどで「方針、専門、職業（例：line of work）」を指すこともあります。,"【名】I waited in the wrong line for forty minutes with the calm dignity of a man too proud to ever check the sign.<br>【動】They lined the hallway with motivational posters, which somehow only deepened everyone's collective sense of doom.",【名】俺は看板を確認できないほど誇り高い男の静かな威厳をもって、四十分間も間違った列に並んだ。<br>【動】彼らは廊下に激励のポスターを並べたが、なぜかそれは皆の集合的な絶望感を深めるだけだった。
336,row,/roʊ/,名詞、動詞,【名】列、並び、ボートを漕ぐこと<br>【動】（ボートを）漕ぐ,横に並んだ「列」（縦列は column）。in a row で「一列に、連続して」の意味になります。※「口喧嘩」の意味の時は /raʊ/ と発音。,"【名】I sat in the back row so I could nod thoughtfully while secretly planning my dinner in exhaustive detail.<br>【動】The tourists tried to row the little boat in a perfect circle, achieving a level of chaos usually reserved for legends.",【名】俺は後ろの列に座り、思慮深くうなずきながら、密かに夕食を事細かに計画できるようにした。<br>【動】観光客たちは小舟を綺麗な円で漕ごうとし、伝説級の混沌を成し遂げた。
337,background,/ˈbækɡraʊnd/,名詞,背景、生い立ち、経歴,絵や写真の「背景」のほか、個人の「育ち・経歴・知識のバックグラウンド」を指す際にもよく使われます。,"He has an impressive academic background, yet still cannot figure out how to make the office printer stop weeping ink.",彼は立派な学歴を持つが、それでもオフィスのプリンターがインクを泣き流すのを止める方法はわからない。
338,direction,/daɪˈrekʃn/,名詞,方向、指示、指導、監督,複数形の directions は、道案内や機器の「取扱説明・使用法」を意味します。,"I have a terrible sense of direction, so I confidently followed the crowd and ended up at a stranger's wedding.",俺は方向感覚が壊滅的なので、自信満々に人混みについていき、見知らぬ人の結婚式にたどり着いた。
339,culture,/ˈkʌltʃər/,名詞、動詞,【名】文化、教養、培養<br>【動】培養する,社会的な文化のほか、生物学で細菌などの「培養・育成」を意味することもあります。,【名】Office culture here means pretending to enjoy the mandatory fun until the mandatory fun mercifully ends.<br>【動】She cultured a friendship with the boss so carefully that even her houseplants seemed jealous of the dedication.,【名】ここの社風とは、義務的な楽しみが慈悲深く終わるまで、それを楽しむふりをすることを意味する。<br>【動】彼女は上司との友情をあまりに念入りに育てたので、彼女の観葉植物すらその献身に嫉妬しているようだった。
340,art,/ɑːrt/,名詞,芸術、美術、技術、人文学,liberal arts で「教養科目」、art of persuasion で「説得の技術」などのように、広く学問や技術を指します。,My attempt at abstract art was so confusing that the gallery mistook it for a very expensive genuine masterpiece.,俺の抽象芸術の試みはあまりに難解だったので、画廊はそれを非常に高価な本物の傑作と勘違いした。
341,cartoon,/kɑːrˈtuːn/,名詞,風刺漫画、アニメ、一コマ漫画,主に新聞などの一コマ風刺漫画、またはコミカルな「テレビアニメ（アニメーション）」を指します。,"I still watch cartoons on Saturday mornings, and I will defend this sacred ritual against absolutely anyone who dares.",俺は今も土曜の朝にアニメを見ていて、あえて挑む者が誰であろうと、この神聖な儀式を守り抜く。
342,novel,/ˈnɑːvl/,名詞、形容詞,【名】小説<br>【形】斬新な、新しい,形容詞として「新しい、斬新な（例：a novel idea）」という意味が重要です。,"【名】I bought a thick novel to look intellectual on the train and have been on the same page for three weeks.<br>【形】He proposed a novel solution to the leak, which was, in essence, to place a bucket and simply believe in it deeply.",【名】電車で知的に見せようと分厚い小説を買ったが、俺は三週間ずっと同じページにいる。<br>【形】彼は水漏れに斬新な解決策を提案した。要はバケツを置き、それを深く信じるというものだった。
343,instrument,/ˈɪnstrəmənt/,名詞,器具、道具、楽器、手段,医療用や測定用の「精密機器・器具」、または musical instrument（楽器）を指します。,"I bought an expensive musical instrument to become cultured, and now it functions as a very artistic and dusty coat rack.",教養を身につけようと高価な楽器を買ったが、今やそれは非常に芸術的で埃をかぶったコート掛けとして機能している。
344,tune,/tuːn/,名詞、動詞,【名】曲、旋律、調和<br>【動】調律する、合わせる,in tune with ... で「〜と調和して、波長が合って」という意味になります。,"【名】He hummed a cheerful tune all morning, blissfully unaware that it was slowly driving the entire office to madness.<br>【動】I finally tuned the old guitar, and it now sounds only slightly like a cat expressing deep personal grievances.",【名】彼は一日中陽気な曲を口ずさみ、それがオフィス全体を徐々に狂気へ追いやっていることに幸せなほど無自覚だった。<br>【動】ついに古いギターを調律したが、今や個人的な深い不満を訴える猫に、ほんの少しだけ似た音がする。
345,sentence,/ˈsentəns/,名詞、動詞,【名】文、判決、刑罰<br>【動】判決を下す、刑に処する,「一文（文章の単位）」のほか、裁判での「判決・刑罰」という意味（例：death sentence：死刑判決）もあります。,"【名】He wrote me a text so long that it was less a sentence and more a formal declaration of emotional independence.<br>【動】The judge sentenced him to community service, and he served it by loudly narrating everyone else's minor mistakes.",【名】彼は俺に、文というより感情的独立の正式な宣言と呼ぶべき長さのメッセージを書いてきた。<br>【動】裁判官は彼に社会奉仕を言い渡し、彼は他人の些細なミスを大声で実況することでそれを果たした。
346,article,/ˈɑːrtɪkl/,名詞,記事、品物、条項、冠詞,新聞などの「記事」のほか、法律の「条項」、個々の「品物（articles of clothing：衣類）」、英文法の「冠詞」を指します。,I read one online article about health and now confidently diagnose all my friends with conditions I cannot even pronounce.,健康についてのネット記事を一本読んだだけで、俺は今や自信満々に、発音すらできない病名を友人全員に診断している。
347,passage,/ˈpæsɪdʒ/,名詞,（文章・音楽の）一節、通路、経過、通過,読解問題などの「文章の一節」のほか、建物の「廊下・通路」、時の「経過（passage of time）」などを表します。,The exam passage was so dense that by the third sentence I had forgotten my own name and the general concept of reading.,試験の長文はあまりに難解で、三文目までに俺は自分の名前と、読むという概念そのものを忘れていた。
348,vocabulary,/vəˈkæbjəleri/,名詞,語彙、単語数,単語単体ではなく、個人や言語が持つ「語彙（単語の集合体）」を指すため、通常は集合的に扱われます。,"My professional vocabulary consists entirely of nodding slowly and saying ""let's circle back on that"" with great authority.",俺のビジネス語彙は、ゆっくりうなずき、大いなる権威をもって「その件は後で戻りましょう」と言うことだけで成り立っている。
349,rumor,/ˈrumər/,名詞、動詞,【名】噂、風説<br>【動】噂する,Rumor has it that ... で「噂によると〜だそうだ」という重要表現になります。,"【名】A rumor spread that the office was getting free coffee, and productivity briefly reached historically unheard-of levels.<br>【動】It is rumored that our manager once smiled in 2019, though no living witness has ever come forward to confirm it.",【名】オフィスに無料コーヒーが来るという噂が広まり、生産性は一時的に歴史上前例のない水準に達した。<br>【動】うちの課長は二〇一九年に一度微笑んだと噂されるが、それを確認する生存者は一人も名乗り出ていない。
350,spell,/spel/,動詞、名詞,【動】（語を）綴る、もたらす<br>【名】（短い）期間、呪文,動詞として「スペルを書く」のほか、名詞として「一時的な短い期間（例：a cold spell：寒さの続き）」を表します。,"【動】I can spell every difficult word perfectly until someone watches me, at which point my hands forget the alphabet entirely.<br>【名】He cast a spell of boredom over the meeting so complete that three people fell asleep with their eyes bravely open.",【動】俺は難しい単語を全部完璧に綴れる。誰かが見ていない限りは。見られた途端、俺の手はアルファベットを丸ごと忘れる。<br>【名】彼は会議に完璧な退屈の呪文をかけ、三人が勇敢にも目を開けたまま眠りに落ちた。
351,pronounce,/prəˈnaʊns/,動詞,発音する、宣言する、公表する,pronounce death で「死亡を宣告する」など、公式に「宣言する」意味もあります。名詞形は pronunciation。,"I cannot pronounce the name of the fancy dish, so I just point at the menu and pray the waiter is a merciful person.",その洒落た料理の名前を発音できないので、俺はただメニューを指さし、ウェイターが慈悲深い人であることを祈る。
352,sign,/saɪn/,名詞、動詞,【名】兆候、記号、看板、標識、サイン<br>【動】署名する、合図する,road sign（道路標識）や何かが起こる「兆候・サイン」を指します。契約書などに「署名する」動詞としても頻出。,"【名】The parking sign had so many confusing rules that reading it felt like decoding an ancient and vengeful curse.<br>【動】He asked me to sign the document without reading it, which is, as we all know, the beginning of every good horror story.",【名】駐車の標識にはあまりに紛らわしい規則が多く、読むのは古代の執念深い呪いを解読するようだった。<br>【動】彼は読まずに書類にサインしてくれと頼んできた。周知のとおり、それはあらゆる良質なホラーの始まりだ。
353,mean,/miːn/,動詞、形容詞,【動】意味する、〜するつもりだ<br>【形】意地悪な、平均の,形容詞の「意地悪な（be mean to 人）」や、複数形の means が「手段、方法、財産」を意味する点は要注意。過去・過去分詞形は meant /ment/。,"【動】I asked what the cryptic email meant, and three coworkers gave me three different, equally terrifying interpretations.<br>【形】The old shopkeeper was so mean about returns that customers preferred to simply keep the broken items and quietly move on.",【動】その謎めいたメールの意味を尋ねたら、同僚三人が三通りの、等しく恐ろしい解釈を返してきた。<br>【形】その老店主は返品にあまりに意地悪だったので、客は壊れた品をそのまま持ち帰り、静かに諦める方を選んだ。
354,publish,/ˈpʌblɪʃ/,動詞,出版する、公表する,本や雑誌を世に出す「出版」のほか、データや研究成果を世間に「公表・発表する」意味もあります。,"He threatened to publish his memoir, and half the town suddenly remembered urgent business in a completely different country.",彼が回顧録を出版すると脅したところ、町の半分が突然、まったく別の国での緊急の用事を思い出した。
355,display,/dɪˈspleɪ/,動詞、名詞,【動】展示する、表示する、示す<br>【名】展示、画面、ディスプレイ,美術品を飾る「展示」、能力を「発揮する」こと、あるいはコンピュータなどの「画面」を指します。,"【動】She displayed her vacation photos with such enthusiasm that we all quietly began planning our own escape routes.<br>【名】The museum's new display was a single empty chair, which critics praised as a profound and bold statement about sitting.",【動】彼女があまりに熱心に休暇の写真を見せびらかすので、我々は皆、静かに各自の逃走経路を計画し始めた。<br>【名】美術館の新しい展示は空の椅子一脚で、批評家はそれを「座ること」についての深遠で大胆な表現と称賛した。
356,trust,/trʌst/,動詞、名詞,【動】信頼する、信じる、委託する<br>【名】信頼、信託,相手の誠実さや能力を「信用・信頼する」こと。ビジネスでは「信託（trust fund）」を指すこともあります。,"【動】I trust my phone's navigation completely, which is precisely why I once confidently drove into a very scenic lake.<br>【名】He earned my trust slowly over ten years and then lost it instantly by eating the last slice I had clearly labeled.",【動】俺はスマホのナビを完全に信頼している。だからこそ一度、自信満々に景色の良い湖へ突っ込んだのだ。<br>【名】彼は十年かけてゆっくり俺の信頼を得て、俺がはっきり名前を書いた最後の一切れを食べて一瞬で失った。
357,depend,/dɪˈpend/,動詞,依存する、頼る、〜次第である,depend on ... の形で「〜に依存する、頼る」または「〜次第である」という意味になります。,My weekend mood tends to depend entirely on whether I remembered to buy coffee before the stores all decided to close.,俺の週末の機嫌は、店が全部閉まると決める前にコーヒーを買い忘れなかったかどうかに、完全に依存しがちだ。
358,rely,/rɪˈlaɪ/,動詞,頼る、信頼する、依存する,rely on ...（〜に頼る、信頼する）の形で使われます。名詞形は reliance、形容詞形は reliable（信頼できる）。,"I have learned never to rely on my own memory, which treats important appointments as gentle, optional suggestions.",俺は自分の記憶を頼りにしないことを学んだ。それは重要な予定を、優しく任意の提案として扱うからだ。
359,pray,/preɪ/,動詞,祈る、願う,神などに願い事が叶うように「祈る、祈願する」。,"Before every exam I pray to gods I have neglected all semester, which feels fair given how much I neglected the textbook.",試験のたび、俺は一学期ずっと放っておいた神々に祈る。教科書を放っておいた分、それは公平に思える。
360,beg,/beɡ/,動詞,懇願する、頼む、物乞いをする,必死にお願いすること。I beg your pardon. で「失礼ですがもう一度おっしゃってください」という挨拶になります。,I do not beg for help; I simply stand near capable people and radiate helplessness until someone bravely intervenes.,俺は助けを乞わない。ただ有能な人の近くに立ち、誰かが勇敢に介入するまで無力さを放射するだけだ。
361,prefer,/prɪˈfɜːr/,動詞,〜のほうを好む,prefer A to B で「BよりもAを好む」という比較の表現になります（Bの前に over ではなく to を使う点が特徴）。,I prefer to make my decisions quickly and then spend the following three weeks quietly regretting each and every one.,俺は決断を素早く下し、その後の三週間を、一つ残らず静かに後悔して過ごす方を好む。
362,weep,/wiːp/,動詞,（静かに）涙を流す、泣く,悲しみなどで声を立てず静かに「涙を流して泣く」ことを表します。過去形・過去分詞形は wept。,I did not weep at the sad movie; a rare and highly specific onion allergy simply happened to strike me at that exact moment.,俺は悲しい映画で泣いたのではない。稀で極めて特殊な玉ねぎアレルギーが、たまたまその瞬間に俺を襲っただけだ。
363,hate,/heɪt/,動詞、名詞,【動】ひどく嫌う、憎む<br>【名】憎しみ、嫌悪,対象を「ひどく嫌悪する」強い感情。hate to do / doing で「〜するのが嫌だ」。,【動】I do not hate Mondays; I simply believe they should be legally required to arrive with a formal written apology.<br>【名】His hate for slow walkers is so pure and consuming that it could probably power a small and very angry city.,【動】俺は月曜が嫌いなのではない。ただ、正式な謝罪文を添えて到着することを法で義務づけるべきだと信じているだけだ。<br>【名】彼の遅い歩行者への憎しみはあまりに純粋で全てを飲み込むので、小さくて非常に怒った街の電力を賄えるだろう。
364,worry,/ˈwɜːri/,動詞、名詞,【動】心配する、悩ませる<br>【名】心配事,worry about ...（〜について心配する）や、受動態 be worried about ...（〜を心配している）の形でよく使います。,【動】I refuse to worry about problems that have not happened yet; I prefer to worry about them intensely all at once later.<br>【名】My biggest worry is that one day I will run out of things to worry about and have to face genuine peace and quiet.,【動】俺はまだ起きていない問題を心配するのを拒む。後でまとめて激しく心配する方を好むのだ。<br>【名】俺の最大の心配は、いつか心配の種が尽き、本物の平穏と静けさに向き合わねばならなくなることだ。
365,anxious,/ˈæŋkʃəs/,形容詞,心配して、不安な、切望して,be anxious about ... で「〜について不安である」、be anxious to do で「しきりに〜したがっている」となります。,"I get anxious before phone calls, so I rehearse the entire conversation and then say something completely unrelated on the spot.",俺は電話の前に不安になるので、会話全体を予行演習し、そして本番でまったく無関係なことを言う。
366,satisfy,/ˈsætɪsfaɪ/,動詞,満足させる、満たす,主に受動態 be satisfied with ... で「〜に満足している」という表現で使われます。,"Nothing can truly satisfy my hunger at midnight, which is precisely why I stand in front of the open fridge as a spiritual practice.",真夜中の空腹を本当に満たせるものは何もない。だからこそ俺は精神修養として、開けた冷蔵庫の前に立つのだ。
367,annoy,/əˈnɔɪ/,動詞,イライラさせる、悩ませる,人を少し不快にさせて「怒らせる・うるさがらせる」こと。受動態は be annoyed with/at ...（〜にイライラしている）。,"It really began to annoy me that the printer worked perfectly every single time, except during the exact moment I actually needed it.",プリンターが毎回完璧に動くのに、俺が本当に必要な瞬間だけ動かないことが、本気で癪に障り始めた。
368,bother,/ˈbɑːðər/,動詞、名詞,【動】悩ます、邪魔をする、わざわざ〜する<br>【名】面倒、厄介,Don't bother. で「お構いなく、気にしないで」。「わざわざ〜する」は bother to do となります。,"【動】I do not want to bother you, he said, right before proceeding to bother me for the next forty-five uninterrupted minutes.<br>【名】Cooking for one person is such a bother that I now consider a bag of chips a perfectly balanced evening meal.",【動】迷惑はかけたくないんだ、と彼は言い、その直後から四十五分間ぶっ通しで俺を煩わせ始めた。<br>【名】一人分の料理はあまりに面倒なので、俺は今やポテトチップス一袋を完璧にバランスの取れた夕食とみなしている。
369,disturb,/dɪˈstɜːrb/,動詞,邪魔をする、妨げる、不安にさせる,平穏な状態や睡眠、仕事などを「かき乱す、邪魔する」ことを指します（例：Do Not Disturb：起こさないでください）。,"Please do not disturb me while I am busy, he said, doing absolutely nothing except watching videos of cats falling off tables.",忙しいから邪魔しないでくれ、と彼は言ったが、机から落ちる猫の動画を見る以外、何一つしていなかった。
370,frighten,/ˈfraɪtn/,動詞,怖がらせる、ぎょっとさせる,突然の恐怖で相手を驚かせ、びくびくさせること。be frightened of ... で「〜を怖がっている」。,"The horror movie did not frighten me at all, which is exactly why I have kept every single light in the house on since then.",そのホラー映画はまったく俺を怖がらせなかった。だからこそ俺はあれ以来、家中の明かりを一つ残らず点けたままにしている。
371,regret,/rɪˈɡret/,動詞、名詞,【動】後悔する、残念に思う<br>【名】後悔、遺憾,regret doing（〜したことを後悔する）と regret to do（残念ながら〜する）の使い分けが重要です。,"【動】I deeply regret nothing, except every food decision, every text sent after midnight, and roughly ninety percent of my haircuts.<br>【名】My only regret is that I have but one life to spend not answering emails and pretending my phone is mysteriously broken.",【動】俺は何一つ深く後悔していない。あらゆる食事の判断、深夜に送った全メッセージ、そして髪型の約九割を除いては。<br>【名】俺の唯一の後悔は、メールに返信せず、スマホが謎に壊れたふりをして過ごす人生が、たった一つしかないことだ。
372,favor,/ˈfeɪvər/,名詞、動詞,【名】親切な行為、お願い、支持、好意<br>【動】好む、えこひいきする,Do me a favor. で「お願いを聞いてください」。in favor of ... で「〜に賛成して、支持して」となります。,【名】He did me a small favor once and now brings it up in every conversation as if he had personally saved my entire life.<br>【動】The referee seemed to favor the other team so openly that even their own players began to feel slightly embarrassed.,【名】彼は一度俺に小さな親切をしただけで、今やあらゆる会話で、まるで俺の人生全部を救ったかのように持ち出す。<br>【動】審判があまりに露骨に相手チームをひいきしたので、相手側の選手すら少し気まずくなり始めた。
373,interest,/ˈɪntrəst/,名詞、動詞,【名】興味、利益、利子、利権<br>【動】興味を持たせる,「興味」のほかに、銀行などの「利子・金利」、または政治的な「利権・利益（例：national interest：国益）」も意味します。,"【名】I lost all interest in the hobby the exact moment it required actual effort and stopped being merely a fun idea in my head.<br>【動】The lecture failed to interest anyone, so the professor bravely turned off the lights, which finally interested us in sleep.",【名】その趣味が実際の努力を要求し、頭の中の楽しい構想でなくなった瞬間、俺は一切の興味を失った。<br>【動】講義は誰の関心も引けなかったので、教授は勇敢に照明を消し、それがついに我々を睡眠に関心を持たせた。
374,pity,/ˈpɪti/,名詞、動詞,【名】哀れみ、同情、残念なこと<br>【動】同情する、気の毒に思う,It's a pity that ...（〜なのは残念だ）という表現は非常によく使われます。,"【名】It is a real pity that the weekend rushes by in a blur while a single Monday morning meeting can bend the very laws of time.<br>【動】Do not pity me for eating cereal for dinner; pity the cereal, which never asked to be part of my questionable life choices.",【名】週末は霞のように過ぎ去るのに、月曜朝の会議一つが時間の法則そのものを曲げられるとは、実に残念なことだ。<br>【動】夕食にシリアルを食べる俺を憐れむな。憐れむべきはシリアルだ。俺の怪しい選択に加わることを望んでいなかったのだから。
375,due,/duː/,形容詞,期日の、予定された、支払われるべき,be due to do（〜する予定である）、due to ...（〜のために、〜が原因で）が極めて重要な表現です。,"The library book was due last month, and I now avoid the entire neighborhood as if fleeing from a very calm and patient crime.",図書館の本は先月が返却期限で、俺は今や、非常に穏やかで辛抱強い犯罪から逃れるように、その界隈全体を避けている。
376,reason,/ˈriːzn/,名詞、動詞,【名】理由、理性、道理<br>【動】論理的に考える、推論する,within reason で「道理の通る範囲で、適度に」。「理性」という意味でも頻出。,"【名】The only reason I go to the gym is to justify the elaborate snack I have already promised myself on the drive home.<br>【動】I tried to reason with the toddler about bedtime, and I lost the debate so completely that I questioned my own education.",【名】俺がジムに行く唯一の理由は、帰りの車ですでに自分に約束した手の込んだ軽食を正当化するためだ。<br>【動】幼児と就寝時間について理を説こうとしたが、あまりに完敗したので、俺は自分の学歴を疑った。
377,result,/rɪˈzʌlt/,名詞、動詞,【名】結果、成果、成績<br>【動】（result in/fromで）結果になる,result in ...（結果として〜になる）、result from ...（〜に起因する、〜の結果として生じる）の使い分けが必須です。,"【名】I studied all night for the exam, and the result was a deep, expert-level knowledge of one topic that was not even on it.<br>【動】Skipping breakfast to save time usually results in me making three separate emotional decisions before ten in the morning.",【名】試験のため徹夜で勉強し、その結果、出題すらされなかった一つの話題についての深い専門的知識を得た。<br>【動】時間節約のため朝食を抜くと、たいてい午前十時までに俺は三つの別々の感情的決断を下すことになる。
378,effect,/ɪˈfekt/,名詞,影響、効果、結果,名詞として have an effect on ...（〜に影響を与える）の形で非常によく用いられます（動詞は主に affect）。,"The motivational poster in the office had no visible effect on morale, though it did have a strong effect on my urge to laugh.",オフィスの激励ポスターは士気に目に見える効果はなかったが、俺の笑いたい衝動には強い効果があった。
379,influence,/ˈɪnfluəns/,名詞、動詞,【名】影響、作用、影響力<br>【動】影響を及ぼす,人の考えや行動に、間接的にじわじわと「影響を与える・感化する」ニュアンス。,"【名】Peer pressure had such a strong influence on me that I once bought a plant just because everyone else confidently owned one.<br>【動】The weather can influence my entire mood, which is why a single gray cloud can quietly cancel every plan I ever made.",【名】同調圧力の影響があまりに強く、俺は一度、皆が自信満々に持っているというだけで観葉植物を買った。<br>【動】天気は俺の気分全体を左右しうる。だから一片の灰色の雲が、俺の立てた全計画を静かに中止にできるのだ。
380,end,/end/,名詞、動詞,【名】終わり、端、目的<br>【動】終わる、終える,名詞として「目的（手段 means に対する目的・目標）」という意味で使われることがあります。,"【名】By the end of the long meeting, I had reached the end of my patience, my snacks, and my will to keep pretending to care.<br>【動】I decided to end my bad habits on Monday, a decision that has now been bravely postponed for eighty-seven consecutive Mondays.",【名】長い会議の終わりまでに、俺は忍耐と軽食と、気にかけるふりを続ける意志の終わりに達していた。<br>【動】俺は月曜に悪癖を絶つと決めたが、その決断は今や八十七週連続で勇敢に延期されている。
381,cause,/kɔːz/,名詞、動詞,【名】原因、理由、大義名分<br>【動】引き起こす、〜の原因となる,cause A to do で「Aに〜させる、Aが〜する原因となる」という因果関係を示します。,"【名】The cause of the office argument was, as always, whose turn it was to finally replace the empty coffee pot on the counter.<br>【動】My attempt to fix the leak somehow managed to cause a second, larger leak with far more ambition than the original one.",【名】オフィスの口論の原因は、いつものように、カウンターの空のコーヒーポットを誰が交換する番かだった。<br>【動】水漏れを直そうとした俺の試みは、なぜか元よりずっと野心的な、二つ目のより大きな水漏れを引き起こした。
382,affect,/əˈfekt/,動詞,影響を及ぼす、作用する,物理的または心理的に直接「影響・変化を与える」他動詞（名詞 effect との混同に注意）。,"I pretended the bad review did not affect me, right up until I read it aloud to six different people over the following week.",俺はその酷評が自分に影響していないふりをした。翌週にかけて六人もの人にそれを音読するまでは。
383,way,/weɪ/,名詞、副詞,【名】道、方法、方向、やり方、点<br>【副】ずっと、はるかに,in a way で「ある意味では」、on one's way で「〜の途中で」などの多岐にわたる熟語があります。,"【名】There is no easy way to say this, so I will take the long way, adding several dramatic pauses purely for my own enjoyment.<br>【副】The line was way too long, so I confidently declared I never wanted that coffee anyway and left with my dignity mostly intact.",【名】これを言う簡単な方法はないので、俺は遠回りをし、ただ自分の楽しみのために劇的な間をいくつも挟むことにする。<br>【副】列がはるかに長すぎたので、俺は自信満々に、どうせそのコーヒーは要らなかったと宣言し、尊厳をほぼ保って立ち去った。
384,manner,/ˈmænər/,名詞,方法、やり方、態度、マナー,単数形では「方法、やり方・態度」、複数形の manners は「行儀、マナー・礼儀（例：good manners）」になります。,He explained the rules in such a condescending manner that I briefly considered breaking every single one out of pure principle.,彼があまりに見下した態度で規則を説明したので、俺は純粋な信念から、その一つ残らずを破ろうかと一瞬考えた。
385,purpose,/ˈpɜːrpəs/,名詞,目的、意図、決意,on purpose で「故意に、わざと」という意味の重要副詞句になります。,"I walked into the kitchen with a clear purpose, immediately forgot it, and now stand here as a monument to human ambition.",俺は明確な目的をもって台所に入り、即座にそれを忘れ、今や人間の野心の記念碑としてここに立っている。
386,sake,/seɪk/,名詞,（for the sake ofで）〜のために,for the sake of ... または for one's sake（〜のために、〜の利益を思って）という形で用いられます。,"For the sake of peace, I agreed I was wrong, even though history, logic, and three separate witnesses were all firmly on my side.",平和のために、俺は自分が間違っていたと認めた。歴史も論理も三人の証人も、揃って断固俺の側についていたのに。
387,right,/raɪt/,形容詞、副詞、名詞,【形】正しい、右の、適した<br>【副】正しく、すぐに、右に<br>【名】権利、右、正義,名詞として「権利（例：human rights：人権）」という意味をしっかり押さえましょう。,"【形】I was absolutely certain I had the right directions, which is exactly how I ended up giving a tour of a stranger's driveway.<br>【副】Turn right at the corner, he said, and I did, right into an experience I will be describing to my therapist for many years.<br>【名】She fought for her right to the last slice of cake with a passion usually reserved for genuinely important historical causes.",【形】俺は正しい道順を知っていると絶対の確信があった。だからこそ見知らぬ人の私道を案内する羽目になったのだ。<br>【副】角を右に曲がれと彼は言い、俺はそうした。まっすぐ、何年もセラピストに語ることになる体験の中へと。<br>【名】彼女は最後のケーキ一切れへの権利のため、本当に重要な歴史的大義にしか使われないような情熱で戦った。
388,complete,/kəmˈpliːt/,形容詞、動詞,【形】完全な、全部そろった<br>【動】完了する、完成させる,すべての必要な部分がそろって「完璧・完全な」状態。,"【形】My plan was a complete success, if you generously define success as everything going wrong in a surprisingly organized fashion.<br>【動】I finally decided to complete the project I abandoned last year, mostly so I could feel the pride of avoiding it all over again.",【形】俺の計画は完全な成功だった。全てが驚くほど整然と失敗することを、成功と寛大に定義するならば。<br>【動】俺はついに去年放棄した企画を完成させると決めた。主に、また一から避ける誇りを味わえるようにだ。
389,hardly,/ˈhɑːrdli/,副詞,ほとんど〜ない,程度や頻度が「ほとんど〜ない」を表す準否定語。hardly ever（めったに〜ない）。,"I could hardly stay awake during the meeting, and yet my brain chose that exact moment to replay every embarrassing thing I did in school.",会議中ほとんど起きていられなかったのに、俺の脳はその瞬間を選んで、学生時代の恥ずかしい行いを全部再生した。
390,almost,/ˈɔːlmoʊst/,副詞,ほとんど、ほぼ,100%に極めて近い状態（あと少しで届く）を指します。,"I almost went to the gym today, which, in my personal accounting system, counts as a full and genuinely exhausting workout.",俺は今日ほとんどジムに行きかけた。俺個人の会計制度では、それは本格的で真に疲れる運動一回に数えられる。
391,partly,/ˈpɑːrtli/,副詞,部分的に、一部は,全体のうち一部分だけ該当する状態を表します。partly because ... で「一つには〜という理由で」。,"The instructions were only partly translated, so I assembled the shelf based on faith, guesswork, and one very confident diagram.",説明書は一部しか翻訳されていなかったので、俺は信仰と当てずっぽうと、やたら自信のある図解一枚を頼りに棚を組み立てた。
392,indeed,/ɪnˈdiːd/,副詞,本当に、実に、実際は,前の発言を認めた上で「実に、本当に」と強調する言葉。,"The restaurant was, indeed, as expensive as everyone warned, and the tiny portion did indeed require a magnifying glass to locate.",そのレストランは、確かに皆が警告したとおり高く、そのちっぽけな一皿は、確かに探すのに虫眼鏡が必要だった。
393,even,/ˈiːvn/,副詞、形容詞,【副】〜でさえ、さらに<br>【形】平らな、偶数の、等しい,形容詞として「平らな・均等な」や、数学の「偶数の（対義語は odd）」という意味もあります。,"【副】I read the entire report twice and still did not understand even the title, let alone a single actual sentence within it.<br>【形】The playing field was even, the referees were fair, and yet somehow our team still managed to lose to a group of amateurs.",【副】報告書を二度も読み通したのに、俺は一文どころか、題名すら理解できなかった。<br>【形】競技場は平らで、審判は公平だった。それでもなぜか我々のチームは素人集団に負けてみせた。
394,exactly,/ɪɡˈzæktli/,副詞,正確に、まさに、ちょうど,数量や事実が寸分の狂いもなく「ぴったり、正確に」一致している状態。相槌として「その通り！」にも使われます。,"That is exactly what I would have said, he claimed, five full minutes after I had already said precisely that very thing myself.",まさにそれこそ俺が言おうとしたことだ、と彼は主張した。俺がすでにまさにそれを言った、たっぷり五分後に。
395,gradually,/ˈɡrædʒuəli/,副詞,徐々に、次第に、だんだんと,急激ではなく、時間をかけて「段階的に、ゆっくりと」変化していく様子を表します。,"I gradually realized that ""I'll start tomorrow"" is not a plan but a lifestyle I have somehow committed to with quiet dedication.",俺は徐々に、「明日から始める」は計画ではなく、なぜか静かな献身で身を捧げてきた生き方だと悟った。
396,therefore,/ˈðerfɔːr/,副詞,それゆえに、したがって、だから,理由から結論を論理的に導く、フォーマルな文脈で好まれる接続副詞です。,"I forgot my umbrella; therefore, the universe logically concluded that today was the perfect day for a dramatic and cinematic downpour.",俺は傘を忘れた。よって宇宙は論理的に、今日こそ劇的で映画のような豪雨に最適な日だと結論づけた。
397,instead,/ɪnˈsted/,副詞,その代わりに、そうではなくて,instead of ... の形で「〜の代わりに、〜しないで」という重要な前置詞句を作ります。,"I planned to cook a healthy dinner but ordered pizza instead, honoring a proud tradition I have upheld with remarkable consistency.",俺は健康的な夕食を作る予定だったが、代わりにピザを注文し、驚くべき一貫性で守り抜いてきた誇り高き伝統を重んじた。
398,until,/ʌnˈtɪl/,前置詞、接続詞,〜まで（ずっと）,ある時点まで特定の動作や状態が「継続して続いていること」を意味します（期限を表すのは by）。,"【前】I stayed awake until the exact moment I finally decided to give up, at which point my body cheerfully demanded a nap.<br>【接】I refused to leave the sofa until my show finished, and by then I had also somehow become one with the cushions.",【前】俺は諦めると決めたまさにその瞬間まで起きていて、その途端、体は陽気に昼寝を要求した。<br>【接】番組が終わるまで俺はソファを離れるのを拒んだが、その頃には俺はなぜかクッションと一体化していた。
399,besides,/bɪˈsaɪdz/,前置詞、副詞,【前】〜に加えて、〜のほかに<br>【副】さらに、そのうえ,beside（〜のそばに）と混同しやすいため、末尾の s の有無に要注意。,"【前】Besides forgetting my keys, my wallet, and my dignity, I would say the morning went remarkably and suspiciously smoothly.<br>【副】I have no time to exercise; besides, my remote control offers a level of loyalty that no gym membership could ever match.",【前】鍵と財布と尊厳を忘れたこと以外は、朝は驚くほど、そして怪しいほど順調だったと言える。<br>【副】運動する時間はない。それに、俺のリモコンは、どんなジムの会員権も及ばぬ忠誠を捧げてくれる。
400,except,/ɪkˈsept/,前置詞、接続詞,【前】〜を除いて、〜以外は<br>【接】〜であることを除いて,except for ...（〜を除けば）などの形でよく使われ、特定の対象を除外することを表します。,"【前】Everyone enjoyed the party except me, since I spent the entire evening bravely guarding the snack table from imaginary threats.<br>【接】I would have finished the whole assignment on time, except that my bed staged a compelling and ultimately victorious intervention.",【前】俺以外の全員がパーティーを楽しんだ。俺は一晩中、勇敢にも空想上の脅威から軽食のテーブルを守っていたからだ。<br>【接】俺は課題を全部期限内に終えられたはずだった。ベッドが説得力ある、最終的に勝利する介入を仕掛けてこなければ。
401,debate,/ˈdiːbeɪt/,名詞、動詞,【名】討論、ディベート<br>【動】討論する、熟考する,公の場である議題について対立する意見を論じ合うこと（個人の日常的な喧嘩ではなく、組織的な討論）。,"【名】The family debate over the last slice of pizza was more heated than any political argument I have ever witnessed.<br>【動】We debated for an hour about where to eat, then exhausted and defeated, ordered from the exact same place as always.",【名】最後のピザ一切れを巡る家族の討論は、俺が目撃したどんな政治論争より白熱していた。<br>【動】我々は一時間どこで食べるか討論し、疲れ果てて敗北し、いつもとまったく同じ店から注文した。
402,criticize,/ˈkrɪtɪsaɪz/,動詞,批判する、非難する、批評する,誤りや欠点を指摘して非難する（または評価・批評する）こと。名詞形は criticism（批判）。,It is easy to criticize the chef until you are the one standing there setting off the smoke alarm with plain toast.,料理人を批判するのは簡単だ。プレーントーストで火災報知器を鳴らして立ち尽くすのが自分になるまでは。
403,accuse,/əˈkjuːz/,動詞,告発する、非難する、告訴する,accuse A of B で「B（悪事・過失など）のことでAを非難する・告発する」という形で多用されます。,"He rushed to accuse me of eating the last cookie, conveniently forgetting the trail of crumbs leading directly to his own desk.",彼は最後のクッキーを食べたと俺を急いで非難したが、自分の机へまっすぐ続くパンくずの跡は都合よく忘れていた。
404,insist,/ɪnˈsɪst/,動詞,主張する、強く要求する,insist on ... や insist that ... の形をとり、周囲の反対があっても自分の意見や要求を強く押し通すニュアンス。,"She continued to insist she was not lost, even as the car circled the same confused roundabout for the fourth proud time.",車が同じ混乱した環状交差点を誇らしげに四周目を回る間も、彼女は道に迷っていないと言い張り続けた。
405,object,/ˈɑːbdʒekt/ (名)<br>/əbˈdʒekt/ (動),名詞、動詞,【名】物体、目的、対象、客語<br>【動】反対する、抗議する,動詞は object to ... の形をとり、「〜に反対する、異議を唱える」を意味します（to は前置詞なので、後ろに動名詞 doing が続きます）。,"【名】The mysterious object in the fridge had lost all connection to whatever food it had bravely once been.<br>【動】I strongly object to Monday mornings existing at all, and I would like my formal complaint noted for the record.",【名】冷蔵庫の中の謎の物体は、それがかつて勇敢にも何の食べ物だったか、あらゆる繋がりを失っていた。<br>【動】俺は月曜の朝が存在すること自体に断固反対し、この正式な抗議を記録に残してほしい。
406,protest,/ˈproʊtest/ (名)<br>/prəˈtest/ (動),名詞、動詞,【名】抗議、異議申し立て<br>【動】抗議する、主張する,不正、決定、制度などに対して公に不満や反対の意思を示すこと。,"【名】The cat staged a silent protest by sitting directly on my keyboard until I acknowledged its clearly superior importance.<br>【動】We protested the new office rules loudly for a week, then quietly accepted them the moment free coffee was mentioned.",【名】猫はキーボードの真上に座り、その明らかに優れた重要性を俺が認めるまで、無言の抗議を繰り広げた。<br>【動】我々は一週間、新しい社内規則に大声で抗議し、無料コーヒーの話が出た瞬間、静かにそれを受け入れた。
407,controversial,/ˌkɑːntrəˈvɜːrʃl/,形容詞,物議を醸している、議論を引き起こす,世論を二分するような、対立する意見が多い話題に対して使われます。,My opinion on pineapple pizza is so controversial that I have learned to only whisper it in rooms with reliable exits.,パイナップルピザに関する俺の意見はあまりに物議を醸すので、俺は確実な出口のある部屋でしかそれを囁かないようになった。
408,bound,/baʊnd/,形容詞,きっと〜する、縛られた、〜行きの,be bound to do で「きっと〜する」、be bound for 地名 で「〜行きである」という意味になります。,"I felt bound by my promise to help him move, right up until I saw the sheer, terrifying number of boxes labeled ""books.""",俺は彼の引っ越しを手伝う約束に縛られていると感じていた。「本」と書かれた箱の、純粋で恐ろしい数を見るまでは。
409,bet,/bet/,動詞、名詞,【動】賭ける、確信する<br>【名】賭け、確信,I bet (that) ... で「きっと〜だと思う、確かに〜だ」という強い確信を表す日常会話表現になります。,"【動】I bet I could finish this whole cake myself, he declared, in what history would later record as a truly reckless statement.<br>【名】He lost the bet, so now he must wear the ridiculous hat to work, and I have never felt such pure, uncomplicated joy.",【動】このケーキ丸ごと一人で食べきれるさ、と彼は宣言した。歴史が後に真に無謀な発言と記録することになる言葉だった。<br>【名】彼は賭けに負けたので、今やあのばかげた帽子で出社せねばならず、俺はこれほど純粋で単純な喜びを感じたことがない。
410,demand,/dɪˈmænd/,動詞、名詞,【動】要求する、必要とする<br>【名】要求、需要,強い態度で「〜を要求する」こと。「需要（demand）」と「供給（supply）」のペアでも頻出します。,"【動】The toddler firmly demanded ice cream for breakfast with the calm, absolute authority of a small and terrifying king.<br>【名】The demand for the concert tickets was so high that I refreshed the page nine hundred times purely as an act of faith.",【動】幼児は、小さく恐ろしい王の、穏やかで絶対的な権威をもって、朝食にアイスクリームを断固要求した。<br>【名】コンサートのチケットの需要があまりに高かったので、俺は純粋な信仰の行為として、ページを九百回更新した。
411,desire,/dɪˈziːər/,名詞、動詞,【名】強い願望、欲望<br>【動】強く望む,want や wish よりも強く、またフォーマルで大人びた「強く望む」ニュアンスです。,"【名】My deepest desire is to reach the weekend, and my second deepest desire is for the weekend to somehow last much longer.<br>【動】I desire nothing more than a quiet evening, which the universe interprets as a cue to make my neighbor start drumming.",【名】俺の最も深い願望は週末に到達することで、二番目に深い願望は、週末がなぜかもっと長く続くことだ。<br>【動】俺は静かな夜以上のものを何も望まないが、宇宙はそれを、隣人にドラムを叩かせる合図と解釈する。
412,praise,/preɪz/,動詞、名詞,【動】褒める、賞賛する<br>【名】称賛、賛美,人の素晴らしい行いや業績などを「褒め称える」こと。対義語は criticize。,【動】My coworkers praised my presentation so enthusiastically that I immediately became suspicious of what they wanted from me.<br>【名】He accepted the praise for the group project with a grace that completely ignored the fact he had done absolutely nothing.,【動】同僚たちが俺のプレゼンをあまりに熱心に称賛したので、俺は即座に、彼らが俺に何を求めているのか疑い始めた。<br>【名】彼はグループ課題への称賛を、自分が何一つやっていない事実を完全に無視した優雅さで受け取った。
413,honor,/ˈɑːnər/,名詞、動詞,【名】名誉、敬意、光栄<br>【動】尊敬する、称える、約束を守る,It's an honor to do（〜できて光栄です）はよく使われる定番表現です。,"【名】It was a great honor to receive the award, though I suspect the committee simply ran out of more deserving candidates.<br>【動】I promised to honor my diet this week, a solemn vow I upheld faithfully until roughly four o'clock this very afternoon.",【名】その賞を受け取るのは大変名誉なことだったが、委員会が単によりふさわしい候補者を切らしただけだと俺は疑っている。<br>【動】俺は今週ダイエットを守ると誓った。まさに今日の午後四時頃まで忠実に守り抜いた、厳粛な誓いだ。
414,chat,/tʃæt/,動詞、名詞,【動】雑談する、おしゃべりする<br>【名】雑談、チャット,親しい人と、気楽に楽しくおしゃべりをすること。,【動】We chatted about the weather for ten minutes purely to avoid mentioning the enormous problem sitting right in front of us.<br>【名】A quick chat with my talkative neighbor lasted two hours and covered every relative he has had since roughly 1962.,【動】我々は、目の前に鎮座する巨大な問題に触れるのを避けるためだけに、十分間天気について雑談した。<br>【名】おしゃべりな隣人とのちょっとした雑談は二時間続き、彼が一九六二年頃から持つ全親戚を網羅した。
415,refer,/rɪˈfɜːr/,動詞,言及する、参照する、関連する,refer to ... の形で「〜に言及する」「〜を参照する」という意味になります。名詞形は reference。,"Please do not refer to my nap as ""being lazy""; it is, in fact, a scheduled and highly essential recovery period.",俺の昼寝を「怠けている」と呼ばないでほしい。それは実のところ、予定された極めて不可欠な回復期間なのだ。
416,mention,/ˈmenʃn/,動詞、名詞,【動】言及する、〜に触れる<br>【名】言及、言及すること,他動詞であるため、mention about とせず mention the fact のように直接目的語を取ります。,"【動】He did not even mention my birthday, so I plan to be spectacularly and theatrically surprised when he eventually remembers.<br>【名】One small mention of free food in the group chat summoned coworkers faster than any official emergency evacuation ever could.",【動】彼は俺の誕生日に触れすらしなかったので、いつか思い出したとき、俺は華々しく芝居がかって驚くつもりだ。<br>【名】グループチャットで無料の食べ物に一言触れただけで、どんな公式の緊急避難より速く同僚たちが召喚された。
417,convey,/kənˈveɪ/,動詞,伝える、運ぶ、運搬する,メッセージ、意思、感情などを他人に「伝える」のほか、荷物や人を「運ぶ（輸送する）」意味もあります。,"I tried to convey my frustration with a single meaningful sigh, and my coworker convinced himself I was merely tired.",俺は意味ありげなため息一つで不満を伝えようとしたが、同僚は俺が単に疲れているだけだと自分を納得させた。
418,demonstrate,/ˈdemənstreɪt/,動詞,実演する、証明する、デモを行う,実際にやって見せる（実演する・デモをする）こと、または論理的に「実証する、証明する」こと。,"He offered to demonstrate the machine, which promptly broke down, proving only that some technology can smell fear directly.",彼はその機械の実演を申し出たが、機械は即座に故障し、一部の技術は恐怖を直接嗅ぎ取れるということだけを証明した。
419,emphasize,/ˈemfəsaɪz/,動詞,強調する、重視する,特定の事実や考えの重要性を、はっきりと目立たせること。名詞形は emphasis。,"The teacher tried to emphasize the deadline three separate times, which is precisely why I forgot it with such total confidence.",教師は締め切りを三度も別々に強調しようとした。だからこそ俺はそれを、これほど完全な自信をもって忘れたのだ。
420,exaggerate,/ɪɡˈzædʒəreɪt/,動詞,誇張する、大げさに言う,事実を実際よりも大きく、または大げさに表現すること。,"I never exaggerate, he said, immediately before describing a mild rain shower as the single worst storm in all of recorded history.",俺は決して大げさに言わない、と彼は言い、その直後、軽い通り雨を、記録された全歴史で唯一最悪の嵐と描写した。
421,reply,/rɪˈplaɪ/,動詞、名詞,【動】返事をする、答える<br>【名】返事、回答,質問や手紙、電子メールなどに対して「返答する（reply to ...）」。,"【動】I promised to reply to the email right away, and only three peaceful business days later did I finally honor that promise.<br>【名】His reply was a single word, and I have since spent countless quiet hours analyzing it for hidden layers of deep meaning.",【動】俺はすぐメールに返信すると約束し、平穏な営業日三日後に、ようやくその約束を守った。<br>【名】彼の返信はたった一語で、俺は以来、その隠れた深い意味の層を分析して、数え切れぬ静かな時間を費やしてきた。
422,respond,/rɪˈspɑːnd/,動詞,反応する、応答する,respond to ... で「〜に応答する、〜に対して反応する」となります。名詞形は response。,"I did not respond to his message for a week, then apologized as though I had personally survived a lengthy and dramatic voyage.",俺は一週間彼のメッセージに応答せず、それから、長く劇的な航海を自ら生き延びたかのように謝罪した。
423,whisper,/ˈwɪspər/,動詞、名詞,【動】ささやく、小声で話す<br>【名】ささやき、ひそひそ話,他の人に聞こえないように小さな声で話すこと。,【動】She leaned in to whisper the office gossip so loudly that three departments and one visiting client heard every word clearly.<br>【名】A single whisper about surprise donuts in the break room spread through the building faster than any official announcement.,【動】彼女は社内のゴシップをあまりに大声で囁こうと身を寄せたので、三部署と来訪中の客一人が全語をはっきり聞いた。<br>【名】休憩室のサプライズドーナツについての囁き一つが、どんな公式発表より速く建物中に広まった。
424,remark,/rɪˈmɑːrk/,名詞、動詞,【名】意見、発言、注目<br>【動】述べる、気づく,何かを見て、感じたことや考えたことを短く「述べる」こと。形容詞形は remarkable（注目すべき、素晴らしい）。,"【名】His casual remark about my haircut haunted me for the rest of the day and possibly the rest of my entire fragile life.<br>【動】She remarked how quiet the office was, instantly summoning three phone calls, a fire drill, and a very loud printer jam.",【名】俺の髪型についての彼の何気ない一言は、その日の残りと、おそらく俺の脆い人生の残り全部、俺に取り憑いた。<br>【動】彼女がオフィスの静けさを口にした途端、電話三本と火災訓練、そして非常にうるさい紙詰まりが召喚された。
425,observe,/əbˈzɜːrv/,動詞,観察する、気づく、規則などを守る,じっくり「観察する」のほか、法律や規則、伝統行事などを「遵守する、祝う」という意味も非常に重要です。,"I like to sit quietly and observe people at cafés, mostly to reassure myself that everyone else is also gloriously confused.",俺はカフェで静かに座って人々を観察するのが好きだ。主に、他の皆も同じく華々しく困惑していると自分を安心させるためだ。
426,theory,/ˈθiːəri/,名詞,理論、学説、仮説,in theory で「理論上は（実際は違うかもしれないが）」という意味になります。,My personal theory is that socks vanish in the laundry because they secretly leave to start bold new lives without us.,俺の個人的な理論では、靴下が洗濯で消えるのは、こっそり我々を捨てて大胆な新生活を始めに行くからだ。
427,analysis,/əˈnæləsɪs/,名詞,分析、解明,複数形は analyses /əˈnæləsiːz/ となります。動詞形は analyze（分析する）。,"After hours of careful analysis of my budget, I concluded that the real problem was simply having far too many opinions about snacks.",何時間も家計を綿密に分析した末、俺は本当の問題が、単に軽食について意見を持ちすぎることだと結論づけた。
428,phenomenon,/fəˈnɑːmɪnən/,名詞,現象、驚異的な人・物,自然や社会で起こる「現象」を指します。複数形は phenomena /fəˈnɑːmɪnə/ という不規則変化。,"Scientists studied the strange phenomenon for years, while I could have simply told them it was my cat sitting on the router again.",科学者たちはその奇妙な現象を何年も研究したが、俺なら、また猫がルーターの上に座っているだけだと即答できたのに。
429,device,/dɪˈvaɪs/,名詞,装置、機器、工夫,特定の目的のために作られた「装置・ガジェット」。動詞形は devise（考案する）。,"I bought a device to help me relax, and now I spend all my relaxing time anxiously charging the device instead.",リラックスを助ける機器を買ったのに、今やそのリラックスの時間を全部、その機器を不安げに充電することに費やしている。
430,experiment,/ɪkˈsperɪmənt/,名詞、動詞,【名】実験、試み<br>【動】実験する,科学的な実験などを指します。conduct/do an experiment で「実験を行う」。,"【名】My cooking experiment produced something that even the brave family dog approached with visible caution and deep suspicion.<br>【動】I experimented with waking up early this week, and the results conclusively proved that mornings and I are simply not compatible.",【名】俺の料理の実験は、勇敢な飼い犬すら目に見える警戒と深い疑念をもって近づく何かを生み出した。<br>【動】今週早起きを実験してみたが、その結果は、朝と俺が単純に相性が悪いことを決定的に証明した。
431,chemical,/ˈkemɪkl/,形容詞、名詞,【形】化学の、化学的な<br>【名】化学物質,名詞として使われる複数形の chemicals は、人工的な化学薬品・物質を指すことが多いです。,【形】The mysterious chemical smell in the break room was later traced to someone's very ambitious and very forgotten lunch.<br>【名】He mixed two cleaning products together with the confident cheer of a man who has clearly never read a single warning label.,【形】休憩室の謎の化学的な臭いは、後に誰かの非常に野心的で、非常に忘れ去られた昼食に突き止められた。<br>【名】彼は洗剤を二種類混ぜた。明らかに一枚の警告ラベルも読んだことのない男の、自信に満ちた陽気さで。
432,fuel,/ˈfjuːəl/,名詞、動詞,【名】燃料、エネルギー源<br>【動】燃料を供給する、煽る,石炭、石油などの物理的「燃料」のほか、比喩的に怒りや議論を「煽る・燃え上がらせる」動詞としても使われます。,"【名】Pure spite is the main fuel powering my determination to prove wrong everyone who ever doubted my questionable parking skills.<br>【動】His rude comment only fueled my ambition, which is honestly the most useful thing he has contributed to this team all year.",【名】純粋な意地こそ、俺の怪しい駐車技術を疑った全員を見返す決意を動かす主燃料だ。<br>【動】彼の無礼な発言は俺の野心を煽っただけで、正直、それが今年彼がこのチームに貢献した最も有用なことだ。
433,nuclear,/ˈnuːkliər/,形容詞,原子力の、核の、核兵器の,nuclear power（原子力発電）や nuclear weapon（核兵器）などの形で使われます。,The office fridge situation had reached such nuclear levels of tension that we finally hired an official mediator for the leftovers.,オフィスの冷蔵庫の状況は核レベルの緊張に達し、我々はついに残り物のために正式な調停者を雇った。
434,statistics,/stəˈtɪstɪks/,名詞,統計、統計学,単数扱いされると「統計学」、複数扱いされると「統計データ（各種数値）」を意味します。,"According to my own private statistics, the probability of me finding matching socks is roughly equal to spotting a passing comet.",俺個人の統計によれば、揃った靴下を見つける確率は、通過する彗星を目撃するのとおおよそ同じくらいだ。
435,pursue,/pərˈsuː/,動詞,追求する、追い求める、追跡する,夢や目標、幸福などを「追求する」、または学問などのキャリアを「進める、続ける」こと。,"I decided to pursue my dreams this year, and my dreams responded by hiding somewhere behind an alarming and growing pile of laundry.",今年こそ夢を追うと決めたが、俺の夢は、憂慮すべき、増え続ける洗濯物の山の後ろのどこかに隠れることで応じた。
436,accomplish,/əˈkɑːmplɪʃ/,動詞,成し遂げる、達成する,努力の末に、目標や仕事、任務などを「しっかりとやり遂げる」こと。,"The most I managed to accomplish today was moving from the bed to the sofa, and honestly I consider that a solid personal victory.",今日俺が成し遂げられた最大のことはベッドからソファへの移動で、正直それは確固たる個人的勝利だと思っている。
437,overcome,/ˌoʊvərˈkʌm/,動詞,克服する、打ち勝つ、乗り越える,困難、障害、弱点などに打ち勝って解決することを指します（変化は overcome - overcame - overcome）。,I overcame my fear of public speaking by simply imagining everyone in the audience was as desperately confused as I actually was.,俺は、聴衆全員が実際の自分と同じくらい必死に困惑していると想像するだけで、人前で話す恐怖を克服した。
438,fulfill,/fʊlˈfɪl/,動詞,満たす、果たす、実現させる,期待、約束、夢、役割、条件などを「果たす・満たす」こと。,I set out to fulfill all my New Year resolutions and managed to successfully fulfill exactly none of them by the end of January.,俺は新年の抱負を全て達成しようと乗り出し、一月の終わりまでに、そのきっかり一つも達成しないことに成功した。
439,devote,/dɪˈvoʊt/,動詞,捧げる、ゆだねる,devote A to B で「A（時間・努力・お金など）をB（活動・目的など）に捧げる・注ぐ」という意味になります（Bの前の to は前置詞です）。,"He decided to devote his entire weekend to studying, then devoted every single hour of it to reorganizing his snack collection instead.",彼は週末まるまる勉強に捧げると決め、そのくせ一時間残らず、菓子コレクションの再整理に捧げた。
440,strive,/straɪv/,動詞,努力する、励む、抗争する,strive to do / for ... で「〜しようと（達成のために）懸命に努力する、励む」を意味するやや硬い言葉。,"I strive daily for greatness, or, on the more realistic days, I simply strive to remember where I so confidently left my keys.",俺は日々偉大さを目指して努力する。より現実的な日には、自信満々に鍵をどこに置いたか思い出そうと努力するだけだが。
441,aim,/eɪm/,名詞、動詞,【名】目的、目標、照準<br>【動】目指す、狙う、向ける,aim to do / at doing で「〜することを目指す」、be aimed at ... で「〜を対象・目的としている」。,"【名】My only aim for today was to be productive, an aim I honored by making a detailed color-coded plan and then a long nap.<br>【動】I aimed the paper ball perfectly at the trash can, missed spectacularly, and quietly decided that no one had actually seen it.",【名】今日の唯一の目標は生産的であることで、俺は色分けした詳細な計画を立て、それから長い昼寝をすることでその目標を尊んだ。<br>【動】俺は紙玉をゴミ箱に完璧に狙い、見事に外し、そして誰も実際には見ていなかったと静かに決めつけた。
442,challenge,/ˈtʃælɪndʒ/,名詞、動詞,【名】挑戦、課題、難問<br>【動】挑戦する、異議を唱える,日本語の「チャレンジ」よりも、「（対処が難しい）試練・課題」というニュアンスが強いです。,"【名】Waking up before noon on a weekend is a challenge I face with all the reluctant courage of a true and weary hero.<br>【動】He challenged me to a race, forgetting entirely that I run purely on spite, which is a genuinely limitless source of energy.",【名】週末に正午前に起きるのは、真の疲れ果てた英雄の、渋々の勇気の全てをもって挑む難題だ。<br>【動】彼は俺にかけっこを挑んだが、俺が純粋に意地で走ること、それが真に無限のエネルギー源だと完全に忘れていた。
443,trial,/ˈtraɪəl/,名詞,試み、試練、裁判、公判,trial and error で「試行錯誤」。また、法律分野での「裁判、公判」の意味も極めて重要です。,Living with a roommate who sings in the shower at dawn is a daily trial I never once agreed to enroll myself in.,夜明けにシャワーで歌うルームメイトとの生活は、俺が一度も参加を承諾した覚えのない、日々の試練だ。
444,dizzy,/ˈdɪzi/,形容詞,めまいがする、目が回る,頭がくらくらする状態。比喩的に急激な変化に「目が回るような」という意味でも使われます。,I stood up too fast and felt so dizzy that I briefly considered the floor to be a genuinely reasonable and comfortable place to sit.,俺は勢いよく立ち上がってあまりにめまいがしたので、一瞬、床が本当に妥当で快適な座り場所だと考えた。
445,appetite,/ˈæpɪtaɪt/,名詞,食欲、欲求,食べ物に対する「食欲」のほか、知識や冒険などに対する「旺盛な欲求（例：appetite for knowledge）」も表します。,My appetite conveniently disappears the moment I am asked to eat vegetables and mysteriously returns in full force for dessert.,俺の食欲は、野菜を食べろと言われた途端に都合よく消え、デザートには謎めいて全力で戻ってくる。
446,starve,/stɑːrv/,動詞,飢える、餓死する、渇望する,十分な食べ物がなくて「飢える・餓死する（または〜に飢えさせる）」こと。口語では「すごくお腹が減っている（I'm starving.）」の誇張表現でも使われます。,"I will absolutely starve, he announced dramatically, while standing directly in front of a refrigerator that was completely full.",俺は絶対に飢え死にする、と彼は劇的に宣言した。完全に満杯の冷蔵庫の真ん前に立ちながら。
447,mental,/ˈmentl/,形容詞,精神の、心の、知的な,身体（physical）や物質に対する「精神的・心理的」なことを指します。,Making a simple mental note is my favorite way to guarantee that I will forget the information completely within about nine seconds.,頭の中でちょっとメモするのは、その情報を約九秒以内に完全に忘れることを保証する、俺のお気に入りの方法だ。
448,rest,/rest/,名詞、動詞,【名】休み、休息、残り<br>【動】休む、休ませる、置く,「休み・休息」のほかに、the rest of ... で「〜の残り、その他すべて」という意味でも多用されます。,"【名】I told myself I needed just five minutes of rest, and I woke up three glorious hours later, deeply confused about the day.<br>【動】I planned to rest my eyes for a moment during the film, then rested them so successfully that I missed the entire ending.",【名】五分だけ休憩が必要だと自分に言い聞かせ、俺は三時間後という栄光の時に目覚め、その日について深く混乱していた。<br>【動】俺は映画の間、少し目を休めるつもりだったが、あまりに成功裏に休めたので、結末を丸ごと見逃した。
449,surgery,/ˈsɜːrdʒəri/,名詞,手術、外科,主に医師が行う「外科手術（オペ）」を指す不可算名詞です（可算名詞としては operation を用いることが多い）。,The recovery from minor surgery gave me a perfect and medically approved excuse to avoid all social plans for two blissful weeks.,軽い手術からの回復は、至福の二週間、あらゆる社交の予定を避けるための、完璧で医学的に認められた口実をくれた。
450,disease,/dɪˈziːz/,名詞,病気、疾患,生物学的な異常を伴う具体的な「病気・疾患」を指します（一時的な体調不良は illness や sickness）。,I read one article about a rare disease and immediately became convinced I had all seven symptoms plus two that I invented myself.,俺は珍しい病気についての記事を一本読んだだけで、七つの症状全部と、自分で発明した二つも持っていると即座に確信した。
451,stomachache,/ˈstʌmək-eɪk/,名詞,胃痛、腹痛,お腹全体や胃の痛みを表します。末尾の ache は「持続的な痛み」を意味します。,"I ate the entire questionable buffet, and the following stomachache served as a very thorough and very honest performance review.",俺は怪しいバイキングを丸ごと食べ、続いて起きた腹痛は、非常に徹底した、非常に正直な業績評価として機能した。
452,symptom,/ˈsɪmptəm/,名詞,症状、兆候,病気の身体的「症状」のほか、社会的な問題などの「兆候」も意味します。,"The only symptom of my Monday illness is a sudden, overwhelming desire to stay in bed and avoid every single one of my responsibilities.",俺の月曜病の唯一の症状は、突然の、抗いがたい、ベッドに留まって責任を一つ残らず避けたいという欲求だ。
453,cancer,/ˈkænsər/,名詞,がん、悪性腫瘍、社会の弊害,医学的な「がん」のほか、比喩的に組織や社会を蝕む「弊害・悪」を指すこともあります。※大文字 Cancer は「かに座」。,My grandmother beat cancer twice and still finds the energy to lecture me at length about my truly appalling and reckless posture.,俺の祖母は癌を二度打ち負かし、それでもなお、俺の本当にひどく無謀な姿勢について、延々と説教する気力を見出している。
454,ambulance,/ˈæmbjələns/,名詞,救急車,救急医療用の車両。call an ambulance で「救急車を呼ぶ」となります。,"The ambulance arrived with impressive speed, only for everyone to discover I had merely stubbed my toe with truly heroic drama.",救急車は見事な速さで到着したが、俺が真に英雄的な芝居がかった様子で、単に足の指をぶつけただけだと全員が知る羽目になった。
455,recover,/rɪˈkʌvər/,動詞,回復する、取り戻す,recover from ... で「（病気やショックなどから）回復する」。また、盗まれたものや失った価値を「取り戻す」意味も重要です。,"It took me a full week to recover from the cold, and a considerably longer time to recover from the mountain of missed emails.",風邪から回復するのに丸一週間かかり、見逃したメールの山から回復するには、それよりかなり長い時間がかかった。
456,sore,/sɔːr/,形容詞,痛い、炎症を起こした、腹が立って,筋肉痛や喉の痛みなど、炎症を伴う「ひりひりした痛み」を表します（例：sore throat：喉の痛み）。,"My legs were so sore after one enthusiastic workout that walking down the stairs became a slow, dramatic, and deeply humbling event.",一度張り切って運動した後、俺の脚はあまりに痛み、階段を下りるのは、ゆっくりした劇的で、深く謙虚にさせる一大行事となった。
457,swell,/swel/,動詞、名詞,【動】腫れる、膨らむ、増加する<br>【名】膨らみ、うねり,体の一部が怪我などで「腫れる・むくむ」、または数量や音量が「増大する」こと。過去形 swelled、過去分詞 swollen（または swelled）。,"【動】My ankle began to swell after I confidently tripped over a completely flat and entirely blameless section of the sidewalk.<br>【名】There was a great swell of excitement in the office until we learned the ""big news"" was simply a new brand of paper towels.",【動】完全に平らで、まったく罪のない歩道の一角で自信満々に転んだ後、俺の足首は腫れ始めた。<br>【名】オフィスには大きな興奮の高まりがあったが、その「ビッグニュース」が単に新ブランドの紙タオルだと知るまでだった。
458,cough,/kɔːf/,動詞、名詞,【動】咳をする<br>【名】咳,風邪やアレルギーなどで「咳をする（咳）」こと。発音の末尾は /f/ になります。,【動】I always seem to cough dramatically only during the single quietest and most important moment of any meeting or performance.<br>【名】One small cough in the silent library instantly turned twenty focused strangers into a jury quietly judging my entire existence.,【動】俺はいつも、会議や公演の最も静かで最も重要な唯一の瞬間にだけ、劇的に咳き込むようだ。<br>【名】静かな図書館での小さな咳一つが、集中していた見知らぬ二十人を、俺の存在全体を静かに裁く陪審員に一変させた。
459,bleed,/bliːd/,動詞,出血する、血を流す,怪我などで「血が出る」ことを表す自動詞。過去形・過去分詞形は bled /bled/。名詞形は blood（血液）。,"I got a tiny paper cut that refused to bleed dramatically, robbing me of the sympathy I felt I had thoroughly and rightfully earned.",俺はちっぽけな紙で指を切ったが、劇的に血が出ることを拒み、俺が徹底的に正当に得たと感じた同情を奪った。
460,faint,/feɪnt/,形容詞、動詞,【形】かすかな、弱々しい、気が遠くなりそうな<br>【動】気絶する,音、光、色、記憶などが「かすかな」の意味と、貧血などで「気絶する」という意味の両方があります。,"【形】I have only a faint memory of what I ate for lunch, yet I can perfectly recall an embarrassing thing I said fifteen years ago.<br>【動】He nearly fainted at the sight of the restaurant bill, and honestly the total was dramatic enough to justify the reaction.",【形】昼に何を食べたかは微かな記憶しかないのに、十五年前に言った恥ずかしいことは完璧に思い出せる。<br>【動】彼はレストランの請求書を見て気絶しかけたが、正直その合計額は、その反応を正当化するほど劇的だった。
461,exhaust,/ɪɡˈzɔːst/,動詞、名詞,【動】疲れ果てさせる、使い果たす<br>【名】排気、排気ガス,主に受動態 be exhausted（疲れ果てている）の形でよく使います。資源などを「使い果たす」意味もあります。,【動】One busy week at work managed to exhaust me so completely that I now consider a full night's sleep an exotic and rare luxury.<br>【名】The car's exhaust smelled so strange that I chose to interpret the alarming warning light as a purely decorative suggestion.,【動】仕事の忙しい一週間が俺を完全に疲れ果てさせたので、今や俺は一晩の睡眠を、風変わりで稀な贅沢とみなしている。<br>【名】車の排気があまりに変な匂いだったので、俺はあの警告灯を、純粋に装飾的な提案だと解釈することにした。
462,cure,/kjʊər/,動詞、名詞,【動】治す、治療する<br>【名】治療法、治療、薬,病気を根本から「完全に治療して治す」ことを指します（一時的な症状の緩和ではなく、完治させるニュアンス）。,"【動】They say laughter can cure almost anything, which explains why I now watch cat videos with the grim seriousness of a medical procedure.<br>【名】There is no known cure for the specific despair of finishing a great show and realizing there is absolutely nothing left to watch.",【動】笑いはほとんど何でも治せると言うが、それは俺が今や、医療行為の厳粛さで猫動画を見る理由を説明している。<br>【名】素晴らしい番組を見終え、もう見るものが何も残っていないと悟る、あの特有の絶望に、既知の治療法はない。
463,disabled,/dɪsˈeɪbld/,形容詞、名詞,【形】身体障害のある、動かせない<br>【名】（the disabledで）障害のある人々,身体や精神の一部が十分に機能しない状態を表す丁寧な言葉です。,"【形】The building proudly installed a disabled entrance ramp, then thoughtfully placed a decorative staircase directly at the top of it.<br>【名】He parked in the spot reserved for the disabled, and karma responded by giving him a flat tire in the most inconvenient location.",【形】その建物は誇らしげに障害者用スロープを設置し、それから気を利かせて、その頂上に真っ直ぐ装飾的な階段を配置した。<br>【名】彼は障害者用の場所に駐車し、因果応報は、最も不便な場所でパンクを与えることで応じた。
464,stiff,/stɪf/,形容詞,凝った、硬い、厳しい、きつい,筋肉が凝って「硬い（例：stiff shoulders：肩こり）」、または態度や紙などが「硬くて曲がらない」ことを指します。,I sat at the desk for so long without moving that my back went completely stiff and quietly filed a formal complaint against me.,俺があまりに長く動かず机に座っていたので、背中は完全に硬直し、俺に対して静かに正式な苦情を申し立てた。
465,muscle,/ˈmʌsl/,名詞,筋肉、腕力、影響力,身体の「筋肉」のほか、比喩的に政治や経済での「腕力・影響力・強制力」を意味することもあります。,The only muscle I have truly developed over the years is the one I use to lift the remote control from across the entire sofa.,俺が長年で本当に鍛えた唯一の筋肉は、ソファの端から端までリモコンを持ち上げるのに使うものだ。
466,tongue,/tʌŋ/,名詞,舌、言葉、言語、話しぶり,身体の「舌」のほか、mother tongue（母国語）のように「言語・言葉」を意味します。,"I bit my tongue instead of correcting my boss, and the physical pain was honestly far more bearable than the emotional pain would have been.",俺は上司を訂正する代わりに舌を噛んだが、その肉体的な痛みは、正直、感情的な痛みよりはるかに耐えやすかった。
467,sense,/sens/,名詞、動詞,【名】感覚、センス、分別、意味<br>【動】感じる、感知する,五感などの「感覚」、物事を正しく判断する「分別（例：common sense）」、または言葉の「意味」など非常に多くの意味があります。,"【名】My sense of direction is so unreliable that I once got completely lost inside a shopping mall I had visited many times before.<br>【動】I could sense the awkward tension the moment I walked in, and I bravely chose to pretend I had noticed absolutely nothing at all.",【名】俺の方向感覚はあまりに当てにならず、何度も訪れた店の中で一度、完全に迷子になった。<br>【動】俺は入った瞬間に気まずい緊張を感じ取り、勇敢にも、何一つ気づかなかったふりをすることにした。
468,sweat,/swet/,名詞、動詞,【名】汗、冷や汗<br>【動】汗をかく,身体から出る「汗」のほか、比喩的に「懸命に働く、苦労する」意味でも使われます。,"【名】A single drop of sweat rolled down my face during the interview, and in my mind it landed with the sound of an enormous crashing wave.<br>【動】I do not sweat the small stuff, mostly because I am usually far too busy loudly panicking about several much larger things.",【名】面接中、一粒の汗が顔を伝い落ち、俺の頭の中で、それは巨大な砕ける波の音とともに着地した。<br>【動】俺は些細なことでは汗をかかない。主に、たいていもっと大きな数々のことで、大声で慌てるのに忙しすぎるからだ。
469,gender,/ˈdʒendər/,名詞,（社会的・文化的な）性、性別,生物学的な性（sex）に対して、社会・文化的に形成される役割やアイデンティティとしての「性・性別」を指します。,"The form asked for my gender, my age, and my income, and I answered all three questions with roughly the same reluctant honesty.",その用紙は俺の性別と年齢と収入を尋ね、俺は三つの質問すべてに、おおよそ同じ渋々の正直さで答えた。
470,nationality,/ˌnæʃəˈnæləti/,名詞,国籍、国民、民族,法的な権利・義務を伴う「国籍（例：dual nationality：二重国籍）」を意味します。,"At the airport I was asked my nationality, and I very nearly answered ""exhausted,"" which felt far more accurate at that exact moment.",空港で国籍を尋ねられ、俺は危うく「疲労困憊」と答えかけた。その瞬間、そちらの方がはるかに正確に思えたのだ。
471,citizen,/ˈsɪtɪzn/,名詞,市民、国民、公民,特定の都市、あるいは国家の法的な権利を持つ「市民・国民」を指します。,"As a responsible citizen, I always vote, recycle diligently, and complain about the weather with the appropriate national level of dedication.",責任ある市民として、俺はいつも投票し、熱心にリサイクルし、そして国民として適切な水準の献身で天気について文句を言う。
472,civil,/ˈsɪvl/,形容詞,市民の、民間の、国内の、礼儀正しい,civil rights（市民権）や civil war（内戦）などの形で頻出する、国や社会に関する形容詞です。,The neighbors' dispute over the shared fence escalated into a civil conflict so intense it needed only a formal treaty to finally resolve it.,共有のフェンスを巡る隣人の争いは、正式な条約さえあれば解決しそうなほど激しい市民紛争へと発展した。
473,racial,/ˈreɪʃl/,形容詞,人種の、人種的な,人類集団の身体的・遺伝的特徴による「人種」に関する言葉（例：racial discrimination：人種差別）。,The company added one racial diversity poster to the lobby and then acted genuinely surprised that nothing else meaningful actually changed.,会社はロビーに人種の多様性のポスターを一枚追加し、それから、他に意味のある変化が何も起きないことに心底驚いたふりをした。
474,rural,/ˈrʊrəl/,形容詞,田舎の、農村の,都会（urban）の対義語。自然が多く、人口密度の低い「地方・農村の」地域を指します。,"I moved to a quiet rural area for peace, only to discover that a single rooster there is louder than my entire old city apartment.",俺は平穏を求めて静かな田舎に引っ越したが、そこの雄鶏一羽が、以前の街のアパート全体よりうるさいと知っただけだった。
475,domestic,/dəˈmestɪk/,形容詞,国内の、家庭内の、飼い慣らされた,"海外（foreign, international）に対する「国内の（例：domestic flight：国内線）」、または「家庭の」を意味します。","My only domestic skill is knowing exactly which restaurants deliver late, which I personally consider a highly practical form of housekeeping.",俺の唯一の家庭的技能は、どの店が遅くまで配達するか正確に把握していることで、俺は個人的にそれを、極めて実用的な家事の一形態とみなしている。
476,global,/ˈɡloʊbl/,形容詞,世界的な、地球規模の、包括的な,地球全体に関わる、または世界中に影響が及ぶ様子を指します（例：global warming：地球温暖化）。,"The company proudly launched a global campaign, apparently unaware that its own website still refused to load in half the actual world.",会社は誇らしげに世界規模のキャンペーンを立ち上げたが、自社のサイトが実際の世界の半分でまだ読み込みを拒んでいることには気づいていないようだった。
477,suburb,/ˈsʌbɜːrb/,名詞,郊外、住宅地,都会の中心部を囲む、比較的静かな「郊外住宅地」を指します。,We moved to the quiet suburb for a slower pace of life and now spend most of our evenings watching the neighbors argue about their lawns.,我々はゆったりした生活を求めて静かな郊外に引っ越し、今や夜の大半を、隣人たちが芝生について言い争うのを眺めて過ごしている。
478,border,/ˈbɔːrdər/,名詞、動詞,【名】境界、国境、縁<br>【動】隣接する、縁取る,国と国の「国境」や、物の周りの「縁・ふち」を指します。,"【名】My patience with slow walkers on a narrow sidewalk sits precisely at the border between polite tolerance and open, seething rebellion.<br>【動】Our garden borders the neighbor's, which is exactly why a single wandering tomato plant caused a diplomatic incident lasting all summer.",【名】狭い歩道での遅い歩行者への俺の忍耐は、礼儀正しい寛容と、あからさまで煮えたぎる反抗のちょうど境界にある。<br>【動】うちの庭は隣家と隣接していて、だからこそ、さまよう一本のトマトの苗が、夏中続く外交事件を引き起こした。
479,burden,/ˈbɜːrdn/,名詞、動詞,【名】重荷、負担、義務<br>【動】重荷を負わせる,精神的または経済的な、対処するのが大変な「重荷・負担」を意味します。,【名】Remembering everyone's coffee order became such a heavy burden that I finally created a spreadsheet purely to preserve my own sanity.<br>【動】Please do not burden me with the truth right now; I am currently very busy believing a much more comfortable and convenient version.,【名】全員のコーヒーの注文を覚えるのがあまりに重い負担になったので、俺はついに、正気を保つためだけに表計算を作った。<br>【動】今は真実で俺を煩わせないでくれ。俺はちょうど、はるかに快適で都合のいい別バージョンを信じるのに忙しいのだ。
480,impact,/ˈɪmpækt/,名詞、動詞,【名】影響、衝撃、効果<br>【動】強い影響を与える,物と物がぶつかる「物理的な衝撃」のほか、社会や人に対して「強い影響・効果」を与えることを指します。,"【名】The impact of skipping my morning coffee has a measurable and frankly frightening effect on the general safety of everyone around me.<br>【動】One rude comment can impact my entire day, while ten kind ones apparently evaporate from my memory within roughly nine short minutes.",【名】朝のコーヒーを抜くことの影響は、周囲の全員の全般的な安全に、測定可能で率直に言って恐ろしい効果を及ぼす。<br>【動】無礼な発言一つが俺の一日全体に影響しうるのに、優しい言葉十個は、どうやら約九分以内に俺の記憶から蒸発するらしい。
481,status,/ˈsteɪtəs/,名詞,地位、身分、状態、状況,社会的な「高い地位・身分」や、物事の進行「状況（ステータス）」を指します。,He achieved minor local celebrity status after his very dramatic argument with a parking machine went unexpectedly and gloriously viral online.,彼は、駐車機との非常に劇的な口論が予想外に華々しくネットでバズった後、ちょっとした地元の有名人の地位を獲得した。
482,equal,/ˈiːkwəl/,形容詞、名詞、動詞,【形】等しい、対等の、平等な<br>【名】対等の人・物<br>【動】等しい、匹敵する,be equal to ... で「〜と等しい」「（課題などに）対処する能力がある」となります。,"【形】All snacks in the shared office kitchen are created equal, but somehow the good ones always vanish with truly suspicious and remarkable speed.<br>【名】He treats his houseplants as his equals, holding long serious conversations with them while ignoring every actual human within reach.<br>【動】My enthusiasm for the gym could never equal my enthusiasm for confidently talking about one day, eventually, finally going to the gym.",【形】共有オフィスの台所の菓子はすべて平等に作られているが、なぜか良いものはいつも、真に怪しく驚くべき速さで消える。<br>【名】彼は観葉植物を対等な相手として扱い、長く真剣な会話を交わす一方、手の届く実在の人間は全員無視する。<br>【動】ジムへの俺の熱意は、いつかそのうちついにジムに行くと自信満々に語ることへの熱意には、決して匹敵できない。
483,relationship,/rɪˈleɪʃnʃɪp/,名詞,関係、人間関係、親族関係,人と人の間の結びつき、または物事の相関関係を指します。,"My relationship with my alarm clock is deeply complicated, built on a fragile foundation of daily betrayal and mutual, long-suffering resentment.",目覚まし時計との俺の関係は非常に複雑で、日々の裏切りと、互いの、長年耐え忍ぶ恨みという脆い土台の上に築かれている。
484,reputation,/ˌrepjuˈteɪʃn/,名詞,評判、名声、信用の高さ,世間からの「評判、評価、うわさ」を意味します（例：have a good reputation：評判が良い）。,"He built a solid reputation for reliability, then lost it all in a single afternoon by eating a lunch clearly labeled with someone else's name.",彼は信頼性で確固たる評判を築き、それから、明らかに他人の名前が書かれた昼食を食べて、たった一日の午後で全てを失った。
485,trend,/trend/,名詞,傾向、流行、トレンド,社会やビジネスの「変化の方向性（傾向）」、またはファッションなどの「流行」を表します。,"I refuse to follow every new trend, mostly because by the time I finally understand one, it has already become deeply and hopelessly outdated.",俺はあらゆる新しい流行を追うのを拒む。主に、一つをようやく理解する頃には、それがすでに深く絶望的に時代遅れになっているからだ。
486,service,/ˈsɜːrvɪs/,名詞,サービス、奉仕、公共事業、点検、礼拝,日本語の「無料サービス」という意味とは異なり、無形の提供価値や公共料金（public services）などを広く意味します。,"The customer service was so slow that I had time to develop a hobby, abandon it entirely, and then take up a completely different one instead.",そのカスタマーサービスはあまりに遅く、俺は趣味を一つ始め、それを完全に捨て、それから代わりにまったく別のものを始める時間があった。
487,religion,/rɪˈlɪdʒən/,名詞,宗教、信仰,神仏などの超越的な存在に対する特定の信仰体系を指します。,"Punctuality is basically a religion in my house, which is precisely why being late feels less like a mistake and more like a serious moral crime.",時間厳守はうちでは基本的に宗教で、だからこそ遅刻は、ミスというより、重大な道徳的犯罪のように感じられる。
488,moral,/ˈmɔːrəl/,形容詞、名詞,【形】道徳的な、道徳の、倫理的な<br>【名】道徳、教訓,善悪の基準としての「道徳」に関する言葉。名詞の複数形 morals は「道徳的行動、品行」を指します。,"【形】I face a serious moral dilemma every morning: eat a proper breakfast, or press the snooze button just one more truly glorious time.<br>【名】The moral of my cooking story is simple and consistent: always, without exception, keep the emergency takeout menu within very easy reach.",【形】俺は毎朝深刻な道徳的ジレンマに直面する。ちゃんとした朝食を食べるか、あるいはもう一度だけ、真に栄光のスヌーズボタンを押すか。<br>【名】俺の料理の物語の教訓は単純で一貫している。常に、例外なく、緊急の出前メニューをごく手の届く所に置いておけ。
489,standard,/ˈstændərd/,名詞、形容詞,【名】基準、水準、規格、道徳規範<br>【形】標準的な、通常の,判断や測定の拠り所となる「基準、標準（水準）」。,"【名】My personal standard for a productive day has quietly and gradually lowered to simply remembering to drink some water and change out of pajamas.<br>【形】The hotel claimed to offer standard rooms, though the size of mine suggested it was originally designed to store a single ambitious broom.",【名】生産的な一日の俺個人の基準は、静かに徐々に下がり、単に水を飲んでパジャマから着替えるのを覚えていることになった。<br>【形】ホテルは標準的な部屋を提供すると謳っていたが、俺の部屋の広さは、元々一本の野心的なほうきを収納するために設計されたことを示唆していた。
490,prosperity,/prɑːˈsperəti/,名詞,繁栄、成功、幸運,経済的・物質的に豊かで、社会やビジネスが栄えている状態を指します。動詞形は prosper（繁栄する）。,"Everyone dreams of prosperity, yet I somehow feel genuinely wealthy simply by finding an unexpected snack hiding at the very back of the cupboard.",誰もが繁栄を夢見るが、俺はなぜか、戸棚の一番奥に隠れた予想外の菓子を見つけるだけで、心底裕福だと感じる。
491,crisis,/ˈkraɪsɪs/,名詞,危機、重大局面,深刻な危険が迫っている状況や、分岐点となる「危機」。複数形は crises /ˈkraɪsiːz/。,"The office reached a genuine crisis the morning we discovered the coffee machine was broken, and honestly no formal disaster plan had ever prepared us for it.",コーヒーマシンが壊れていると気づいた朝、オフィスは本物の危機に陥り、正直、どんな正式な災害計画も、我々にその備えをさせてはいなかった。
492,prejudice,/ˈpredʒudɪs/,名詞、動詞,【名】偏見、先入観<br>【動】偏見を持たせる,事実に基づかないで、特定の人物や集団に対して持つ「偏った見方、偏見」。,"【名】My only prejudice is against people who reply to a long, thoughtful message with a single, cold, and utterly emotionless letter ""k.""<br>【動】I try not to prejudice my opinion of a restaurant based on its menu, yet a single spelling error somehow makes me deeply and unreasonably suspicious.",【名】俺の唯一の偏見は、長く思慮深いメッセージに、たった一文字の冷たく無感情な「k」で返信する連中に対するものだ。<br>【動】メニューでレストランへの意見を偏らせないよう努めているが、一つの綴り間違いが、なぜか俺を深く不合理に疑い深くさせる。
493,discrimination,/dɪˌskrɪmɪˈneɪʃn/,名詞,差別、区別、識別力,性別、人種、宗教などに基づき特定の人を不当に低く扱う「差別」のほか、違いを正しく見極める「識別力」も意味します。,"The company posted a bold statement against all discrimination, then continued to seat everyone strictly according to who had arrived earliest that morning.",会社はあらゆる差別に反対する大胆な声明を掲示し、それから、その朝誰が一番早く着いたかに厳密に従って、全員を座らせ続けた。
494,charity,/ˈtʃærəti/,名詞,慈善活動、チャリティー、慈善団体、慈悲心,困っている人々を助けるための組織（慈善団体）や、寄付などの活動自体を指します。,"I donated to charity out of the pure goodness of my heart, and also because the very polite volunteer was blocking my only realistic escape route.",俺は心の純粋な善意から慈善に寄付した。それと、その非常に礼儀正しいボランティアが、俺の唯一現実的な逃走経路を塞いでいたからでもある。
495,benefit,/ˈbenɪfɪt/,名詞、動詞,【名】利益、恩恵、手当<br>【動】利益を得る、〜の利益になる,社会保障や会社から提供される各種「手当・給付（例：unemployment benefit：失業手当）」という意味もあります。,"【名】The main benefit of living alone is that I can blame absolutely every single mess in the entire apartment on a mysterious and untraceable ghost.<br>【動】Everyone would benefit if meetings simply ended on time, though history strongly suggests this remains a beautiful and purely theoretical dream.",【名】一人暮らしの主な利点は、アパート中のあらゆる散らかりを、謎めいた追跡不能な幽霊のせいに全部できることだ。<br>【動】会議が単に時間通りに終われば全員が得をするが、歴史は、これが美しく純粋に理論上の夢のままだと強く示唆している。
496,welfare,/ˈwelfer/,名詞,福祉、幸福、社会保障、生活保護,社会や個人が幸福で健やかに暮らせる状態（幸福）、または「社会福祉制度」「生活保護」などを意味します。,The company's grand talk about employee welfare somehow always evaporated the exact moment anyone actually mentioned things like salaries or reasonable hours.,従業員の福祉についての会社の壮大な話は、なぜか誰かが実際に給料や妥当な労働時間に触れた瞬間、いつも蒸発した。
497,community,/kəˈmjuːnəti/,名詞,地域社会、共同体、コミュニティ,同じ地域に住む人々（地域社会）や、共通の関心や特徴を持つ人々の集まりを指します。,"The online gaming community welcomed me warmly, then spent the next three hours explaining, in exhaustive detail, exactly how spectacularly terrible I was.",オンラインゲームのコミュニティは俺を温かく迎え入れ、それから三時間かけて、俺がいかに見事にひどいかを事細かに説明した。
498,individual,/ˌɪndɪˈvɪdʒuəl/,名詞、形容詞,【名】個人、個体<br>【形】個人の、個々の,"集団（group, society）に対する、独立した「個人」を強調する言葉です。","【名】I value my individuality deeply, which is exactly why I bought the very same trendy jacket that seven other individuals on my train were also wearing.<br>【形】Each individual snowflake is unique, or so they insist, though from where I am shivering they all look identical and equally, personally offensive.",【名】俺は自分の個性を深く重んじる。だからこそ、電車の他の七人の個人も着ていた、まったく同じ流行のジャケットを買ったのだ。<br>【形】一つ一つの雪の結晶は唯一無二だと彼らは言い張るが、俺が震えている場所からは、どれも同一で、等しく個人的に不快に見える。
499,official,/əˈfɪʃl/,形容詞、名詞,【形】公式の、公の、公務の<br>【名】公務員、役員、役人,政府や組織が認めた「公式の（正式な）」情報。名詞としては政府の「役人、官僚」やスポーツの「審判」などを指します。,"【形】The company made the official announcement that morale was excellent, apparently right before checking whether anyone still had any morale left at all.<br>【名】A stern official examined my passport photo, then me, then the photo again, silently questioning every single life choice that had led me to that face.",【形】会社は士気は極めて高いという公式発表をした。どうやら、誰かに士気が少しでも残っているか確認する直前に。<br>【名】厳格な役人が俺のパスポートの写真を見て、次に俺を見て、また写真を見て、あの顔に至った俺の人生の全選択を無言で問いただした。
500,immigrant,/ˈiːmɪɡrənt/,名詞,（他国からの）移民、移住者,自国から外国へ出ていく移民（emigrant）に対して、外国から自国へと入ってくる「（入国側の）移民」を指します。,"As an immigrant to the world of early mornings, I still have not learned the local customs, the language, or frankly why anyone lives here voluntarily.",早起きの世界への移民として、俺は未だに現地の習慣も言語も、そして率直に言って、なぜ誰かが自ら望んでここに住むのかも学んでいない。
501,volunteer,/ˌvɒlənˈtɪər/,名詞、動詞,【名】ボランティア、志願者<br>【動】進んで申し出る、志願する,主に volunteer to do（進んで〜する）や、ボランティア活動を行う際によく用いられます。,"【名】I signed up as a volunteer for the event, quietly hoping the role would mostly involve sitting down and eating the free food.<br>【動】No one wanted to volunteer to give the bad news, so we all stared intently at the floor until the newest employee cracked.",【名】俺はそのイベントのボランティアに志願した。その役目が主に座って無料の食べ物を食べることであるよう静かに願いながら。<br>【動】誰も悪い知らせを伝える役を買って出たくなかったので、我々は全員、新入社員が根負けするまで床をじっと見つめた。
502,interact,/ˌɪntərˈækt/,動詞,相互に作用する、交流する、互いに影響し合う,interact with 人（人と交流する）の形で頻出する重要表現です。,"My main social strategy is to interact with people just enough to seem friendly, but never enough to be invited anywhere on a weekend.",俺の主な社交戦略は、人と、感じよく見える程度には交流するが、週末にどこかへ誘われるほどは決してしないことだ。
503,contribute,/kənˈtrɪbjuːt/,動詞,貢献する、寄付する、一因となる,contribute to A（Aに貢献する・寄付する）の形でよく用いられます。名詞形は contribution です。,I offered to contribute to the group project by generously supervising everyone else while they did all of the actual and difficult work.,俺はグループ課題に貢献しようと申し出た。他の全員が実際の難しい作業をこなす間、気前よく監督することによって。
504,abolish,/əˈbɒlɪʃ/,動詞,（法律・制度などを）廃止する,奴隷制や法制度など、長く続いていた仕組みを「完全に無くす」際に使われます。,"I fully support any bold proposal to abolish Monday mornings, and I am prepared to sign this important petition with genuine and lasting enthusiasm.",俺は月曜の朝を廃止するというどんな大胆な提案も全面的に支持し、本物の永続的な熱意をもって、この重要な請願書に署名する用意がある。
505,impose,/ɪmˈpoʊz/,動詞,課す、押しつける、強いる,impose A on B（AをBに課す、押しつける）の形でよく使われます。,"My mother tried to impose a strict bedtime on me, forgetting entirely that I am now a grown adult who freely chooses my own regrettable mistakes.",母は俺に厳格な就寝時間を課そうとしたが、俺が今や、自分の後悔すべき失敗を自由に選ぶ成人だということを完全に忘れていた。
506,access,/ˈækses/,名詞、動詞,【名】接近、利用権、アクセス方法<br>【動】〜にアクセスする、接続する,名詞は不可算名詞（数えられない名詞）で、have access to 〜（〜を利用できる）の形でよく使われます。,"【名】I finally gained access to the exclusive lounge, only to discover it was simply a slightly quieter room with even weaker and sadder coffee.<br>【動】I could not access my own account because I had, with great creativity, invented a brand-new password I would immediately forget forever.",【名】ついに専用ラウンジへの入場権を得たが、それが単に、より弱く悲しいコーヒーのある、少し静かなだけの部屋だと知った。<br>【動】俺は自分の口座にアクセスできなかった。大いなる創造性で、即座に永遠に忘れる真新しいパスワードを発明したからだ。
507,duty,/ˈdjuːti/,名詞,義務、職務、関税,法律や道徳上の「義務」を指します。免税店を「duty-free shop」と呼ぶのは「関税（duty）」が免除されるためです。,"It is my solemn duty as the eldest to remind everyone of embarrassing childhood stories at every single family gathering, whether they want it or not.",望むと望まざるとにかかわらず、あらゆる家族の集まりで、恥ずかしい子供時代の話を全員に思い出させることが、長子としての俺の厳粛な義務だ。
508,responsible,/rɪˈspɒnsəbl/,形容詞,責任がある、信頼できる,be responsible for 〜（〜に責任がある）の形で頻出です。名詞形は responsibility。,"As the responsible adult in the room, I was the one who confidently pressed the wrong button and plunged the entire office into sudden, total darkness.",部屋で責任ある大人として、俺は自信満々に間違ったボタンを押し、オフィス全体を突然の完全な暗闇に突き落とした張本人だった。
509,policy,/ˈpɒləsi/,名詞,政策、方針、契約、保険証券,政府や企業、組織が掲げる「基本方針」を指します。,"The company introduced a strict new attendance policy, then acted deeply and genuinely surprised when morale mysteriously dropped through the very floor.",会社は厳格な新しい出勤規則を導入し、それから、士気が謎めいて床を突き抜けて落ちたとき、深く心底驚いたふりをした。
510,elect,/ɪˈlekt/,動詞,選挙する、選出する,投票などによって公職に「選ぶ」ことを意味します。名詞形は election（選挙）です。,"We voted to elect a leader for the group trip, and naturally chose the one person with a car and a suspiciously endless amount of patience.",我々はグループ旅行のリーダーを選出する投票をし、当然、車と、怪しいほど無尽蔵の忍耐を持つ唯一の人物を選んだ。
511,industry,/ˈɪndəstri/,名詞,産業、工業、勤勉,「産業」のほかに、フォーマルな表現で「勤勉」という意味もあります。形容詞形は industrious（勤勉な）です。,"He works in the fast-paced tech industry, which mostly means he attends meetings about future meetings while quietly aging at an alarming and visible rate.",彼は変化の速いテック業界で働いている。それは主に、静かに憂慮すべき目に見える速度で老けながら、未来の会議についての会議に出席することを意味する。
512,income,/ˈɪnkʌm/,名詞,収入、所得、取り入れ,個人や国が仕事や投資から得る定期的な金銭を指します。,My disposable income increases dramatically the very moment I decide I do not actually need any of the exciting things I was so eager to buy.,俺の自由に使える収入は、あれほど欲しかったワクワクする品々を実は何も必要としていないと決めた瞬間、劇的に増加する。
513,profit,/ˈprɒfɪt/,名詞、動詞,【名】利益、収益、得<br>【動】利益を得る、〜の利益になる,主にビジネスにおいて、売上から経費を差し引いた「純利益」を指します。,"【名】The lemonade stand made a total profit of two dollars, which my ambitious nephew has already earmarked for a truly staggering business empire.<br>【動】He somehow managed to profit from the confusion, mostly by nodding wisely and saying almost nothing while everyone else loudly panicked.",【名】レモネードの屋台は合計二ドルの利益を出し、俺の野心的な甥は、それをすでに真に驚異的な企業帝国に充てている。<br>【動】彼はなぜか混乱から利益を得た。主に、他の全員が大声で慌てる間、賢げにうなずいてほとんど何も言わないことによって。
514,tax,/tæks/,名詞、動詞,【名】税金、税<br>【動】〜に課税する,income tax（所得税）や sales tax（売上税）などの表現があります。,"【名】Every year the government finds a brand-new tax I have never heard of, applied to something I did not even realize I was legally allowed to own.<br>【動】They plan to tax sugary drinks heavily, which is precisely why I am now stockpiling soda with the grim urgency of a genuine survivalist.",【名】毎年政府は、俺が聞いたこともない真新しい税を見つける。合法的に所有できると気づいてすらいなかった何かに課される税を。<br>【動】彼らは甘い飲料に重く課税する計画だ。だからこそ俺は今、本物のサバイバリストの厳しい切迫感で炭酸飲料を備蓄している。
515,expense,/ɪkˈspens/,名詞,費用、経費、犠牲,at the expense of 〜（〜を犠牲にして）という重要な慣用表現があります。,"The trip was worth every single expense, I keep insisting to myself, mostly to avoid ever actually looking directly at the terrifying credit card statement.",その旅行はどの出費にも見合う価値があったと、俺は自分に言い聞かせ続けている。主に、恐ろしいクレジットカードの明細を実際に直視するのを避けるために。
516,debt,/det/,名詞,借金、負債、恩義,"発音の際、""b""の音は発音されない（サイレントレター）ため、「デット」のように発音します。",I finally cleared my credit card debt and celebrated this rare and monumental achievement by immediately buying something I absolutely and completely did not need.,俺はついにカードの借金を完済し、この稀で記念碑的な偉業を、即座に、絶対に完全に必要としていない何かを買うことで祝った。
517,deposit,/dɪˈpɒzɪt/,名詞、動詞,【名】預金、頭金、保証金、堆積物<br>【動】（お金を）預ける,ホテルや賃貸契約の際に支払う「保証金、デポジット、敷金」の意味でもよく使われます。,"【名】I put a deposit down on a nicer apartment, and that single deposit now represents roughly ninety percent of my entire life's savings.<br>【動】The bird chose to deposit its opinion of my freshly washed car directly onto the windshield with truly remarkable aim and terrible timing.",【名】俺はもっと良いアパートに手付金を入れたが、そのたった一つの手付金は、今や俺の全人生の貯蓄のおよそ九割を占めている。<br>【動】鳥は、真に見事な狙いとひどいタイミングで、洗いたての俺の車への意見をフロントガラスに直接落とすことを選んだ。
518,charge,/tʃɑːrdʒ/,名詞、動詞,【名】料金、責任、充電<br>【動】請求する、充電する、非難する,free of charge（無料で）や、in charge of 〜（〜の担当で）の形でよく使われます。,【名】The extra charge for the tiny side of sauce felt less like a fee and more like a deeply personal and calculated insult to my dignity.<br>【動】My phone always chooses to charge painfully slowly on the exact morning I am already running dramatically and hopelessly late for everything.,【名】そのちっぽけなソースへの追加料金は、料金というより、俺の尊厳への深く個人的で計算された侮辱のように感じられた。<br>【動】俺のスマホはいつも、俺がすでにあらゆることに劇的に絶望的に遅れている朝に限って、苦痛なほどゆっくり充電することを選ぶ。
519,wage,/weɪdʒ/,名詞,賃金、給料,主に労働時間や労働日数に応じて支払われる、ブルーカラーやアルバイトの「賃金（時給・日給など）」を指します。,My weekly wage disappears with such impressive speed that I have started to suspect my bank account has a secret and very expensive hobby of its own.,俺の週給はあまりに見事な速さで消えるので、俺は自分の銀行口座に、秘密の非常に金のかかる独自の趣味があるのではと疑い始めた。
520,recession,/rɪˈseʃn/,名詞,不景気、不況、後退,経済活動が一時的に衰退・縮小する状況を指します。,"Everyone keeps warning about the coming recession, but my wallet has personally and quietly been in a deep recession since roughly the year I was born.",誰もが来たるべき不況を警告し続けるが、俺の財布は個人的に静かに、おおよそ俺が生まれた年からずっと深刻な不況に陥っている。
521,consume,/kənˈsjuːm/,動詞,消費する、使い果たす,資源やエネルギー、食べ物などを「消費する」ことです。名詞形は consumption です。,"I appear to consume snacks purely out of boredom, which conveniently explains why an entire large bag can somehow vanish during a single short episode.",俺は純粋に退屈から菓子を消費しているようだ。それは、大きな一袋がなぜか短い一話の間に丸ごと消えうる理由を都合よく説明している。
522,waste,/weɪst/,名詞、動詞,【名】無駄、廃棄物<br>【動】浪費する、無駄にする,waste time/money on 〜（〜に時間／お金を浪費する）の形で使われます。,"【名】Buying that fancy gym membership turned out to be a magnificent waste of money, functioning mostly as an expensive monthly reminder of my broken promises.<br>【動】I promised not to waste my whole day off, then proceeded to waste it so thoroughly and completely that even my sofa looked mildly concerned.",【名】あの洒落たジムの会員権を買ったのは見事な金の無駄で、主に、破られた約束を告げる高価な月次の通知として機能している。<br>【動】俺は貴重な休日を無駄にしないと約束し、それからあまりに徹底的に完全に無駄にしたので、俺のソファすら少し心配そうに見えた。
523,invest,/ɪnˈvest/,動詞,投資する、注ぎ込む,invest money/time in 〜（〜に資金／時間を投資する）の形でよく使われます。名詞形は investment。,"Everyone told me to invest in my future, so I bravely invested in a very comfortable pillow and a truly excellent, generously sized blanket instead.",誰もが未来に投資しろと言ったので、俺は勇敢にも代わりに、非常に快適な枕と、真に素晴らしい、たっぷりした大きさの毛布に投資した。
524,import,/ɪmˈpɔːrt/ (動)<br>/ˈɪmpɔːrt/ (名),動詞、名詞,【動】輸入する<br>【名】輸入、輸入品,export（輸出、輸出する）の対義語です。動詞は後ろ、名詞は前にアクセントが来ます。,"【動】We had to import a special part for the machine, which arrived six weeks late and, upon inspection, turned out to be the entirely wrong part.<br>【名】The store proudly advertised its exotic imports, most of which appeared to be ordinary local products in slightly fancier and more expensive boxes.",【動】我々は機械の特別な部品を輸入せねばならず、それは六週間遅れて到着し、点検の結果、まったくの別部品だと判明した。<br>【名】店は誇らしげに珍しい輸入品を宣伝したが、その大半は、少し洒落た高価な箱に入った普通の地元産品のようだった。
525,financial,/faɪˈnænʃl/,形容詞,財政上の、金融上の、財務の,金融業界や国の財政、個人の資金繰りなど「お金に関する事柄」に幅広く使われます。,My financial planning consists entirely of hoping the money lasts until the end of the month and then acting shocked and betrayed when it inevitably does not.,俺の財務計画は、金が月末までもつことを願い、そして必然的にもたないとき、衝撃を受け裏切られたふりをすることだけで成り立っている。
526,hire,/ˈhaɪər/,動詞、名詞,【動】雇う、賃借りする<br>【名】雇用、賃借り,主に一時的な雇用（アルバイトなど）や、英英語では自転車・車などを一時的に「借りる」際に使います。,"【動】They finally decided to hire more staff, roughly three years after the workload had already crushed everyone's remaining hope and general will to live.<br>【名】The new hire was so eager on the first day that the rest of us quietly agreed to slow him down before he accidentally made us all look bad.",【動】彼らはついにスタッフを増員すると決めた。仕事量が全員の残りの希望と生きる意欲を粉砕したおよそ三年後に。<br>【名】新入りは初日にあまりに張り切っていたので、残りの我々は、彼がうっかり我々全員を見劣りさせる前に、静かに彼を減速させることで合意した。
527,employ,/ɪmˈplɔɪ/,動詞,雇う、用いる、使用する,組織などで継続的・長期的に「人を雇用する」際に用いられます。,"The company chose to employ a fancy new productivity system, which mostly succeeded in employing everyone's time in learning the complicated and useless new system.",会社は洒落た新しい生産性システムを採用することにしたが、それは主に、複雑で無用な新システムを学ぶことに全員の時間を費やさせるのに成功した。
528,resign,/rɪˈzaɪn/,動詞,辞職する、辞める、退職する,自発的に職や地位を退くときに使われます。会社からの解雇（fire/dismiss）とは異なります。,"He dramatically threatened to resign at least once a month, and by now the entire office treats it as a comforting and reliable seasonal tradition.",彼は少なくとも月に一度、劇的に辞めると脅し、今やオフィス全体が、それを心安らぐ信頼できる季節の伝統として扱っている。
529,qualify,/ˈkwɒlɪfaɪ/,動詞,資格を与える、適任とする、予選を通過する,qualify for A（Aの資格を得る）、qualify as B（Bとしての資格を得る）のように用います。,"I am confident I would qualify for the world championship of procrastination, if only I could ever find the motivation to actually fill out the application form.",先延ばしの世界選手権に俺は出場資格があると確信している。実際に申込書を記入するやる気さえ見つけられればの話だが。
530,assign,/əˈsaɪn/,動詞,割り当てる、配属する,assign A to B（AをBに割り当てる・配属する）の形でよく使われます。名詞形は assignment（宿題、任務）。,"The teacher chose to assign homework over the holiday break, thereby single-handedly ruining an entire nation of children's carefully planned week of doing absolutely nothing.",教師は休暇中に宿題を課すことを選び、それによって、何もしないと入念に計画した一国分の子供たちの一週間を、独力で台無しにした。
531,occupation,/ˌɒkjuˈpeɪʃn/,名詞,職業、占領、居住,やや硬い表現で、書類の「職業欄」などでよく見かける言葉です。,"When strangers ask about my occupation, I usually just say ""it's complicated,"" mostly because explaining what I actually do would take considerably longer than either of us has.",見知らぬ人に職業を尋ねられると、俺はたいてい「複雑なんだ」と言うだけだ。主に、実際の仕事を説明するには、我々どちらの持ち時間よりかなり長くかかるからだ。
532,career,/kəˈrɪər/,名詞,経歴、キャリア、生涯の職業,生涯を通じて関わる専門的な仕事や、その足跡・経歴を指します。,"I spent years carefully building my career, and my cat can still undo my entire sense of professional accomplishment simply by ignoring me completely at dinnertime.",俺は何年もかけて丁寧にキャリアを築いたが、うちの猫は今も、夕食時に俺を完全に無視するだけで、俺の職業的達成感全体を帳消しにできる。
533,profession,/prəˈfeʃn/,名詞,職業、専門職,医師、弁護士、教師など、高度な専門知識や特別な資格を必要とする職業を指します。,"Being a professional adult is a demanding profession that no one ever properly trained me for, and I strongly suspect I somehow missed the mandatory orientation entirely.",一人前の大人であることは、誰もきちんと訓練してくれなかった要求の厳しい職業で、俺はなぜか義務のオリエンテーションを丸ごと見逃したのではと強く疑っている。
534,unemployment,/ˌʌnɪmˈplɔɪmənt/,名詞,失業、失業者数,unemployment rate（失業率）の形で非常によく用いられます。,"The news reported rising unemployment, while I sat comfortably at home, technically employed, yet somehow contributing absolutely nothing measurable to the economy or, frankly, to society.",ニュースは失業率の上昇を報じ、その間俺は家で快適に座り、名目上は雇用されていたが、経済にも、率直に言って社会にも、測定可能なものを何一つ貢献していなかった。
535,document,/ˈdɒkjumənt/,名詞、動詞,【名】文書、書類、資料<br>【動】（証拠などで）記録する、立証する,ビジネスなどで扱われる公式・公的な「書類、データ」全般を指します。,"【名】I signed the important legal document without reading a single word of it, which is a bold and time-honored strategy I fully intend to eventually regret.<br>【動】I forgot to document my brilliant idea, and it has now vanished forever into the same mysterious void where all my lost socks apparently gather.",【名】俺は一語も読まずに重要な法的文書に署名した。それは、いつか後悔するつもりの、大胆で由緒ある戦略だ。<br>【動】俺は名案を記録し忘れ、それは今や、失くした靴下が全部集まるらしい、あの謎の虚空へと永遠に消えた。
536,department,/dɪˈpɑːrtmənt/,名詞,部門、課、学科、省,会社組織の「課・部」や、大学の「〜学科」、政府の「〜省」などを表します。,"I called the help line and was transferred between six different departments, each one cheerfully assuring me that my particular problem was very clearly some other department's job.",俺はヘルプラインに電話し、六つもの別々の部署をたらい回しにされ、各部署が陽気に、俺の特定の問題は明らかに他の部署の仕事だと請け合った。
537,branch,/bræntʃ/,名詞,枝、支店、支局、部門,木の「枝」から転じて、銀行や企業などの「支店」や組織の「部門」を指します。,"The tree branch outside my window taps against the glass every windy night, holding what I can only assume is a long and deeply personal grudge against my sleep.",窓の外の木の枝は、風の強い夜ごとにガラスを叩く。俺の睡眠に対する、長く深く個人的な恨みとしか思えないものを抱いて。
538,retail,/ˈriːteɪl/,名詞、形容詞、動詞,【名】小売<br>【形】小売の<br>【動】小売する,一般の消費者に直接商品を売る「小売」のこと。卸売り（wholesale）の対義語です。,"【名】I worked in retail for one summer and emerged from it with a truly profound and lasting respect for anyone who can smile at rude customers all day long.<br>【形】The retail price of the fancy coffee machine was so high that I decided my old kettle and I had, in fact, been secretly happy together this whole time.<br>【動】They retail those tiny snacks at such an outrageous price that buying one now feels less like shopping and more like a bold act of financial self-harm.",【名】俺はひと夏だけ小売業で働き、無礼な客に一日中笑顔でいられる者への、真に深く永続的な敬意を抱いてそこを去った。<br>【形】あの洒落たコーヒーマシンの小売価格があまりに高かったので、俺は古いやかんと自分が、実はこの間ずっとひそかに幸せだったのだと決めた。<br>【動】彼らはあのちっぽけな菓子を法外な値段で小売りするので、今や一つ買うのは、買い物というより、大胆な金銭的自傷行為のように感じる。
539,colleague,/ˈɒliːɡ/,名詞,同僚,職場での「同僚、仕事の仲間」を指すフォーマルな語です。,"My favorite colleague is the one who silently shares snacks during long, painful meetings, forming a wordless alliance stronger than any official contract could ever hope to be.",俺のお気に入りの同僚は、長く苦痛な会議中に無言で菓子を分けてくれる人で、どんな正式な契約も及ばぬ、言葉のいらない同盟を結んでいる。
540,system,/ˈsɪstəm/,名詞,制度、体系、システム,社会制度、生体の仕組み（神経系など）、ITシステムなど広く用いられます。,"The office filing system is a mysterious and ancient structure that only one long-retired employee ever truly understood, and she took all of its secrets with her when she left.",オフィスの整理システムは、とうに退職した従業員一人だけが本当に理解していた謎めいた古代の構造で、彼女は去るときにその秘密を全部持って行った。
541,structure,/ˈstrʌktʃər/,名詞、動詞,【名】構造、構成、建造物<br>【動】組み立てる、構成する,物理的な建物や、組織、社会、論文などの「組み立て・構造」を指します。,"【名】The plot of the movie had the structural integrity of a house built entirely by an enthusiastic toddler using nothing but wet spaghetti and boundless confidence.<br>【動】I tried to structure my day with a strict and detailed schedule, and my day responded by cheerfully ignoring every single carefully planned part of it.",【名】その映画の筋は、濡れたスパゲッティと限りない自信だけを使って熱心な幼児が建てた家ほどの構造的な堅牢さしかなかった。<br>【動】俺は厳格で詳細な計画で一日を構成しようとし、一日は、その入念に計画した部分を一つ残らず陽気に無視することで応じた。
542,architecture,/ˈɑːrkɪtektʃər/,名詞,建築、建築学、システム構成,建物そのものの芸術・様式や、コンピューター分野におけるシステム設計を指します。,"The building's ambitious modern architecture won several prestigious awards, though no one who actually works inside it can reliably find the bathroom without a printed map and a prayer.",その建物の野心的な現代建築はいくつもの権威ある賞を受賞したが、実際に中で働く者は誰一人、印刷した地図と祈りなしにトイレを確実に見つけられない。
543,construction,/kənˈstrʌkʃn/,名詞,建設、工事、建造物,under construction（建設中、工事中、改装中）の形でよく使われます。,"The construction next door starts at dawn every single day, and I am now so intimately familiar with the sound of drilling that I could probably hum its greatest hits by heart.",隣の工事は毎日夜明けに始まり、俺は今やドリルの音とあまりに親密になったので、そのベストヒット集をそらで口ずさめるだろう。
544,function,/ˈfʌŋkʃn/,名詞、動詞,【名】機能、職務、役目、関数<br>【動】機能する、作動する,人や物が本来果たすべき「役割・働き」を指します。,"【名】My primary function in the group project was to nod encouragingly at other people's ideas and occasionally supply the snacks that kept the whole fragile operation running.<br>【動】My brain simply refuses to function properly before its first cup of coffee, treating every request made before then as a deeply hostile and unreasonable act.",【名】グループ課題での俺の主な役割は、他人のアイデアに励ますようにうなずき、時折、脆い作業全体を支える菓子を供給することだった。<br>【動】俺の脳は最初の一杯のコーヒーの前は正常に機能するのを断固拒み、それ以前になされる全ての要求を、深く敵対的で不合理な行為として扱う。
545,surface,/ˈsɜːrfɪs/,名詞、形容詞、動詞,【名】表面、外見<br>【形】表面の、外見上の<br>【動】浮上する、表面化する,カタカナでの「サーフェイス」とは異なり、発音は「サーフィス」に近いので注意が必要です。,"【名】The frozen lake's surface looked perfectly solid and safe, which is precisely the kind of confident assumption that begins so many genuinely unforgettable winter stories.<br>【形】He gave only a surface explanation of the problem, deep enough to sound impressively knowledgeable, yet shallow enough to safely avoid revealing that he understood nothing.<br>【動】The truth about who ate the last donut will eventually surface, and when it finally does, I intend to be conveniently and completely on the other side of the building.",【名】凍った湖の表面は完全に固く安全に見えた。それこそまさに、真に忘れがたい冬の物語の多くが始まる、自信に満ちた思い込みだ。<br>【形】彼は問題の表面的な説明だけをした。感心するほど博識に聞こえるほど深く、何も理解していないと明かさずに済むほど浅く。<br>【動】最後のドーナツを誰が食べたかの真実はいずれ表面化するが、それがついに起きるとき、俺は都合よく完全に建物の反対側にいるつもりだ。
546,aspect,/ˈæspekt/,名詞,側面、局面、外観,物事の持つ、多面的な特徴のうちの「一つの側面、見方」を指します。,"There is one aspect of my personality I am genuinely proud of, and it is my truly remarkable and unmatched ability to fall asleep almost instantly, absolutely anywhere.",俺の性格には心から誇れる一面が一つある。それは、ほとんど瞬時に、どこででも眠りに落ちる、真に驚くべき比類なき能力だ。
547,edge,/edʒ/,名詞,端、縁、刃、強み、優位性,ナイフの「刃」や物の「端」の意味に加え、have an edge over 〜（〜に対して優位に立っている）という意味でも使われます。,"I like to live life right on the edge, which for me mostly means eating food exactly one day past its printed expiration date and then bravely hoping for the best.",俺は人生をまさにギリギリで生きるのが好きだ。俺にとってそれは主に、印刷された賞味期限のきっかり一日過ぎた食べ物を食べ、そして勇敢に無事を祈ることを意味する。
548,makeup,/ˈmeɪkʌp/,名詞,構成、化粧、性質,「お化粧・メイク」の意味のほかに、組織や性質の「構成、組み立て、顔ぶれ」も表します。,"The emotional makeup of my Monday consists of roughly equal parts denial, quiet caffeine dependence, and a deep, patient longing for the sweet and distant embrace of the weekend.",俺の月曜の感情的な構成は、否認と、静かなカフェイン依存と、遠く甘い週末の抱擁への深く辛抱強い憧れが、おおよそ等分に混ざっている。
549,consist,/kənˈsɪst/,動詞,成り立つ、存在する、一致する,consist of 〜（〜から構成されている、〜から成る）の形で必須の動詞です。,"My entire weekend diet appears to consist mainly of coffee, leftover snacks, and the increasingly desperate hope that vegetables will somehow forgive me for my continued and shameless neglect.",俺の週末の食生活は主に、コーヒーと残り物の菓子、そして野菜が俺の続く恥知らずな無視をなぜか許してくれるという、ますます切実な希望で構成されているようだ。
550,compose,/kənˈpoʊz/,動詞,構成する、組み立てる、作曲する、作文する,be composed of 〜（〜から構成されている）は、consist of 〜 の受動態表現として頻出します。,"I set out to compose a thoughtful, heartfelt apology text, then spent forty full minutes composing it before finally sending a single, deeply anticlimactic thumbs-up emoji instead.",俺は思慮深く心のこもった謝罪メッセージを作成しようと乗り出し、たっぷり四十分かけてそれを作成した末、結局、深く拍子抜けする親指アップの絵文字を一つ送った。
551,attach,/əˈtætʃ/,動詞,取り付ける、貼り付ける、添付する,attach A to B（AをBに取り付ける、添付する）の形で、メールのファイルを添付する際にも使われます。,"Please find my resume attached, I wrote confidently, immediately before sending the email with absolutely nothing attached to it whatsoever, as is my proud and consistent personal tradition.",履歴書を添付いたします、と俺は自信満々に書き、その直後、何一つ添付せずにメールを送信した。俺の誇り高く一貫した個人的伝統に従って。
552,connect,/kəˈnekt/,動詞,つなぐ、接続する、結びつける,connect A with/to B（AをBと接続する・結びつける）の形でよく用いられます。,"I struggled for an entire hour to connect the new printer to the office network, and it finally connected the exact moment I gave up and announced my dramatic and total surrender.",俺は新しいプリンターをオフィスのネットワークに繋ぐのに丸一時間格闘し、俺が諦めて劇的な完全降伏を宣言したまさにその瞬間、ついに繋がった。
553,relate,/rɪˈleɪt/,動詞,関連づける、関係がある、話す,be related to 〜（〜に関連している、血縁関係がある）の形がよく使われます。,"I cannot relate to people who are naturally organized, as my own filing method involves a single enormous pile of papers that I have optimistically and boldly labeled ""the system.""",俺は生まれつき几帳面な人々に共感できない。俺自身の整理法は、楽観的に大胆にも「システム」と名付けた、一つの巨大な書類の山を伴うからだ。
554,associate,/əˈsoʊʃieɪt/,動詞、名詞,【動】連想する、交際する、結びつけて考える<br>【名】共同経営者、同僚,associate A with B（AからBを連想する）という表現がよく知られています。,"【動】I do not want anyone to associate me with the burnt smell now filling the office, even though the smoke is, admittedly, coming rather directly from my own desk area.<br>【名】As my loyal partner in crime, my associate agreed to share the blame for the disaster, right up until the exact moment the boss actually walked into the room.",【動】オフィスに今充満する焦げた臭いと俺を結びつけてほしくない。もっとも、その煙は認めるが、かなり直接的に俺自身の机の辺りから来ているのだが。<br>【名】俺の忠実な共犯者として、相棒はその惨事の責任を分かち合うことに同意した。上司が実際に部屋に入ってきた、まさにその瞬間までは。
555,stick,/stɪk/,動詞、名詞,【動】突き刺す、貼り付ける、くっつく、固執する<br>【名】杖、棒、ステッキ,stick to 〜（〜にしがみつく、固執する、方針を守り通す）という表現が重要です。,"【動】I resolved to firmly stick to my strict new budget, a heroic and noble resolution that lasted right up until I walked past the bakery on my way home that very evening.<br>【名】He tried to fix the wobbly shelf with a single stick and an alarming amount of unearned confidence, and the entire result was exactly as catastrophic as everyone quietly predicted.",【動】俺は厳格な新しい予算を断固守ると決意した。その英雄的で高潔な決意は、まさにその晩、帰り道にパン屋の前を通り過ぎるまで続いた。<br>【名】彼はぐらつく棚を、棒一本と、憂慮すべき量の不相応な自信で直そうとし、その結末はまさに、皆が静かに予言した通りに破滅的だった。
556,thief,/θiːf/,名詞,泥棒、窃盗犯,複数形は thieves /θiːvz/ とスペル・発音が変化するため、注意が必要です。,"The thief who broke into my apartment must have been deeply and profoundly disappointed, finding nothing of any real value except a very confused cat and a truly heroic collection of expired coupons.",俺のアパートに押し入った泥棒は、深く心底落胆したに違いない。ひどく困惑した猫一匹と、真に英雄的な期限切れクーポンのコレクション以外、何一つ本当に価値のあるものが見つからなかったのだから。
557,crime,/kraɪm/,名詞,犯罪、罪,法律違反となる具体的な犯罪行為（窃盗や殺人など）を指します。形容詞形は criminal です。,"Eating my roommate's clearly labeled leftovers is, I fully admit, a genuine crime, but honestly the tragic lack of anything else edible in that entire barren fridge left me with almost no other choice.",ルームメイトのはっきり名前の書かれた残り物を食べるのは、完全に認めるが、正真正銘の犯罪だ。だが正直、あの不毛な冷蔵庫に他に食べられるものが悲劇的に何もなかったので、俺にはほとんど他の選択肢が残されていなかった。
558,motive,/ˈmoʊtɪv/,名詞,動機、目的,行動を起こす引き金となった「理由、心の動き」を意味します。,"The detective could not identify a clear motive for the missing donuts, though everyone in the office silently understood that the true motive was, as always, simply that donuts are irresistibly and undeniably delicious.",刑事は消えたドーナツの明確な動機を特定できなかったが、オフィスの全員が、真の動機はいつものように、単にドーナツが抗いがたく紛れもなく美味いことだと、無言で理解していた。
559,punish,/ˈpʌnɪʃ/,動詞,罰する、懲らしめる,punish A for B（Bの罪でAを罰する）の形で用いられます。名詞形は punishment。,"The universe seems determined to punish me for oversleeping just once by ensuring that every single traffic light, without any exception, turns a deep and unforgiving red the instant my car dares to approach it.",宇宙は、たった一度寝坊した俺を罰しようと固く決意しているようだ。俺の車があえて近づいた瞬間、例外なく全ての信号が、深く容赦のない赤に変わることを保証することによって。
560,violate,/ˈvaɪəleɪt/,動詞,（法律・規則などに）違反する、侵害する,法律やルールだけでなく、プライバシーや人権を「侵す」場合にも使われます。,"I did not intend to violate the office dress code, but apparently my extremely comfortable slippers were considered, by the powers that be, to be a shockingly bold and unacceptable act of open rebellion.",オフィスの服装規定に違反するつもりはなかったが、どうやら俺の極めて快適なスリッパは、お偉方によって、衝撃的に大胆で容認しがたい公然の反抗行為とみなされたらしい。
561,legal,/ˈliːɡl/,形容詞,法律の、合法的な、適法な,法律に関する事柄、あるいは法律にかなっていることを指します。対義語は illegal（違法な）です。,"I am not entirely sure whether eating a coworker's clearly labeled yogurt is technically legal, but I am quite certain it is morally somewhere in a very grim and shadowy gray area.",同僚のはっきり名前の書かれたヨーグルトを食べるのが厳密に合法かどうかは定かでないが、道徳的には、非常に陰気で影のあるグレーゾーンのどこかにあることは、かなり確信している。
562,enemy,/ˈenəmi/,名詞,敵,個人間の争いだけでなく、国家間の戦争における敵対国や敵兵に対しても広く使われます。,"My greatest and most persistent enemy is not any particular person, but the snooze button, which betrays me anew every single morning while somehow still pretending to be my most loyal and devoted friend.",俺の最大で最も執拗な敵は特定の人物ではなく、スヌーズボタンだ。それは毎朝俺を新たに裏切りながら、なぜか未だに最も忠実で献身的な友のふりをしている。
563,conflict,/ˈɒnflɪkt/,名詞、動詞,【名】対立、衝突、不一致、葛藤<br>【動】対立する、矛盾する,意見や利害の「衝突」や、国家・集団間の「武力紛争」を指します。,"【名】The main conflict at every family dinner is, and has always been, the eternal and unwinnable battle over who gets the last piece of the perfectly cooked and jealously guarded roast chicken.<br>【動】My grand ambitions tend to conflict rather severely with my equally grand desire to remain lying perfectly still and completely motionless on the couch for the entire foreseeable future.",【名】あらゆる家族の夕食での主な対立は、今も昔も、完璧に焼かれ厳重に守られたローストチキンの最後の一切れを誰が取るかという、永遠で勝ち目のない戦いだ。<br>【動】俺の壮大な野心は、予見しうる未来の間ずっとソファで完全に微動だにせず横たわり続けたいという、同じく壮大な願望と、かなり激しく対立しがちだ。
564,compete,/kənˈpiːt/,動詞,競争する、競う,compete with/against A（Aと競い合う）などの形で使われます。名詞形は competition。,"I refuse to compete with my friends over who is busiest, mostly because I would win that particular contest instantly and by such a humiliating margin that it would genuinely concern everyone involved.",俺は誰が一番忙しいかを友人と競うのを拒む。主に、その特定の勝負なら俺が即座に、関係者全員を本気で心配させるほど屈辱的な差で勝ってしまうからだ。
565,defeat,/dɪˈfiːt/,動詞、名詞,【動】（敵や相手を）打ち負かす、敗走させる<br>【名】敗北、挫折,試合、選挙、戦争などで「相手を負かす」ことを指します。,"【動】My grand plan to wake up early was decisively defeated by my even grander and far more experienced plan to hit the snooze button repeatedly until the concept of morning simply gave up entirely.<br>【名】I accepted the crushing defeat at the board game with quiet grace and remarkable dignity, then spent the following three hours plotting an elaborate and disproportionate revenge for the upcoming rematch.",【動】早起きするという俺の壮大な計画は、朝という概念が完全に諦めるまでスヌーズボタンを繰り返し押すという、より壮大ではるかに経験豊富な計画に、決定的に打ち負かされた。<br>【名】俺はボードゲームの手ひどい敗北を静かな気品と際立った威厳をもって受け入れ、それから三時間かけて、来る再戦のための手の込んだ不釣り合いな復讐を企てた。
566,victim,/ˈvɪktɪm/,名詞,被害者、犠牲者,犯罪、事故、病気、自然災害などによって「損害を受けたり命を落としたりした人」を指します。,"I am the eternal victim of my own poor planning, a tragic and recurring situation that I nonetheless somehow manage to recreate with startling precision and unwavering consistency every single week without fail.",俺は自分のずさんな計画の永遠の犠牲者だ。それにもかかわらず、俺は毎週欠かさず、驚くべき正確さと揺るぎない一貫性でなぜか再現してしまう、悲劇的で繰り返される状況なのだ。
567,obstacle,/ˈɒbstəkl/,名詞,障害、障害物、邪魔,目標に向かって進むのを妨げる「壁、妨げ」を意味します。,"The only real obstacle standing between me and total, glorious productivity is my phone, my sofa, the weather, my own thoughts, and a truly impressive and endlessly creative assortment of other equally compelling distractions.",俺と、完全で輝かしい生産性の間に立ちはだかる唯一の真の障害は、俺のスマホと、ソファと、天気と、俺自身の思考と、そして真に見事で果てしなく創造的な、同じく抗いがたい他の気晴らしの数々だ。
568,harm,/hɑːrm/,名詞、動詞,【名】害、危害、損害<br>【動】〜を害する、傷つける,do harm to 〜（〜に害を及ぼす）や、There is no harm in doing（〜しても害はない、問題ない）という表現が有名です。,"【名】No real harm was done by my terrible parking job, unless you happen to count the considerable and lasting damage inflicted on my own fragile reputation and the neighbor's growing collection of well-founded suspicions.<br>【動】I would never intentionally harm a fly, mostly because catching one requires a level of coordination, patience, and physical effort that I have simply never once possessed in my entire life.",【名】俺のひどい駐車で実害は何も出なかった。俺自身の脆い評判に与えられた相当で永続的な損害と、隣人の増え続ける根拠ある疑念のコレクションを、たまたま数に入れなければの話だが。<br>【動】俺は決して故意にハエを傷つけたりしない。主に、一匹捕まえるには、俺が人生で一度も持ち合わせたことのない水準の協調性と忍耐と体力が要るからだ。
569,invade,/ɪnˈveɪd/,動詞,侵略する、侵入する、侵害する,他国に軍事侵入するほか、プライバシーや領地に「無断で入り込む」際にも使われます。,"Ants have decided to invade my kitchen every single summer with the grim, coordinated determination of a well-organized army, and honestly their logistics and teamwork are considerably better than those of most companies I have ever worked for.",アリは毎年夏、よく統率された軍隊の厳格で協調的な決意をもって俺の台所を侵略すると決めていて、正直、そのロジスティクスとチームワークは、俺がこれまで勤めた大半の会社よりかなり優れている。
570,endanger,/ɪnˈdeɪndʒər/,動詞,危険にさらす,be endangered で「絶滅の危機に瀕している（動植物など）」という文脈で頻出します。,"Skipping breakfast does not exactly endanger my life, but it certainly and reliably endangers the general peace, safety, and emotional wellbeing of every single unfortunate person who happens to cross my path before lunchtime.",朝食を抜いても俺の命が危険にさらされるわけではないが、それは確実に、昼食前にたまたま俺と行き会う不運な人全員の、全般的な平和と安全と感情的な幸福を危険にさらす。
571,interrupt,/ˌɪntəˈrʌpt/,動詞,中断させる、邪魔をする、遮る,誰かの会話や仕事、流れを途中で「割り込んで止める」ニュアンスを持ちます。,"Please do not interrupt me while I am busy doing absolutely nothing of any importance, because this particular and very delicate state of profound, productive relaxation is far more difficult to achieve than it might possibly appear from the outside.",重要なことを何一つしていない忙しい俺を邪魔しないでくれ。この特有の非常に繊細な、深く生産的なくつろぎの状態は、外から見えるよりはるかに達成が難しいのだ。
572,spoil,/spɔɪl/,動詞,台無しにする、甘やかす、腐る,計画を「台無しにする」、子どもを「甘やかす」、食品が「傷んでダメになる」など多岐にわたる意味があります。,"Please do not spoil the ending of the show for me, or I will be forced to spoil something of yours in return, and I want you to fully understand that I have both the necessary time and the completely unhinged commitment to actually do it.",番組の結末をネタバレしないでくれ。さもないと俺は仕返しに君の何かをネタバレせざるを得ず、俺には実行に必要な時間と、完全にいかれた執念の両方があると、しっかり理解してほしい。
573,spectator,/spekˈteɪtər/,名詞,観客、見物人,主にスタジアムなどでスポーツの試合を現地で「直接観戦している人」を指します。,"As a professional spectator of other people's productivity, I bring a level of enthusiasm, dedication, and detailed running commentary to watching my roommate clean the entire apartment that I have frankly never once managed to bring to any actual task of my own.",他人の生産性のプロの観客として、俺はルームメイトがアパート全体を掃除するのを見ることに、率直に言って自分の実際の作業には一度も注げたことのない水準の熱意と献身と、詳細な実況を注いでいる。
574,relative,/ˈrelətɪv/,名詞、形容詞,【名】親戚、親類<br>【形】相対的な、〜に関係のある,absolute（絶対的な）の対義語としての「相対的な」という意味も重要です。,"【名】Every distant relative I have not seen in a decade somehow manages to appear at exactly the wrong moment, armed with intrusive questions about my salary, my relationship status, and my apparently deeply disappointing and unforgivable lack of grandchildren.<br>【形】Happiness is entirely relative, which is precisely why my genuine and profound joy at finding a forgotten snack at the very back of the cupboard is, by any reasonable measure, completely and utterly valid.",【名】十年会っていない遠い親戚は皆、なぜかまさに最悪の瞬間に現れる。俺の給料と、交際状況と、どうやら深く失望させる許しがたい孫の不在についての、無遠慮な質問で武装して。<br>【形】幸福は完全に相対的だ。だからこそ、戸棚の一番奥で忘れられた菓子を見つけた俺の本物の深い喜びは、どんな妥当な尺度で見ても、完全に全く正当なのだ。
575,departure,/dɪˈpɑːrtʃər/,名詞,出発、逸脱,arrival（到着）の対義語。空港の出発ゲートは departure gate と呼ばれます。,"My departure from any social gathering is always announced with great and sincere ceremony a full hour before it actually happens, followed by at least four separate goodbye conversations, each one somehow longer and more emotionally involved than the last.",どんな社交の集まりからの俺の退出も、実際に起こるたっぷり一時間前に、大げさで誠実な儀式とともに宣言され、続いて少なくとも四回の別々の別れの会話が交わされ、その一つ一つが、なぜか前より長く感情的になっていく。
576,destination,/ˌdestɪˈneɪʃn/,名詞,目的地、行き先,旅行や配送など、移動する際の最終的な「到達地点」を指します。,"I confidently set off toward my destination with absolutely no map, no plan, and no realistic sense of direction, treating the entire increasingly worrying journey as a bold spiritual exercise in radical trust and the eventual, inevitable kindness of helpful strangers.",俺は地図も計画も現実的な方向感覚もまったくなしに、自信満々に目的地へ出発し、ますます不安になるその旅全体を、根本的な信頼と、いずれ必ず訪れる親切な見知らぬ人の優しさへの、大胆な精神修養として扱った。
577,transportation,/ˌtrænspɔːrˈteɪʃn/,名詞,輸送、交通機関、輸送機関,public transportation（公共交通機関）という組み合わせが代表的です。,"The city's grand new public transportation plan looked absolutely magnificent and forward-thinking on the glossy official brochure, and it continues to look magnificent there to this very day, since that beautiful brochure remains, so far, the only part of the entire ambitious plan that has ever actually materialized.",市の壮大な新しい公共交通計画は、光沢のある公式パンフレットの上では絶対的に見事で先進的に見え、今日に至るまでそこで見事に見え続けている。その美しいパンフレットが、今のところ、野心的な計画全体で実際に具現化した唯一の部分のままだからだ。
578,vehicle,/ˈviːəkl/,名詞,車両、乗り物、伝達手段,h の音がサイレント（黙字）のため、「ヴィークル」のように発音します。自動車や自転車、電車などを広く含みます。,"My primary vehicle for getting around town is technically my own two feet, a reliable and economical mode of transport that becomes considerably and dramatically less charming the exact moment it starts to rain heavily and I realize, once again, that I have forgotten my umbrella at home.",俺が街を移動する主な乗り物は、厳密には自分の両足という、信頼でき経済的な移動手段だが、それは、激しく雨が降り始め、またしても傘を家に忘れたと気づいた瞬間、かなり劇的に魅力を失う。
579,baggage,/ˈbæɡɪdʒ/,名詞,手荷物、荷物,"不可算名詞（数えられない名詞）なので、複数形の ""s"" をつけないように注意が必要です。","The airline managed to lose my baggage with such remarkable, almost admirable efficiency that I have begun to genuinely wonder whether my single suitcase is now off somewhere in the world enjoying a far more exciting, adventurous, and glamorous vacation than the one I had so carefully planned for myself.",航空会社は、ほとんど称賛に値する見事な効率で俺の荷物を紛失したので、俺は、自分のスーツケースが今や世界のどこかで、俺が自分のために入念に計画したものよりはるかに刺激的で冒険的で華やかな休暇を楽しんでいるのではと、本気で思い始めている。
580,via,/ˈvaɪə/,前置詞,〜経由で、〜を媒体として、〜によって,電車の経由駅や、Eメールなどの連絡手段、方法（〜を通して）を指す際に使われます。,"I sent the important message to my friend via three different apps, two separate emails, and one increasingly desperate handwritten note, and he still somehow managed to reply, several days later, with a single confused message asking what it was I had actually needed again.",俺は重要なメッセージを友人に、三つの別々のアプリと、二通の別のメールと、一枚のますます切実になる手書きのメモを介して送ったが、彼はそれでもなぜか数日後、結局何が必要だったのかを問う、たった一言の困惑したメッセージで返信してみせた。
581,lead,/liːd/,動詞、名詞,【動】導く、率いる、〜に通じる<br>【名】指導、先導、手がかり,lead to 〜（〜という結果につながる、〜へ導く）の形でよく使われます。,"【動】I confidently offered to lead the group through the unfamiliar city, which is precisely how all six of us ended up standing in a suspiciously quiet dead-end alley, staring at a map that I now strongly suspect was printed entirely upside down.<br>【名】My cat gave me a slight lead in our long-running battle of wills this morning by finally eating its breakfast, right before immediately reclaiming its permanent and unshakable moral high ground by loudly demanding a completely different one.",【動】俺は自信満々に、慣れない街を通って一団を先導すると申し出た。それこそまさに、我々六人全員が怪しいほど静かな行き止まりの路地に立ち、今や完全に上下逆さまに印刷されたと強く疑う地図を見つめる羽目になった経緯だ。<br>【名】うちの猫は今朝、ついに朝食を食べることで、長引く意地の張り合いで俺に僅かなリードをくれたが、その直後、まったく別のものを大声で要求することで、永久で揺るぎない道徳的優位を即座に取り戻した。
582,rise,/raɪs/,動詞、名詞,【動】昇る、上がる、増す<br>【名】上昇、増加,自動詞なので、直後に目的語（〜を）を置くことはできません。例：The sun rises.,"【動】I watched the bread dough slowly rise in the bowl for two full hours, feeling a profound and genuinely unearned sense of pride, as if I had personally taught the yeast every single thing it now so cleverly knew about the ancient and mysterious art of expansion.<br>【名】There was a sudden and dramatic rise in the office's collective mood the exact moment someone announced that free pizza had arrived, followed immediately by an equally dramatic and steep fall the very second we all discovered it was, tragically, only plain cheese.",【動】俺はパン生地がボウルの中でゆっくり膨らむのを丸二時間眺め、まるでイースト菌に、膨張という古代の神秘的な技について今それが巧みに知る全てを、俺が個人的に教えたかのような、深く本当に不相応な誇りを感じた。<br>【名】無料のピザが届いたと誰かが告げたまさにその瞬間、オフィスの集合的な気分に突然の劇的な上昇があり、それが悲劇的にただのプレーンチーズだと全員が知った瞬間、同じく劇的で急な下落が即座に続いた。
583,flow,/floʊ/,動詞、名詞,【動】流れる、流動する<br>【名】流れ、流動,液体だけでなく、情報、資金、時間の「スムーズな流れ」にも使われます。,"【動】My best and most brilliant ideas always seem to flow effortlessly and abundantly the exact moment I am lying comfortably in bed and have absolutely no possible way to write a single one of them down, and by morning every last one has, of course, completely and permanently vanished.<br>【名】I like to believe I simply go with the flow, which is honestly just a much calmer, more relaxed, and considerably more flattering way of admitting that I have never once in my entire life actually managed to make a firm plan and then stick to it.",【動】俺の最良で最も見事なアイデアは、いつも、快適にベッドに横たわり、その一つも書き留める術がまったくない、まさにその瞬間に、努力もなく豊かに湧き出るようで、そして朝までには当然、最後の一つに至るまで完全に永久に消えている。<br>【名】俺は単に流れに身を任せているだけだと信じたい。それは正直、俺が人生で一度も、しっかりした計画を立ててそれを守り通せたことがないと認める、はるかに穏やかで、くつろいだ、そしてかなり聞こえのいい言い方に過ぎない。
584,burst,/bɜːrst/,動詞、名詞,【動】破裂する、突然〜し始める<br>【名】破裂、突発,burst into tears（急に泣き出す）や burst out laughing（突然笑い出す）の形で有名です。,"【動】My carefully suppressed laughter finally burst out at the single most inappropriate and solemn moment imaginable, transforming what had been a perfectly dignified and respectful silence into a truly memorable and permanently awkward social catastrophe that no one present will ever fully forgive me for.<br>【名】A sudden and violent burst of motivation hit me at exactly eleven o'clock at night, compelling me to reorganize my entire closet, clean the whole kitchen, and boldly plan out the next five years of my life, right before it vanished completely and left me exhausted and staring blankly at the ceiling.",【動】俺の入念に抑えていた笑いは、想像しうる最も不適切で厳粛な瞬間についに噴き出し、完璧に威厳ある敬意に満ちた沈黙を、その場にいた誰もが決して完全には許してくれない、真に忘れがたく永久に気まずい社交上の大惨事へと変えた。<br>【名】突然の激しいやる気の噴出が夜きっかり十一時に俺を襲い、クローゼット全体を再整理し、台所を丸ごと掃除し、大胆にも今後五年の人生を計画するよう俺を駆り立て、その直後、完全に消え去り、俺を疲れ果てさせ、天井を虚ろに見つめさせた。
585,melt,/melt/,動詞,溶ける、和らぐ、〜を溶かす,氷、バター、チョコレートなどが熱を帯びて固体から液体へ変化することを言います。,My grand and noble motivation to accomplish anything productive at all tends to melt away completely and irreversibly the exact moment I make the fatal strategic error of sitting down on the couch just for a quick minute to gather my thoughts before beginning.,何であれ生産的なことを成し遂げようという俺の壮大で高潔なやる気は、始める前に考えをまとめようと、ほんの一分だけソファに座るという致命的な戦略的誤りを犯した瞬間、完全に取り返しのつかない形で溶け去りがちだ。
586,commute,/kəˈmjuːt/,動詞、名詞,【動】通勤する、通学する<br>【名】通勤、通学,commute to work（会社へ通勤する）のように用いられます。,"【動】I commute two exhausting hours each way every single day, which gives me plenty of quiet, uninterrupted time to deeply reflect on all the far better and infinitely more sensible life choices I could have made but somehow, at every single crucial fork in the road, mysteriously did not.<br>【名】My daily commute is less a simple journey and more a grueling, character-building endurance event, complete with unexpected delays, mysterious announcements, and one strangely consistent stranger who somehow always manages to fall deeply asleep directly on my unwilling shoulder.",【動】俺は毎日片道二時間の疲れる通勤をしていて、それは、選べたはずなのに、なぜかあらゆる重要な分かれ道で謎めいて選ばなかった、はるかに良く無限に賢明な人生の選択の全てを深く省みる、たっぷりの静かで途切れない時間をくれる。<br>【名】俺の毎日の通勤は、単なる移動というより、過酷で人格形成的な耐久イベントで、予想外の遅延と、謎めいたアナウンスと、そしてなぜかいつも俺の不本意な肩の上で深く眠り込む、奇妙に一貫した見知らぬ一人が付いてくる。
587,accompany,/əˈkʌmpəni/,動詞,〜に同行する、〜に付随して起こる,他動詞なので accompany with 人 としないように注意しましょう。,"I bravely volunteered to accompany my friend to the terrifying dentist appointment for moral support, and I ended up being so visibly and dramatically nervous in the waiting room that the receptionist quietly and repeatedly asked whether I, and not my friend, was actually the patient who needed the urgent treatment.",俺は勇敢にも、精神的支えとして友人を恐ろしい歯医者の予約に付き添うと志願し、結局、待合室であまりに目に見えて劇的に緊張したので、受付係は静かに何度も、友人ではなく俺の方が、実は緊急の治療を必要とする患者ではないかと尋ねた。
588,emit,/ɪˈmɪt/,動詞,（光・熱・ガス・においなどを）発する、放出する,二酸化炭素や熱、光などを「出す」という科学的・公式な表現です。名詞形は emission。,"My ancient, wheezing office computer seems to emit a low, mournful, and increasingly desperate groaning sound every single time I dare to open more than two programs at once, as if it is quietly, patiently, and rather pointedly begging me to finally reconsider the fundamental and increasingly reckless direction of my entire digital life.",俺の古くてゼエゼエ言うオフィスのパソコンは、二つ以上のプログラムを同時に開くという暴挙にあえて出るたびに、低く悲しげでますます切実なうめき声を発するようで、まるで俺のデジタル人生全体の根本的でますます無謀な方向性を、ついに考え直すよう、静かに辛抱強く、かなり露骨に懇願しているかのようだ。
589,progress,/ˈprɒɡres/,名詞、動詞,【名】進歩、進行、発展<br>【動】進歩する、進む,不可算名詞（数えられない名詞）であるため、通常 a や -es を伴いません。,"【名】My progress on the important project has been genuinely remarkable this week, if you are generous and open-minded enough to count opening the file, staring at it in silent despair for several minutes, and then immediately closing it again as a legitimate and meaningful form of measurable forward progress.<br>【動】I fully intend to progress steadily toward all of my ambitious long-term goals just as soon as I finish this one last video, and then perhaps the next one after that, and then almost certainly the entire remaining playlist that the algorithm has so thoughtfully and mercilessly prepared for me.",【名】今週の俺の重要なプロジェクトの進捗は本当に目覚ましい。ファイルを開き、数分間静かな絶望の中でそれを見つめ、そして即座にまた閉じることを、正当で意味のある測定可能な前進の一形態として数えるほど、君が寛大で心が広ければの話だが。<br>【動】俺は野心的な長期目標の全てに向かって着実に前進するつもりだ。この最後の一本の動画を見終えたらすぐに、そしておそらく次の一本を、そしてほぼ確実に、アルゴリズムが実に思慮深く容赦なく用意してくれた残りのプレイリスト全部を見終えたらすぐに。
590,advance,/ədˈvæns/,名詞、動詞、形容詞,【名】進歩、前進、前払い金<br>【動】前進する、〜を進める<br>【形】事前の,in advance（あらかじめ、事前に）という重要な表現があります。,"【名】I made a small but genuinely encouraging advance toward becoming a functioning adult this morning by successfully remembering to bring an umbrella, and then immediately undid all of that hard-won progress by leaving it, entirely and permanently, on the very train that had so kindly kept me dry.<br>【動】The determined ants continued to advance steadily and relentlessly across my kitchen counter in a single tidy line, moving with a level of discipline, coordination, and collective purpose that my own scattered, chaotic, and perpetually distracted household has honestly never once even remotely approached.<br>【形】I always like to make an advance plan for absolutely everything, which is precisely why the sudden and total collapse of that carefully constructed plan tends to affect me so much more deeply, personally, and dramatically than it ever seems to affect any of the calm, unbothered people around me.",【名】俺は今朝、傘を持ってくるのを首尾よく覚えていることで、機能する大人になる方へ小さくも本当に励みになる前進をし、そして即座に、それほど親切に俺を濡らさずにいてくれたまさにその電車に、完全に永久にそれを置き忘れて、苦労して得た進歩を全て台無しにした。<br>【動】断固としたアリたちは、一本の整然とした列をなして俺の台所の調理台を着実に容赦なく前進し続け、俺自身の散らかった混沌とした、常に気の散った所帯が、正直一度もかすりもしなかった水準の規律と協調と集団的目的をもって動いていた。<br>【形】俺はあらゆることに事前の計画を立てるのが好きだ。だからこそ、その入念に構築した計画の突然の完全な崩壊は、周りの穏やかで動じない人々にいつも影響するように見えるよりも、はるかに深く個人的に劇的に俺に影響しがちなのだ。
591,deal,/diːl/,動詞、名詞,【動】扱う、処理する、取引する<br>【名】取引、取引量、扱い,deal with 〜（〜を処理する、解決する）の熟語が頻出です。,"【動】I have absolutely no idea how to deal with confrontation, so my time-honored personal strategy is simply to smile pleasantly, nod in vague agreement, and then quietly overthink the entire brief encounter in exhaustive detail for the following several sleepless nights.<br>【名】He offered me what he enthusiastically and repeatedly called an unbeatable, once-in-a-lifetime deal, and the sheer, aggressive intensity of his salesmanship was, honestly, the single most persuasive and compelling reason of all for me to turn around and walk very quickly in the opposite direction.",【動】俺は対立にどう対処すればいいか皆目わからないので、由緒ある個人的戦略は単に、感じよく微笑み、曖昧に同意してうなずき、そしてその短いやり取り全体を、続く数日の眠れぬ夜にかけて事細かに静かに考えすぎることだ。<br>【名】彼は俺に、熱心に何度も無敵の一生に一度の取引と呼ぶものを持ちかけたが、その純粋で押しの強い商売熱心さの激しさこそ、正直、俺が回れ右をして反対方向へ非常に速く歩き去る、何よりも説得力ある抗いがたい理由だった。
592,handle,/ˈhændl/,動詞、名詞,【動】扱う、対処する、処理する<br>【名】取っ手、ハンドル,物理的に「手で触って扱う」意味から、問題やクレームに「対処する」という意味でも使われます。,"【動】I like to believe I handle stress with impressive calm and quiet grace, a comforting personal narrative that lasts right up until the exact moment my computer freezes and quietly deletes two full hours of completely unsaved and irreplaceable work.<br>【名】I gripped the flimsy handle of the overstuffed shopping bag with grim, unwavering determination all the way home, and it snapped cleanly and dramatically the very instant I reached my own front door, scattering groceries across the porch in a final, mocking act of pure betrayal.",【動】俺はストレスに見事な冷静さと静かな気品をもって対処すると信じたい。その心慰める個人的物語は、パソコンがフリーズし、完全に保存していない取り返しのつかない丸二時間分の作業を静かに削除する、まさにその瞬間まで続く。<br>【名】俺は詰め込みすぎた買い物袋の頼りない取っ手を、帰り道ずっと厳しく揺るぎない決意で握りしめ、それは自宅の玄関に着いたまさにその瞬間、きれいに劇的に千切れ、食料品を玄関先にばらまいて、純粋な裏切りの最後の嘲るような行為をやってのけた。
593,treat,/tiːt/,動詞、名詞,【動】扱う、もてなす、治療する、おごる<br>【名】おごり、特別なもてなし,treat A as B（AをBとして扱う）や、My treat.（私のおごりです）のように使われます。,"【動】My cat has somehow trained me to treat it exactly like visiting royalty, and I now genuinely find myself apologizing, out loud and with real sincerity, whenever I have the sheer audacity to sit down in what has apparently, at some unremembered point, become entirely and exclusively its favorite chair.<br>【名】I promised myself a small, well-deserved treat after finishing the difficult task, and I somehow ended up thoroughly and enthusiastically enjoying that treat several full hours before I had even worked up the basic motivation to properly begin the difficult task in the first place.",【動】うちの猫はなぜか、来訪する王族とまったく同じように自分を扱うよう俺を仕込んでいて、俺は今や本当に、いつのまにか完全に猫専用のお気に入りになったらしい椅子に、あえて座るという大胆不敵をやらかすたび、声に出して本気の誠意をもって謝っている自分に気づく。<br>【名】俺は難しい作業を終えたら、ささやかで当然のご褒美をやると自分に約束し、そしてなぜか、そもそもその難しい作業をきちんと始める基本的なやる気を奮い起こすより丸数時間も前に、そのご褒美を徹底的に熱心に楽しみ終えていた。
594,clue,/kluː/,名詞,手がかり、ヒント、手がかりとなるもの,謎や事件、パズルなどを解くための「手がかり」を指します。,"I have absolutely no clue where I left my keys, my phone, or, on the more challenging and existentially troubling mornings, even a basic and reassuring sense of what specific day of the week it currently happens to be.",俺は鍵も、スマホも、そしてより難儀で実存的に厄介な朝には、今が具体的に何曜日なのかという基本的で安心できる感覚すら、どこに置いたのか皆目見当がつかない。
595,restrict,/rɪˈstrɪkt/,動詞,制限する、限定する,restrict A to B（AをBに制限する）などの形でよく用いられます。名詞形は restriction。,"The strict new office policy attempts to restrict personal snacking at our desks, a genuinely bold, ambitious, and frankly dangerous move that, in my expert professional opinion, seriously and profoundly underestimates both the sheer depth of our collective hunger and the truly remarkable creativity of our combined smuggling capabilities.",厳格な新しいオフィスの規則は、机での個人的な間食を制限しようと試みている。それは真に大胆で野心的、率直に言って危険な動きで、俺の専門的意見では、我々の集合的な空腹の純然たる深さと、我々の合わせた密輸能力の真に見事な創造性の両方を、深刻に深く見くびっている。
596,limit,/ˈlɪmɪt/,名詞、動詞,【名】制限、境界、限界<br>【動】制限する、とどめる,speed limit（制限速度）や、時間・空間の「限度、これ以上はダメという線」を指します。,"【名】I have set myself a strict daily limit of exactly one episode per evening, a firm and sensible rule that I honor faithfully right up until the exact moment the next episode begins to auto-play and I somehow lack the physical strength, the moral fiber, or the basic will to reach over and press stop.<br>【動】I try hard not to limit myself with rigid labels, which is honestly a wonderfully convenient and flexible philosophy that allows me to be, on any given day and depending entirely on my mood, either an ambitious visionary or a person heroically committed to doing absolutely nothing at all.",【名】俺は自分に、一晩きっかり一話という厳格な毎日の制限を課している。それは、次の話が自動再生を始め、俺がなぜか手を伸ばして停止を押す体力も、道徳的な強さも、基本的な意志も欠く、まさにその瞬間まで忠実に守る、固く分別ある規則だ。<br>【動】俺は硬直したレッテルで自分を制限しないよう懸命に努めている。それは正直、実に便利で柔軟な哲学で、俺がその日の気分次第で、野心的な先見者にも、何一つしないことに英雄的に身を捧げる人物にもなれるようにしてくれる。
597,forbid,/fərˈbɪd/,動詞,禁止する、許さない,forbid A to do（Aが〜するのを禁止する）というパターンでよく使われます。,"My strict diet may firmly forbid dessert in principle, but I have personally and conveniently negotiated a highly generous, entirely self-serving loophole for absolutely any food that happens to be free, brought in by a coworker, or, most importantly of all, technically belongs to somebody else.",俺の厳格なダイエットは原則としてデザートを固く禁じているかもしれないが、俺は個人的に都合よく、たまたま無料の、同僚が持ち込んだ、そして何より重要なことに、厳密には他の誰かのものである、ありとあらゆる食べ物のために、非常に気前がよく完全に手前勝手な抜け道を交渉しておいた。
598,ban,/bæn/,動詞、名詞,【動】（公式・法的に）禁止する<br>【名】禁止令、禁止,法律や公的ルールによる「厳しい全面禁止」を意味することが多いです。,"【動】They finally decided to ban personal phones during all meetings, and productivity did technically improve, though this was mostly because everyone now simply spends the entire time silently and creatively daydreaming about all the far more interesting things they would obviously much rather be doing on their phones.<br>【名】The sudden office ban on strong-smelling lunches was clearly and directly aimed at one specific and unrepentant coworker, who responded to the new rule not with shame or restraint, but with a truly magnificent, defiant, and gloriously fragrant display of pure, unbreakable culinary rebellion.",【動】彼らはついに全会議中の私用スマホを禁止すると決め、生産性は厳密には確かに向上したが、それは主に、今や全員が単に、明らかにスマホでやりたいはるかに面白い全てのことを、静かに創造的に空想して全時間を過ごすからだった。<br>【名】強い匂いの昼食への突然のオフィス禁止令は、明らかに直接、特定の悔い改めない同僚一人を狙ったもので、彼はその新しい規則に、恥や自制ではなく、真に壮大で反抗的で、輝かしく芳香に満ちた、純粋で不屈の料理的反乱の披露で応じた。
599,refuse,/rɪˈfjuːz/,動詞,断る、拒否する,refuse to do（〜することを拒む、きっぱり断る）の形で非常によく使われます。,"My body chooses to refuse to wake up early on every single workday with absolute, unwavering commitment, and yet it somehow reliably springs into full, cheerful, and infuriating alertness at precisely six o'clock in the morning on the one day of the entire week when I am finally and desperately free to sleep in for as long as I possibly want.",俺の体は、あらゆる出勤日に、絶対的で揺るぎない献身をもって早起きを拒むことを選ぶ。それでいてなぜか、一週間全体でついに切実に好きなだけ寝坊できる唯一の日に限って、朝きっかり六時に、完全で陽気で腹立たしい覚醒に確実に飛び起きる。
600,reject,/rɪˈdʒekt/,動詞,拒ぜつする、不合格にする、却下する,提案や要求、アイデア、申請などを「受け入れずに、突っぱねる」ニュアンスを持ちます。,"The exclusive club chose to reject my membership application without offering even a single word of explanation, which, upon calm and mature reflection, is honestly and genuinely fine by me, because I have now firmly decided that I never truly wanted to be a part of their silly little club in the first place anyway.",その会員制クラブは、一言の説明も添えずに俺の入会申請を却下することを選んだが、冷静で成熟した熟考の末、正直本当に俺は構わない。俺は今や、そもそも彼らのくだらない小さなクラブの一員になど、初めから本当は一度もなりたくなかったのだと、固く決めたからだ。
601,persuade,/pərˈsweɪd/,動詞,説得する、説得して〜させる,persuade A to do（Aを説得して〜させる）の形で、相手の意思を変えさせる場合に使います。,"I tried to persuade my cat to get off the keyboard, but it just typed a resignation letter for me.",キーボードから降りるよう猫を説得しようとしたら、猫は私の退職届を代わりに打ち込んでいた。
602,convince,/kənˈvɪns/,動詞,納得させる、確信させる,convince A of B（AにBを納得・確信させる）、be convinced of 〜（〜を確信している）の形で使われます。,It took three hours and a full slideshow to convince my grandma that the internet is not a physical box.,インターネットは物理的な箱ではないと祖母に納得させるのに、三時間とスライド一式が必要だった。
603,inspire,/ɪnˈspaɪər/,動詞,奮起させる、鼓舞する、刺激を与える,inspire A to do（Aに〜する意欲を起こさせる）などの形でよく用いられます。,"The motivational poster tried to inspire me, but the coffee machine breaking down inspired me far more.",その啓発ポスターは私を奮起させようとしたが、コーヒーマシンの故障のほうがはるかに私を奮起させた。
604,discourage,/dɪsˈkɜːrɪdʒ/,動詞,がっかりさせる、思いとどまらせる,discourage A from doing（Aに〜するのを思いとどまらせる・妨げる）の形で頻出します。,Nothing can discourage a toddler who has decided that the vegetable will not be eaten today.,今日は野菜を食べないと決めた幼児を思いとどまらせられるものは何もない。
605,promote,/prəˈmoʊt/,動詞,促進する、昇進させる、宣伝する,販売促進（プロモーション）や、会社で役職が「上がる（昇進する）」際にもよく使われます。,They decided to promote the intern who accidentally deleted the wrong database and then fixed everything overnight.,間違ってデータベースを消してから一晩で全部直したインターンを、彼らは昇進させることに決めた。
606,boost,/buːst/,動詞、名詞,【動】押し上げる、高める、増加させる<br>【名】上昇、応援、促進,自信、売上、景気、生産性などを「ぐっと引き上げる、後押しする」ニュアンス。,"【動】One good nap can boost your mood, your memory, and your ability to ignore urgent emails.<br>【名】The tiny compliment gave my confidence a boost that lasted until I read the next comment.",【動】一度の良い昼寝は、気分も記憶力も、緊急メールを無視する能力も高めてくれる。<br>【名】その小さな褒め言葉は、次のコメントを読むまで続く自信の上昇を私に与えた。
607,expand,/ɪkˈspænd/,動詞,拡大する、拡張する、膨張する,事業の「規模拡大」や、気体などの「体積の膨張」、視野を「広げる」際などに使われます。,My weekend plans always mysteriously expand to fill every hour I promised to spend cleaning the house.,週末の計画は、家の掃除に使うと約束した時間すべてを埋めるように、いつも不思議と拡大する。
608,extend,/ɪkˈstend/,動詞,延長する、伸ばす、広げる,締め切りなどの「時間」を延ばす場合や、道路や線路、腕などを「物理的に伸ばす」場合に使われます。,"The meeting was supposed to extend by ten minutes, but somehow it swallowed my entire afternoon.",会議はたった十分延長される予定だったのに、なぜか私の午後全体を飲み込んだ。
609,broaden,/ˈbrɔːdn/,動詞,広げる、広くなる,broaden one's mind/horizons（視野を広げる、教養を深める）はとてもよく使われる慣用表現です。,"Reading strange menus abroad did broaden my mind, mostly by teaching me what I never want to eat again.",海外で変なメニューを読むことは確かに私の視野を広げた、主に二度と食べたくないものを教えることで。
610,spread,/spred/,動詞、名詞,【動】広がる、広げる、普及する<br>【名】普及、広がり、拡大,バターをパンに「塗って広げる」ほか、噂、感染症、ニュースなどが「広まる」際にも使われます。,【動】Gossip tends to spread faster than any official announcement the company carefully prepares.<br>【名】The spread of the rumor was so wide that even people on other floors knew before I did.,【動】うわさは、会社が慎重に準備するどんな公式発表よりも速く広がる傾向がある。<br>【名】そのうわさの広がりはあまりに広く、他の階の人でさえ私より先に知っていた。
611,tie,/taɪ/,動詞、名詞,【名】ネクタイ、結びつき、同点<br>【動】結ぶ、つなぐ、同点になる,複数形 ties（関係、絆、結びつき）や、試合の「引き分け（タイ）」を指する表現としても使われます。,"【名】He wore a bright yellow tie to the funeral and insisted it symbolized hope.<br>【動】If both teams tie again, the referee has threatened to send everyone home without dinner.",【名】彼は葬式に真っ黄色のネクタイを着けてきて、それは希望の象徴だと言い張った。<br>【動】もし両チームがまた同点になれば、審判は全員を夕食抜きで帰らせると脅している。
612,fasten,/ˈfæsn/,動詞,締める、しっかり留める、固定する,"発音で ""t"" は発音されません（ファスン）。シートベルトを「締める」際によく使われます。","Please fasten your seatbelt, because my driving has been described as an unexpected theme park ride.",シートベルトを締めてください、私の運転は予期せぬ遊園地のアトラクションと言われているので。
613,fix,/fɪks/,動詞、名詞,【動】修理する、固定する、決める、用意する<br>【名】窮地、修復,「修理する」の意味だけでなく、日時や場所を「確定する・決める」という意味でも日常会話でよく使われます。,"【動】He promised to fix the leaking sink, and three weeks later the bucket underneath is still working perfectly.<br>【名】Borrowing money from a loan shark to pay another loan shark is quite an impressive fix.",【動】彼は水漏れするシンクを修理すると約束したが、三週間経った今も下のバケツが完璧に機能している。<br>【名】別の高利貸しに払うため高利貸しから金を借りるとは、なかなか見事な窮地だ。
614,install,/ɪnˈstɔːl/,動詞,設置する、取り付ける、（ソフトを）インストールする,機器（クーラーなど）やソフトウェアを使える状態に「セットアップする」ことを指します。,It took me six hours to install the app that promised to save me five minutes every day.,毎日五分節約できると謳うアプリをインストールするのに、私は六時間かかった。
615,resist,/rɪˈzɪst/,動詞,抵抗する、反抗する、我慢する,cannot resist doing（〜せずにはいられない、我慢できない）の形でよく使われます。,"I tried to resist the free sample table, but my legs walked me back three separate times.",無料試食コーナーに抵抗しようとしたが、私の足は三度も別々に私をそこへ連れ戻した。
616,obey,/əˈbeɪ/,動詞,（ルールや人に）従う、服従する,法律、規則、命令、または両親や上司の言葉に対して「反抗せずに従う」ことです。,"My dog will obey any command instantly, as long as a treat is clearly visible in my hand.",うちの犬は、おやつが手にはっきり見えている限り、どんな命令にも即座に従う。
617,engage,/ɪnˈɡeɪdʒ/,動詞,従事する、惹きつける、携わる,be engaged in 〜（〜に従事している、携わっている）の表現は学術・ビジネスを問わず重要です。,The speaker knew exactly how to engage the audience: he promised free food at the very end.,その講演者は聴衆を惹きつける方法を正確に知っていた、最後に無料の食べ物を約束したのだ。
618,bump,/bʌmp/,動詞、名詞,【動】ぶつかる、揺れ動く<br>【名】衝突、凹凸、コブ,bump into 〜 で「〜にばったり会う」（run into と同義）という意味の口語表現になります。,【動】I tried to walk quietly at night and managed to bump into every single piece of furniture we own.<br>【名】The bump on the road launched my coffee onto the ceiling with surprising accuracy.,【動】夜に静かに歩こうとしたが、私は家のすべての家具に一つ残らずぶつかることに成功した。<br>【名】道路の凹凸は、驚くほどの正確さで私のコーヒーを天井へ打ち上げた。
619,bend,/bend/,動詞、名詞,【動】曲げる、曲がる、かがむ<br>【名】曲がり角、カーブ,体を折り曲げる（bend down）、または規則を融通させる（bend the rules）などの応用があります。,"【動】Every time I try to bend down to tie my shoes, my back reminds me that I am no longer twenty.<br>【名】The road had such a sharp bend that even the GPS sounded genuinely worried.",【動】靴ひもを結ぼうとかがむたび、私の腰はもう二十歳ではないと私に思い出させる。<br>【名】その道はあまりに急なカーブで、GPSでさえ本気で心配そうな声を出した。
620,hug,/hʌɡ/,動詞、名詞,【動】抱きしめる、ハグする<br>【名】ハグ、抱擁,親愛や感謝の気持ちを込めて、人を両腕で抱きしめることです。,【動】My cat will hug my arm affectionately for exactly two seconds before biting it without warning.<br>【名】He gave the vending machine a gentle hug after it finally dropped the snack he paid for.,【動】うちの猫はきっかり二秒間だけ私の腕を愛おしそうに抱きしめ、それから予告なく噛む。<br>【名】彼は、払った分のお菓子をやっと落とした自販機に、優しいハグをした。
621,stare,/steər/,動詞、名詞,【動】じっと見る、凝視する<br>【名】凝視、凝視すること,stare at 〜 の形で、「（驚きや関心、不躾さから）目を丸くしてじっと見つめる」ことを指します。,【動】The stranger continued to stare at my lunch as if he were writing a detailed review in his head.<br>【名】Her long stare told me the joke had landed somewhere very far from where I intended.,【動】その見知らぬ人は、頭の中で詳細なレビューでも書くように、私の昼食をじっと見続けた。<br>【名】彼女の長い凝視は、その冗談が私の意図した場所からはるか遠くに着地したことを告げていた。
622,gaze,/ɡeɪz/,動詞、名詞,【動】見つめる、注視する<br>【名】注視、視線,gaze at/into 〜 の形で、「（憧れや美しさに感嘆して、あるいは物思いに耽って）うっとり見つめる」ことを指します。,"【動】I like to gaze thoughtfully out the window, mostly to avoid the pile of dishes behind me.<br>【名】His romantic gaze was ruined slightly by the spinach clearly stuck in his front teeth.",【動】私は物思わしげに窓の外を見つめるのが好きだ、主に背後の皿の山を避けるために。<br>【名】彼のロマンチックな視線は、前歯にはっきり挟まったほうれん草によって少し台無しになった。
623,glance,/ɡlæns/,動詞、名詞,【動】ちらりと見る、ざっと目を通す<br>【名】一瞥、ちらりと見ること,glance at 〜 の形で、「意識的に、素早く一瞬だけ目を向ける」ことを言います。,"【動】I only planned to glance at my phone, and suddenly it was two hours and forty videos later.<br>【名】One quick glance at the bill was enough to make me quietly cancel dessert for everyone.",【動】ちらりとスマホを見るだけのつもりが、気づけば二時間と四十本の動画が過ぎていた。<br>【名】伝票を一瞥しただけで、私は静かに全員分のデザートをキャンセルするのに十分だった。
624,glimpse,/ɡlɪmps/,名詞、動詞,【名】（偶然）ちらりと見えること、一瞥<br>【動】ちらりと見る,catch a glimpse of 〜（〜をちらりと見かける）のイディオムでよく使われます。,"【名】I caught a glimpse of the surprise cake, so now everyone must pretend I looked genuinely shocked.<br>【動】If you glimpse the ending of a movie by accident, your brain will never let you forget it.",【名】サプライズケーキがちらりと見えてしまったので、今や皆は私が本気で驚いたふりをせねばならない。<br>【動】もし映画の結末を偶然ちらりと見てしまえば、脳は決してそれを忘れさせてくれない。
625,stretch,/stretʃ/,動詞、名詞,【動】伸ばす、伸びる、広がる<br>【名】伸び、広がり、一続きの期間,体のストレッチだけでなく、道路や土地が「長く延びている」際にも使われます。,"【動】I tried to stretch before exercising and pulled a muscle I did not even know I owned.<br>【名】After that long stretch of night shifts, I greeted the sunrise like a confused vampire.",【動】運動前に伸ばそうとして、私は持っていることすら知らなかった筋肉を痛めた。<br>【名】夜勤が長く一続きに続いた後、私は困惑した吸血鬼のように日の出を迎えた。
626,stumble,/ˈstʌmbl/,動詞,つまずく、よろめく,stumble on/across 〜（〜を偶然見つける、ばったり出会う）という重要なイディオムがあります。,I managed to stumble over absolutely nothing in front of the one person I wanted to impress.,印象づけたいと思っていた唯一の人の前で、私は完全に何もないところでつまずくことに成功した。
627,press,/pres/,名詞、動詞,【名】報道機関、新聞、印刷機、押すこと<br>【動】押す、強要する,the press（報道機関、マスコミ）という集合名詞としての使い方が非常に重要です。,"【名】The press gathered outside the bakery, convinced the new limited-edition donut was breaking news.<br>【動】I had to press the elevator button eleven times before admitting it was clearly out of order.",【名】報道機関はパン屋の外に集まり、新しい限定ドーナツが速報だと確信していた。<br>【動】明らかに故障中だと認めるまでに、私はエレベーターのボタンを十一回押さねばならなかった。
628,drag,/dræɡ/,動詞、名詞,【動】（引きずって）引く、引きずる<br>【名】引きずること、退屈なもの,パソコンの画面上でアイコンを「ドラッグする」ときの言葉で、重いものを引きずって動かす様子を表します。,"【動】I had to drag my suitcase up four flights of stairs because the elevator chose that day to retire.<br>【名】This three-hour meeting about a single email was, frankly, an absolute drag.",【動】エレベーターがその日に引退を選んだので、私はスーツケースを四階分引きずり上げねばならなかった。<br>【名】たった一通のメールについてのこの三時間の会議は、率直に言って完全に退屈なものだった。
629,lean,/liːn/,動詞、形容詞,【動】寄りかかる、もたれる、傾く<br>【形】（肉が）脂肪の少ない、引き締まった,lean against the wall（壁にもたれかかる）や、lean on 〜（〜を頼りにする）などの使い方が有名です。,"【動】I like to lean casually against walls, until I discover the wall was freshly painted.<br>【形】He proudly bought the lean cut of meat, then covered it in three types of cheese.",【動】私は壁に何気なく寄りかかるのが好きだ、その壁が塗りたてだと気づくまでは。<br>【形】彼は誇らしげに脂肪の少ない肉を買い、それから三種類のチーズで覆った。
630,scratch,/skrætʃ/,動詞、名詞,【動】ひっかく、かく、傷つける<br>【名】ひっかき傷、ひっかくこと,scratch one's head で「頭をかく（困る、考え込む）」となります。,【動】My cat will scratch the expensive new sofa exactly one minute after ignoring the costly scratching post.<br>【名】The tiny scratch on my new phone somehow feels more painful than any actual injury.,【動】うちの猫は、高価な爪とぎを無視してきっかり一分後に、高い新しいソファをひっかく。<br>【名】新しいスマホの小さなひっかき傷は、どんな実際のけがよりもなぜか痛く感じる。
631,bow,/baʊ/ (おじぎ)<br>/boʊ/ (弓),動詞、名詞,【動】おじぎする、屈服する<br>【名】おじぎ、（楽器などの）弓、リボン,おじぎの「ボウ /baʊ/」と、弓やリボンの「ボウ /boʊ/」で、発音およびスペルが同じで意味が異なるので注意が必要です。,"【動】The actor tried to bow gracefully, tripped on the curtain, and received the biggest applause of the night.<br>【名】He gave such a deep bow of apology that his forehead nearly greeted the floor.",【動】その俳優は優雅におじぎしようとしてカーテンにつまずき、その夜最大の拍手を受けた。<br>【名】彼はあまりに深い謝罪のおじぎをしたので、額が床に挨拶しかけた。
632,nod,/nɒd/,動詞、名詞,【動】うなずく、居眠りする<br>【名】会釈、うなずき,肯定や同意、親愛を示すために「首を縦に振る」動作を指します。,"【動】I tried to nod politely during the meeting while my brain quietly reviewed my grocery list.<br>【名】A single nod from the boss can mean approval, dismissal, or that he simply did not hear me.",【動】会議中、私は礼儀正しくうなずこうとしたが、脳は静かに買い物リストを見直していた。<br>【名】上司の一度の会釈は、承認か、却下か、あるいは単に聞こえなかったことを意味しうる。
633,sigh,/saɪ/,動詞、名詞,【動】ため息をつく<br>【名】ため息,悲しみ、落胆、またはホッとしたとき（a sigh of relief）に息を漏らす動作を意味します。,"【動】Every time I open my bank app, I sigh with the deep sorrow of a retired opera singer.<br>【名】Her long sigh across the office told the whole team the printer had broken down again.",【動】銀行アプリを開くたび、私は引退したオペラ歌手のような深い悲しみでため息をつく。<br>【名】オフィス中に響く彼女の長いため息は、プリンターがまた壊れたことをチーム全員に告げた。
634,yawn,/jɔːn/,動詞、名詞,【動】あくびをする<br>【名】あくび,眠気や退屈から、口を大きく開けて深く息を吸い込む生理現象を指します。,"【動】The moment someone starts to yawn in a quiet room, everyone else is instantly forced to join.<br>【名】My dramatic yawn during his story was not boredom, but it was very hard to explain that.",【動】静かな部屋で誰かがあくびを始めた瞬間、他の全員が即座に加わることを強いられる。<br>【名】彼の話の途中での私の大げさなあくびは退屈ではなかったが、それを説明するのはとても難しかった。
635,sneeze,/sniːz/,動詞、名詞,【動】くしゃみをする<br>【名】くしゃみ,鼻の粘膜への刺激などによって、突発的に息を吐き出す動作を言います。,【動】I always manage to sneeze exactly when the photographer says the word cheese.<br>【名】One tiny sneeze in a silent library can echo like a dramatic movie explosion.,【動】私はいつも、カメラマンがチーズと言うちょうどその瞬間にくしゃみをすることに成功する。<br>【名】静かな図書館での小さなくしゃみ一つは、映画の劇的な爆発のように響き渡ることがある。
636,bury,/ˈberi/,動詞,埋める、埋葬する、隠す,発音は「ビュリー」ではなく「ベリー（フルーツのberryと同音）」ですので注意が必要です。,"I decided to bury my old diary in the garden, and now a very confused dog guards it loyally.",私は古い日記を庭に埋めることにしたが、今やとても困惑した犬が忠実にそれを守っている。
637,perform,/pərˈfɔːrm/,動詞,行う、実行する、演奏する、公演する,仕事や任務を「実行する」ほか、舞台で「演じる、演奏する」、機械などが「正常に作動する」という意味でも用いられます。,He agreed to perform one magic trick at the party and accidentally set the tablecloth gently on fire.,彼はパーティーで手品を一つ披露すると承知し、うっかりテーブルクロスをそっと燃やしてしまった。
638,adopt,/əˈdɒpt/,動詞,採用する、養子にする,意見や計画、ライフスタイルなどを「取り入れる」場合にもよく使われます。adapt（適応させる）との混同に注意。,"We decided to adopt a very small kitten, and it immediately adopted the entire house as its kingdom.",私たちはとても小さな子猫を養子にすることにしたが、子猫は即座に家全体を自分の王国として引き取った。
639,escape,/ɪˈskeɪp/,動詞、名詞,【動】逃げる、脱出する、免れる<br>【名】逃亡、脱出、避難,escape from 〜（〜から脱出する、逃げる）の形でよく使われます。,【動】My plan to escape the boring party quietly failed when I knocked over a very tall lamp.<br>【名】His daring escape from the meeting was foiled by a colleague blocking the door with questions.,【動】退屈なパーティーからこっそり逃げる計画は、とても背の高いランプを倒したときに失敗した。<br>【名】会議からの彼の大胆な脱出は、質問でドアをふさぐ同僚によって阻止された。
640,scatter,/ˈskætər/,動詞,散らす、ばらまく、四散する,物をばらばらに広範囲に撒く、あるいは人々が散り散りになる様子を表します。,"I tried to scatter the flower seeds evenly, and now one dramatic corner of my garden is a jungle.",花の種を均等に散らそうとしたが、今や私の庭の劇的な一角がジャングルになっている。
641,fold,/foʊld/,動詞、名詞,【動】折る、折りたたむ<br>【名】折り目,紙や服などを「丁寧に折りたたむ」ことを指します。対義語は unfold（広げる）です。,"【動】I can fold a fitted sheet, but the result looks less like laundry and more like modern art.<br>【名】The map had so many folds that reopening it correctly became a serious family argument.",【動】私はボックスシーツを折りたためるが、その結果は洗濯物というより現代美術に見える。<br>【名】その地図はあまりに折り目が多く、正しく開き直すことは深刻な家族の口論になった。
642,hang,/hæŋ/,動詞,掛ける、つるす、ぶら下がる,hang out で「（友達などと）時間を過ごす、ぶらぶら遊ぶ」という非常によく使われる口語表現になります。,"I told him to hang his coat somewhere safe, and he hung it directly on the fire alarm.",彼にコートをどこか安全な場所に掛けるよう言ったら、彼はそれを火災報知器に直接掛けた。
643,release,/rɪˈliːs/,動詞、名詞,【動】解放する、発表する、発売する<br>【名】解放、公開、発売,囚人を「釈放する」、映画や新曲を「リリースする（公開・発売する）」、情報を「解禁する」など幅広く用いられます。,"【動】They promised to release the software update at midnight, and released our patience along with it.<br>【名】The release of the new game caused grown adults to request an urgent day off work.",【動】彼らは真夜中にソフトウェア更新を発表すると約束し、それと一緒に私たちの忍耐も解放した。<br>【名】新しいゲームの発売は、いい大人たちに緊急の休暇を申請させた。
644,strike,/straɪk/,動詞、名詞,【動】打つ、衝突する、心に浮かぶ<br>【名】ストライキ、打撃,It strikes me that 〜 で「〜という考えがふと私の心（頭）に浮かぶ」という重要な構文があります。,"【動】The clock chose to strike twelve loudly during the quietest, most romantic moment of the film.<br>【名】The workers went on strike, and the office plants finally got the silence they deserved.",【動】その時計は、映画の最も静かでロマンチックな瞬間に、大きく十二時を打つことを選んだ。<br>【名】労働者たちはストライキに入り、オフィスの植物たちはついにふさわしい静けさを得た。
645,beat,/biːt/,動詞、名詞,【動】打つ、たたく、打ち負かす<br>【名】鼓動、拍子,試合などで相手を「打ち負かす（defeat）」の、やや口語的な表現としても非常によく使われます。,"【動】I tried to beat my brother at chess, and he beat me so quickly the pieces looked embarrassed.<br>【名】My heart skipped a beat when the boss walked in, then two more when he smiled at me.",【動】チェスで弟に勝とうとしたが、彼はあまりに速く私を打ち負かし、駒が恥ずかしそうに見えた。<br>【名】上司が入ってきたとき私の心臓は一鼓動飛び、彼が私に微笑んだときさらに二回飛んだ。
646,protect,/prəˈtekt/,動詞,保護する、守る,protect A from B（BからAを守る）の形で非常によく用いられます。名詞形は protection です。,"I bought an expensive case to protect my phone, then dropped the phone while admiring the case.",スマホを守るため高価なケースを買い、それからケースに見とれている間にスマホを落とした。
647,twist,/twɪst/,動詞、名詞,【動】ひねる、ねじる、ゆがめる<br>【名】ねじれ、ひねり,手足や関節を「くじく、捻挫する」際にも twist one's ankle のように使われます。,【動】I tried to twist the stubborn jar lid open and accidentally launched pickles across the kitchen.<br>【名】The movie had such a wild twist that the audience gasped louder than the actors on screen.,【動】頑固な瓶のふたをひねって開けようとして、うっかりピクルスをキッチン中に打ち上げた。<br>【名】その映画はあまりに突飛なひねりがあり、観客は画面上の俳優より大きく息をのんだ。
648,skip,/skɪp/,動詞、名詞,【動】（段階を）飛ばす、サボる<br>【名】スキップ,授業を「サボる（skip a class）」、食事を「抜く（skip breakfast）」などの意味で、日常会話でも頻出します。,"【動】I decided to skip breakfast to save time, and then spent that time thinking about breakfast.<br>【名】The child crossed the entire parking lot with a happy skip while adults trudged behind.",【動】時間節約のため朝食を抜くことにし、それからその時間を朝食のことを考えて過ごした。<br>【名】その子は幸せそうなスキップで駐車場全体を横切り、大人たちは後ろをとぼとぼ歩いた。
649,expose,/ɪkˈspoʊz/,動詞,さらす、暴露する,expose A to B（AをBにさらす、接触させる）の形でよく使われます。名詞形は exposure です。,The documentary promised to expose a huge conspiracy but mostly exposed the narrator's dramatic breathing.,そのドキュメンタリーは巨大な陰謀を暴露すると約束したが、主にナレーターの大げさな息づかいを暴露した。
650,stir,/stɜːr/,動詞、名詞,【動】かき混ぜる、動かす、かき立てる<br>【名】かき混ぜること、興奮,スプーンでスープなどを「かき混ぜる」動作や、感情を「呼び起こす」比喩的な意味もあります。,"【動】I only had to stir the soup occasionally, so naturally I forgot and produced a solid black disk.<br>【名】One tiny stir of the spoon released a smell that stirred the whole office into the kitchen.",【動】スープをたまにかき混ぜるだけでよかったので、当然私は忘れて固い黒い円盤を作り上げた。<br>【名】スプーンの一かきが放った匂いは、オフィス全体をキッチンへとかき立てた。
651,shake,/ʃeɪk/,動詞、名詞,【動】振る、揺れる、握手する<br>【名】振動、揺れ,shake hands with 人（人と握手する）、shake one's head（首を横に振る＝否定する）などの表現があります。,【動】I tried to shake the ketchup bottle gently and repainted the entire ceiling in a single motion.<br>【名】The old bus gave such a violent shake that I briefly considered writing my last will.,【動】ケチャップの瓶を優しく振ろうとして、私は一度の動作で天井全体を塗り直した。<br>【名】その古いバスはあまりに激しい揺れを与えたので、私は一瞬遺言を書こうかと考えた。
652,polish,/ˈpɒlɪʃ/,動詞、名詞,【動】磨く、つやを出す、洗練する<br>【名】つや出し、ポリッシュ,靴、床、金属などを「ピカピカに磨く」ニュアンスで、文章や技術を「洗練させる」意味でも使われます。,"【動】I spent an hour trying to polish my old shoes, which now shine brighter than my entire future.<br>【名】He applied so much polish to the table that guests kept checking their reflections during dinner.",【動】古い靴を磨こうと一時間費やしたら、今やそれは私の将来全体より明るく輝いている。<br>【名】彼はテーブルに大量のつや出しを塗ったので、客は夕食中ずっと自分の姿を確認し続けた。
653,attend,/əˈtend/,動詞,出席する、参列する、注意を払う,会議や式典、学校に「出席する」ほか、attend to A（Aに注意を払う、Aに対処する）の表現も重要です。,"I promised to attend the early morning meeting, and my body attended while my brain stayed in bed.",早朝の会議に出席すると約束し、私の体は出席したが脳はベッドに留まっていた。
654,imitate,/ˈimɪteɪt/,動詞,模倣する、真似る,他人の動作、話し方、スタイルなどを意図的に「そっくり真似る」ことで、名詞形は imitation です。,My little brother loves to imitate my voice so perfectly that even our mother now blames me for everything.,弟は私の声をあまりに完璧に真似るのが好きで、今や母でさえ何でも私のせいにする。
655,conduct,/kənˈdʌkt/ (動)<br>/ˈkɒndʌkt/ (名),動詞、名詞,【動】行う、指揮する、導く<br>【名】行為、行い,conduct a survey（調査を行う）、conduct an experiment（実験を行う）など、学術・ビジネスの重要語です。,"【動】They asked me to conduct the meeting, so I nodded wisely and secretly hoped no one asked questions.<br>【名】His polite conduct at the party disappeared the moment the free dessert table was announced.",【動】会議を進めるよう頼まれたので、私は賢そうにうなずき、誰も質問しないことを密かに願った。<br>【名】パーティーでの彼の礼儀正しい行いは、無料のデザートコーナーが発表された瞬間に消えた。
656,struggle,/ˈstrʌɡl/,動詞、名詞,【動】もがく、苦闘する、努力する<br>【名】闘い、苦闘,困難な状況から抜け出そうと「必死になって努力する、もがく」ニュアンスを持ちます。,"【動】I continue to struggle with the self-checkout machine, which announces my failures at maximum volume.<br>【名】Getting out of a low, comfortable sofa is a daily struggle I am slowly learning to accept.",【動】私は今もセルフレジと苦闘しており、それは私の失敗を最大音量で発表する。<br>【名】低くて快適なソファから立ち上がることは、私が少しずつ受け入れつつある日々の闘いだ。
657,burn,/bɜːrn/,動詞、名詞,【動】燃える、焦げる、〜を燃やす<br>【名】火傷,炎が上がるだけでなく、太陽光で「日焼けする（sunburn）」や、カロリーを「消費する（burn calories）」にも使われます。,【動】I tried to burn a scented candle for relaxation and instead set off the smoke alarm dramatically.<br>【名】The tiny burn from the curling iron somehow hurt more than my entire disappointing week.,【動】リラックスのため香り付きろうそくを燃やそうとしたが、代わりに劇的に煙探知機を鳴らした。<br>【名】ヘアアイロンの小さな火傷は、なぜか私のがっかりな一週間全体より痛かった。
658,cheat,/tʃiːt/,動詞、名詞,【動】だます、不正を働く<br>【名】詐欺、浮気者,テストで「カンニングをする（cheat on a test）」や、ゲームで不正をする、パートナーを「裏切る・浮気する」の意。,"【動】He tried to cheat during the trivia game, but he confidently whispered every wrong answer.<br>【名】The card player was such an obvious cheat that even the dealer started laughing openly.",【動】彼はクイズゲームで不正を働こうとしたが、自信満々に間違った答えばかりささやいた。<br>【名】そのカードプレイヤーはあまりに露骨な詐欺師で、ディーラーまで公然と笑い始めた。
659,participate,/pɑːrˈtɪsɪpeɪt/,動詞,参加する、加わる,participate in A（Aに参加する、take part in A とほぼ同義）の形でよく使われる、少し堅い語です。,"Everyone was encouraged to participate in the team activity, so I participated by loudly cheering from a safe chair.",全員がチーム活動に参加するよう促されたので、私は安全な椅子から大声で応援することで参加した。
660,exist,/ɪɡˈzɪst/,動詞,存在する、生存する,物や概念、生物などが実際に存在・生存していることを示します。名詞形は existence。,"According to my refrigerator, no leftovers exist, yet I clearly remember cooking enough for a small army.",冷蔵庫によれば残り物は存在しないが、私は小さな軍隊分作った記憶がはっきりある。
661,arise,/əˈraɪz/,動詞,生じる、発生する、起こる,抽象的な問題や疑問、困難な状況などが「持ち上がる、発生する」ときに用いられます。arise from 〜（〜に起因する）。,New problems always arise the exact moment I confidently announce that everything is finally under control.,新たな問題は、すべてついに制御下にあると私が自信満々に宣言するちょうどその瞬間に、いつも生じる。
662,occur,/əˈkɜːr/,動詞,起こる、発生する、心に浮かぶ,事故などが「発生する」ほか、It occurred to me that 〜（ふと〜という考えが頭に浮かんだ）の構文が必須です。,"Great ideas tend to occur to me at three in the morning, then vanish before I find a pen.",素晴らしいアイデアは午前三時に私の心に浮かびがちで、それからペンを見つける前に消える。
663,involve,/ɪnˈvɒlv/,動詞,伴う、巻き込む、関与させる,be involved in 〜（〜に関わっている、巻き込まれている）の形で、ビジネスや学術など幅広く使われます。,Any recipe that claims to be easy will secretly involve a tool I have never once owned.,簡単だと主張するどんなレシピも、私が一度も持ったことのない道具をひそかに伴う。
664,require,/rɪˈkwaɪər/,動詞,必要とする、要求する,規則などで義務付ける場合にも使われ、be required to do（〜することが義務づけられている）は頻出表現です。,"The simple form somehow decided to require three signatures, two stamps, and my complete loss of hope.",その単純な用紙は、なぜか署名三つと印鑑二つ、そして私の希望の完全な喪失を必要とすることに決めた。
665,counterpart,/ˈaʊntərpɑːrt/,名詞,対応する人（物）、同等のもの,別の組織や国などで「同じ役割・地位についている相手」を指します（例：日本の首相と、そのカウンターパートである大統領）。,My laziness at home has an ambitious counterpart at work who somehow finishes every project early.,家での私の怠惰には、職場でなぜか全プロジェクトを早く終わらせる野心的な同等の存在がいる。
666,advent,/ˈædvent/,名詞,到来、出現,画期的な発明や新しい時代の「登場、到来」を表す際に用いられます（例：the advent of the internet）。,The advent of the smart speaker means I now argue with a small cylinder about the weather forecast.,スマートスピーカーの到来は、今や私が天気予報について小さな円柱と口論することを意味する。
667,maintain,/meɪnˈteɪn/,動詞,維持する、主張する、整備する,良好な状態や関係を「保つ（キープする）」ほか、自分の主張を「一貫して述べる」という意味でも使われます。,It takes remarkable discipline to maintain a serious face while your stomach loudly maintains its own opinion.,腹が声高に自分の意見を主張している間、真剣な顔を維持するには並外れた自制心が要る。
668,last,/læst/,形容詞、副詞、動詞、名詞,【形】最後の、この前の<br>【副】最後に<br>【動】続く、長持ちする,動詞としての「（時間が）続く、持続する」という意味が重要です。例：The storm lasted for three days.,"【形】This is absolutely the last cookie, I declared, reaching for what was clearly the next last cookie.<br>【副】I always save my hardest task for last, which is a polite way of saying never.<br>【動】I hoped the battery would last all day, but it lasted exactly until the important call began.<br>【名】He was the very last to leave the party and the very first to complain about the cleanup.",【形】これは間違いなく最後のクッキーだと宣言しながら、私は明らかに次の最後のクッキーへ手を伸ばした。<br>【副】私はいつも一番難しい作業を最後にとっておくが、それは決してやらないという意味の丁寧な言い方だ。<br>【動】バッテリーが一日中もつことを願ったが、それは大事な電話が始まるちょうどその時まで続いた。<br>【名】彼はパーティーを去る一番最後の人で、片付けについて文句を言う一番最初の人だった。
669,persist,/pərˈsɪst/,動詞,固執する、持続する、しつこく続く,障害があっても粘り強く「やり通す」、あるいは好ましくない状況（痛みや雨など）が「長引いて続く」場合に使われます。,My phone will persist in reminding me about a birthday party that already ended two long weeks ago.,私のスマホは、もう二週間も前に終わった誕生日パーティーについて、しつこく私に思い出させ続ける。
670,examine,/ɪɡˈzæmɪn/,動詞,調査する、検査する、診察する,問題点や細部、あるいは患者の身体などを「入念に調べる」ことを意味します。名詞形は examination。,"The doctor promised to examine me quickly, then spent twenty minutes examining a spot I could not see.",医者は素早く私を診察すると約束し、それから私に見えない箇所を二十分間検査した。
671,gain,/ɡeɪn/,動詞、名詞,【動】得る、増す<br>【名】利益、獲得,知識、経験、信頼、体重などを「努力して手に入れる、増やす」ニュアンスがあります。,"【動】I joined the gym to gain muscle and mostly gained an impressive collection of unused water bottles.<br>【名】The financial report showed a small gain, which the manager celebrated like a lottery win.",【動】筋肉を得るためジムに入会したが、主に未使用の水筒の見事なコレクションを手に入れた。<br>【名】財務報告はわずかな利益を示し、部長はそれを宝くじ当選のように祝った。
672,obtain,/əbˈteɪn/,動詞,得る、手に入れる、獲得する,ややフォーマルな語で、許可、情報、データ、特定の物を「努力して手に入れる」ことを指します。,"To obtain one simple stamp, I had to visit three floors, two counters, and one very confusing hallway.",たった一つの単純な印鑑を手に入れるため、私は三つの階、二つの窓口、そして非常に紛らわしい廊下を訪れねばならなかった。
673,acquire,/əˈkwaɪər/,動詞,習得する、獲得する、買収する,知識や言語などを「時間をかけて身につける」ことや、企業が他社を「買収する（M&A）」際にも使われます。,It took years to acquire the skill of appearing busy while doing absolutely nothing productive.,生産的なことを全く何もせずに忙しそうに見せる技術を習得するのに、私は何年もかかった。
674,search,/sɜːrtʃ/,動詞、名詞,【動】探す、捜索する<br>【名】捜索、検索,search for 〜（〜を探し求める）や、インターネットで情報を検索する行為に広く使われます。,"【動】I always search for my glasses everywhere, only to find them sitting patiently on my own head.<br>【名】The search for the missing remote lasted longer than the movie we finally decided not to watch.",【動】私はいつも眼鏡をあちこち探すが、結局それは自分の頭の上で辛抱強く座っているのを見つける。<br>【名】なくしたリモコンの捜索は、結局見ないことにした映画よりも長く続いた。
675,logical,/ˈlɒdʒɪkl/,形容詞,論理的な、筋の通った,矛盾がなく理路整然とした考えや、説明を指します。名詞形は logic です。,There is nothing logical about buying a treadmill and then using it purely to hang wet laundry.,ランニングマシンを買っておいて濡れた洗濯物を掛けるためだけに使うことには、論理的な点が何もない。
676,scholarship,/ˈɒləʃɪp/,名詞,奨学金、学問,学業優秀な学生に支給される「奨学金」を意味します。win/receive a scholarship で「奨学金をもらう」。,"I won a scholarship for my essay, then spent the money on snacks and one questionable inflatable chair.",私は作文で奨学金を勝ち取り、それからそのお金をお菓子と一つの怪しい空気入れ椅子に使った。
677,instruction,/ɪnˈstrʌkʃn/,名詞,指示、指導、取扱説明書,複数形の instructions で、機器の「取扱説明書」や作業の「指示書、手引き」を表すことが多いです。,"The furniture came with clear instructions, which is why I now own an artistic but useless wooden shape.",その家具には明確な取扱説明書が付いてきたが、だからこそ私は今や芸術的だが役立たずの木の形を所有している。
678,determine,/dɪˈtɜːrmɪn/,動詞,決定する、決心する、特定する,強い意志を持って「決める」ことや、原因や事実を「突き止める、特定する」ことを指します。,It can take me forty minutes to determine which streaming show to watch during a thirty-minute break.,三十分の休憩の間にどの配信番組を見るか決定するのに、私は四十分かかることがある。
679,conclude,/kənˈkluːd/,動詞,結論づける、締めくくる、終わる,議論や思考、データを吟味して最終的に「結論を下す」ことです。名詞形は conclusion です。,"After hours of heated debate, we all concluded that no one actually remembered why the meeting started.",何時間もの白熱した議論の末、私たちは皆、なぜ会議が始まったのか実は誰も覚えていないと結論づけた。
680,distinguish,/dɪˈstɪŋɡwɪʃ/,動詞,区別する、見分ける,違いを認識して「区別する」ことです。distinguish A from B（AとBを区別する）の形でよく使われます。,It is surprisingly hard to distinguish my serious work face from my quietly planning lunch face.,私の真剣な仕事の顔と、静かに昼食を計画している顔を見分けるのは、意外にも難しい。
681,classify,/ˈklæsɪfaɪ/,動詞,分類する、格付けする,一定の基準に従って「グループ分けする（クラス分けする）」ことを指します。名詞形は classification です。,My mom likes to classify all my hobbies into two neat categories: useless and slightly more useless.,母は私の趣味すべてを、無駄とやや無駄という二つのきちんとした分類に分けるのが好きだ。
682,estimate,/ˈestɪmeɪt/ (動)<br>/ˈestɪmət/ (名),動詞、名詞,【動】見積もる、評価する<br>【名】見積もり、評価,費用、時間、数量などを大まかに「見積もる」ことで、ビジネスの「見積書」も estimate と呼ばれます。,"【動】I always estimate that one small task will take five minutes, and reality politely laughs at me.<br>【名】The repair estimate was so high that I began to consider learning plumbing as a hobby.",【動】私はいつも小さな作業一つが五分で済むと見積もり、現実は丁寧に私を笑う。<br>【名】修理の見積もりがあまりに高かったので、私は配管を趣味として学ぶことを検討し始めた。
683,organize,/ˈɔːrɡənaɪz/,動詞,組織する、整理する、準備する,会議やイベントを「企画・手配する」ことや、本棚などを「整理整頓する」際にも使われます。,"I spent the whole weekend trying to organize my closet, and now I cannot find a single thing.",週末をまるごとクローゼットの整理に費やしたが、今や私は何一つ見つけられない。
684,recognize,/ˈekəɡnaɪz/,動詞,認める、認識する、識別する,以前会ったことや見たことのあるものを「〜だと見覚える、思い出す」という意味でも日常的によく使われます。,My phone somehow failed to recognize my face until I looked exactly as terrible as my morning self.,私のスマホは、朝の自分そっくりのひどい顔をするまで、なぜか私の顔を認識できなかった。
685,suppose,/səˈpoʊz/,動詞,思う、仮定する,be supposed to do（〜することになっている、〜するはずだ）は日常生活で非常に頻出する重要パターンです。,"I suppose I could have read the manual first, but where exactly is the fun and suffering in that?",先に説明書を読むこともできたと思うが、それのどこに楽しみと苦しみがあるというのか。
686,assume,/əˈsjuːm/,動詞,仮定する、思い込む、引き受ける,十分な証拠なしに「そうだと信じ込む、思い込む」意味や、責任・役割を「引き受ける」意味があります。,"Never assume the printer is working, because it can sense confidence and will immediately jam in protest.",プリンターが動いていると決して思い込むな、それは自信を感じ取り、抗議して即座に紙詰まりを起こす。
687,care,/keər/,名詞、動詞,【名】世話、注意、介護、心遣い<br>【動】気にする、世話をする,take care of 〜（〜の世話をする、処理する）、I don't care.（気にしない、どうでもいい）などの表現があります。,"【名】My plant survives entirely on neglect, so any sudden care from me nearly sends it into shock.<br>【動】I try not to care what strangers think, but I still rehearsed that casual greeting eight times.",【名】うちの植物は放置だけで生き延びているので、私からの突然の世話はそれをほぼショック状態に陥れる。<br>【動】見知らぬ人がどう思うか気にしないようにしているが、それでもあの何気ない挨拶を八回練習した。
688,approve,/əˈpruːv/,動詞,賛成する、承認する,approve of A（Aに賛成する）、あるいは他動詞として企画や提案などを「公式に承認・決裁する」ことを指します。,"My cat will loudly approve of my cooking, right up until it sniffs the plate and dramatically walks away.",うちの猫は私の料理を声高に賛成するが、それは皿を嗅いで劇的に立ち去るその瞬間までのことだ。
689,notice,/ˈnoʊtɪs/,名詞、動詞,【名】通知、注意、予告、掲示<br>【動】気づく,視覚などを通して何かを「見つける、気づく」ことのほか、退職の「事前予告（give notice）」などビジネスでも使われます。,"【名】I received a notice about a fee, printed in a font clearly designed to be quietly ignored.<br>【動】People never notice my new haircut, but they instantly notice one tiny stain on my shirt.",【名】私は料金についての通知を受け取ったが、それは明らかに静かに無視されるよう設計された書体で印刷されていた。<br>【動】人々は私の新しい髪型に決して気づかないが、シャツの小さなシミ一つには即座に気づく。
690,aware,/əˈweər/,形容詞,気づいている、意識している,be aware of 〜（〜に気づいている、〜を知っている）の形が日常・ビジネスを問わず非常によく使われます。,"I am fully aware that the diet starts tomorrow, which is precisely why today's cake tastes so free.",ダイエットが明日から始まることは十分に自覚している、だからこそ今日のケーキはこんなに自由な味がする。
691,conscious,/ˈɒnʃəs/,形容詞,意識している、意識がある、自覚している,be conscious of 〜（〜を意識している）のほか、気絶した状態から「意識が戻る」場合にも用いられます。,"I try to stay conscious during long meetings, but my eyelids clearly signed a different contract.",長い会議の間、意識を保とうとするが、私のまぶたは明らかに別の契約書に署名した。
692,concerned,/kənˈsɜːrnd/,形容詞,心配している、関心がある、関係している,be concerned about 〜（〜を心配している）、be concerned with 〜（〜に関わっている）として頻出です。,"My mother is deeply concerned that I am not eating well, so she sends enough food for six families.",母は私が十分に食べていないことをひどく心配しており、六家族分の食料を送ってくる。
693,regard,/rɪˈɡɑːrd/,動詞、名詞,【動】みなす、尊重する<br>【名】配慮、敬意,regard A as B（AをBとみなす、考える）という表現は読解・文法問題ともに最重要です。,【動】I tend to regard any recipe with more than five steps as a personal and unnecessary insult.<br>【名】He treats his plants with such regard that I sometimes suspect they eat better than I do.,【動】私は五段階を超えるどんなレシピも、個人的で不必要な侮辱とみなす傾向がある。<br>【名】彼は植物をあまりに敬意をもって扱うので、時々それらが私よりいい食事をしていると疑う。
694,commit,/kənˈmɪt/,動詞,犯す、コミットする、専念する,commit a crime（罪を犯す）のほか、be committed to 〜（〜に深く専念している、コミットしている）の形も重要です。,"I decided to commit fully to waking up early, and my alarm has been personally insulted every morning since.",私は早起きに完全に専念することを決め、以来私の目覚まし時計は毎朝個人的に侮辱されている。
695,doubt,/daʊt/,名詞、動詞,【名】疑い、疑念<br>【動】疑う、〜ではないと思う,"発音の際、""b"" は発音されないため「ダウト」となります。I doubt it.（そうではないと思う、怪しいと思う）。","【名】I have serious doubt that this all-in-one gadget can do even one of its promised jobs well.<br>【動】I doubt he actually read the report, judging by how confidently he praised the blank last page.",【名】私は、このオールインワン機器が約束された仕事の一つでもうまくできるという点に深い疑いを持っている。<br>【動】空白の最終ページを自信満々に褒めた様子から判断して、彼が実際に報告書を読んだかを私は疑う。
696,memorize,/ˈmeməraɪz/,動詞,暗記する、記憶する,単語、数式、セリフなどを意識して頭の中にしっかりと覚え込む（インプットする）ことです。,I can memorize every line of a silly song from childhood but forget a new password within ten seconds.,私は子供時代のくだらない歌の全歌詞を暗記できるのに、新しいパスワードは十秒以内に忘れる。
697,forgive,/fərˈɡɪv/,動詞,許す、勘弁する,他人の過ちや失礼、裏切りを「心から許す、水に流す」という、個人的な許しを指します。,"I decided to forgive my brother for eating my cake, right after he agreed to buy me two more.",私は自分のケーキを食べた弟を許すことにした、彼がもう二つ買うと同意したそのすぐ後に。
698,grant,/ɡrænt/,動詞、名詞,【動】与える、認める<br>【名】助成金、交付金,take A for granted（Aを当然のことと思う）というイディオムは英語学習において必須です。,"【動】The genie agreed to grant three wishes, then added so many conditions I nearly gave up on all of them.<br>【名】I applied for a research grant and received a very polite letter admiring my ambition instead.",【動】そのランプの精は三つの願いを叶えると同意し、それからあまりに多くの条件を付けたので私はほぼ全部諦めかけた。<br>【名】私は研究助成金を申請し、代わりに私の野心を称える非常に丁寧な手紙を受け取った。
699,recall,/rɪˈkɔːl/,動詞、名詞,【動】思い出す、回収する<br>【名】記憶、回収,過去のことを「思い出す」意味に加え、自動車や家電などの欠陥製品をメーカーが「回収（リコール）する」意味もあります。,"【動】I can perfectly recall an embarrassing thing I said in school, yet forget why I walked into this room.<br>【名】The company issued a recall of the toaster, which had developed a worrying interest in fireworks.",【動】学校で言った恥ずかしいことは完璧に思い出せるのに、なぜこの部屋に入ったのかは忘れる。<br>【名】その会社はトースターの回収を発表したが、それは花火への不穏な興味を抱くようになっていた。
700,outlook,/ˈaʊtlʊk/,名詞,見通し、見解、展望、人生観,経済や未来の「見通し、予後」などを表す際によく使われます。,"The weather outlook promised gentle sunshine, so naturally I planned a picnic during a surprise thunderstorm.",天気の見通しは穏やかな日差しを約束したので、当然私は突然の雷雨の最中にピクニックを計画した。
701,perspective,/pərˈspektɪv/,名詞,観点、視点、遠近法,from a ... perspective（〜の観点・視点から）というパターンで非常によく使われる重要単語です。,"From my mother's perspective, my messy desk is chaos, but from mine it is a highly advanced filing system.",母の視点からは私の散らかった机は混沌だが、私の視点からは高度に進んだ書類整理システムだ。
702,abandon,/əˈbændən/,動詞,捨てる、諦める、遺棄する,計画や土地、ペットなどを「完全に見捨てる、途中で投げ出して諦める」際に使われます。,I decided to abandon my strict diet the moment the office suddenly filled with the smell of fresh pizza.,オフィスが突然焼きたてピザの匂いで満ちた瞬間、私は厳格なダイエットを捨てることに決めた。
703,eliminate,/ɪˈlɪmɪneɪt/,動詞,排除する、取り除く、除去する,不要なもの、有害なもの、あるいは競争相手などを「完全に消し去る」ことを表します。,The new software promised to eliminate all my typing errors and instead eliminated an entire day of my work.,新しいソフトは私の入力ミスをすべて排除すると約束し、代わりに私の丸一日の仕事を排除した。
704,rid,/rɪd/,動詞、形容詞,【動】取り除く、免れさせる<br>【形】免れて,get rid of 〜（〜を処分する、取り除く、追い払う）という熟語の形で非常によく使われます。,"【動】I finally managed to rid my closet of clothes I never wear, keeping only the ones I also never wear.<br>【形】Once I was finally rid of that noisy neighbor, an even louder one moved in the very next week.",【動】着ない服をクローゼットからついに取り除くことに成功し、同じく着ない服だけを残した。<br>【名】あの騒がしい隣人からやっと免れたと思ったら、翌週にはさらにうるさい人が引っ越してきた。
705,remove,/rɪˈmuːv/,動詞,取り除く、移動させる、脱ぐ,汚れを「取り除く」、帽子を「脱ぐ」、障害物を「どかす」など、特定の場所から別の場所に物理的に動かすことを意味します。,"Please remove your shoes at the door, unless you enjoy a very serious lecture about my clean floors.",玄関で靴を脱いでください、私のきれいな床についての非常に真剣な説教を楽しみたいのでなければ。
706,resource,/ˈiːsɔːrs/,名詞,資源、財源、資質,natural resources（自然資源）や human resources（人事、人的資源）といった形で多用されます。,My greatest personal resource on a Monday morning is a large coffee and a firm refusal to check email.,月曜の朝の私の最大の個人的資源は、大きなコーヒーと、メールを確認しないという固い拒否だ。
707,conservation,/ˌɒnsəˈveɪʃn/,名詞,保護、保全、節約,主に自然環境、生物の多様性、歴史的な文化財・建造物の「保護・保全」に対して使われます。,"My grandmother's idea of water conservation is reusing the same cup for tea, coffee, and mysterious soup.",祖母の考える水の節約とは、同じカップをお茶とコーヒーと謎のスープに使い回すことだ。
708,preserve,/prɪˈzɜːrv/,動詞、名詞,【動】保存する、維持する、保護する<br>【名】ジャム、保存食品,食品や、歴史的な街並み・文化を「そのままの良好な状態で保つ」ことを意味します。,"【動】I tried to preserve the last slice of cake, but my willpower had a much shorter shelf life.<br>【名】My grandmother makes a strawberry preserve so good that guests suddenly forget their strict diets.",【動】最後のケーキ一切れを保存しようとしたが、私の意志力はずっと短い賞味期限を持っていた。<br>【名】祖母は、客が急に厳格なダイエットを忘れるほど美味しいイチゴジャムを作る。
709,disaster,/dɪˈzæstər/,名詞,災害、惨事、大失敗,地震や台風などの natural disaster（自然災害）や、個人的な「大失敗、惨事」にも口語で使われます。,My attempt to cook a romantic dinner turned into such a disaster that even the smoke alarm sounded disappointed.,ロマンチックな夕食を作ろうという試みは、煙探知機さえがっかりした音を出すほどの大失敗になった。
710,planet,/ˈlænɪt/,名詞,惑星、地球,水星や木星などの「惑星」を指すほか、our planet（私たちの地球環境）を思いやる文脈でもよく使われます。,"I like to imagine that on some distant planet, my missing socks are living happily as a united couple.",どこか遠い惑星で、私のなくした靴下たちが仲むつまじい夫婦として幸せに暮らしていると想像するのが好きだ。
711,environment,/ɪnˈvaɪrənmənt/,名詞,環境、自然環境,人を取り巻く「周囲の状況」から、守るべき「地球環境」まで広く指します。,"I try to protect the environment by walking to the store, then buying groceries wrapped in ten layers of plastic.",私は店まで歩くことで環境を守ろうとし、それからビニール十枚に包まれた食料品を買う。
712,horizon,/həˈraɪzn/,名詞,地平線、水平線、視野,地平線のほか、broaden one's horizons で「視野を広げる、新しい経験をして知見を深める」という意味になります。,"I stared dramatically at the horizon for inspiration, then remembered I had left the stove on at home.",私はひらめきを求めて劇的に地平線を見つめ、それから家でコンロをつけっぱなしにしたことを思い出した。
713,layer,/ˈleɪər/,名詞、動詞,【名】層、階層<br>【動】層にする,オゾン層（ozone layer）や、洋服を「重ね着する（layering）」という文脈でもお馴染みの言葉です。,"【名】I wore three layers of clothing to the party, and the heater turned my clever plan into slow torture.<br>【動】She likes to layer her excuses so carefully that by the end you almost thank her for being late.",【名】パーティーに三層の服を着ていったが、暖房が私の賢い計画をゆっくりとした拷問に変えた。<br>【動】彼女は言い訳をあまりに丁寧に層にするので、最後にはこちらが遅刻を感謝しかける。
714,agriculture,/ˈæɡrɪkʌltʃər/,名詞,農業、農学,土地を耕して作物を作り、家畜を育てる産業全般（第一次産業）を指します。,"My knowledge of agriculture is limited to the fact that tomatoes are, apparently and confusingly, a fruit.",農業についての私の知識は、トマトがどうやら紛らわしくも果物であるという事実に限られている。
715,crop,/krɒp/,名詞、動詞,【名】作物、収穫高<br>【動】刈り取る、短く切る,畑で栽培・収穫される農作物のことを指します。,"【名】The only crop I have ever successfully grown on my balcony is an impressive and unstoppable weed.<br>【動】I tried to crop the photo to hide the mess, but the mess simply appeared in the next corner instead.",【名】ベランダで私が唯一うまく育てた作物は、見事で止められない雑草だ。<br>【動】散らかりを隠そうと写真を刈り取ろうとしたが、散らかりは代わりに次の隅に現れただけだった。
716,soil,/sɔɪl/,名詞、動詞,【名】土、土壌<br>【動】汚す,植物が発育するための基礎、栄養素を含んだ「地面の土、土壌」を指します。,【名】My houseplant's soil looks healthier than I do after only three hours of restless midnight sleep.<br>【動】I managed to soil my white shirt with coffee exactly two minutes before the important interview.,【名】うちの観葉植物の土は、たった三時間の落ち着かない真夜中の睡眠後の私より健康そうに見える。<br>【動】大事な面接のちょうど二分前に、私は白いシャツをコーヒーで汚すことに成功した。
717,weed,/wiːd/,名詞、動詞,【名】雑草、草<br>【動】雑草を抜く,庭や農地に生える「雑草」のこと。weed out 〜 で「（不要な人や物を）排除・淘汰する」という比喩表現になります。,【名】Every weed in my garden grows faster than any actual plant I have ever paid real money for.<br>【動】I went out to weed the garden and came back with more mosquito bites than pulled weeds.,【名】私の庭のどの雑草も、実際にお金を払って買ったどの植物より速く育つ。<br>【動】庭の雑草を抜きに出たのに、抜いた雑草より多くの蚊に刺されて帰ってきた。
718,pollen,/ˈpɒlən/,名詞,花粉,花粉症を hay fever と呼び、そのアレルギーの原因物質としての「花粉」を指します。,"Every spring, the pollen arrives and turns my confident face into a sneezing, weeping monument to misery.",毎年春、花粉が到来し、自信ある私の顔をくしゃみと涙にまみれた悲惨さの記念碑に変える。
719,drown,/draʊn/,動詞,おぼれ死ぬ、おぼれさせる、かき消す,水中でおぼれて亡くなることを示す動詞です。大きな音で他の音を「かき消す」比喩的意味もあります。,"I tried to drown my sorrows in ice cream, but the sorrows learned to swim surprisingly well.",私はアイスクリームで悲しみをおぼれさせようとしたが、悲しみは驚くほどうまく泳ぎを覚えた。
720,leak,/liːk/,動詞、名詞,【動】漏れる、漏らす<br>【名】漏れ、漏洩,水やガスが「漏れる」ことだけでなく、企業や政界の秘密情報が外部に「漏れる（リークする）」際にも使われます。,【動】My old roof will leak only during the exact five minutes I am proudly showing guests around.<br>【名】A tiny leak in the boat is still a very convincing reason to stop pretending you can relax.,【動】うちの古い屋根は、客に自慢げに案内しているちょうどその五分間だけ雨漏りする。<br>【名】ボートの小さな漏れは、リラックスできるふりをやめる十分に説得力ある理由だ。
721,climate,/ˈklaɪmət/,名詞,気候、風潮,日々の具体的な天気（weather）ではなく、その地域の長期的で大局的な「気候」を指します。,My office has an unofficial climate policy of freezing in summer and mysteriously overheating in winter.,うちのオフィスには、夏は凍え冬は謎に暑くなるという非公式の気候方針がある。
722,atmosphere,/ˈætməsfɪər/,名詞,雰囲気、大気,部屋やお店などの「空間が醸し出すムード（雰囲気）」のほか、地球を取り巻く「大気圏」を指します。,The restaurant had a lovely romantic atmosphere until the couple at the next table began arguing about parking.,そのレストランは素敵なロマンチックな雰囲気だったが、隣のテーブルのカップルが駐車について口論し始めるまでだった。
723,forecast,/ˈfɔːrkæst/,名詞、動詞,【名】予報、予測<br>【動】予報する、予測する,weather forecast（天気予報）や sales forecast（売上予測）などの組み合わせが代表的です。,"【名】The weather forecast said sunny all week, so naturally I have carried a broken umbrella every single day.<br>【動】Experts confidently forecast the trend would fade, and it promptly became the biggest craze of the year.",【名】天気予報は一週間ずっと晴れと言ったので、当然私は毎日壊れた傘を持ち歩いている。<br>【動】専門家はその流行が消えると自信満々に予測し、それは即座にその年最大のブームになった。
724,humid,/ˈhjuːmɪd/,形容詞,湿気のある、むしむしする,日本の夏のように「湿度が高くて、じめじめ・むしむしと不快な」気候を表す際に使われます。名詞形は humidity。,The room was so humid that my carefully styled hair transformed into an ambitious modern art sculpture.,部屋があまりに湿気があったので、丁寧にセットした私の髪は野心的な現代美術の彫刻に変身した。
725,tropical,/ˈtrɒpɪkl/,形容詞,熱帯の、熱帯地方の,赤道近くの暑い地域を指します。tropical rainforest（熱帯雨林）などでよく見られます。,"I bought a tropical plant to feel relaxed, and now I nervously check its leaves like an anxious parent.",リラックスするため熱帯植物を買ったが、今や私は不安な親のようにその葉を神経質に確認している。
726,solar,/ˈsoʊlər/,形容詞,太陽の、太陽光による,solar panel（太陽光パネル）や solar system（太陽系）といった表現でよく使われます。,"I installed a small solar light in the garden, and it now shines proudly on absolutely nothing important.",庭に小さな太陽光ライトを設置したが、それは今や重要でもない何もない場所を誇らしげに照らしている。
727,species,/ˈspiːʃiːz/,名詞,（生物分類上の）種,単数形・複数形ともに同じスペル（species）です。主語に置く際は、単数扱いか複数扱いかに注意してください。,"Scientists discovered a new species of frog, and it immediately became more famous online than most celebrities.",科学者たちはカエルの新種を発見し、それは即座にほとんどの有名人よりネット上で有名になった。
728,pesticide,/ˈpestɪsaɪd/,名詞,農薬、殺虫剤,農地などで害虫（pest）を駆除するための薬剤（殺虫剤・除草剤など）を指します。,"I sprayed pesticide on one small bug, and the entire insect community apparently held an emergency meeting outside.",小さな虫一匹に農薬をまいたら、昆虫界全体がどうやら外で緊急会議を開いたようだ。
729,extinct,/ɪkˈstɪŋkt/,形容詞,絶滅した、活動を停止した,go extinct で「絶滅する」という意味になります。名詞形は extinction です。,My motivation to exercise becomes extinct roughly two days after I proudly buy expensive new running shoes.,運動しようという私のやる気は、高価な新しいランニングシューズを誇らしげに買ったおよそ二日後に絶滅する。
730,feed,/fiːd/,動詞、名詞,【動】エサをやる、養う、食べる<br>【名】エサ、フィード,動物に「エサをやる」、家族を「養う」のほか、be fed up with 〜 で「〜にうんざりしている」という頻出イディオムになります。,"【動】I only need to feed my cat once, but it will convince every visitor it has never been fed in its life.<br>【名】The bag of premium bird feed I bought is now enjoyed exclusively by three very smug squirrels.",【動】猫にエサをやるのは一度でいいのに、猫はどの訪問者にも一生エサをもらったことがないと信じ込ませる。<br>【名】私が買った高級な鳥のエサの袋は、今や三匹の非常に得意げなリスに独占的に楽しまれている。
731,energetic,/ˌenərˈdʒetɪk/,形容詞,精力的な、エネルギーに満ちた,活動的で元気あふれる人や様子、活発な運動などを表します。名詞形は energy。,My dog is unbelievably energetic at midnight and mysteriously exhausted the moment I suggest a morning walk.,うちの犬は真夜中に信じられないほど精力的で、朝の散歩を提案した瞬間に謎に疲れ果てる。
732,greedy,/ˈɡriːdi/,形容詞,貪欲な、欲張りな,お金、食べ物、権利などを過度・強欲に欲しがるネガティブなニュアンスを含みます。,The seagull was so greedy that it stole an entire sandwich and then loudly demanded my drink as well.,そのカモメはあまりに貪欲で、サンドイッチを丸ごと盗み、それから私の飲み物まで大声で要求した。
733,brave,/breɪv/,形容詞、動詞、名詞,【形】勇敢な、勇気のある<br>【動】立ち向かう<br>【名】勇敢な人,恐怖や危険に臆することなく立ち向かう気質を表します。名詞形は bravery（勇敢さ）。,"【形】I felt very brave about trying the spicy dish until the first bite rearranged my entire personality.<br>【動】He decided to brave the crowded sale, and returned home with a lamp he definitely did not need.<br>【名】Only a true brave would dare to reply to the group chat after everyone has gone completely silent.",【形】その辛い料理に挑戦することにとても勇敢な気分だったが、最初の一口が私の人格全体を並べ替えた。<br>【動】彼は混雑したセールに立ち向かうことを決め、絶対に要らないランプを持って帰宅した。<br>【名】全員が完全に沈黙した後にグループチャットへ返信する勇気があるのは、真の勇者だけだ。
734,generous,/ˈdʒenərəs/,形容詞,寛大な、気前のよい、寛容な,お金や時間を他人のために惜しみなく差し出す様子、または心が広く過ちを許す気質を指します。名詞形は generosity。,My friend is so generous with advice that he offers detailed solutions to problems I did not even mention.,私の友人はアドバイスにあまりに気前がよく、私が口にすらしていない問題に詳細な解決策を差し出す。
735,intellectual,/ˌɪntəˈlektʃuəl/,形容詞、名詞,【形】知的な、理性の<br>【名】知識人、インテリ,感情ではなく、思考力や学術的な「知性」に重きを置くことを表します。,【形】I try to sound intellectual at dinner parties by nodding slowly and repeating the last word anyone said.<br>【名】The panel of intellectuals argued for an hour and elegantly concluded that further discussion was needed.,【形】ディナーパーティーでは、ゆっくりうなずき誰かの最後の言葉を繰り返すことで知的に聞こえようとする。<br>【名】知識人のパネルは一時間議論し、さらなる議論が必要だと優雅に結論づけた。
736,curious,/ˈkjʊəriəs/,形容詞,好奇心の強い、奇妙な,be curious about 〜（〜に興味がある、知りたいと思う）の形でよく使われます。「奇妙な、変な（odd）」という意味もあります。,My cat is so curious that it must personally inspect every single box before deciding to ignore it forever.,うちの猫はあまりに好奇心が強く、永遠に無視すると決める前にすべての箱を自ら検査せねばならない。
737,imaginative,/ɪˈmædʒɪnətɪv/,形容詞,想像力豊かな、独創的な,新しいアイデアを豊かに思いつく能力があることを意味します。imaginary（想像上の）との違いに注意。,"My nephew is so imaginative that a single cardboard box became a spaceship, a castle, and a legal courtroom.",甥はあまりに想像力豊かで、一つの段ボール箱が宇宙船にも城にも法廷にもなった。
738,afford,/əˈfɔːrd/,動詞,〜する余裕がある、与える,通常 can と一緒に can afford to do（〜する（金銭的・時間的）余裕がある）のパターンで用いられます。,"I can easily afford the cheap plane ticket, but I clearly cannot afford the ten-hour layover in an airport chair.",安い航空券を買う余裕は十分にあるが、空港の椅子での十時間の乗り継ぎに耐える余裕は明らかにない。
739,eager,/ˈiːɡər/,形容詞,熱心な、〜したがっている,be eager to do（しきりに〜したがる）、be eager for A（Aを切望する）の形でよく使われます。,"My dog is always eager to go outside, right up until it feels a single drop of rain on its nose.",うちの犬はいつも外に出たがっているが、それは鼻に雨のひと粒を感じるその瞬間までのことだ。
740,selfish,/ˈselfɪʃ/,形容詞,利己的な、わがままな,他人のことを顧みず、自分のことばかりを優先する様子を指します。,It is not selfish to eat the last cookie; it is simply protecting others from a difficult decision.,最後のクッキーを食べるのは利己的ではない、単に他人を難しい決断から守っているだけだ。
741,aggressive,/əˈɡresɪv/,形容詞,攻撃的な、積極的な,ネガティブな「けんか腰で攻撃的な」意味のほか、ビジネスでの「意欲的で積極的な（やり手の）」という良い意味でも使われます。,The pigeon became so aggressive about my sandwich that I began to question who the picnic truly belonged to.,そのハトは私のサンドイッチについてあまりに攻撃的になり、私はこのピクニックが本当は誰のものかを疑い始めた。
742,cruel,/ˈkruːəl/,形容詞,残酷な、冷酷な,他者や動物に対して意図的に苦痛を強いるような、思いやりのない気質を指します。名詞形は cruelty。,"Setting an alarm for a weekend morning is a uniquely cruel thing to do to your future, innocent self.",週末の朝に目覚ましをセットするのは、未来の無邪気な自分に対する類まれに残酷な行為だ。
743,addicted,/əˈdɪktɪd/,形容詞,中毒になって、病みつきになって,be addicted to 〜（〜の中毒である、依存している）の形で用いられ、ゲームや薬物などのほか、趣味への没頭にも使われます。,I am now fully addicted to a phone game whose only goal is to make a cartoon cat mildly happy.,私は今や、漫画の猫をほどほどに幸せにすることだけが目的のスマホゲームに完全に病みつきだ。
744,stubborn,/ˈstʌbərn/,形容詞,頑固な、強情な、不屈の,他人の助言や反対があっても、頑なに自分の意見や方針を変えない様子を指します。,My old printer is so stubborn that it refuses to work until I threaten it with a brand new replacement.,うちの古いプリンターはあまりに頑固で、真新しい後継機で脅すまで動くのを拒む。
745,bold,/boʊld/,形容詞,大胆な、力強い、勇敢な,恐れることなく新しい挑戦をしたり、人目を引く思い切った行動をとる様子を表します。,"It was a bold choice to wear white to a spaghetti dinner, and my shirt paid the full and tragic price.",スパゲッティの夕食に白を着るのは大胆な選択で、私のシャツは全額かつ悲劇的な代償を払った。
746,guilty,/ˈɡɪlti/,形容詞,有罪の、罪の意識がある,be guilty of 〜（〜で有罪である、〜の罪悪感に苛まれている）の形でよく使われます。対義語は innocent。,"I felt strangely guilty about eating the last slice, so I heroically ate the second-to-last one as well.",最後の一切れを食べることに妙な罪の意識を感じたので、私は英雄的に最後から二番目もついでに食べた。
747,innocent,/ˈɪnəsnt/,形容詞、名詞,【形】無罪の、無邪気な、純真な<br>【名】無実の人,罪を犯していない「無罪」のほかに、世間の汚れを知らない「純真で騙されやすい」ニュアンスも持ちます。,"【形】My dog gave me an innocent look so convincing that I nearly apologized to the shoe he had destroyed.<br>【名】In every family argument, the youngest child is instantly declared the innocent, no matter the evidence.",【形】うちの犬はあまりに説得力ある無邪気な顔をしたので、私は破壊された靴のほうに謝りかけた。<br>【名】どの家族げんかでも、末っ子はどんな証拠があろうと即座に無実の人だと宣言される。
748,sincere,/sɪnˈsɪər/,形容詞,誠実な、心からの,偽りがなく真面目な様子を指します。手紙の結びの「Sincerely yours（敬具）」でもお馴染みです。,His apology sounded so sincere that I almost forgot he was apologizing for eating my clearly labeled lunch.,彼の謝罪はあまりに誠実に聞こえたので、彼が私の名前入りの昼食を食べたことを謝っているのをほぼ忘れかけた。
749,modest,/ˈmɒdɪst/,形容詞,控えめな、謙虚な、適度な,自分の能力を誇張しない態度や、規模・金額などが「多すぎず、ささやかで適度な」様子を表します。,"He is remarkably modest about his cooking, right up until someone finally compliments a single grain of rice.",彼は自分の料理について著しく謙虚だが、それは誰かがついに米一粒を褒めるその瞬間までのことだ。
750,stupid,/ˈstjuːpɪd/,形容詞,愚かな、ばかげた,判断力や配慮を欠いた、おろかしい行動や考えを侮蔑的に表す語です。,"It felt stupid to reread that message ten times, but I did it anyway to be absolutely, painfully sure.",そのメッセージを十回読み返すのは愚かに感じたが、絶対に、痛いほど確実にするため、私はとにかくそうした。
751,indifferent,/ɪnˈdɪfrənt/,形容詞,無関心な、どうでもよい、平凡な,be indifferent to 〜（〜に無関心である、冷淡である）の形で非常によく用いられます。,"I tried to look completely indifferent about the exam results, while my sweaty hands told a very different story.",試験結果に完全に無関心なふりをしようとしたが、汗ばんだ手はまったく別の物語を語っていた。
752,punctual,/ˈpʌŋktʃuəl/,形容詞,時間を守る、時間を厳守する,締め切りや、待ち合わせの時間、電車の運行ダイヤなどが「きっちりと時間を守る」ことを指します。,He is so punctual that he arrives ten minutes early and then complains that everyone else is somehow late.,彼はあまりに時間を守るので、十分早く到着し、それから他の皆がなぜか遅刻していると文句を言う。
753,coward,/ˈaʊərd/,名詞、形容詞,【名】臆病者、意気地なし<br>【形】臆病な,恐怖や苦痛に対して立ち向かう勇気がない人を指す、やや侮蔑的なニュアンスを持つ単語です。,"【名】I am a proud coward when it comes to horror films, and I watch them mainly through my own fingers.<br>【形】Something turned me into a coward little mouse the moment the dentist gently picked up the drill.",【名】ホラー映画に関しては私は誇り高き臆病者で、主に自分の指の隙間からそれを見る。<br>【形】歯医者がそっとドリルを手に取った瞬間、何かが私を臆病な小ネズミに変えた。
754,precise,/prɪˈsaɪs/,形容詞,正確な、精密な、厳格な,細部や数値、ルールに至るまで完全に「きっちりと合致している」ことを表します。名詞形は precision です。,She gave such precise directions that I still managed to get lost in a strangely creative and personal way.,彼女はあまりに正確な道案内をくれたのに、私はそれでも妙に独創的で個人的な方法で迷子になることに成功した。
755,accurate,/ˈækjərət/,形容詞,正確な、狂いのない,計測値や事実関係、データなどが「真実に対して間違いがない（狂いがない）」ことを表します。,My weather app is so accurate that it correctly predicts rain exactly one hour after I get completely soaked.,私の天気アプリはあまりに正確で、私がずぶ濡れになったちょうど一時間後に雨を正しく予測する。
756,proper,/ˈprɒpər/,形容詞,適切な、ふさわしい、固有の,社会的なマナー、礼儀、あるいは目的やルールに「きちんと適っている」状態を指します。,"There is a proper way to load the dishwasher, and my family has argued about it for three long generations.",食器洗い機の正しい入れ方というものがあり、我が家は三世代にわたってそれについて争ってきた。
757,tidy,/ˈtaɪdi/,形容詞、動詞,【形】きちんとした、整然とした<br>【動】片付ける,部屋や机の上がきれいに「整理整頓されている」様子を指します。動詞として tidy up 〜 の形でもよく使われます。,"【形】I keep my desk perfectly tidy by moving every single messy thing into one heroically overflowing drawer.<br>【動】I promised to tidy my room this weekend, a promise I have faithfully renewed for six straight weekends.",【形】私は散らかったものをすべて英雄的にあふれる一つの引き出しに移すことで、机を完璧にきちんと保っている。<br>【動】今週末に部屋を片付けると約束したが、それは六週連続で忠実に更新してきた約束だ。
758,efficient,/ɪˈfɪʃnt/,形容詞,効率的な、有能な,時間、資金、労力を無駄にすることなく、スムーズに高い成果を出せる様子を指します。名詞形は efficiency。,My most efficient work happens in the ten minutes right before a deadline that I swore I would never leave.,私の最も効率的な仕事は、二度と直前にはしないと誓った締め切りの、ちょうど十分前に起こる。
759,reasonable,/ˈriːznəbl/,形容詞,理にかなった、適正な、（価格が）手頃な,主に価格について「品質に対して納得のいく、安くてお得な」という意味で日常的に多用されます。,The price seemed reasonable until I noticed the delivery fee quietly cost more than the actual item itself.,その値段は手頃に見えたが、配送料が商品本体より静かに高いことに気づくまでのことだった。
760,significant,/sɪɡˈnɪfɪkənt/,形容詞,重要な、重大な、かなりの,その影響力や数量が「著しく、見過ごせないほど大きい」ことを表します。名詞形は significance。,There is a significant difference between my ambitious weekend plans and the nap I actually and gloriously take.,私の野心的な週末の計画と、私が実際に栄光とともにとる昼寝の間には、重要な違いがある。
761,precious,/ˈpreʃəs/,形容詞,貴重な、高価な、大切な,かけがえのない時間（precious time）や、precious metals（貴金属）などの表現で使われます。,"My time on Sunday morning is precious, which is exactly why I spend it doing absolutely nothing on purpose.",日曜の朝の私の時間は貴重で、だからこそ私はそれを意図的に何もせず過ごす。
762,essential,/ɪˈsenʃl/,形容詞、名詞,【形】不可欠な、極めて重要な、本質的な<br>【名】本質、不可欠なもの,be essential to/for 〜（〜に不可欠である）の形で頻出します。名詞形は essentials（必需品）などの複数形でも使われます。,"【形】Coffee is an essential part of my morning, mostly so I can remember why the coffee felt so essential.<br>【名】I packed the bare essentials for the trip, then somehow needed a second suitcase for my snacks alone.",【形】コーヒーは私の朝に不可欠な要素で、主にコーヒーがなぜそんなに不可欠に感じたかを思い出すためだ。<br>【名】旅行に最低限の必需品だけ詰めたのに、なぜかお菓子だけで二つ目のスーツケースが必要になった。
763,fundamental,/ˌfʌndəˈmentl/,形容詞、名詞,【形】基本的な、根本的な、根源的な<br>【名】基本、原則,物事の土台となるような「もっとも根底にある重要な部分」を指します。,【形】The most fundamental rule of my kitchen is that the fire alarm is basically my personal cooking timer.<br>【名】He explained the fundamentals of chess so patiently that I lost only slightly slower than usual.,【形】私のキッチンの最も基本的なルールは、火災報知器が基本的に私の料理タイマーだということだ。<br>【名】彼はチェスの基本をあまりに辛抱強く説明したので、私はいつもよりほんの少しだけ遅く負けた。
764,outweigh,/ˌaʊtˈweɪ/,動詞,〜に勝る、〜より価値がある、〜より重い,The benefits outweigh the risks.（メリットがリスクを上回る）のような対比の文脈でよく登場します。,The joy of the free dessert clearly did not outweigh the horror of the two-hour presentation attached to it.,無料のデザートの喜びは、それに付いてきた二時間のプレゼンの恐怖には明らかに勝らなかった。
765,critical,/ˈkrɪtɪkl/,形容詞,批判的な、重大な、危機的な,play a critical role（重大な役割を果たす）や、患者が「重体である（in critical condition）」などの使われ方があります。,My relatives become deeply critical of my life choices at exactly the moment I open my mouth to eat.,親戚たちは、私が食べようと口を開けるちょうどその瞬間に、私の人生の選択に対して深く批判的になる。
766,serious,/ˈsɪəriəs/,形容詞,深刻な、重大な、真面目な,serious illness（重病）や、日常会話の Are you serious?（本気ですか？）など、多様な文脈で使われます。,I was in serious trouble the moment I confidently told the mechanic that the strange noise was probably nothing.,その奇妙な音はたぶん何でもないと整備士に自信満々に言った瞬間、私は深刻な問題に陥った。
767,complex,/ˈkɒmpleks/ (形)<br>/ˈkɒmpleks/ (名),形容詞、名詞,【形】複雑な、複合的な<br>【名】複合施設、強迫観念（コンプレックス）,複数の要素が絡み合って複雑な状態を指します。また「ショッピングモール等の複合ビル」も complex と呼びます。,【形】The instructions were so complex that assembling one small shelf became my entire personality for a weekend.<br>【名】I developed a serious complex about my cooking after even the smoke alarm started sounding disappointed.,【形】説明書があまりに複雑で、小さな棚一つの組み立てが週末の間の私の全人格になった。<br>【名】煙探知機さえがっかりした音を出し始めた後、私は料理について深刻なコンプレックスを抱いた。
768,complicated,/ˈɒmplɪkeɪtɪd/,形容詞,複雑な、込み入った、分かりにくい,complex よりも、主観的に「（こじれていて）ややこしい、面倒くさい」というニュアンスを含んで使われることが多いです。,My simple plan to buy milk somehow became complicated the moment I entered the store and forgot everything.,牛乳を買うという私の単純な計画は、店に入って全部忘れた瞬間になぜか複雑になった。
769,delicate,/ˈdelɪkət/,形容詞,繊細な、壊れやすい、微妙な,物理的に壊れやすい（delicate glass）だけでなく、扱いが難しい「デリケートな問題（delicate issue）」にも使われます。,The situation was so delicate that one wrong word could have started a family war lasting several holidays.,その状況はあまりに繊細で、一言間違えれば数回の祝日にわたる家族戦争を始めかねなかった。
770,plain,/pleɪn/,形容詞、名詞,【形】明白な、平易な、飾りのない、地味な<br>【名】平原、平野,plain water（ただの水・お湯）や、in plain English（わかりやすい英語で）といった使い方があります。,"【形】It was plain to everyone that I had no idea what I was doing, except, of course, to me.<br>【名】The road stretched across the empty plain so straight that even my restless dog eventually fell asleep.",【形】私が何をしているのか全く分かっていないことは、もちろん私を除いて、皆に明白だった。<br>【名】道はあまりにまっすぐ空っぽの平原を横切っていたので、落ち着きのないうちの犬さえついに眠り込んだ。
771,obvious,/ˈɒbviəs/,形容詞,明白な、明らかな、一目瞭然な,誰が見ても疑う余地がないほど「はっきりしている」ことを指します。副詞形 obviously も非常に頻出します。,It was obvious the surprise was ruined the moment everyone shouted before I had even opened the front door.,私が玄関を開ける前に全員が叫んだ瞬間、サプライズが台無しになったのは明白だった。
772,remarkable,/rɪˈmɑːrkəbl/,形容詞,注目すべき、著しい、素晴らしい,凡庸ではなく、特筆して注目・賞賛する価値があるほどの成果や変化を表します。,It is remarkable how quickly I can find energy to cook when someone else offers to wash all the dishes.,誰かが皿を全部洗うと申し出たとき、私が料理する気力をどれほど速く見つけられるかは注目に値する。
773,outstanding,/aʊtˈstændɪŋ/,形容詞,傑出した、目立つ、未払いの,「ずば抜けて優秀な（目立つ）」という意味のほか、ビジネス実務では「未決済の（outstanding balance：未払残高）」の意でも使われます。,"My ability to fall asleep during any movie I personally chose is, frankly, an outstanding and reliable talent.",自分で選んだどんな映画中でも眠りに落ちる私の能力は、率直に言って傑出した信頼できる才能だ。
774,various,/ˈveəriəs/,形容詞,さまざまな、多様な、いくつかの,いくつかの異なる種類が存在することを表します。後ろには原則として複数名詞が続きます。,"I gave various excuses for being late, and my boss patiently rated each one on originality and pure creativity.",私は遅刻についてさまざまな言い訳をし、上司はそれぞれを独創性と純粋な創造性で辛抱強く採点した。
775,diversity,/daɪˈvɜːrsəti/,名詞,多様性、雑多,近年ビジネスや社会活動でよく耳にする「ダイバーシティ（多様性の受け入れ）」の原語です。,"My playlist has amazing diversity, ranging all the way from one sad song to that same sad song again.",私のプレイリストは驚くべき多様性を持ち、一つの悲しい歌から同じ悲しい歌まで幅広くそろっている。
776,sort,/sɔːrt/,名詞、動詞,【名】種類<br>【動】分類する、整理する,what sort of 〜（どのような種類の〜）や、口語での sort of 〜（多少、どちらかといえば）の形で非常によく使われます。,"【名】He is exactly the sort of friend who helps you move and then never lets you forget it, not once.<br>【動】I tried to sort my emails into neat folders and created a brand new folder simply called various things.",【名】彼はまさに、引っ越しを手伝ってくれてそれから一度もそれを忘れさせてくれない種類の友人だ。<br>【動】メールをきれいなフォルダに分類しようとして、私は単に「いろいろ」という名の新しいフォルダを作った。
777,marvelous,/ˈmɑːrvələs/,形容詞,驚くべき、素晴らしい、見事な,驚嘆を禁じ得ないほど「素晴らしい、見事な」様子を伝える形容詞です。,"The cake looked marvelous in the photo, and mine looked like a marvelous attempt by someone with no hands.",そのケーキは写真では見事に見えたが、私のは手のない人による見事な試みのように見えた。
778,active,/ˈæktɪv/,形容詞,活動的な、積極的な、有効な,元気に動き回る様子のほか、play an active role（積極的な役割を果たす）という形で非常によく用いられます。,"I stay very active on weekends, mostly by actively deciding which comfortable chair to relax in for hours.",私は週末とても活動的で、主にどの快適な椅子で何時間もくつろぐかを積極的に決めている。
779,positive,/ˈɒzətɪv/,形容詞,肯定的な、積極的な、前向きな、陽性の,negative の対義語。前向きな考え方や、医療・検査において反応があった「陽性」を指します。,"I try to stay positive about Mondays, which is my brave and daily battle against overwhelming statistical evidence.",私は月曜について前向きでいようとするが、それは圧倒的な統計的証拠に対する私の勇敢で日々の戦いだ。
780,pure,/pjʊər/,形容詞,純粋な、混ざりもののない、全くの,pure water（純水）や、pure luck（まったくの運、まぐれ）といった表現があります。,"My intentions to save money are always pure, right up until a shop announces a limited-time sale nearby.",お金を貯めようという私の意図はいつも純粋だが、それは店が近くで期間限定セールを発表するその瞬間までだ。
781,steady,/ˈstedi/,形容詞、副詞、名詞、動詞,【形】着実な、安定した、一定の<br>【副】しっかりと<br>【名】決まった恋人<br>【動】安定させる,steady progress（着実な進歩）や steady job（安定した仕事）などのコロケーションが定番です。,"【形】My income is steady, my expenses are steady, and somehow the gap between them steadily grows every month.<br>【副】I held the ladder steady for my brother, right up until a passing butterfly demanded my full attention.<br>【名】He introduced her proudly as his steady, and she introduced him as a guy she had met twice.<br>【動】I tried to steady my hands before the presentation, and they responded with an enthusiastic drum solo.",【形】私の収入は安定し、支出も安定しているのに、なぜかその差は毎月着実に広がる。<br>【副】弟のためにはしごをしっかり支えていたが、通りかかった一匹の蝶が私の全注意を要求するまでのことだった。<br>【名】彼は誇らしげに彼女を決まった恋人だと紹介し、彼女は彼を二度会った男だと紹介した。<br>【動】プレゼン前に手を安定させようとしたら、手は熱のこもったドラムソロで応えた。
782,flexible,/ˈfleksəbl/,形容詞,柔軟な、曲げやすい、融通のきく,物理的な柔らかさだけでなく、スケジュールや人の考え方、勤務体系などが「柔軟である」際にも用いられます。,"My schedule is very flexible, which mostly means I can procrastinate on any task at absolutely any hour.",私のスケジュールはとても柔軟で、それは主にどんな作業もいつでも先延ばしにできるという意味だ。
783,ripe,/raɪp/,形容詞,（果物などが）熟した、期が熟した,果物などが食べ頃を迎えていることや、計画やタイミングが「十分に成熟している」状態を指します。,"I waited days for the avocado to be perfectly ripe, and it went from rock hard to ruined during my lunch break.",アボカドが完璧に熟すのを何日も待ったのに、それは私の昼休みの間に石のように硬い状態から腐った状態になった。
784,stable,/ˈsteɪbl/,形容詞、名詞,【形】安定した、変動のない<br>【名】馬小屋,経済、天候、情緒、または患者の容態（stable condition：安定した状態）などが落ち着いていることを表します。,【形】My internet connection is stable exactly until the most important moment of any video call I ever join.<br>【名】He spends more time cleaning the horse's stable than he ever spends cleaning his own messy bedroom.,【形】私のネット接続は、参加するどんなビデオ通話でも最も重要な瞬間まではきっちり安定している。<br>【名】彼は自分の散らかった寝室を掃除するより、馬小屋を掃除するのにずっと多くの時間を費やす。
785,negative,/ˈneɡətɪv/,形容詞、名詞,【形】否定的な、消極的な、陰性の<br>【名】否定、ネガ,positive の対義語。悪い側面ばかりを見る態度や、医療・検査における「陰性（反応なし）」を指します。,"【形】I tried to stay open-minded, but the online reviews were so negative that even the seller seemed apologetic.<br>【名】For every one of my bright ideas, my cautious brother instantly presents a detailed and organized negative.",【形】広い心でいようとしたが、ネットのレビューがあまりに否定的で、売り手さえ申し訳なさそうに見えた。<br>【名】私の明るいアイデア一つ一つに対し、慎重な弟は即座に詳細で整理された否定を提示する。
786,vague,/veɪɡ/,形容詞,曖昧な、漠然とした、かすんだ,記憶、返答、輪郭などがはっきりせず、ぼやけているニュアンスを持ちます。,His directions were so vague that I ended up in a completely different town but with a lovely new view.,彼の道案内はあまりに曖昧で、私は全く別の町にたどり着いたが、素敵な新しい景色付きだった。
787,weird,/wɪərd/,形容詞,奇妙な、風変わりな、不気味な,日常会話で strange よりもさらに「（不気味に、またはおかしな意味で）変な、奇妙な」と言いたい時によく使われます。,"It felt weird to eat alone at the fancy restaurant, so I confidently pretended to be a very serious food critic.",高級レストランで一人で食べるのは奇妙に感じたので、私は自信満々に非常に真剣な料理評論家のふりをした。
788,rough,/rʌf/,形容詞、副詞、名詞、動詞,【形】表面が粗い、大体の、荒々しい<br>【副】手荒に<br>【名】ラフ（下書き）<br>【動】荒れる,rough road（でこぼこ道）のほか、rough estimate（大まかな見積もり）や rough sketch（下書き）などにも使われます。,"【形】My rough plan for the day was simply to survive it and then quietly reward myself with too much cake.<br>【副】Life has been playing pretty rough with my houseplants, and only the plastic one still looks confident.<br>【名】I showed my boss a rough of the design, and he somehow approved it faster than the polished final one.<br>【動】The sea began to rough up so suddenly that even the seagulls looked like they wanted to go home.",【形】その日の私の大まかな計画は、単にそれを生き延び、それからケーキの食べ過ぎで静かに自分を褒めることだった。<br>【副】人生は私の観葉植物をかなり手荒に扱ってきて、造花だけがまだ自信ありげに見える。<br>【名】上司にデザインの下書きを見せたら、彼はなぜか磨き上げた最終版より速くそれを承認した。<br>【動】海があまりに突然荒れ始めたので、カモメさえ家に帰りたそうに見えた。
789,severe,/sɪˈvɪər/,形容詞,厳しい、深刻な、激しい,severe weather（厳しい悪天候）や severe pain（激痛）、severe criticism（厳しい批判）など、悪い状況が非常に激しいことを指します。,The teacher's look was so severe that the entire class suddenly remembered homework none of them had done.,先生の表情があまりに厳しかったので、クラス全員が誰もやっていない宿題を突然思い出した。
790,passive,/ˈpæsɪv/,形容詞,受動的な、消極的な、おとなしい,自分から進んで行動を起こさない様子。文法用語の「受動態（被動詞：passive voice）」の由来です。,"My role in group projects tends to be passive, mostly consisting of nodding wisely and agreeing with everyone.",グループ課題での私の役割は受動的になりがちで、主に賢そうにうなずき皆に賛成することで成り立っている。
791,vain,/veɪn/,形容詞,無駄な、虚しい、自惚れた,in vain で「無駄に、効果なく」という重要な熟語になります。例：All our efforts were in vain.（努力はすべて無駄になった）。,All my brave efforts to look calm were completely in vain the moment my stomach growled during the silent exam.,静かな試験中に腹が鳴った瞬間、落ち着いて見せようとする私の勇敢な努力はすべて完全に無駄になった。
792,fake,/feɪk/,形容詞、名詞、動詞,【形】偽物の、偽の<br>【名】偽物、詐欺師<br>【動】〜を偽造する、偽装する,fake news（フェイクニュース）や fake leather（合皮）などで身近な表現です。,"【形】My smile in the family photo was completely fake, because someone had just stepped firmly on my foot.<br>【名】The designer bag turned out to be a fake, which honestly still held my snacks perfectly well.<br>【動】I tried to fake enthusiasm for the meeting, and apparently my acting career ended before it ever began.",【形】家族写真での私の笑顔は完全に偽物だった、誰かがちょうど私の足をしっかり踏んだからだ。<br>【名】そのブランドバッグは偽物だと判明したが、正直それでも私のお菓子を完璧に収めてくれた。<br>【動】会議への熱意を偽装しようとしたが、どうやら私の演技人生は始まる前に終わったようだ。
793,risky,/ˈrɪski/,形容詞,危険な、冒険的な、危うい,失敗するリスクや損失、危険を伴う可能性が高い状況や行動を指します。,"It felt risky to trust a recipe with only one online review, and that single review was written by the chef himself.",オンラインレビューが一件だけのレシピを信じるのは危険に感じたが、そのたった一件のレビューはシェフ本人が書いたものだった。
794,odd,/ɒd/,形容詞,奇妙な、奇数の、半端な,奇妙な（strange）という意味のほか、even number（偶数）に対する odd number（奇数）としても重要です。,"It felt odd that the vending machine gave me two snacks, so I ran away before it could change its generous mind.",自販機がお菓子を二つくれたのは奇妙に感じたので、それが気前のよい気を変える前に私は走って逃げた。
795,ignorant,/ˈɪɡnərənt/,形容詞,無知な、知らない,be ignorant of 〜（〜について知らない、無知である）の形で使われます。名詞形は ignorance。,I remained blissfully ignorant of the surprise party until I loudly complained that no one remembered my birthday.,私は、誰も私の誕生日を覚えていないと大声で文句を言うまで、サプライズパーティーに幸せなほど無知だった。
796,contrast,/ˈkɒntræst/ (名)<br>/kənˈtræst/ (動),名詞、動詞,【名】対照、対比、明暗の差<br>【動】対照をなす、対比する,in contrast to A（Aと対照的に）という比較表現でよく用いられます。,【名】The contrast between my tidy online profile and my actual messy desk is honestly a small daily miracle.<br>【動】My grand weekend plans contrast sharply with the reality of me lying motionless on the same warm sofa.,【名】私の整った online プロフィールと実際の散らかった机との対比は、正直、小さな日々の奇跡だ。<br>【動】私の壮大な週末の計画は、同じ暖かいソファに微動だにせず横たわる現実と鋭く対照をなす。
797,valid,/ˈvælɪd/,形容詞,有効な、正当な、妥当な,チケット、パスポート、免許証などが「（期限内で）有効な」状態、あるいは議論や理由が「妥当な」状態を指します。,"My excuse was completely valid, which is exactly why I rehearsed it eight full times before actually using it.",私の言い訳は完全に正当だった、だからこそ実際に使う前にきっちり八回練習した。
798,rare,/reər/,形容詞,珍しい、希少な、（肉が）レアの,めったに見かけない、起こらないことを表します。副詞形は rarely（めったに〜ない）。,"It is rare for me to finish an entire book, so I proudly celebrate each one like a major life achievement.",私が一冊まるごと読み終えるのは珍しいので、私はそれぞれを人生の大きな偉業のように誇らしげに祝う。
799,casual,/ˈkæʒuəl/,形容詞,カジュアルな、形式ばらない、何気ない,服装などのカジュアルのほか、ふとした「何気ない一言（casual remark）」や「偶然の出会い」などにも使われます。,"I aimed for a casual, effortless look this morning and spent a full forty-five minutes carefully achieving it.",今朝、私は何気なく力の抜けた見た目を目指し、それを丁寧に達成するのにきっかり四十五分費やした。
800,available,/əˈveɪləbl/,形容詞,利用可能な、入手可能な、手があいている,物が「手に入る、利用できる」、あるいは人が「（時間や予定が）空いている」ことを表す非常に重要度の高い言葉です。,"The item was finally available online, so I hesitated for one proud minute and it instantly sold out forever.",その商品がついにオンラインで入手可能になったので、私は誇らしげに一分ためらい、それは即座に永遠に売り切れた。
801,practical,/ˈpræktɪkl/,形容詞,実用的な、実践的な、現実的な,理論だけでなく「実際に役立つ、現実的に応用ができる」ことを指します。対義語は theoretical（理論上の）です。,,
802,abstract,/ˈæbstrækt/ (形・名)<br>/æbˈstrækt/ (動),形容詞、名詞、動詞,【形】抽象的な<br>【名】要約、抽象画<br>【動】抽出する、要約する,具体的（concrete）の対義語です。学術論文の冒頭にある「要約」も abstract（アブストラクト）と呼びます。,,
803,brand-new,/ˌbrænd ˈnuː/,形容詞,真新しい、新品の,まったく使用されていない、工場から出荷されたばかりのような完全な「新品」を表します。,,
804,secondhand,/ˌsekəndˈhænd/,形容詞、副詞,【形】中古の、また聞きの、間接の<br>【副】中古で、また聞きで,secondhand shop（リサイクルショップ）や secondhand smoke（受動喫煙）などの使われ方があります。,,
805,rapid,/ˈræpɪd/,形容詞,急速な、速い,変化、進歩、成長、あるいは川の流れなどが「非常にスピーディーである」ことを指します。副詞形は rapidly。,,
806,urgent,/ˈɜːrdʒənt/,形容詞,緊急の、差し迫った,一刻を争うような、すぐに処理しなければならない状態を表します。名詞形は urgency。,,
807,shallow,/ˈʃæloʊ/,形容詞,浅い、浅はかな,水深が「浅い」という物理的な意味のほか、人の考えや議論が「浅はかで薄っぺらい」ことも意味します。,,
808,sharp,/ʃɑːrp/,形容詞、副詞、名詞,【形】鋭い、急激な、はっきりした<br>【副】きっかりに<br>【名】シャープ（記号）,sharp decrease（急激な減少）や、At 3 o'clock sharp（3時きっかりに）といった多様な表現で使われます。,,
809,calm,/kɑːm/,形容詞、名詞、動詞,【形】穏やかな、冷静な<br>【名】平穏、静けさ<br>【動】静める、落ち着く,"発音の際、""l"" はサイレント（黙字）のため「カーム」となります。海や天候が穏やかな様子、人が冷静な様子を指します。",,
810,naked,/ˈneɪkɪd/,形容詞,裸の、ありのままの,naked eye で「肉眼（顕微鏡や望遠鏡などの器具を用いない素の目）」という重要な表現になります。,,
811,independent,/ˌɪndɪˈpendənt/,形容詞,独立した、自立した,他から支配や援助を受けずに自立している状態を指します。be independent of 〜（〜から独立している）。,,
812,tense,/tens/,形容詞、名詞、動詞,【形】緊張した、張り詰めた<br>【名】時制<br>【動】緊張させる、緊張する,筋肉や場の空気がピンと「張り詰めている」様子を指します。文法用語の「時制（現在形や過去形）」も tense と呼びます。,,
813,narrow,/ˈnæroʊ/,形容詞、動詞,【形】狭い、細い<br>【動】狭める、狭まる,wide（広い）の対義語。narrow down A で「A（選択肢や候補）を絞り込む」という必須のイディオムになります。,,
814,vacant,/ˈveɪkənt/,形容詞,空いている、空席の、うつろな,ホテルなどの「空室（Vacancy）」や、空席・空き地を意味します。,,
815,vivid,/ˈvɪvɪd/,形容詞,鮮やかな、生き生きとした、鮮明な,色が「鮮やか」であることや、記憶・描写が「極めて鮮明（vivid memory）」である場合などに使われます。,,
816,awkward,/ˈɔːkwərd/,形容詞,気まずい、ぎこちない、不器用な,会話の途中の気まずい沈黙（awkward silence）や、動作が不器用でぎこちない様子を指します。,,
817,objective,/əbˈdʒektɪv/,形容詞、名詞,【形】客観的な<br>【名】目標、目的,subjective（主観的な）の対義語。ビジネスや個人活動における「客観的な目標、目的」としての名詞も非常に重要です。,,
818,manual,/ˈmænjuəl/,名詞、形容詞,【名】説明書、マニュアル<br>【形】手動の、手作業の,手で行う作業（manual labor：肉体労働、手作業）や、機械の操作説明書（ユーザーマニュアル）を意味します。,,
819,alike,/əˈlaɪk/,副詞、形容詞,【副】同様に<br>【形】似ている,look alike（似ている）や、A and B alike（AもBも同様に、両者ともに）のように用いられます。,,
820,alien,/ˈeɪliən/,形容詞、名詞,【形】外国の、異質の、宇宙の<br>【名】外国人、宇宙人,宇宙人（エイリアン）のほかに、法律用語での「在留外国人（foreign alien）」や、環境に「異質な、そぐわない」という意味もあります。,,
821,tend,/tend/,動詞,〜する傾向がある、〜しがちである、世話をする,tend to do（〜しがちである、〜する傾向がある）の形で非常に頻出する動詞です。,,
822,deserve,/dɪˈzɜːrv/,動詞,〜に値する、〜を受けるに値する,努力や成果に対して「〜をもらう価値がある」こと。You deserve it.（それだけの価値がある、自業自得だ）。,,
823,fragment,/ˈfræɡmənt/ (名)<br>/fræɡˈment/ (動),名詞、動詞,【名】破片、断片、かけら<br>【動】分裂する,ガラスや陶器などの物理的な「割れ残り・破片」や、情報の「断片」などを意味します。,,
824,range,/reɪndʒ/,名詞、動詞,【名】範囲、射程、山脈<br>【動】変動する、及ぶ,range from A to B（範囲がAからBに及ぶ、変動する）の形でよく使われます。,,
825,scale,/skeɪl/,名詞、動詞,【名】規模、尺度、天秤、うろこ<br>【動】登る、縮尺する,on a large scale（大規模に）のほか、魚や爬虫類の「うろこ」や、体重計（scales）の意味もあります。,,
826,unique,/juˈniːk/,形容詞,独特の、唯一の、比類のない,単に「珍しい・面白い」というよりは、本来は「唯一無二の、それ一つしかない」という意味を持ちます。,,
827,particular,/pərˈtɪkjələr/,形容詞、名詞,【形】特定の、特別な、好みがうるさい<br>【名】詳細,in particular（特に、とりわけ）という熟語が、副詞 particularly と並んで多用されます。,,
828,typical,/ˈtɪpɪkl/,形容詞,典型的な、代表的な,typical of 〜（〜に特有の、いかにも〜らしい）の形でよく使われます。例：It is typical of him to be late.（遅れるのはいかにも彼らしい）。,,
829,general,/ˈdʒenərəl/,形容詞、名詞,【形】一般的な、全体の、大まかな<br>【名】将軍、大将,in general（一般的に、概して）は generally と同義の重要な定型表現です。,,
830,ordinary,/ˈɔːrdnəri/,形容詞,普通の、ありふれた、平凡な,特別な特徴のない、ごく当たり前の日常的な様子を表します。対義語は extraordinary（並外れた、非凡な）です。,,
831,account,/əˈaʊnt/,名詞、動詞,【名】口座、説明、評価、重要性<br>【動】説明する、占める,account for 〜（〜の理由を説明する、〜の割合を占める）は、文法・読解問題における超重要熟語です。,,
832,calculate,/ˈælkjuleɪt/,動詞,計算する、見積もる、予測する,数値に基づいてきっちりと「計算して算出する」ことを指します。名詞形は calculation です。,,
833,measure,/ˈmeʒər/,名詞、動詞,【名】対策、手段、寸法、基準<br>【動】測る、評価する,take measures（対策を講じる）のほか、長さ、重さ、温度などを「計測する」際にも広く使われます。,,
834,decline,/dɪˈlaɪn/,動詞、名詞,【動】減少する、衰退する、断る<br>【名】減少、衰退、下落,提案や招待を「（丁寧に）辞退する、断る（refuseより丁寧）」という意味での使われ方も非常に重要です。,,
835,split,/splɪt/,動詞、名詞,【動】分ける、割る、分裂する<br>【名】分裂、割れ目,費用を「割り勘にする（split the bill）」や、グループを分割する際などに広く使われます。,,
836,volume,/ˈvɒljuːm/,名詞,音量、体積、容積、巻（本の単位）,テレビの「音量（ボリューム）」のほか、コンテナの「容積」や取引の「量（取引高など）」、書籍の「第1巻（Volume 1）」などを表します。,,
837,proportion,/prəˈpɔːrʃn/,名詞,割合、比率、つり合い,全体に対する特定の「部分の割合」を指します。in proportion to 〜（〜に比例して）。,,
838,dozen,/ˈdʌzn/,名詞、形容詞,【名】1ダース（12個）<br>【形】1ダースの,dozens of 〜 で「数十の、多数の、数多くの」という意味になります。,,
839,amount,/əˈmaʊnt/,名詞、動詞,【名】量、額、総計<br>【動】総計〜に達する,不可算名詞（数えられないもの）の「量」に対して使い、数えられるものの「数（number）」と対比されます。,,
840,mass,/mæs/,名詞、形容詞、動詞,【名】塊、大衆、質量<br>【形】大量の、大衆の,the masses（一般大衆）や mass media（マスメディア）、mass production（大量生産）などの表現で使われます。,,
841,shortage,/ˈʃɔːrtɪdʒ/,名詞,不足、欠乏,必要なものが十分にない状態。water shortage（水不足）や food shortage（食料不足）など。,,
842,enormous,/ɪˈnɔːrməs/,形容詞,巨大な、莫大な,規模、数量、金額、あるいは影響力が「極めて大きい、途方もない」様子を表します。,,
843,spare,/speər/,形容詞、名詞、動詞,【形】予備の、余分な<br>【名】予備、スペア<br>【動】割く、省く、容赦する,spare tire（スペアタイヤ）のほか、Can you spare me a few minutes?（数分お時間割いていただけますか？）のような使い方が有名です。,,
844,arrange,/əˈreɪndʒ/,動詞,整える、手配する、並べる,旅行、会議、面会などを「手配する、セッティングする」際、または物品を規則正しく「並べる」ことを意味します。,,
845,adapt,/əˈdæpt/,動詞,適応させる、適応する、改作する,adapt to 〜（〜に適応する）の自動詞用法が頻出です。adopt（採用する・養子にする）との混同に注意。,,
846,match,/mætʃ/,名詞、動詞,【名】試合、好敵手、マッチ、似合いの人<br>【動】調和する、適合する、〜に匹敵する,His tie matches his suit.（ネクタイがスーツに調和している）のように、色や柄、性質が「調和する」際に使われます。,,
847,fit,/fɪt/,形容詞、動詞、名詞,【形】適した、健康な<br>【動】（サイズ・仕様が）合う、適合する<br>【名】発作,This jacket fits me perfectly.（このジャケットは私にサイズがぴったりだ）。keep fit（健康を保つ）。,,
848,emergency,/ɪˈmɜːrdʒənsi/,名詞、形容詞,【名】緊急事態、非常事態<br>【形】緊急用の、非常用の,emergency exit（非常口）や emergency room（救急外来：ER）などの表現があります。,,
849,occasion,/əˈkeɪʒn/,名詞,機会、場合、特別な行事,特別な出来事や記念式典などを指すことが多く、on this occasion（この機会に）などの形で使われます。,,
850,accidental,/ˌæksɪˈdentl/,形容詞,偶然の、不慮の、予期せぬ,意図せず突然起こった出来事を指します。副詞形は accidentally（偶然に、誤って）。,,
851,current,/ˈkɜːrənt/,形容詞、名詞,【形】現在の、流通している<br>【名】（水・空気・電気の）流れ、電流,current status（現状）や current affairs（時事問題）などの組み合わせが定番です。,,
852,temporary,/ˈtempərəri/,形容詞,一時的な、仮の、臨時の,恒久的（permanent）の対義語。短期間のみ存続し、後で変わる前提の事柄を意味します。,,
853,permanent,/ˈpɜːrmənənt/,形容詞、名詞,【形】永久的な、不変の、終身の<br>【名】パーマ,一時的（temporary）の対義語。permanent address（本籍地、恒久的な住所）など。,,
854,previous,/ˈpriːviəs/,形容詞,以前の、前の,previous page（前のページ）や previous experience（これまでの経験）のように、基準より前の時点を指します。,,
855,former,/ˈfɔːrmər/,形容詞、名詞,【形】前の、かつての、以前の<br>【名】（the formerで）前者,the former president（前大統領）や、the former（前者）と the latter（後者）の対比表現が重要です。,,
856,contemporary,/kənˈtempəreri/,形容詞、名詞,【形】同時代の、現代の<br>【名】同時代の人,contemporary art（現代美術）や contemporary music（現代音楽）などの表現でよく使われます。,,
857,lately,/ˈleɪtli/,副詞,最近、近頃、ここ最近,主に現在完了形（have done）の疑問文、否定文、あるいは肯定文で「最近〜した」という状況で用いられます。,,
858,immediately,/ɪˈmiːdiətli/,副詞,直ちに、すぐに,時間をおかずに、その場ですぐに行動や対応を起こすことを指します。,,
859,deadline,/ˈdedlaɪn/,名詞,締め切り、期限,meet the deadline（締め切りに間に合う）、miss the deadline（締め切りに遅れる）の形でよく使われます。,,
860,decade,/ˈdekeɪd/,名詞,10年間,a decade で「10年間」、two decades で「20年間」を意味します。,,
861,supply,/səˈplaɪ/,名詞、動詞,【名】供給、必需品、蓄え<br>【動】供給する、提供する,supply A with B（AにBを供給する。provide A with B と同様）の形でよく使われます。,,
862,replace,/rɪˈpleɪs/,動詞,取り替える、取って代わる、元の場所に戻す,replace A with B（AをBに置き換える、取り替える）の形でよく用いられます。,,
863,exchange,/ɪksˈtʃeɪndʒ/,動詞、名詞,【動】交換する、両替する<br>【名】交換、両替,exchange currency（外貨両替する）や exchange opinions（意見を交わす）などの表現があります。,,
864,substitute,/ˈsʌbstɪtuːt/,名詞、動詞,【名】代理人、代用品<br>【動】代用する、代わりに用いる,substitute A for B（Bの代わりにAを代用する）の形で使われます。,,
865,submit,/səbˈmɪt/,動詞,提出する、服従する、屈する,レポートや申請書類を「提出する（hand in と同義）」のほか、強者に「屈服する（submit to A）」の意味もあります。,,
866,alternative,/ɔːlˈtɜːrnətɪv/,名詞、形容詞,【名】代替案、選択肢<br>【形】代わりの、二者択一の,alternative energy（代替エネルギー）や alternative medicine（代替医療）などの表現があります。,,
867,deliver,/dɪˈlɪvər/,動詞,配達する、届ける、（演説を）する,deliver a package（荷物を届ける）のほか、deliver a speech（演説をする、スピーチをする）という形でも頻出します。,,
868,enclose,/ɪnˈkloʊz/,動詞,同封する、囲む,手紙やメールの封筒・パッケージの中に、書類などを「一緒に同封する」ときに使われます。,,
869,envelope,/ˈenvəloʊp/,名詞,封筒,同封するを意味する enclose（動詞）と一緒に文脈でよく登場します。,,
870,trick,/trɪk/,名詞、動詞、形容詞,【名】いたずら、企み、秘訣、手品<br>【動】だます<br>【形】だますような,Trick or Treat（お菓子をくれなきゃいたずらするぞ）や、play a trick on 〜（〜にいたずらをする、悪ふざけする）。,,
871,load,/loʊd/,名詞、動詞,【名】荷物、負担、積載量<br>【動】（荷物を）積む、ロードする,反対語は unload（荷を下ろす）です。仕事の負担を workload、心の重荷を burden と言います。,,
872,content,/kənˈtent/ (形)<br>/ˈɒntent/ (名),名詞、形容詞、動詞,【名】中身、内容、コンテンツ<br>【形】満足して<br>【動】満足させる,カタカナの「コンテンツ（情報の内容）」のほか、be content with 〜（〜に満足している）という形容詞も極めて重要です。,,
873,household,/ˈaʊshoʊld/,名詞、形容詞,【名】世帯、家庭<br>【形】家庭の、お馴染みの,household income（世帯収入）や household chores（家事）などの組み合わせが一般的です。,,
874,good,/ɡʊd/,名詞、形容詞、副詞,【形】良い<br>【名】利益、善、グッズ（複数形goodsで商品・財産）,形容詞としての「良い」のほか、複数形の goods（商品、物品）としての使われ方に注意が必要です。,,
875,luxury,/ˈʌkʃəri/,名詞、形容詞,【名】贅沢、高級品<br>【形】贅沢な、高級な,日常の必需品（necessity）に対する、高価で快適な嗜好品を指します。,,
876,credit,/ˈredɪt/,名詞、動詞,【名】信用、クレジット、称賛、単位（講義の）<br>【動】信用する、功績を帰する,get credit for 〜（〜の功績を認められる）や、大学の授業で取得する「単位」の意味もあります。,,
877,questionnaire,/ˌestʃəˈneər/,名詞,アンケート、質問票,調査などのために多数の人に回答してもらう質問用紙を指します。,,
878,reservation,/ˌezərˈveɪʃn/,名詞,予約、保留、懸念,ホテルの「予約（make a reservation）」のほか、懸念（have reservations about 〜：〜に懸念・ためらいがある）の意味もあります。,,
879,fuss,/fʌs/,名詞、動詞,【名】大騒ぎ、やきもき<br>【動】大騒ぎする、やきもきする,make a fuss about/over 〜（〜のことで大騒ぎする、不平を言う）の形で使われます。,,
880,reward,/rɪˈwɔːrd/,名詞、動詞,【名】報酬、報い、褒美<br>【動】〜に報いる,努力や貢献、功績に対して与えられる「褒美、対価、ご褒美」を指します。,,
881,farewell,/ˌeərˈwel/,名詞、間投詞,【名】別れ、告別<br>【間】さらば、さようなら,farewell party（送別会）などでよく使われます。,,
882,reception,/rɪˈsepʃn/,名詞,受付、歓迎会、受信状況,ホテルやオフィスの「受付」のほか、結婚式の「披露宴、レセプション」や、スマートフォンの「電波状況」も指します。,,
883,portion,/ˈɔːrʃn/,名詞,一部分、分け前、（食べ物の）1人前,a portion of 〜（〜の一部）や、レストランでの「1人分の分量（盛り付け）」を表します。,,
884,laundry,/ˈɔːndri/,名詞,洗濯、洗濯物,do the laundry で「洗濯をする」という意味になります。laundromat（コインランドリー）。,,
885,nap,/næp/,名詞、動詞,【名】うたた寝、昼寝<br>【動】うたた寝する、昼寝する,take a nap で「昼寝をする、うたた寝をする」という定形表現になります。,,
886,wake,/weɪk/,動詞、名詞,【動】目を覚ます、起こす<br>【名】（船の）航跡、通夜,wake up（目が覚める、〜を起こす）の形で日常会話でも非常によく使われます。,,
887,grocery,/ˈroʊsəri/,名詞,食料雑貨、食料雑貨店,複数形 groceries で「食料品、日用品」を指し、buy groceries で「食料品を買い出す」となります。,,
888,appointment,/əˈpɔɪntmənt/,名詞,約束、予約、任命,医師、美容院、ビジネスでの人と会う「約束、予約」を指します（ホテルの席などの予約は reservation を使います）。,,
889,consult,/kənˈsʌlt/,動詞,相談する、意見を求める、辞書を引く,consult a doctor（医者に相談する）や consult a dictionary（辞書を引く）の形で使われます。名詞形は consultant。,,
890,register,/ˈedʒɪstər/,名詞、動詞,【名】登録、レジ<br>【動】登録する、記録する,支払い用のレジ（cash register）のほか、授業やウェブサイトに「登録する（register for 〜）」の動詞が重要です。,,
891,dye,/daɪ/,動詞、名詞,【動】染める、着色する<br>【名】染料,髪などを「染める（dye one's hair）」のによく使われる動詞・名詞です。die（死ぬ）と同音なので文脈で聞き分けます。,,
892,subscribe,/səbˈskraɪb/,動詞,定期購読する、配信登録する、賛成する,subscribe to 〜（〜に登録する、〜を購読する）の形で現代ビジネス・ネット用語でも非常によく使われます。,,
893,guarantee,/ˌɡærənˈtiː/,動詞、名詞,【動】保証する、確約する<br>【名】保証、保証書,製品やサービスに重大な保証を与える場合に使用されます。メーカーの「1年間保証」なども guarantee（または warranty）と言います。,,
894,wipe,/waɪp/,動詞、名詞,【動】拭く、ぬぐう<br>【名】拭くこと、おしぼり,テーブルや床を拭く動作を表します。wipe out 〜 で「（悪いものを）一掃する、全滅させる」という重要なイディオムになります。,,
895,sweep,/swiːp/,動詞、名詞,【動】掃く、一掃する、掃き掃除する<br>【名】掃くこと、大勝,ほうきなどを使って「掃き掃除をする」基本的な動作。スポーツでの「スイープ（全勝、完勝）」の意味もあります。,,
896,transfer,/trænsˈfɜːr/ (動)<br>/ˈtrænsfɜːr/ (名),動詞、名詞,【動】移す、転勤・転校する、乗り換える<br>【名】移転、移動、乗り換え,電車やバスの「乗り換え」、会社での「異動・転勤」、データの「転送」などに広く使われます。,,
897,divorce,/dɪˈvɔːrs/,名詞、動詞,【名】離婚<br>【動】離婚する、切り離す,結婚関係を解消することを指します。一般的には be/get divorced と受動態のような形で多く使われます。,,
898,fate,/feɪt/,名詞,運命、宿命,自分の力ではどうにもできない「（避けることのできない）不運な結末」を指すことが多いです。,,
899,destiny,/ˈdestəni/,名詞,運命、宿命,fate と似ていますが、こちらは「自らの選択によって切り開く、輝かしい運命」というポジティブなニュアンスを含みます。,,
900,flavor,/ˈfleɪvər/,名詞、動詞,【名】風味、味、フレーバー<br>【動】〜に味をつける,単なる舌の味覚だけでなく、鼻に抜ける「香り」も含めた総合的な食べ物の風味を指します。,,
901,perfume,/ˈpɜːrfjuːm/,名詞、動詞,【名】香水、良い香り<br>【動】香水をつける、〜に香りを漂わせる,花や化粧品が放つ「良い香り、香水」を指します。,,
902,ingredient,/ɪnˈɡriːdiənt/,名詞,原料、成分、材料,料理の「食材」や、化粧品・薬などの「原材料、構成成分」を指す、きわめて重要度の高い語です。,,
903,bitter,/ˈbɪtər/,形容詞,苦い、辛辣な、激しい,食べ物の「苦い」のほか、苦しい思い出（bitter memory）や、激しい競争（bitter competition）などの比喩でもよく使われます。,,
904,aisle,/aɪl/,名詞,通路,"飛行機やスーパーなどで、座席や棚に挟まれた「通路」を意味します。""s"" はサイレント（黙字）なので「アイル」と発音します。",,
905,track,/træk/,名詞、動詞,【名】足跡、線路、進路、トラック競技<br>【動】追跡する,keep track of 〜（〜の動向を追跡する、〜を把握し続ける）という超頻出表現があります。,,
906,district,/ˈdɪstrɪkt/,名詞,地区、地方、区域,行政上、または特定の目的で区分けされた「地域」を指します（例：financial district：金融街）。,,
907,facility,/fəˈsɪləti/,名詞,施設、設備、容易さ、才能,複数形 facilities で「各種設備（sports facilities など）」の意味でよく使われます。,,
908,height,/haɪt/,名詞,高さ、身長、絶頂,発音は「ヘイト」ではなく「ハイト」です。高さや身長、物事の「ピーク（絶頂）」を指します。,,
909,distant,/ˈdɪstənt/,形容詞,遠い、離れた、よそよそしい,物理的な距離（distant country）だけでなく、人間関係が「よそよそしくて冷めている」様子も表します。,,
910,locate,/loʊˈkeɪt/,動詞,位置する、設置する、特定する,be located in/at 〜（〜に位置している、ある）の受動態の形で日常・ビジネスを問わず多用されます。,,
911,occupy,/ˈɒkjupaɪ/,動詞,占める、占領する、従事する,時間、空間、あるいは市場のシェアを「占める、占有する」こと。be occupied with 〜（〜で忙しい、手がふさがっている）。,,
912,surround,/səˈraʊnd/,動詞、名詞,【動】囲む、取り囲む<br>【名】囲むもの,be surrounded by 〜（〜に囲まれている）の形で、日常生活から自然環境の文脈まで広く使われます。,,
913,classical,/ˈklæsɪkl/,形容詞,古典的な、クラシック音楽の,古くから高い評価を得て確立されているもの。classical music（クラシック音楽）や classical literature（古典文学）など。,,
914,civilization,/ˌsɪvəlaɪˈzeɪʃn/,名詞,文明,人類が高度に発達させた社会、文化、技術のまとまりや形態を指します。,,
915,heritage,/ˈherɪtɪdʒ/,名詞,遺産、伝統,世界遺産（World Heritage）のように、先祖から代々受け継いできた「文化や歴史の遺産」を指します。,,
916,script,/skrɪpt/,名詞、動詞,【名】台本、脚本、手書き文字、文字体系<br>【動】脚本を書く,映画やドラマの「台本（スクリプト）」、またはアルファベットなどの「筆記体・文字体系」を意味します。,,
917,tale,/teɪl/,名詞,話、物語、作り話,主に口伝で伝わる昔話や架空の物語を指します。fairy tale（おとぎ話）などで見られます。,,
918,literature,/ˈlɪtrətʃər/,名詞,文学、文献、論文,一般的な「文学作品」としての意味のほかに、特定研究における「専門文献、学術論文（scientific literature）」も指します。,,
919,tragedy,/ˈtrædʒədi/,名詞,悲劇、惨事、不幸な出来事,演劇における「悲劇」のほか、戦争や大事故などの「痛ましい大惨事、悲劇」を指します。形容詞形は tragic。,,
920,poetry,/ˈpoʊətri/,名詞,詩、詩歌,「詩（文学のジャンル全体）」を指す不可算名詞（数えられない名詞）です。個々の具体的な作品は a poem と言います。,,
921,biography,/baɪˈɒɡrəfi/,名詞,伝記、個人史,他人の生涯を書いた「伝記」のこと。自分で書く自伝は autobiography と呼ばれます。,,
922,term,/tɜːrm/,名詞、動詞,【名】用語、期間、条件、学期<br>【動】〜と名付ける,in terms of 〜（〜の観点から）や、come to terms with 〜（〜を受け入れる、妥協する）など重要な熟語の多い重要単語です。,,
923,proverb,/ˈproʊvɜːrb/,名詞,ことわざ、格言,昔から教訓や真理を含んで語り継がれている、短いことわざを指します。,,
924,dialect,/ˈdaɪəlekt/,名詞,方言、地方訛り,特定の地域やグループだけで使われる、言語のバリエーション（なまり、方言）です。,,
925,fluent,/ˈfluːənt/,形容詞,流暢な、滑らかな,言語などをペラペラと淀みなく話せる状態を指します。be fluent in English（英語が流暢である）。名詞形は fluency。,,
926,translate,/trænsˈleɪt/,動詞,翻訳する、解釈する、変える,translate A into B（AをBに翻訳する、変換する）の形で非常によく用いられます。名詞形は translation です。,,
927,define,/dɪˈfaɪn/,動詞,定義する、明確にする,言葉の意味を「規定する（定義する）」ことや、境界線を明確にすることを表します。名詞形は definition です。,,
928,interpret,/ɪnˈtɜːrprɪt/,動詞,通訳する、解釈する,異なる言語を口頭で「通訳する」ほか、人の行動や絵画、データなどを「解釈する」意味でも使われます。名詞形は interpretation。,,
929,quote,/kwoʊt/,動詞、名詞,【動】引用する、見積もる<br>【名】引用文、見積もり,書籍や人の発言をそのまま「引用する（quote A from B）」ときに使われます。名詞形は quotation とも言います。,,
930,literally,/ˈlɪtərəli/,副詞,文字通りに、誇張なしに、本当に,比喩表現ではなく「書かれている文字通りの意味で」という意味のほか、強調表現として日常的にも非常によく使われます。,,
931,indicate,/ˈɪndɪkeɪt/,動詞,指し示す、表す、暗示する,データや図が何かを「指し示す」際（As indicated in Table 1 など）に、学術・論文で非常に多く使われます。,,
932,reveal,/rɪˈviːl/,動詞,明らかにする、暴露する、示す,隠されていた真実や秘密、本性などを「世の中に公表する（明らかにする）」ことを指します。,,
933,announce,/əˈnaʊns/,動詞,発表する、告知する、告げる,決定事項や重要なお知らせなどを、公に「発表する」際によく使われます。名詞形は announcement。,,
934,broadcast,/ˈbrɔːdkæst/,動詞、名詞,【動】放送する、言いふらす<br>【名】放送、放送番組,テレビやラジオで番組を「放送する」ことを指します。過去形・過去分詞形も同形の broadcast（または broadcasted）です。,,
935,prove,/pruːv/,動詞,証明する、立証する、〜だと判明する,prove to be 〜（〜だと判明する、結局〜であるとわかる：turn out と同義）の表現が重要です。名詞形は proof（証拠）。,,
936,advertise,/ˈædvərtaɪz/,動詞,広告する、宣伝する,商品や求人などを多くの人に知らせるために広告を出すこと。名詞形は advertisement です。,,
937,clarify,/ˈklærəfaɪ/,動詞,明確にする、解明する,不明瞭な主張、計画、質問などを「すっきり分かりやすく（クリアに）させる」という意味でビジネスでも頻出します。,,
938,seek,/siːk/,動詞,探し求める、努める、求める,seek for 〜（〜を探し求める）や seek to do（〜しようと努める、企てる）の形で使われます。過去形は sought です。,,
939,entertain,/ˌentərˈteɪn/,動詞,楽しませる、もてなす、心に抱く,観客や顧客を「楽しませる、退屈させない」という意味。名詞形は entertainment（エンターテインメント）です。,,
940,amuse,/əˈmjuːz/,動詞,（面白がらせて）楽しませる、笑わせる,人を「クスッと笑わせる、面白がらせる」ニュアンスを持ちます。遊園地などを amusement park と呼ぶのはここから。,,
941,attract,/əˈtrækt/,動詞,引きつける、魅了する,観光客や人々の興味を「磁石のように惹きつける」ニュアンス。名詞形は attraction（アトラクション、魅力的な場所）。,,
942,fascinate,/ˈfæsɪneɪt/,動詞,魅了する、引きつける、夢中にさせる,人の心を深く捉えて「すっかり虜（とりこ）にする、夢中にさせる」という強い魅力に使われます。,,
943,absorb,/əbˈsɔːrb/,動詞,吸収する、夢中にさせる,液体などを「吸収する」ほか、be absorbed in 〜（〜に没頭している、夢中になっている）の形が非常に重要です。,,
944,fond,/fɒnd/,形容詞,好きで、好んで、優しい,be fond of 〜（〜が大好きである、like より強く愛情を伴うニュアンス）の熟語として極めて頻出します。,,
945,scare,/skeər/,動詞、名詞,【動】怯えさせる、怖がらせる<br>【名】恐怖、パニック,scare 人 で「人を怖がらせる」。一般的には be scared of 〜（〜を恐れている）の形でよく使われます。,,
946,alarm,/əˈlɑːrm/,名詞、動詞,【名】目覚まし、警報、突然の不安<br>【動】不安にさせる、警告する,目覚まし（アラーム）のほかに、「突然訪れる恐怖、不安」を表し、be alarmed at 〜（〜に不安を抱く）のように使われます。,,
947,amaze,/əˈmeɪz/,動詞,（非常に）驚かせる,主に素晴らしいこと、規格外なことなどで人を「びっくり仰天させる」ことを意味し、be amazed at 〜（〜に驚く）で使用。,,
948,irritate,/ˈɪrɪteɪt/,動詞,イライラさせる、怒らせる、刺激する,人の気分や肌などを、いらだたせ、刺激して「不快にさせる」ことです。名詞形は irritation。,,
949,upset,/ˌʌpˈset/ (動)<br>/ˈʌpset/ (形),動詞、名詞、形容詞,【動】ひっくり返す、動転させる<br>【名】混乱、転覆<br>【形】腹を立てて、動転して,予定がひっくり返る（狂う）ことや、ショックで「心がひどく乱れて動転している、怒っている」という感情表現に多用されます。,,
950,puzzle,/ˈpʌzl/,名詞、動詞,【名】パズル、謎<br>【動】当惑させる、悩ませる,謎が多くて、どうしてよいか分からず「頭を抱えさせる（困惑させる）」という意味で使われます。,,
951,confuse,/kənˈfjuːz/,動詞,混乱させる、混同する,人を「パニックにさせ、混乱させる」ほか、confuse A with B（AとBを混同する）の形でも頻出します。,,
952,bore,/bɔːr/,動詞、名詞,【動】退屈させる、穴をあける<br>【名】退屈な人,be bored with 〜（〜に退屈している）という感情表現でよく見られます。,,
953,frustrate,/ˈfrʌstreɪt/,動詞,挫折させる、イライラさせる、失望させる,計画などが「頓挫する」ことや、思い通りに行かなくて「じれったくイライラする（フラストレーションが溜まる）」状態を指します。,,
954,disappoint,/ˌdɪsəˈpɔɪnt/,動詞,失望させる、がっかりさせる,期待通りにいかず、「がっかりさせる」ことを意味します。be disappointed with/at 〜（〜にがっかりしている）。,,
955,embarrass,/ɪmˈbærəs/,動詞,恥ずかしい思いをさせる、当惑させる,人前での失敗などできまりが悪い、気まずくて「恥ずかしい思いをさせる」という意味。形容詞形は embarrassed。,,
956,ashamed,/əˈʃeɪmd/,形容詞,恥じて、面目ない,自分の行いに対して、罪悪感や良心の呵責から「（内省的に）恥ずかしく思っている」状態を指します（be ashamed of 〜）。,,
957,uneasy,/ʌnˈiːzi/,形容詞,不安な、心配な、落ち着かない,easy（穏やか、楽な）の否定。気がかりなことがあり、心が「そわそわして落ち着かない、不安な」状態を表します。,,
958,hesitate,/ˈhezɪteɪt/,動詞,ためらう、躊躇する,判断に迷って行動を躊躇すること。hesitate to do（〜するのをためらう、遠慮する）の形でよく使われます。,,
959,reluctant,/rɪˈlʌktənt/,形容詞,気乗りしない、気が進まない、嫌がる,be reluctant to do（〜するのを嫌がる、気が進まない）の形で用いられ、しぶしぶ行う態度を表します。,,
960,tremble,/ˈtrembl/,動詞、名詞,【動】震える、身震いする<br>【名】震え、振動,恐怖、寒さ、怒り、興奮などによって、手や体が「小刻みに震える」様子を指します。,,
961,boast,/boʊst/,動詞、名詞,【動】自慢する、誇る<br>【名】自慢,boast of/about 〜（〜を自慢する）の形で用いられます。自分の持ち物や能力を誇示するニュアンスです。,,
962,jealous,/ˈdʒeləs/,形容詞,嫉妬深い、羨んで、やきもちを焼いて,be jealous of 〜（〜を羨ましく思う、ねたましく思う）の形でよく使われます。,,
963,envy,/ˈenvi/,名詞、動詞,【名】羨望、ねたみ<br>【動】羨む、ねたむ,他人が持っている良い境遇や才能を羨んで「自分もそうなりたい、惜しい」と思う感情を指します。,,
964,yell,/jel/,動詞、名詞,【動】大声で叫ぶ、怒鳴る<br>【名】叫び声、大声,yell at 〜 で「〜に向かって大声で怒鳴る（叱り飛ばす）」という意味で使われます。,,
965,respect,/rɪˈspekt/,名詞、動詞,【名】尊敬、敬意、点・細部<br>【動】尊敬する、重んじる,「尊敬する」のほか、in this respect（この点において）や with respect to 〜（〜に関して）などの名詞表現も重要です。,,
966,despair,/dɪˈspeər/,名詞、動詞,【名】絶望<br>【動】絶望する,すべての希望を失って落胆した状態を指します。in despair で「絶望して」。,,
967,emotion,/ɪˈmoʊʃn/,名詞,感情、感動、情緒,喜び、怒り、悲しみといった、湧き上がる強い「一時的な感情、心理的動揺」を表します。形容詞形は emotional。,,
968,sympathy,/ˈsɪmpəθi/,名詞,同情、共感、お悔やみ,他人の悲しみや苦痛を思いやって「かわいそうに思う、同情する（have sympathy for 〜）」心を指します。,,
969,shame,/ʃeɪm/,名詞、動詞,【名】恥ずかしさ、残念なこと<br>【動】恥ずかしがらせる,What a shame! や It's a shame that 〜 で「（恥というよりは）本当に残念なことだ」という意味になり、会話で多用されます。,,
970,confidence,/ˈkɒnfɪdəns/,名詞,自信、信頼、確信,have confidence in 〜（〜に自信がある）、あるいは in confidence で「ここだけの話（内密に）」という重要表現もあります。,,
971,courage,/ˈkʌrɪdʒ/,名詞,勇気、度胸,困難や危険に対しても、恐れずに立ち向かう強い精神力を指します。形容詞形は courageous。,,
972,passion,/ˈæʃn/,名詞,情熱、熱中、激情,特定の分野や活動に注ぐ、非常に強い「熱意、情熱」を指します。形容詞形は passionate。,,
973,sorrow,/ˈsɒroʊ/,名詞、動詞,【名】悲しみ、心の痛み<br>【動】悲しむ,深い不幸、後悔、あるいは親しい人との死別などから生じる「深い悲哀」を表します。,,
974,ignore,/ɪɡˈnɔːr/,動詞,無視する、知らないふりをする,意図的に目を背けること、無視すること。名詞形は ignorance（無知）なので派生語の関係に注意。,,
975,offend,/əˈfend/,動詞,感情を害する、怒らせる、罪を犯す,言動などで他人の気分を不快にさせたり、規則に抵触したりすることを表します。名詞形は offense。,,
976,depress,/dɪˈpres/,動詞,意気消沈させる、不景気にする,be depressed で「落ち込んでいる、鬱々としている」のほか、経済活動を「冷え込ませる、減退させる」意味もあります。,,
977,owe,/oʊ/,動詞,借りがある、〜のおかげである、恩がある,owe A to B（Aに関してはBに恩義がある、AはBのおかげである）という極めて重要な構文があります。,,
978,fear,/fɪər/,名詞、動詞,【名】恐怖、心配、懸念<br>【動】恐れる、心配する,危険や災いに対する本能的な「恐れ」を指します。for fear of 〜（〜を恐れて、〜しないように）。,,
979,method,/ˈmeθəd/,名詞,方法、方式、秩序、体系,体系的・論理的に組み立てられた「やり方、方式」を意味します（単なるやり方は way をよく使います）。,,
980,medium,/ˈmiːdiəm/,名詞、形容詞,【名】媒体、手段、方法、中庸<br>【形】中間の、並の,複数形は media（情報伝達媒体：マスコミなど）。「絵の具などの画材、培養基、手段」など広く指します。,,
981,means,/miːnz/,名詞,手段、方法、財産,単数形・複数形ともに同じ形（means）です。by means of 〜（〜という手段によって）という重要イディオムがあります。,,
982,extent,/ɪkˈstent/,名詞,程度、範囲、広さ,to some extent（ある程度まで）、to a great extent（大いに、非常に）などのイディオムでよく使われます。,,
983,extremely,/ɪkˈstriːmli/,副詞,極めて、非常に、極端に,very よりもさらに強調度が高い「極端に、とてつもなく」を意味します。形容詞形は extreme。,,
984,total,/ˈtoʊtl/,形容詞、名詞、動詞,【形】全体の、完全な、総計の<br>【名】総計、合計<br>【動】総計〜になる,total amount（総額）や total stranger（まったくの見ず知らずの人、赤の他人）などの重要な表現があります。,,
985,largely,/ˈlɑːrdʒli/,副詞,主に、大いに、大部分は,mostly や mainly と同じように、全体の大部分が特定の要素によって占められていることを意味します。,,
986,moderate,/ˈmɒdərət/ (形)<br>/ˈmɒdəreɪt/ (動),形容詞、名詞、動詞,【形】適度な、並の、穏健な<br>【名】穏健派の人<br>【動】和らげる,極端に走らず「分をわきまえた、適度でちょうど良い」状態を言います。,,
987,somewhat,/ˈsʌmwʌt/,副詞,いくぶん、やや、多少,slightly などのように、程度が「多少、少しある」ということを示します。,,
988,subtle,/ˈsʌtl/,形容詞,微妙な、わずかな、捉えがたい、細心の,"発音で ""b"" は発音されないため「サトル」となります。違いなどが「肉眼や五感ではかすかにしか識別できない」微妙さを指します。",,
989,possibly,/ˈpɒsəbli/,副詞,ひょっとすると、おそらく、（否定を伴って）とても〜ない,maybe よりも確率の低い「ひょっとすると」の意味や、cannot possibly do で「どうしても〜できない」という強い否定になります。,,
990,eventually,/ɪˈventʃuəli/,副詞,結局は、ついに、最終的には,様々な出来事や紆余曲折を経たあとに、「長い目で見れば最終的に」という結果に到達する様子を表します。,,
991,necessarily,/ˌnesəˈserəli/,副詞,必ず、必然的に,否定の not を伴って not necessarily A で「必ずしもAとは限らない（部分否定）」となるのが極めて重要です。,,
992,frankly,/ˈfræŋkli/,副詞,率直に、率直に言って,frankly speaking（率直に言えば、はっきり言って）の形で、会話の切り出しや自分の意見をストレートに伝える際に使われます。,,
993,ironically,/aɪˈrɒnɪkli/,副詞,皮肉なことに、皮肉交じりに,意図や期待とは正反対の「皮肉な結末や結果」になった状況を伝えます。,,
994,moreover,/mɔːrˈoʊvər/,副詞,その上、さらに、加えて,前に述べた情報に、別の重要な情報を付け加える時に使われます（in addition や furthermore と同様に少し堅い語です）。,,
995,otherwise,/ˈʌðərwaɪz/,副詞、接続詞、形容詞,【副】さもなければ、その他の点では、別の方法で,文頭で「さもなければ（if not）」を意味したり、主節で「別の方法で」を意味したりします。,,
996,regardless,/rɪˈɡɑːrdləs/,副詞、形容詞,【副】とにかく、気にせず<br>【形】気にかけない,regardless of 〜（〜に関わらず、〜に関係なく）の形は最重要熟語です。例：regardless of age（年齢に関わらず）。,,
997,worth,/wɜːrθ/,前置詞、名詞、形容詞,【前】〜の価値がある、〜に値する<br>【名】価値,be worth doing（〜する価値がある）という特殊な前置詞的使い方が最重要です。,,
998,despite,/dɪˈspaɪt/,前置詞,〜にもかかわらず,後ろには節（主語＋動詞）ではなく「名詞（句）」が来ます。in spite of と書き換えが可能です（although とは品詞が異なります）。,,
999,propose,/prəˈpoʊz/,動詞,提案する、申し出る、プロポーズする,propose to do や propose that 〜 の形でよく用いられます。名詞形は proposal（提案）。,,
1000,dismiss,/dɪsˈmɪs/,動詞,退ける、解雇する、解散する,アイデアや提案を「価値がないとして一蹴する」ほか、従業員を「解雇する（fire）」意味でも使われます。,,
1001,bless,/bles/,動詞,祝福する、恵みを与える,be blessed with 〜（〜に恵まれている。例：健康や子供、豊かな自然などに恵まれる）の形で受動態で多用されます。,,
1002,glory,/ˈɡlɔːri/,名詞、動詞,【名】栄光、誉れ、全盛期<br>【動】誇る、大喜びする,輝かしい功績や名誉を指します。形容詞形は glorious（輝かしい、栄光ある）。,,
1003,compliment,/ˈkɒmplɪmənt/,名詞、動詞,【名】褒め言葉、お世辞<br>【動】褒める、賛辞を贈る,人の容姿や成果を「褒めること」。同音の complement（〜を補完する、補足するもの）とのスペルミスに注意が必要です。,,
1004,feast,/feís/ -> /fiːst/,名詞、動詞,【名】ごちそう、祝宴、祭り<br>【動】大いにもてなす、楽しむ,豪華な食事や大人数が集まる「祝宴、パーティー」を表します。,,
1005,declare,/dɪˈcleər/ -> /dɪˈkleər/,動詞,宣言する、公表する、申告する,国際法における「宣戦布告（declare war）」や、空港の税関において課税対象品を「申告する」際に使われます。,,
1006,highlight,/ˈhaɪlaɪt/,名詞、動詞,【名】見どころ、ハイライト<br>【動】際立たせる、強調する,書籍の重要箇所に蛍光ペンでマークを入れる動作や、ニュースや番組の一番重要な見どころを強調することを言います。,,
1007,imply,/ɪmˈplaɪ/,動詞,暗示する、ほのめかす、言外に含む,言葉で直接言わずに「それとなく示す（ほのめかす）」ことです。名詞形は implication。,,
1008,recite,/rɪˈsaɪt/,動詞,暗唱する、朗読する、詳細に述べる,覚えた詩やスピーチなどを、大衆の前で声に出して「暗唱する、朗読する」ことを意味します。,,
1009,ray,/reɪ/,名詞,光線、放射線、かすかな兆し,X-ray（レントゲン）や、太陽の光線（ray of light）、あるいは「かすかな希望（a ray of hope）」などの抽象表現にも。,,
1010,radiation,/ˌreɪdiˈeɪʃn/,名詞,放射線、放射、輻射,放射性物質から出る放射線のほか、熱などが四方に放射される物理現象も指します。,,
1011,laboratory,/ˈlæbrətɔːri/,名詞,実験室、研究室,科学、医療、大学などで各種実験・研究を行う施設。日常的には短縮形の lab（ラボ）がよく使われます。,,
1012,oxygen,/ˈɒksɪdʒən/,名詞,酸素,呼吸に必要不可欠な気体（酸素 O₂）を意味します。,,
1013,molecule,/ˈmɒlɪkjuːl/,名詞,分子,物質の化学的性質を保持した、もっとも小さい物理的な基本単位を指します。,,
1014,compound,/ˈɒmpaʊnd/ -> /ˈkɒmpaʊnd/ (名・形)<br>/kəmˈpaʊnd/ (動),名詞、形容詞、動詞,【名】化合物、混合物<br>【形】複合の<br>【動】混ぜる、悪化させる,2つ以上の要素が合わさった「化合物、複合体」を指すほか、問題などを「さらに悪化させる（他動詞）」という使い方も重要です。,,
1015,tissue,/ˈtɪʃuː/,名詞,（生物の）組織、ティッシュペーパー,生物の「（細胞の集まりとしての）生体組織」を指すほか、日常会話のティッシュペーパー（a tissue）も意味します。,,
1016,cell,/sel/,名詞,細胞、小部屋、電池,生物の最小単位である「細胞」のほか、刑務所の「独房」や、電池（cell）を意味します（携帯電話の cell phone の由来です）。,,
1017,gene,/dʒiːn/,名詞,遺伝子,生物の特徴や性質を次世代に伝える、染色体上の遺伝情報を担う部位を指します。遺伝学は genetics です。,,
1018,substance,/ˈsʌbstəns/,名詞,物質、実体、重要性、要旨,目で見たり触れたりできる具体的な「物質」のほか、議論や主張などの「実質的な中身、重要性」を意味することもあります。,,
1019,solid,/ˈsɒlɪd/,形容詞、名詞,【形】固体の、堅固な、しっかりした<br>【名】固体,liquid（液体）や gas（気体）に対する「固体」のほか、信頼に足る「確固たる（solid evidence：確たる証拠）」という意味でも。,,
1020,satellite,/ˈsætəlaɪt/,名詞、形容詞,【名】衛星、人工衛星<br>【形】衛星の,月のような自然の「衛星」と、地球の周りを周回する「人工衛星（artificial satellite）」の両方に使われます。,,
1021,orbit,/ˈɔːrbɪt/,名詞、動詞,【名】軌道、勢力範囲<br>【動】（軌道に乗って）周回する,地球などの天体や、人工衛星が描く「周回軌道」を指します。,,
1022,launch,/lɔːntʃ/,動詞、名詞,【動】打ち上げる、開始する、発売する<br>【名】開始、打ち上げ、発売,ロケットの「打ち上げ」のほか、新事業の「立ち上げ」や新商品の「発売（ローンチ）」などビジネスでも多用されます。,,
1023,attempt,/əˈtempt/,動詞、名詞,【動】試みる、企てる<br>【名】試み、企て、挑戦,attempt to do（〜しようと試みる）の形で、try よりも少し堅い表現として論文やニュースでよく使われます。,,
1024,capacity,/kəˈpæsəti/,名詞,容量、収容力、能力、職務・立場,物理的な「容量、定員」のほか、個人の「資質・能力」、または「〜という立場・職務（in my capacity as A）」を指します。,,
1025,capable,/ˈkeɪpəbl/,形容詞,能力がある、有能な,be capable of doing（〜する能力がある、〜ができる。be able to より能力そのものに焦点を当てる）の形が必須です。,,
1026,attain,/əˈteɪn/,動詞,達成する、到達する、獲得する,努力や時間をかけた末に、目標、年齢、地位などに「達する、獲得する」ニュアンスを持ちます。,,
1027,desperate,/ˈdespərət/,形容詞,絶望的な、死に物狂いの、欲しくてたまらない,状況が「絶望的である」ほかに、「必死の（desperate attempt：死に物狂いの試み）」や、be desperate for A で「Aが喉から手が出るほど欲しい」の意に。,,
1028,dedicate,/ˈdedɪkeɪt/,動詞,捧げる、専念する,dedicate oneself to A、あるいは be dedicated to A（Aに人生や時間を捧げる、専念・特化している）の形で頻出です。,,
1029,pain,/peɪn/,名詞、動詞,【名】痛み、苦痛、苦労<br>【動】痛む、苦痛を与える,身体の「痛み」だけでなく精神的な「苦痛」も表します。take pains で「骨を折る、苦労する」という表現もあります。,,
1030,strain,/streɪn/,名詞、動詞,【名】緊張、負担、精神的疲労、変異株<br>【動】ピンと張る、痛める,「過労による精神的負担」や「筋肉の引きつり（ねんざ）」を指すほか、近年はウイルスの「変異株（new strain）」としても頻出です。,,
1031,remedy,/ˈremədi/,名詞、動詞,【名】治療法、救済策、解決策<br>【動】治療する、改善する,病気に対する「民間療法、治療」だけでなく、社会問題や契約違反に対する「是正処置、解決策」としても広く用いられます。,,
1032,pharmacy,/ˈfɑːrməsi/,名詞,薬局、調剤薬局,drugstore（日用品や化粧品も売る大型店）に比べ、処方箋を扱って薬を調剤する「薬局（調剤窓口）」のニュアンスが強いです。,,
1033,physician,/fɪˈzɪʃn/,名詞,医師、内科医,外科医（surgeon）と対比される「内科医」を指すほか、広く一般にフォーマルな文脈で「医師、お医者さん」を指します。,,
1034,disorder,/sˈɔːrdər/ -> /dɪsˈɔːrdər/,名詞,無秩序、混乱、障害、病気,社会的な「無秩序」のほか、心身の「不調・障害・病気（eating disorder：摂食障害、mental disorder：精神障害など）」を意味します。,,
1035,pregnant,/ˈpreɡnənt/,形容詞,妊娠している,be pregnant with 〜（〜を妊娠している）の形で使われます。名詞形は pregnancy（妊娠）です。,,
1036,clinical,/ˈclɪnɪkl/ -> /ˈklɪnɪkl/,形容詞,臨床の、病院の、客観的な,実際の患者の診察や治療に関する「臨床の」を指します。clinical trial で「臨床試験（治験）」となります。,,
1037,heal,/hiːl/,動詞,治す、癒やす、癒える,怪我や病気が「自然に治る、癒える」自動詞、または怪我や心（精神）を「治す、癒やす」他動詞です。ヒールの語源です。,,
1038,infect,/ɪnˈfekt/,動詞,感染させる、伝染する,ウイルスや細菌を「感染させる」こと。be infected with 〜（〜に感染している）という受動態の形で非常によく使われます。,,
1039,ankle,/ˈæŋkl/,名詞,足首、くるぶし,sprain one's ankle で「足首をねんざする」という定番表現になります。叔父（uncle /ˈʌŋkl/）との発音の違いに注意。,,
1040,thumb,/θum/ -> /θʌm/,名詞、動詞,【名】親指<br>【動】（親指でページを）素早くめくる,手の「親指」を指します（足の親指は big toe）。rule of thumb（経験則、大体の目安）という慣用表現が有名です。,,
1041,forehead,/ˈfɔːrhed/,名詞,額、おでこ,顔の目から上の部分（おでこ）を指します。,,
1042,chin,/tʃɪn/,名詞,あご（あごの先端部分）,あご全体の骨格（jaw）に対して、口の下にある「あごの尖った先端部分」をピンポイントで指します。,,
1043,chest,/tʃest/,名詞,胸、胸部、タンス（チェスト）,肋骨で囲まれた「胸、胸部」を表すほか、蓋付きの「頑丈な木箱、タンス（整理だんす）」の意味もあります。,,
1044,breast,/brest/,名詞、動詞,【名】胸、乳房、胸肉<br>【動】〜に立ち向かう,主に女性の胸（乳房）や、チキンの「胸肉（breast meat）」、また比喩的に心の内を指す場合に使われます。,,
1045,lung,/lʌŋ/,名詞,肺,呼吸器官である「肺」を指します。lung cancer で「肺がん」となります。,,
1046,organ,/ˈɔːrɡən/,名詞,器官、臓器、オルガン、機関（組織）,体内の「内臓（internal organs）」や、楽器の「オルガン」、また組織の「機関、広報メディア」などを意味します。,,
1047,vision,/ˈvɪʒn/,名詞,視力、視覚、未来像、ビジョン,目に見える「視力（have good vision）」のほか、将来への「構想、見通し（future vision）」を表します。,,
1048,skeleton,/ˈskelɪtn/,名詞、形容詞,【名】骨格、骸骨、骨組み<br>【形】骨組みの、最小限の,身体の「骨格、ガイコツ」のほか、建物や企画、法案などの「骨組み、アウトライン」も指します。,,
1049,sensation,/senˈseɪʃn/,名詞,感覚、感じ、大評判、センセーション,五感による「感覚」を表すほか、世間を沸かせるような「大評判、センセーショナルな出来事」を指します。,,
1050,code,/koʊd/,名詞、動詞,【名】規則、規範、暗号、プログラムのコード<br>【動】暗号化する、コード化する,dress code（服装規定）や area code（市外局番）、またはプログラミングの「コード」を意味します。,,
1051,agenda,/əˈdʒendə/,名詞,議題、協議事項、予定表,会議などで議論するために準備された「議題のリスト（アジェンダ）」を指します。,,
1052,liberty,/ˈlɪbərti/,名詞,自由、解放、特権,社会的な支配や不当な抑圧から勝ち取った「権利としての自由」を指します（例：Statue of Liberty：自由の女神）。,,
1053,committee,/kəˈmɪti/,名詞,委員会,特定の事項を審議・決定するために選出された組織（委員会）。発音は「コミッティ」で真ん中にアクセントが来ます。,,
1054,humanity,/hjuːˈmænəti/,名詞,人類、人間性、人道、人文科学,人間らしさ（思いやり）や、複数形の the humanities で「人文科学（文学、哲学、歴史など）」を指します。,,
1055,mankind,/mænˈkaɪnd/,名詞,人類、人間（総称）,男性・女性を問わず、人間全体を一つの集合体として指すやや硬い言葉です。,,
1056,authority,/ɔːˈθɒrəti/,名詞,権威、権限、当局、専門家,local authorities（地方自治体、地方当局）や、ある分野での「権威、第一人者（an authority on chemistry）」を指します。,,
1057,justice,/ˈdʒʌstɪs/,名詞,正義、公正、司法、裁判,bring A to justice（Aを裁判にかける、処罰する）や、do justice to A（Aを正当に評価する、おいしく食べる）などの表現があります。,,
1058,insurance,/ɪnˈʃʊərəns/,名詞,保険,万一に備える「保険」のこと。life insurance（生命保険）や health insurance（健康保険）など。,,
1059,hardship,/ˈhɑːrdʃɪp/,名詞,苦難、苦労、困窮,経済的な困窮や過酷な環境などによる「生活上の苦しさ、耐えがたい困窮」を指します。,,
1060,poverty,/ˈpɒvəti/,名詞,貧困、貧窮,経済的に困窮している状態。poverty line で、最低限の生活を維持するために必要な収入基準である「貧困線」を意味します。,,
1061,chaos,/ˈkeɪɒs/,名詞,大混乱、混沌,秩序がなくぐちゃぐちゃな状態。カタカナの「カオス」とは異なり、発音は「ケイオス」に近いので注意。,,
1062,isolation,/ˌaɪsəˈleɪʃn/,名詞,孤立、隔離、孤独,他から遮断・切り離されてポツンと置かれた状態を指します。動詞形は isolate です。,,
1063,region,/ˈriːdʒən/,名詞,地域、地方、領域,行政の境界に関わらず、地理的・文化的な特徴を持つ「比較的広い範囲の地域」を指します。,,
1064,proof,/pruːf/,名詞、形容詞、動詞,【名】証拠、証明、校正ずり<br>【形】〜に耐える（防〜の）,動詞 prove（証明する）の名詞形。形容詞としては bulletproof（防弾の）や waterproof（防水の）のようによく結合します。,,
1065,warranty,/ˈwɒrənti/,名詞,保証、保証書,家電製品などを購入した際、メーカーが無償修理などを約束する「製品の品質保証書」を指します。,,
1066,principle,/ˈprɪnsəpl/,名詞,原理、原則、信念、主義,物理現象のルール（原理・原則）や、個人の生き方の指針（信念、ポリシー）を指します。principal（主要な、校長）との混同に注意。,,
1067,origin,/ˈɒrɪdʒɪn/,名詞,起源、由来、生まれ、原点,country of origin（原産国）や、物事が始まった「根源、起源、生まれ」を指します。,,
1068,setting,/ˈsetɪŋ/,名詞,設定、環境、背景、舞台,小説や映画の「背景、舞台、舞台設定」のほか、機器の「（初期）設定」、物を取り巻く「環境」を指します。,,
1069,mission,/ˈmɪʃn/,名詞,使命、任務、代表団、伝道,与えられた重要で特別な「任務、使節団」。宇宙プロジェクトの「ミッション」や宗教の「布教活動」にも使われます。,,
1070,project,/ˈprɒdʒekt/ (名)<br>/prəˈdʒekt/ (動),名詞、動詞,【名】計画、事業、プロジェクト<br>【動】投影する、見積もる、予測する,動詞で映像を「投影する（プロジェクターの由来）」や、「（将来の数値を予測して）見積もる」という意味も重要です。,,
1071,monument,/ˈmɒnjumənt/,名詞,記念碑、遺跡、不滅の業績,歴史的な事件や人物を後世に伝えるために建てられた「記念碑、銅像、モニュメント」を指します。,,
1072,revolution,/ˌrevəˈluːʃn/,名詞,革命、大改革、公転・回転,政治的な「革命」のほか、技術の劇的な「大改革（産業革命など）」、または天体の「公転、回転」を意味することもあります。,,
1073,contract,/ˈkɒntrækt/ (名)<br>/kənˈtrækt/ (動),名詞、動詞,【名】契約、契約書<br>【動】契約する、収縮する、病気にかかる,動詞で筋肉や金属が「収縮する」ことや、深刻な「病気にかかる（contract an illness）」という意味もある重要語です。,,
1074,infrastructure,/ˈɪnfrəstrʌktʃər/,名詞,インフラ、社会基盤,道路、水道、電気、鉄道、インターネット回線など、社会生活や経済活動に欠かせない「公共の基盤構造」を指します。,,
1075,negotiate,/nɪˈɡoʊʃieɪt/,動詞,交渉する、取り決める,利害の一致を目指して、相手と話し合って条件などを「交渉する」ことです。名詞形は negotiation。,,
1076,cooperate,/koʊˈɒpəreɪt/,動詞,協力する、協同する,共通の目標のために他者や組織と「協力し合う」こと。cooperate with 〜（〜と協力する）。,,
1077,restore,/rɪˈstɔːr/,動詞,修復する、復元する、回復する,古い絵画や建物を元の状態に「復元する」ほか、失われた健康、秩序、信頼関係などを「取り戻す、回復させる」際に使います。,,
1078,found,/faʊnd/,動詞,設立する、創立する、〜に基づかせる,find（見つける）の過去形・過去分詞形と同形ですが、これ自体が原形（found - founded - founded）の「（会社などを）設立する」という別の動詞です。,,
1079,conservative,/kənˈsɜːrvətɪv/,形容詞、名詞,【形】保守的な、控えめな<br>【名】保守主義の人,伝統を重んじる「保守的な」態度や、見積もり・評価などが「控えめで手堅い（conservative estimate）」様子を表します。,,
1080,affair,/əˈfeər/,名詞,出来事、問題、事務、浮気（情事）,current affairs（時事問題）や foreign affairs（外交問題）、あるいは個人的な「不倫関係（affair）」を指します。,,
1081,agency,/ˈeɪdʒənsi/,名詞,代理店、政府機関、作用・媒介,広告代理店（advertising agency）や、政府の「〜庁、〜局（NASAなど）」、また物事を引き起こす「媒介・作用」を意味します。,,
1082,council,/ˈkaʊnsl/,名詞,会議、評議会、地方自治体（市議会など）,city council（市議会）や、特定の審議や助言を行う「評議会」を意味します。counsel（忠告、相談）との混同に注意。,,
1083,kingdom,/ˈkɪŋdəm/,名詞,王国、分野、界（生物の分類）,王が統治する「王国（United Kingdom など）」や、動物界（animal kingdom）などの領域・分類を指します。,,
1084,republic,/rɪˈpʌblɪk/,名詞,共和国,王（君主）を置かず、国民が選挙で選んだ代表者（大統領など）が統治する国家「共和国」を指します。,,
1085,empire,/ˈempaɪər/,名詞,帝国,皇帝（emperor）が支配する巨大な多民族国家「帝国（Roman Empire：ローマ帝国など）」を指します。,,
1086,aid,/eɪd/,名詞、動詞,【名】援助、救済、補助器具<br>【動】援助する、助ける,first aid（応急手当）や hearing aid（補聴器）、他国への「開発援助（foreign aid）」など広く救済の手を差し伸べることを指します。,,
1087,reform,/rɪˈfɔːrm/,名詞、動詞,【名】改革、改善、改正<br>【動】改革する、改心する,法律や制度の不備を正して、より良いものへ「改革する、改正する」ことを指します（家の改装は renovation 等を使います）。,,
1088,minister,/ˈmɪnɪstər/,名詞、動詞,【名】大臣、聖職者（牧師）<br>【動】（〜を）世話する,Prime Minister（総理大臣、首相）などで使われる、政府の各省のトップ「大臣」や、キリスト教の「牧師」を指します。,,
1089,parliament,/ˈpɑːrləmənt/,名詞,国会、議会,イギリス、カナダ、オーストラリアなどの「国会、議会」を指します（アメリカの国会は Congress、日本は Diet と呼ばれます）。,,
1090,territory,/ˈterətɔːri/,名詞,領土、縄張り、地域、管轄地域,国家が支配する「領土」のほか、動物の「縄張り」や、営業担当の「管轄地域（テリトリー）」も指します。,,
1091,poll,/poʊl/,名詞、動詞,【名】世論調査、投票、投票所<br>【動】世論調査を行う、投票する,public opinion poll（世論調査）や、選挙の「投票、投票所（go to the polls）」を指します。,,
1092,fortune,/ˈfɔːrtʃuːn/,名詞,運、幸運、財産、巨万の富,make a fortune で「一財産を築く（大儲けする）」、tell one's fortune で「人の運勢を占う（占いをする）」となります。,,
1093,property,/ˈprɒpəti/,名詞,財産、所有物、不動産、特性,個人や組織が所有する「財産、不動産」のほか、科学的な「物質の性質・特性（physical properties）」という意味もあります。,,
1094,fund,/fʌnd/,名詞、動詞,【名】資金、基金、財源<br>【動】資金を提供する,特定の目的のための「資金（例：pension fund：年金基金）」や、プロジェクトに「資金を援助する（スポンサーになる）」ことを指します。,,
1095,stock,/stɒk/,名詞、動詞、形容詞,【名】株式、株、在庫、蓄え<br>【動】蓄える、仕入れる,stock market（株式市場）や in stock（在庫あり）、out of stock（在庫切れ）などで極めて頻出します。,,
1096,labor,/ˈleɪbər/,名詞、動詞,【名】労働、労働力、分娩（お産）<br>【動】働く、努力する,manual labor（肉体労働）のほか、お産の「陣痛、分娩（be in labor：陣痛中である）」を指すのも重要です。,,
1097,overwork,/ˌoʊvərˈwɜːrk/,名詞、動詞,【名】過労、働きすぎ<br>【動】働きすぎる、働かせすぎる,体力限界を超えて「働きすぎる」こと、または従業員や動物を「過度に働かせる」ことを指します。,,
1098,firm,/fɜːrm/,名詞、形容詞、動詞,【名】（専門的な）会社、事務所<br>【形】堅い、断固とした、安定した<br>【動】固める,法律・コンサルなどの「専門事務所・会社（firm）」を指すほか、形容詞の「しっかりした、揺るぎない（firm decision：堅い決断）」も重要です。,,
1099,union,/ˈuːniən/ -> /ˈjuːniən/,名詞,同盟、連合、労働組合、一致・合体,labor union（労働組合）のほか、European Union（欧州連合：EU）などの「同盟、連合」を表します。,,
1100,administration,/ədˌmɪnɪˈstreɪʃn/,名詞,管理、運営、行政、政権、政府,組織の「管理・事務運営」のほか、アメリカの「〜政権（the administration：現政府、行政機関）」を指します。,,
1101,secretary,/ˈsekrəteri/,名詞,秘書、長官、大臣、書記官,オフィスの「秘書」のほか、アメリカ政府の「長官（Secretary of State：国務長官など）」を指す場合もあります。,,
1102,editor,/ˈedɪtər/,名詞,編集者、編集長,新聞、雑誌、書籍、または映像などの「編集を行う人（エディター）」を指します。,,
1103,client,/ˈklaɪənt/,名詞,顧客、依頼人,単に店舗で物を買う一般客（customer）ではなく、弁護士、税理士、システム開発などの専門サービスを受ける「クライアント」を指します。,,
1104,recruit,/rɪˈkruːt/,動詞、名詞,【動】採用する、募集する、新人を勧誘する<br>【名】新入社員、新兵,企業が新しい人材を「採用する、募る」ことです。名詞は新しく加わった新人（リクルート）を指します。,,
1105,basis,/ˈeɪsɪs/ -> /ˈbeɪsɪs/,名詞,基礎、根拠、基準、ベース,on a daily basis（毎日、日々）や on a regular basis（定期的に）といった重要フレーズの形で頻出します。複数形は bases。,,
1106,element,/ˈelɪmənt/,名詞,要素、元素、自然の力・悪天候,構成に必要な「個々の要素」や、化学の「元素」を指します。be in one's element で「本領を発揮している」という慣用表現もあります。,,
1107,constitute,/ˈɒnstɪtjuːt/ -> /ˈkɒnstɪtjuːt/,動詞,構成する、形成する、〜とみなされる,部分が合わさって全体を「構成する（make up）」こと。学術的・フォーマルな文章で好まれる表現です。,,
1108,unify,/ˈjuːnɪfaɪ/,動詞,統合する、統一する、一つにする,ばらばらだった意見、組織、国、システムなどを「一つに統一・統合する」ことを指します。,,
1109,combine,/kəmˈbaɪn/,動詞、名詞,【動】結合する、組み合わせる、兼ね備える<br>【名】コンバイン（農機具）,combine A with B（AとBを組み合わせる・結合させる）の形で、技術やアイデアを組み合わせる際によく使われます。,,
1110,unite,/juˈnaɪt/,動詞,団結する、結束させる、一体にする,共通の目的のために人、国、組織が「団結する、結束する」ことを意味します（United Nations：国際連合などの由来）。,,
1111,link,/lɪŋk/,名詞、動詞,【名】繋がり、リンク、関連<br>【動】繋ぐ、関連づける,be linked to/with 〜（〜と結びついている、関連している）の形で、因果関係や関連性を表す際によく使われます。,,
1112,relevant,/ˈreləvənt/,形容詞,関連がある、適切な、密接に関わる,be relevant to 〜（〜に関連している、重要である）の形で非常によく使われます。対義語は irrelevant（無関係な）。,,
1113,murder,/ˈmɜːrdər/,名詞、動詞,【名】殺人、殺人事件<br>【動】（計画的に）殺害する,意図的・計画的な「殺人、殺人罪」を指します。偶発的な事故死や過失致死（manslaughter）などと区別されます。,,
1114,arrest,/əˈrest/,動詞、名詞,【動】逮捕する、（注意を）惹きつける、阻止する<br>【名】逮捕、抑止、停止,be arrested for 〜（〜の容疑で逮捕される）の受動態の形が有名です。under arrest で「逮捕されて」。,,
1115,prison,/ˈprɪzn/,名詞,刑務所、拘置所,罪を犯した人が収容される場所。go to prison（服役する、刑務所に入る）、in prison（服役中で）。,,
1116,vice,/vaɪs/,名詞、形容詞、接頭辞,【名】悪徳、非行、不謹慎な習慣<br>【形】副〜、代理の<br>【接頭】副〜,virtue（美徳）の対義語としての「悪徳」のほか、Vice President（副大統領、副社長）のように役職の頭につける使い方も重要です。,,
1117,witness,/ˈwɪtnəs/,名詞、動詞,【名】目撃者、証人、証言<br>【動】目撃する、証明する,事件や事故の現場を「生で目撃した人（目撃者）」、または法廷における「証人」を指します。,,
1118,bullet,/ˈbʊlɪt/,名詞,銃弾、弾丸、箇条書きの点,銃から発射される「弾（たま）」を指します。また、文書の箇条書きに使う点（・）を bullet point と呼びます。,,
1119,sword,/sɔːrd/,名詞,剣、刀,"発音の際、""w"" は発音されない（サイレントレター）ため「ソード」となります。",,
1120,wound,/wuːnd/,名詞、動詞,【名】（刃物や弾丸による）傷、怪我、痛手<br>【動】（銃や刃物で）傷つける,事故による怪我（injury）とは異なり、戦争、暴力、凶器などによって「意図的に負わされた深い傷、心の傷」を指します。,,
1121,triumph,/ˈtraɪʌmf/,名詞、動詞,【名】大勝利、偉業、大成功<br>【動】大勝利を収める,困難を乗り越えた末に勝ち取った「輝かしい大勝利、大成功」を指す、喜びを伴う言葉です。,,
1122,military,/ˈmɪləteri/,形容詞、名詞,【形】軍隊の、軍事用の、軍の<br>【名】（the militaryで）軍隊,military service（兵役）や military force（軍事力）などの表現で広く用いられます。,,
1123,strategy,/ˈstrætədʒi/,名詞,戦略、作戦、方策,長期的な目標を達成するための「大局的な作戦・戦略」を指します（局所的な個々の戦術は tactics）。,,
1124,conquer,/ˈɒŋkər/ -> /ˈkɒŋkər/,動詞,征服する、克服する、打ち勝つ,武力で他国を「征服する」ほか、恐怖、山（登山）、病気などの困難を「克服する（overcome）」意味でもよく使われます。,,
1125,defend,/dɪˈfend/,動詞,守る、防御する、弁護する,敵の攻撃から「国や城を守る」ことや、裁判で被告を「弁護・擁護する（defense）」ことを表します。,,
1126,dominate,/ˈɒmɪneɪt/ -> /ˈdɒmɪneɪt/,動詞,支配する、優位に立つ、圧倒する,市場、試合、地域などを圧倒的な実力や権力で「支配する、牛耳る」ことを指します。名詞形は dominance。,,
1127,rob,/rɒb/,動詞,奪う、強奪する、襲う,rob A of B（AからBを強奪する、奪い去る。Bには金品などが来ます）の構文は文法・長文で極めて頻出です。,,
1128,deprive,/dɪˈpraɪv/,動詞,奪う、剥奪する,deprive A of B（AからB（権利、自由、睡眠など、形のない大切なもの）を奪う・剥奪する）の形でよく用いられます。,,
1129,devastate,/ˈevəsteɪt/ -> /ˈdevəsteɪt/,動詞,壊滅させる、荒廃させる、大ショックを与える,地震や戦争が街を「壊滅させる」こと。また、悪いニュースが人に「大ショックを与える（be devastated でショックを受けている）」意に。,,
1130,crash,/kræʃ/,名詞、動詞,【名】衝突、墜落、突然の崩壊、暴落<br>【動】衝突する、墜落する、大破する,車や飛行機の「衝突・墜落事故」や、コンピューターが「突然フリーズ・強制終了する（クラッシュする）」、株式の「大暴落」などを指します。,,
1131,hazard,/ˈhæzərd/,名詞、動詞,【名】危険、危険をもたらすもの<br>【動】思い切って提案する,事故や病気などを引き起こす「危険要因（ハザード）」を指します（hazard map：防災マップ、biohazard：生物災害など）。,,
1132,debris,/dəˈbriː/,名詞,残骸、がれき、ゴミ、宇宙ゴミ,"破壊された建物や衝突した宇宙船などの「破片、がれき、宇宙ゴミ（space debris）」を指します。""s"" は発音しません。",,
1133,orphan,/ˈɔːrfn/,名詞、動詞,【名】孤児（親を亡くした子）<br>【動】孤児にする,両親を亡くした「親のない子（孤児）」を意味します。,,
1134,slave,/sleɪv/,名詞、動詞,【名】奴隷<br>【動】あくせく働く、奴隷のように働く,他人の所有物とされた「奴隷」のほか、仕事などに完全に縛られている状態を比喩的に指すこともあります。名詞形は slavery（奴隷制度）。,,
1135,acquaintance,/əˈkweɪntəns/,名詞,知人、知り合い、面識,友人（friend）ほど親しくはない、ただの顔見知り（知人）を指します。have an acquaintance with 〜 で「〜と知り合いである」。,,
1136,merchant,/ˈmɜːrtʃənt/,名詞、形容詞,【名】商人、貿易商<br>【形】商業の、貿易の,主に卸売りや海外貿易など、大規模に取引を行う「商人」を指します。,,
1137,resident,/ˈrezɪdənt/,名詞、形容詞,【名】住民、居住者、研修医<br>【形】住んでいる、在住の,特定の地域やコンドミニアムなどに住んでいる「居住者（住民）」を指します。,,
1138,crew,/kruː/,名詞,乗組員、クルー、乗務員、班・作業グループ,船、飛行機、映画撮影などの「（共同作業を行う）乗組員・スタッフグループ全体」を指す集合名詞です。,,
1139,chase,/tʃeɪs/,動詞、名詞,【動】追跡する、追いかける<br>【名】追跡,犯人や獲物を捕まえるために「追いかける」こと（car chase：カーチェイス）。,,
1140,proceed,/prəˈsiːd/,動詞,進む、続行する、手続きする,proceed to A（Aに進む）、proceed with A（Aを続行する・進める）の形でよく使われる、少し硬い表現です。,,
1141,fade,/feɪd/,動詞、名詞,【動】（色が）褪せる、（音が）消え入る、衰える<br>【名】フェード,光、色、記憶、人気などが「徐々に薄れて消えていく」様子を表します。,,
1142,dissolve,/dɪˈzɒlv/,動詞,溶かす、溶ける、解散する、解消する,塩や砂糖が水に「溶ける」物理現象のほか、国会や組織を「解散する」、契約を「解消する」意味もあります。,,
1143,float,/floʊt/,動詞、名詞,【動】浮かぶ、漂う、〜を浮かべる<br>【名】浮き、ウキ、フロート,水面や空気中にプカプカと「浮かぶ、漂う」ことを表します。,,
1144,sink,/sɪŋk/,動詞、名詞,【動】沈む、沈める、衰える<br>【名】流し台、シンク,水中に深く「沈む」自動詞・他動詞です（過去形は sank）。名詞は台所の「シンク（流し台）」を指します。,,
1145,bounce,/baʊns/,動詞、名詞,【動】跳ね返る、弾む、エラーで戻る<br>【名】跳ね返り、弾み,ボールが「弾む」ことのほか、送信したEメールが宛先不明などで「エラー返送される」際にも bounce を使います。,,
1146,transform,/trænsˈfɔːrm/,動詞,一変させる、変形する、変換する,外見や性質をまったく別のものへ「劇的に変化させる（トランスフォームする）」ことです。名詞形は transformation。,,
1147,shift,/ʃɪft/,動詞、名詞,【動】移す、変わる、変更する<br>【名】変化、シフト、勤務時間,意見、位置、責任、車のギアなどを「切り替える・移す」こと。仕事の「交代制勤務（shift work）」の意味もあります。,,
1148,modify,/ˈmɒdɪfaɪ/,動詞,修正する、変更する、修飾する,計画、デザイン、仕様などを、より適切にするために「部分的に修正・微調整する」ことを指します。,,
1149,revise,/rɪˈvaɪz/,動詞,訂正する、校正する、改訂する,規則、教科書、原稿などの誤りを正したり、新しい情報に合わせて「改訂する、見直す」ことを意味します。名詞形は revision。,,
1150,enhance,/ɪnˈhæns/,動詞,高める、強化する、向上させる,価値、魅力、質、美しさ、能力などを「さらに高めて向上させる」という、ポジティブな文脈での重要動詞です。,,
1151,lower,/ˈloʊər/,動詞、形容詞,【動】下げる、下がる<br>【形】（lowの比較級として）より低い,価格、温度、高さを「引き下げる」ことを指します。,,
1152,voyage,/ˈvɔɪɪdʒ/,名詞、動詞,【名】（長い船や宇宙の）旅、航海<br>【動】航海する,日常的なお出かけや短い旅行（trip/journey）とは異なる、冒険的な「長旅、航海」を表します。,,
1153,confirm,/kənˈfɜːrm/,動詞,確認する、裏づける、確証する,予約、スケジュール、事実関係などを「間違いがないと確認する」際によく使われます。名詞形は confirmation。,,
1154,ensure,/ɪnˈʃʊər/,動詞,確実にする、保証する、確保する,然るべき手段を講じることで、ある結果を「確実にする（保証する）」ことを指します。,,
1155,address,/əˈdres/ (動)<br>/ˈædres/ (名),名詞、動詞,【名】住所、演説、アドレス<br>【動】（問題・課題に）取り組む、話しかける、演説する,動詞としての「（問題・課題に真剣に）取り組む、対処する（tackle と同義）」の使い方がビジネス・論文で最頻出です。,,
1156,approach,/əˈproʊtʃ/,動詞、名詞,【動】近づく、取り組む<br>【名】アプローチ、接近、解決方法,物理的に近づくほか、問題の「解決に向けた取り組み・方法（approach）」としても広く用いられます。,,
1157,resolve,/rɪˈzɒlv/,動詞、名詞,【動】解決する、決心する、決議する<br>【名】決意、決心,疑問、問題、紛争などを「すっきりと解決・解決する」ことを表します。,,
1158,settle,/ˈsetl/,動詞,解決する、定住する、落ち着く,争いごとに「和解・決着をつけて解決する」ことや、土地に「定住する（settle down）」、心を「落ち着かせる」こと。,,
1159,enrich,/ɪnˈrɪtʃ/,動詞,豊かにする、価値を高める,生活、知識、土壌、経験などを「より豊かで実りあるものにする」という意味の他動詞です。,,
1160,warn,/wɔːrn/,動詞,警告する、注意を与える、予告する,warn A of B（AにBを警告する）の形でよく使われます。名詞形は warning（警告）。,,
1161,force,/fɔːrs/,名詞、動詞,【名】力、武力、暴力、軍隊<br>【動】強いる、強制する,force A to do（Aに〜することを強制する、強いる）の形は最頻出の表現です。,,
1162,appeal,/əˈpiːl/,名詞、動詞,【名】訴え、魅力、嘆願、上訴<br>【動】訴える、引きつける,appeal to A（Aに訴えかける、Aにとって魅力的である）の形で非常によく使われます。,,
1163,applause,/əˈplɔːz/,名詞,拍手、拍手喝采,観客などが送る賞賛の「拍手（喝采）」を意味する不可算名詞（数えられない名詞）です。動詞形は applaud。,,
1164,leap,/liːp/,動詞、名詞,【動】跳ぶ、跳ねる、急上昇する<br>【名】跳躍、飛躍、急増,a leap in profits（利益の急増）などの比喩でも使われます。過去形・過去分詞形は leapt または leaped。,,
1165,grab,/ɡræb/,動詞、名詞,【動】つかむ、ひったくる、急いで食べる・飲む<br>【名】つかむこと,手で「素早くつかむ」こと。日常会話で Let's grab a bite.（軽く何か食べにいこう）などの形で多用されます。,,
1166,seize,/siːz/,動詞,つかむ、奪う、捕らえる,チャンス（seize the opportunity）や、権力などを「素早く、あるいは力ずくでガシッとつかみ取る」ニュアンス。,,
1167,cast,/kæst/,動詞、名詞,【動】投げる、投げかける、（役を）割り当てる<br>【名】配役、キャスト、ギプス,cast a shadow on 〜（〜に影を落とす）の表現で有名。変化は A-B-C 全て同形の cast - cast - cast です。,,
1168,stun,/stʌn/,動詞,気絶させる、呆然とさせる、びっくりさせる,物理的に気絶させるほか、驚きや衝撃で人を「呆然とさせる」こと。stunned で「呆然とした、仰天した」。,,
1169,illuminate,/ɪˈluːmɪneɪt/,動詞,照らす、解明する、明らかにする,物理的に「光で照らす（イルミネーションの語源）」ほか、難解な問題を「明らかにする（解明する）」ことにも。,,
1170,uncover,/ʌnˈkʌvər/,動詞,暴く、明らかにする、覆いを取る,隠されていた真実や秘密、歴史的な遺跡などを「見つけ出す、明るみに出す（暴く）」ことです。,,
1171,mend,/mend/,動詞、名詞,【動】修繕する、直す、改善する<br>【名】修繕、改善,衣服や靴を「縫って直す」ことのほか、人間関係などを「修復する（mend relationships）」ことを指します。,,
1172,react,/riˈækt/,動詞,反応する、反発する,react to 〜（〜に反応する、対応する）の形でよく使われます。名詞形は reaction（反応、リアクション）です。,,
1173,endure,/ɪnˈdʊər/,動詞,耐える、持ちこたえる、持ちこたえて存続する,苦痛、辛さ、困難に「じっと耐え忍ぶ」ことを意味します。形容詞形は enduring（長く続く、不朽の）。,,
1174,bind,/baɪnd/,動詞、名詞,【動】縛る、束縛する、義務づける<br>【名】縛ること、窮地,ひもで「縛る」物理的意味のほか、法律などで「義務づける、拘束する」こと。過去形は bound です。,,
1175,encounter,/ɪnˈkaʊntər/,動詞、名詞,【動】遭遇する、直面する<br>【名】遭遇、出会い,危険、困難、あるいは人に「予期せずバッタリ出会う・直面する」ことを指します。,,
1176,trace,/treɪs/,動詞、名詞,【動】跡をたどる、追跡する<br>【名】跡、形跡、微量,起源を「たどる」ことや、ほんの「わずかな痕跡（a trace of blood：微量の血痕）」を表します。,,
1177,undergo,/ˌʌndərˈɡoʊ/,動詞,経験する、（手術・治療などを）受ける、耐える,変化、厳しい試験、手術、治療などを「受ける、経験する」ときに用いられる、やや硬い最重要動詞です。,,
1178,seal,/siːl/,名詞、動詞,【名】印鑑、封印、シール、アザラシ<br>【動】封をする、密閉する,封筒に「封をする」ことや、容器を密閉すること（vacuum-sealed：真空密閉された）などを指します。,,
1179,incorporate,/ɪnˈkɔːrpəreɪt/,動詞,組み入れる、合併する、法人にする,新しいアイデアや機能、デザインを、既存のシステムの中に「取り入れる、組み込む」ことを表します。,,
1180,emerge,/ɪˈmɜːrdʒ/,動詞,現れる、明らかになる、台頭する,隠れていた場所、または水面下から「（姿を）現す、出現する」ことを意味します（emerge from 〜）。,,
1181,unfold,/ʌnˈfoʊld/,動詞,（折りたたんだものを）広げる、展開する,地図などを広げることのほか、物語や事件、計画が目の前で「展開する、進展する」様子を表します。,,
1182,derive,/dɪˈraɪv/,動詞,引き出す、由来する、得る,derive from 〜（〜に由来する）、derive A from B（BからAを引き出す、得る）の形で論文・学術で重要です。,,
1183,generate,/ˈdʒenəreɪt/,動詞,生み出す、発生させる,電力、熱、利益、新たなアイデア、雇用などを「生み出す、発生させる」ことを意味します（generator：発電機）。,,
1184,possess,/pəˈzes/,動詞,所有する、備えている,やや堅い表現で、能力、特質、財産、武器などを「所有している、身につけている」ことを言います。名詞形は possession。,,
1185,retain,/rɪˈteɪn/,動詞,保持する、維持する、記憶している,既存の権利、顧客、若さ、情報などを失わずに「保ち続ける（キープする）」ことです。,,
1186,secure,/sɪˈkjʊər/,形容詞、動詞,【形】安全な、確実な、しっかりした<br>【動】確保する、守る,努力の末に、安全なポジション、契約、資金などを「しっかりと手に入れる、確保する」ことを指します。,,
1187,capture,/ˈæptʃər/ -> /ˈkæptʃər/,動詞、名詞,【動】捕らえる、捕獲する、攻略する、捉える<br>【名】捕獲、攻略,犯人などの物理的「捕獲」のほか、カメラが美しい光景やデータを「捉える、記録する」ことも意味します。,,
1188,monitor,/ˈmɒnɪtər/,名詞、動詞,【名】モニター、監視役<br>【動】監視する、測定する,状況、データ、進捗、患者の心拍などを、機械や目視で「継続的にチェック・監視する」ことです。,,
1189,investigate,/ɪnˈvestɪɡeɪt/,動詞,調査する、研究する、捜査する,警察が事件を「捜査する」ことや、専門家が原因を「調査・究明する」ことを指します。名詞形は investigation。,,
1190,detect,/dɪˈtekt/,動詞,見つける、検出する、探知する,センサー、機械、五感などによって、目立たないわずかな兆候や物質を「検出する、見つけ出す」ことです。,,
1191,inquiry,/ɪnˈkwaɪəri/,名詞,問い合わせ、調査、質問、尋問,顧客からの「問い合わせ（customer inquiry）」や、事件の公式な「調査、査問」を意味します。,,
1192,specialize,/ˈspeʃəlaɪz/,動詞,専門にする、専攻する、特化する,specialize in A（Aを専門にする、専攻する）の形で日常・ビジネス・学術で頻出します。,,
1193,semester,/sɪˈmestər/,名詞,（2学期制の）学期,主に大学などの2学期（秋学期・春学期）に区分された「学期」を指します。,,
1194,biology,/baɪˈɒlədʒi/,名詞,生物学,生物の構造や生命現象を研究する学問。研究者は biologist と呼ばれます。,,
1195,ecology,/iˈlɒlədʒi/ -> /iˈkɒlədʒi/,名詞,生態学、自然環境、エコロジー,生物と環境の相互関係を研究する学問。広く「環境への配慮」を意味することもあります。,,
1196,philosophy,/fəˈlɒsəfi/,名詞,哲学、人生観、基本理念,人生や世界の根本を問う「哲学」のほか、企業の「経営理念（business philosophy）」も指します。,,
1197,geography,/dʒiˈɒɡrəfi/,名詞,地理学、地形、地理,地表の様子、気候、産業や人口分布などを研究する学問、または特定の土地の「地形・地理」を指します。,,
1198,institution,/ˌɪnstɪˈtjuːʃn/,名詞,機関、施設、制度、慣習,大学、研究所、病院、金融機関などの「社会的な役割を担う公共・私立機関（施設）」を指します。,,
1199,faculty,/ˈfæklti/,名詞,学部、教職員、才能、身体機能,大学の「学部（または全教職員）」を指すほか、生体や精神の「機能、能力（mental faculty など）」の意味もあります。,,
1200,intermediate,/ˌɪntərˈmiːdiət/,形容詞、名詞,【形】中間の、中級の<br>【名】中級者,初級（elementary）と上級（advanced）の「中間のレベル、中級」を指します。,,
1201,notion,/ˈnoʊʃn/,名詞,考え、概念、意見、意向,根拠のない「漠然とした個人的な考え・意見」を指すことが多く、idea よりもやや抽象的な言葉です。,,
1202,concept,/ˈɒnsept/ -> /ˈkɒnsept/,名詞,概念、基本理念、コンセプト,体系化され、定義がはっきりとした「概念、基本方針」を指します。,,
1203,meditation,/ˌmedɪˈteɪʃn/,名詞,瞑想、熟考,心を静めて「瞑想する」ことや、深く考え込むこと。動詞形は meditate です。,,
1204,insight,/ˈɪnsaɪt/,名詞,洞察力、洞察、深い知見,物事の本質や真相を深く見抜く「洞察力」を指します。have insight into A（Aに対する洞察力がある）。,,
1205,caution,/ˈkɔːʃn/,名詞、動詞,【名】用心、注意、警告<br>【動】警告する、注意を与える,with caution（慎重に、注意深く）、exercise caution（注意を払う）などの表現で使われます。,,
1206,will,/wɪl/,助動詞、名詞、動詞,【助】〜だろう、〜するつもりだ<br>【名】意志、遺言、遺言書<br>【動】意志を持つ、決心する,名詞としての強い「意志（willpower：意志の力）」や、個人の「遺言（書）（last will and testament）」の使い方が重要です。,,
1207,option,/ˈɒpʃn/,名詞、動詞,【名】選択、選択肢、オプション<br>【動】（将来の）購入権を得る,自ら選ぶことができる「選択肢」を指します。,,
1208,prospect,/ˈprɒspekt/,名詞、動詞,【名】（将来の）見通し、展望、有望な候補<br>【動】（鉱物などを）探鉱する,将来への期待や見通し。複数形 prospects で「（ビジネスやキャリアの）成功の見込み、将来性」を表します。,,
1209,cherish,/ˈtʃerɪʃ/,動詞,大切にする、心に抱く、愛おしむ,思い出、友情、家族、希望などを「（胸に抱いて）心から大切にする、愛おしむ」という、あたたかいニュアンスを持ちます。,,
1210,intend,/ɪnˈtend/,動詞,意図する、〜するつもりである,intend to do（〜するつもりである、意図する）の形で非常に頻出します。名詞形は intention（意図）。,,
1211,suspect,/səˈspekt/ (動)<br>/ˈsʌspekt/ (名),動詞、名詞、形容詞,【動】（〜ではないかと）疑う、怪しむ<br>【名】容疑者<br>【形】疑わしい,doubt（〜ではないと疑う）に対し、suspect は「（悪いことが）事実ではないかと（肯定的に）疑う」という違いがあります。,,
1212,identify,/aɪˈdentɪfaɪ/,動詞,特定する、識別する、同一視する,誰（何）であるかを確認・特定すること。identify with 〜（〜に共感する、〜と自分を重ね合わせる）。,,
1213,permit,/pərˈmɪt/ (動)<br>/ˈpɜːrmɪt/ (名),動詞、名詞,【動】許可する、許す<br>【名】許可証、認可,フォーマルな「許可（allowより硬い表現）」を指します。名詞は駐車許可証（parking permit）など。,,
1214,acknowledge,/əkˈnɒlɪdʒ/,動詞,認める、同意する、受領を知らせる、感謝する,事実を「認める（受け入れる）」こと、またはメールの受領を「知らせる」ことに使われます。名詞形は acknowledgement。,,
1215,perceive,/pərˈsiːv/,動詞,知覚する、気づく、理解する、認識する,五感や頭脳を通して物事を「知覚する、〜だと気づく（認識する）」ことです。名詞形は perception。,,
1216,evaluate,/ɪˈvæljueɪt/,動詞,評価する、査定する、見積もる,価値、成果、性能、能力などを、客観的な基準に基づいて「評価する」ことです。名詞形は evaluation。,,
1217,cultivate,/ˈkʌltɪveɪt/,動詞,耕す、栽培する、育む、磨く,畑を「耕す」のほか、教養や人間関係、スキル、習慣を「時間をかけて育む、磨く」比喩表現でも頻出します。,,
1218,shade,/ʃeɪd/,名詞、動詞,【名】日陰、日よけ、色合い、わずかな違い<br>【動】日陰にする,太陽光が遮られた「日陰」を意味します（影そのものは shadow）。また、色の「濃淡、グラデーション」も指します。,,
1219,breeze,/briːz/,名詞、動詞,【名】そよ風、微風、たやすいこと<br>【動】さっと動く、楽に進む,心地よい「そよ風」を指します。日常会話で It's a breeze!（朝飯前だ！、とても簡単だ！）のように使うことも。,,
1220,desert,/ˈdezərt/ (名)<br>/dɪˈzɜːrt/ (動),名詞、形容詞、動詞,【名】砂漠<br>【形】砂漠の、不毛の<br>【動】（場所・人を見捨てる）,動詞の発音は「デザート /dɪˈzɜːrt/（お菓子の dessert と同じ発音）」で、「職務を放棄する、人を見捨てる」の意味になります。,,
1221,fog,/fɒɡ/,名詞、動詞,【名】霧、もや、混乱状態<br>【動】霧で覆う、曇らせる,地表付近に発生して視界を遮る「霧」のこと。上空に浮かぶ霧や雲は cloud。より濃い霧は mist とも言います。,,
1222,moisture,/ˈmɔɪstʃər/,名詞,水分、湿気、潤い,空気中、皮膚、食品などに含まれる「水分、潤い、湿気」を指します。,,
1223,damp,/dæmp/,形容詞、名詞、動詞,【形】じめじめした、湿っぽい<br>【名】湿気<br>【動】湿らせる、和らげる,服や部屋などが湿気を含んでいて不快に「じめじめしている、湿っぽい」状態を言います。,,
1224,path,/pæθ/,名詞,小道、細道、進路、経路,公園や森の中などの舗装されていない「小道」や、キャリアの「歩み、進路（career path）」を意味します。,,
1225,trail,/treɪl/,名詞、動詞,【名】山道、ハイキングコース、痕跡<br>【動】引きずる、たどる、追跡する,自然の中の「ハイキングコース・山道（トレイル）」や、彗星や船が引く「航跡（痕跡）」を指します。,,
1226,stream,/striːm/,名詞、動詞,【名】小川、水流、流れ、ライブ配信<br>【動】流れる、ストリーミング配信する,物理的な「小川、水流」から、データの「ストリーミング再生、ライブ配信（live streaming）」までを指します。,,
1227,tide,/taɪd/,名詞、動詞,【名】潮（の満ち引き）、潮流、風潮、形勢<br>【動】乗り切る,海の「引き潮・満ち潮」のほか、世論の「風潮・トレンド、潮流」を意味します。tide over A で「A（困難）を乗り切る」。,,
1228,reef,/riːf/,名詞,礁、暗礁、珊瑚礁,coral reef（珊瑚礁）などの表現でよく登場する、海面近くにある岩や砂の盛り上がりです。,,
1229,habitat,/ˈæbɪtæt/ -> /ˈhæbɪtæt/,名詞,生息地、生息環境、居住地,野生動植物が自然に生息・生活している「環境、生息地」を指す重要な言葉です。,,
1230,volcano,/vɒlˈkeɪnoʊ/,名詞,火山,地下のマグマが噴出する「火山」のこと。active volcano（活火山）や extinct volcano（死火山）など。,,
1231,mine,/maɪn/,代名詞、名詞、動詞,【代】私のもの<br>【名】鉱山、鉱山、地雷<br>【動】採掘する,鉱山で石炭などを「採掘する」ほか、兵器の「地雷（landmine）」も指します。,,
1232,swallow,/ˈswɒloʊ/,動詞、名詞,【動】飲み込む、鵜呑みにする<br>【名】飲み込むこと、ツバメ,食べ物を喉に「飲み込む」こと。比喩的に話などを「真に受ける、鵜呑みにする」こと。鳥の「ツバメ」の意味もあります。,,
1233,web,/web/,名詞、動詞,【名】クモの巣、網組織、ウェブ<br>【動】網を張る、覆う,spider's web（クモの巣）から転じて、World Wide Web（WWW、インターネット網、ウェブ）を表します。,,
1234,mosquito,/məˈskiːtoʊ/,名詞,蚊（か）,血を吸う昆虫の「蚊」を指します。複数形は mosquitoes。,,
1235,cattle,/ˈkætl/,名詞,牛（群れ、家畜）,牧場で飼育される、家畜としての「牛（複数扱い、群れ全体を指す）」を指します（一頭を数える時は a cow など）。,,
1236,kitten,/ˈkɪtn/,名詞,子猫（ねこの赤ちゃん）,猫（cat）の赤ちゃん、かわいい「子猫」を指します。,,
1237,organism,/ˈɔːrɡənɪzəm/,名詞,生物、有機体、生命体、微生物,独立して生命を維持できる個体としての「生物、生命体」を意味する学術的な語です。,,
1238,wildlife,/ˈwaɪldlaɪf/,名詞,野生生物、野生動物,野生で自生・自活する動物や植物全体を指す不可算名詞（数えられない名詞）です。,,
1239,beast,/biːst/,名詞,獣、野獣、獣のような人,人間と対比される「野生の四足獣（ケモノ）」を指します（Beauty and the Beast：美女と野獣）。,,
1240,ape,/eɪp/,名詞、動詞,【名】類人猿（チンパンジーなど）<br>【動】（下手に）真似る、模倣する,チンパンジーやゴリラなどの「類人猿（尾のない猿）」を指します（尾のある小さな猿は monkey）。,,
1241,flock,/flɒk/,名詞、動詞,【名】（鳥や羊などの）群れ<br>【動】群がる、集まる,鳥の群れ（a flock of birds）や羊の群れ。人が「大勢でどっと集まる」動作にも使われます。,,
1242,vein,/veɪn/,名詞,静脈、鉱脈、葉脈、気質・タッチ,動脈（artery）に対する「静脈」のほか、葉っぱの「葉脈」、鉱物の「鉱脈」を意味します。,,
1243,breed,/briːd/,動詞、名詞,【動】繁殖する、繁殖させる、育てる<br>【名】品種、種類,動物が子供を「産んで増やす（繁殖する）」ことや、犬や猫などの「品種（a breed of dog）」を指します。過去形は bred。,,
1244,reproduce,/ˌriːprəˈdjuːs/,動詞,再現する、複製する、生殖する・繁殖する,図面を「コピー・複製する」ほか、生物が子孫を「増やす（生殖する）」、または音を「再現する（再生する）」意味があります。,,
1245,talkative,/ˈtɔːkətɪv/,形容詞,話し好きな、おしゃべりな,人とおしゃべりするのが大好きな、社交的でよく喋る性格を指します。,,
1246,earnest,/ˈɜːrnɪst/,形容詞、名詞,【形】真面目な、真剣な、熱心な<br>【名】真面目、本気,嘘偽りなく物事に真剣に取り組む様子。in earnest で「真剣に、本格的に」。,,
1247,diligent,/ˈdɪlɪdʒənt/,形容詞,勤勉な、真面目な、地道に努力する,仕事や勉強などを怠けず、地道に「コツコツと努力する、精を出す」様子を指します。名詞形は diligence。,,
1248,principal,/ˈprɪnsəpl/,形容詞、名詞,【形】主要な、第一位の<br>【名】校長、主役、元金（がんきん）,最も重要な「主要な（principal reason：主な理由）」のほか、学校の「校長先生」を指します。原理原則の principle と同音。,,
1249,prime,/praɪm/,形容詞、名詞、動詞,【形】最も重要な、主要な、第一級の<br>【名】全盛期、最盛期<br>【動】準備する,Prime Minister（首相）や prime time（ゴールデンタイム）、数学の prime number（素数）など。,,
1250,definite,/ˈdefɪnət/,形容詞,明確な、はっきりした、確実な,疑いの余地がないほど「明確で決まりきった」状態を指します。副詞形は definitely（絶対に、その通り）。,,
1251,evident,/ˈevɪdənt/,形容詞,明白な、明らかな,証拠や状況から判断して「誰の目にも明らかな」様子。名詞形は evidence（証拠）です。,,
1252,prominent,/ˈprɒmɪnənt/,形容詞,傑出した、著名な、目立つ、突き出た,社会的に「名高い、著名な（prominent figure：著名人）」、または物理的に「目立つ、隆起した」ことを表します。,,
1253,marked,/mɑːrkt/,形容詞,著しい、目立つ、標識のある,変化や違いが、誰が見ても一目でわかるほど「著しい（a marked improvement：著しい改善）」ことを意味します。,,
1254,grace,/ɡreís/ -> /ɡreɪs/,名詞、動詞,【名】優雅さ、上品さ、猶予、恵み<br>【動】飾る、〜に光栄を与える,動作の「しとやかさ、エレガントさ」のほか、返済や提出などの「猶予期間（grace period）」という意味もあります。,,
1255,charm,/tʃɑːrm/,名詞、動詞,【名】魅力、チャーム、お守り<br>【動】魅了する,人や場所が持つ、人を惹きつける愛らしい「魅力」のこと。,,
1256,fancy,/ˈfænsi/,形容詞、名詞、動詞,【形】高級な、装飾的な、派手な<br>【名】空想、気まぐれ<br>【動】〜したいと思う、想像する,fancy restaurant（高級レストラン）のほか、英口語で fancy doing（〜したいと思う）のように使われます。,,
1257,rational,/ˈræʃnəl/,形容詞,理性的な、合理的な、筋の通った,感情に流されず、筋の通った論理に基づく「合理的な」考え方を指します。名詞形は rationality。,,
1258,magnificent,/mæɡˈnɪfɪsnt/,形容詞,壮大な、素晴らしい、極めて見事な,規模、美しさ、荘厳さなどが「息を呑むほど素晴らしい、壮麗な」様子を表します。,,
1259,superior,/suːˈpɪəriər/,形容詞、名詞,【形】優れた、上位の、上質な<br>【名】上司、目上の人,be superior to 〜（〜より優れている：better than と同義ですが than ではなく to を取ります）。対義語は inferior（劣っている）。,,
1260,loyal,/ˈlɔɪəl/,形容詞,忠実な、忠誠心のある、誠実な,組織、国、ブランド、友人などに対して裏切らずに「忠実・誠実である」ことを意味します（loyal customer：常連客）。,,
1261,horrible,/ˈhɒrəbl/,形容詞,恐ろしい、極めて不快な、ひどい,質や状況が「最悪でひどい（horrible smell：ひどい臭い、horrible experience：最悪の体験）」ときに多用されます。,,
1262,miserable,/ˈmɪzrəbl/,形容詞,みじめな、不幸な、ひどく不快な,貧困、孤独、または体調不良などで「ひどくみじめで不幸な」状態を言います。名詞形は misery。,,
1263,dull,/dʌl/,形容詞、動詞,【形】退屈な、鈍い、くすんだ<br>【動】鈍らせる,映画や授業が「退屈である（boring）」ことのほか、ナイフの刃が「鈍い（切れない）」、天気が「どんより曇っている」など。,,
1264,nasty,/ˈnæsti/,形容詞,意地悪な、ひどく不快な、厄介な,性格が「意地悪な」ほか、食べ物や臭いが「非常に不快で嫌な」、天気が「最悪な」ときに使われる口語です。,,
1265,insane,/ɪnˈseɪn/,形容詞,狂気じみた、正気でない、ばかげた,精神的な異常を表すほか、日常会話で「あり得ないほどすごい、クレイジーな」という誇張表現でも使われます。,,
1266,ridiculous,/rɪˈdɪkjələs/,形容詞,ばかばかしい、ばかげた、おかしな,笑ってしまうほど筋が通っていなくて「ばかばかしい」様子を指します（That's ridiculous!：そんなのばかげてる！）。,,
1267,rotten,/ˈrɒtn/,形容詞,腐った、朽ちた、最低な、ひどい,食べ物が傷んで「腐っている」物理的意味のほか、人の態度や性格が「最低な、腐っている」様子にも使われます。,,
1268,notorious,/noʊˈtɔːriəs/,形容詞,（悪い意味で）有名な、悪名高い,有名（famous）のなかでも、悪い事柄で世間に名が知れ渡っている状態を言います。be notorious for 〜（〜で悪名高い）。,,
1269,evil,/ˈiːvl/,形容詞、名詞,【形】邪悪な、悪い、有害な<br>【名】悪、害悪,道徳的にひどく「邪悪な、悪に満ちた」こと、または社会的な「悪（害悪）」を指します。,,
1270,mess,/mes/,名詞、動詞,【名】散らかった状態、混乱、めちゃくちゃ<br>【動】散らかす、台無しにする,部屋が「散らかっている（My room is a mess.）」ことや、状況が「めちゃくちゃである」状態を表します。,,
1271,vast,/væst/,形容詞,広大な、膨大な、莫大な,土地が「広大な」ことや、知識・量・金額などが「膨大である」ことを表します。,,
1272,huge,/hjuːdʒ/,形容詞,巨大な、膨大な、ものすごく大きい,物理的なサイズだけでなく、数量や規模、影響力が「ものすごく大きい」様子を指します。,,
1273,tiny,/ˈtaɪni/,形容詞,ごくわずかな、ちっぽけな、極小の,huge（巨大な）の対義語。極めて「サイズが小さい、わずかな」様子を指します。,,
1274,sphere,/sfɪər/,名詞、動詞,【名】球体、球、活動範囲・領域<br>【動】球体にする,物理的な「球、ボール」のほか、活動や影響の「領域・勢力範囲（sphere of influence：影響圏）」を意味します。,,
1275,strip,/strɪp/,動詞、名詞,【動】剥ぎ取る、脱ぐ、取り除く<br>【名】細長い切れ、細長い土地,洋服を「脱ぐ（ストリップ）」ことや、特権や皮を「剥ぎ取る」こと。名詞は細長い「切れ端（strip of paper）」などを意味します。,,
1276,vessel,/ˈvesl/,名詞,船（大型の）、容器、血管,大型ボートや客船（vessel）のほか、理化学の「容器」、体内の「血管（blood vessel）」などを指します。,,
1277,internal,/ɪnˈtɜːrnl/,形容詞、名詞,【形】内部の、国内の、体内の<br>【名】内臓（複数形）,external（外部の）の対義語。組織の「内部の」問題や、体内の「内臓（internal organs）」などを表します。,,
1278,mobile,/ˈmoʊbl/,形容詞、名詞,【形】移動しやすい、可動式の、携帯電話の<br>【名】モビール（動くおもちゃ）,簡単に移動できること。mobile phone（携帯電話）などでお馴染みです。,,
1279,steep,/stiːp/,形容詞、名詞、動詞,【形】（坂などが）険しい、急な、（価格が）法外に高い<br>【名】急勾配<br>【動】浸す,坂や階段の傾斜が「険しくて急な」こと。また、値段が「不当に高い（steep price）」という意味でもよく使われます。,,
1280,intense,/ɪnˈtens/,形容詞,激しい、強烈な、情熱的な,熱、光、感情、痛み、競争などが「非常に激しい、強烈である」ことを表します。名詞形は intensity。,,
1281,inevitable,/ɪnˈevɪtəbl/,形容詞,避けられない、不可避の、必然の,避けることが不可能な自然の成り行きや結果を指します。名詞形は inevitability です。,,
1282,neutral,/ˈnuːtrəl/,形容詞、名詞,【形】中立の、公平な、はっきりしない<br>【名】中立国、中立の位置,紛争などでどちらの側にも与（くみ）しない公平な状態を意味します。自動車のギアの「ニュートラル」もこれです。,,
1283,brief,/briːf/,形容詞、名詞、動詞,【形】簡潔な、短時間の<br>【名】概要、要約<br>【動】要約する、指示を与える,brief meeting（短い会議）や、in brief で「要するに、手短に言えば（in short と同義）」の形で使われます。,,
1284,bare,/beər/,形容詞、動詞,【形】裸の、むき出しの、最低限の<br>【動】むき出しにする,bare feet（裸足）や bare necessities（最低限の生活必需品）のように、覆うものがない状態や最低限の様子を指します。,,
1285,mutual,/ˈmjuːtʃuəl/,形容詞,相互の、共通の,mutual understanding（相互理解）や mutual friend（共通の友人）の表現で非常によく使われます。,,
1286,potential,/pəˈtenʃl/,形容詞、名詞,【形】潜在的な、可能性のある<br>【名】潜在能力、可能性、将来性,potential customer（潜在顧客）や have great potential（素晴らしい潜在能力・将来性を秘めている）などの形で多用されます。,,
1287,tough,/tʌf/,形容詞,困難な、たくましい、頑丈な、（肉が）硬い,tough problem（難題）や tough decision（苦渋の決断）、tough meat（硬くて噛み切れない肉）など、幅広く使われます。,,
1288,supreme,/suːˈpriːm/,形容詞,最高の、至高の、究極の,権力や地位が最も高いこと。Supreme Court（最高裁判所）などの表現で広く知られています。,,
1289,resemble,/rɪˈzembl/,動詞,〜に似ている,他動詞なので resemble to としないよう、直後に目的語を置きます（例：She resembles her mother.：彼女は母親に似ている）。,,
1290,contrary,/ˈkɒntrəri/,形容詞、名詞、副詞,【形】反対の、反する<br>【名】（the contraryで）逆、反対<br>【副】反対に,on the contrary（それどころか、全く逆で）や contrary to 〜（〜に反して、例：contrary to my expectations：予想に反して）が重要です。,,
1291,category,/ˈætəɡɔːri/ -> /ˈkætəɡɔːri/,名詞,部門、範疇、カテゴリー,共通の性質を持つ事物やアイデアを分類・グループ分けした区分（カテゴリー）を指します。,,
1292,scope,/skoʊp/,名詞、動詞,【名】範囲、視野、余地<br>【動】詳しく調査する,プロジェクトの適用範囲（scope of the project）などのように、活動や研究が及ぶ「範囲・領域」を意味します。,,
1293,given,/ˈɡɪvn/,前置詞、形容詞、名詞、動詞,【前】〜を考慮すると、仮に〜とすれば<br>【形】特定の、規定の、〜を与えられた<br>【名】既定の事実,given the circumstances（周囲の状況を考慮すると）や given that 〜（〜であることを考慮すると）という前置詞・接続詞的用法が非常に重要です。,,
1294,peculiar,/pɪˈkjuːliər/,形容詞、名詞,【形】独特の、固有の、奇妙な<br>【名】特有の財産・特権,peculiar to Japan（日本に特有の）のように、他にはない特定の場所・人・物に「固有の、特有の」性質を指します。,,
1295,sufficient,/səˈfɪʃnt/,形容詞,十分な、足りる,enough よりも硬いフォーマルな語です。be sufficient for 〜（〜に十分である）。名詞形は sufficiency。,,
1296,numerous,/ˈnuːmərəs/,形容詞,多数の、数多くの,many のフォーマルな表現です。原則として複数名詞を修飾します（例：numerous complaints：多数の苦情）。,,
1297,substantial,/səbˈstænʃl/,形容詞、名詞,【形】かなりの、実質的な、頑丈な<br>【名】重要部分,a substantial increase（かなりの増加）や substantial evidence（実質的な証拠、しっかりとした証拠）などでよく使われます。,,
1298,unit,/ˈjùːnɪt/ -> /ˈjuːnɪt/,名詞,単位、構成単位、部隊、ユニット,長さや重さの単位、アパートの「一世帯、一部屋」、または教科書などの「単元（レッスン）」などを指します。,,
1299,diameter,/daɪˈæmɪtər/,名詞,直径,円や球などの「直径」を指します。ちなみに「半径」は radius /ˈreɪdiəs/ と言います。,,
1300,arithmetic,/əˈrɪθmətɪk/ (名)<br>/ˌærɪθˈmetɪk/ (形),名詞、形容詞,【名】算数、計算<br>【形】算数の、計算の,四則演算（足し算、引き算、掛け算、割り算）を中心とした「算数」を意味します。数学（mathematics）よりも基礎的な段階です。,,
1301,quantity,/ˈɒntəti/ -> /ˈqʊɒntəti/ or /ˈkwɒntəti/,名詞,量、数量,質（quality）の対義語。in large quantities で「大量に、多量に」という意味になります。,,
1302,deficiency,/dɪˈfɪʃnsi/,名詞,不足、欠乏、欠陥,必要な栄養素、成分、ビタミンなどの「欠乏、著しい不足（vitamin deficiency など）」を指します。,,
1303,maximum,/ˈmæksɪməm/,名詞、形容詞,【名】最大限、最高限度、極限<br>【形】最大限の、最高の,minimum（最小限・最小の）の対義語です。,,
1304,bunch,/bʌntʃ/,名詞、動詞,【名】房（ふさ）、束、集まり、群れ<br>【動】束ねる、群がる,a bunch of grapes（一房のブドウ）のほか、日常会話のくだけた表現で a bunch of people（たくさんの人々）などにも使われます。,,
1305,lessen,/ˈlesn/,動詞,減らす、和らげる、減少する、軽減する,痛み、負担、価値、影響、リスクなどを「少なくする、軽減する、低下させる」ことを意味します。,,
1306,era,/ˈɪərə/,名詞,時代、年代,歴史上の明確な出来事や、大きな変革によって区切られる特定の「時代」を指します。,,
1307,session,/ˈseʃn/,名詞,会期、集まり、セッション、授業時間,国会などの「会期」のほか、特定の作業・議論・トレーニングなどを行うために設けられた「まとまった時間、セッション」を指します。,,
1308,pause,/pɔːz/,名詞、動詞,【名】一時休止、一時停止、ためらい<br>【動】一時的に立ち止まる、一時休止する,会話や動作、音楽などを「ふと一時的にストップする（させる）」ことを言います。,,
1309,annual,/ˈænjuəl/,形容詞、名詞,【形】年に一度の、例年の、一年間の<br>【名】年報、一年生植物,annual event（年に一度の恒例行事）や annual report（年次報告書）、annual income（年収）などの形で使われます。,,
1310,eternal,/ɪˈtɜːrnl/,形容詞、名詞,【形】永遠の、不滅の、絶え間のない<br>【名】不滅のもの、永遠,始まりも終わりもない、時間が無限に続く「永遠、永久不滅」を指します。名詞形は eternity。,,
1311,initial,/ɪˈnɪʃl/,形容詞、名詞、動詞,【形】初期の、最初の<br>【名】頭文字（イニシャル）<br>【動】頭文字で署名する,initial stage（初期段階）や、自分の名前の「イニシャル（頭文字）」を意味します。,,
1312,prior,/ˈpraɪər/,形容詞、名詞,【形】事前の、優先的な、先の<br>【名】修道院長,prior to 〜 で「〜より前に、〜に先立って（before の少し硬い表現）」となり、入試やビジネスで極めて重要です。,,
1313,subsequent,/ˈsʌbsɪkwənt/,形容詞,その後の、続いて起こる、次の,preceding（先行する）の対義語。ある特定の出来事の「その後に引き続いて起こる」ことを指します。,,
1314,meanwhile,/ˈmiːnwaɪl/,副詞、名詞,【副】その間に、一方では、同時に<br>【名】その間、合間,二つの出来事が並行して起きている状況で、「その間に、一方では」と別の話・状況を導入する際によく使われます。,,
1315,routine,/ruːˈtiːn/,名詞、形容詞,【名】いつもの手順、ルーティン<br>【形】日常の、決まりきった,日常行われる、いつもと同じ決まりきった「手順・習慣、所定の動作」のこと。,,
1316,souvenir,/ˌsuːvəˈnɪər/,名詞,お土産、記念品、形見,旅行先やイベントなどで、思い出のために買う「お土産、記念品」を指します。,,
1317,brick,/brɪk/,名詞、動詞,【名】レンガ、レンガ状の物<br>【動】レンガで囲う,赤レンガなどの「建築資材としてのレンガ」を指します。,,
1318,pole,/poʊl/,名詞、動詞,【名】棒、柱、極（南極・北極など）、電極<br>【動】棒で押す,North Pole（北極）や South Pole（南極）のほか、電柱や案内用の「長い棒、柱（ポール）」を指します。,,
1319,mischief,/ˈmɪstʃɪf/,名詞,いたずら、いたずら心、害、茶目っ気,主に子供やペットなどが行う、悪気のない可愛い「いたずら、いたずらっ気」を意味します。形容詞形は mischievous。,,
1320,superstition,/ˌsuːpərˈstɪʃn/,名詞,迷信,科学的な根拠のない、昔からの言い伝えや「迷信」を意味します。形容詞形は superstitious。,,
1321,storage,/ˈstɔːrɪdʒ/,名詞,貯蔵、保管、ストレージ（記憶装置）,倉庫などでの物品の「保管・貯蔵（in storage：保管中で）」のほか、コンピューターの「データ記憶装置（ストレージ）」を指します。,,
1322,shelter,/ˈʃeltər/,名詞、動詞,【名】避難所、住処、シェルター、保護施設<br>【動】避難させる、保護する、守る,災害時の「避難所（emergency shelter）」や、迷子や虐待された動物などの「保護施設（animal shelter）」を指します。,,
1323,garment,/ˈɡɑːrmənt/,名詞,衣類、衣料品,やや硬いフォーマルな表現で、コートやドレスなどの「衣服の一着一着（製品）」を指します。,,
1324,canal,/kəˈnæl/,名詞、動詞,【名】運河、人工水路、運河網<br>【動】運河を掘る,パナマ運河（Panama Canal）やスエズ運河などのように、交通や灌漑のために「人工的に作られた運河」を指します。,,
1325,cabinet,/ˈæbɪnət/ -> /ˈkæbɪnət/,名詞,キャビネット（棚）、内閣,書類や食器を収納する「キャビネット（戸棚）」のほか、政治における政府の「内閣（the Cabinet）」も指す重要語です。,,
1326,incident,/ˈɪnsɪdənt/,名詞、形容詞,【名】出来事、事件、紛争<br>【形】付随する、起こりやすい,予期せぬ事故（accident）に対して、政治的・突発的に引き起こされた特定の「事件、紛争、出来事」を指します。,,
1327,circumstance,/ˈsɜːrkəmstæns/,名詞,状況、環境、事情,通常、複数形の circumstances の形で、自分の周りを取り巻く「状況、環境、諸事情」の意味で使われます。,,
1328,fetch,/fetʃ/,動詞、名詞,【動】行って取ってくる、連れてくる、引き出す<br>【名】取ってくること,行った先で物を手に入れて「戻ってくる、連れて帰ってくる」という一連の動作。犬におもちゃを取ってこさせる遊びもこれです。,,
1329,distribute,/dɪˈstrɪbjuːt/,動詞,配布する、分配する、流通させる,パンフレットなどを「配る」ことや、商品を小売店へ「配送・流通させる」ことを意味します。名詞形は distribution。,,
1330,purchase,/ˈpɜːrtʃəs/,動詞、名詞,【動】購入する、買う<br>【名】購入、購入品、獲得,buy よりもフォーマルな「購入（する）」を指します。クレジットカードによる「お買い物」などもこれに相当します。,,
1331,statue,/ˈstætʃuː/,名詞,彫像、像,石、木、金属などで作られた人物や動物の「彫像、ブロンズ像（Statue of Liberty：自由の女神など）」を指します。,,
1332,sculpture,/ˈskʌlptʃər/,名詞、動詞,【名】彫刻、彫刻作品<br>【動】彫刻する,石や粘土、木などを削って立体的な作品を創る「彫刻美術」や、その「作品」自体を指します。,,
1333,myth,/mɪθ/,名詞,神話、作り話、根拠のない社会通念,ギリシャ神話などの「神話」のほか、世間で広く真実だと思われている「（実際は正しくない）根拠のない常識、神話・迷信」も指します。,,
1334,craft,/kræft/,名詞、動詞,【名】工芸、技能、船・宇宙船<br>【動】精巧に作り上げる,手工芸（handicraft）や、宇宙船（spacecraft）の「船」のほか、高い技術で「精巧に作り上げる」という動詞もよく使われます。,,
1335,journal,/ˈdʒɜːrnl/,名詞,定期刊行物、学術誌、日記、日誌,専門的な「学術雑誌（academic journal）」や、日々のできごとを書き留める日記・日誌（ジャーナル）を指します。,,
1336,encyclopedia,/ɪnˌsaɪkləˈpiːdiə/,名詞,百科事典,あらゆる学問や知識の分野を網羅した「百科事典、事典（Wikipedia の pedia の語源）」です。,,
1337,heaven,/ˈhevn/,名詞,天国、天、極楽,地獄（hell）の対義語としての、神の住まう「天国、楽園」を指します。,,
1338,funeral,/ˈfjuːnərəl/,名詞、形容詞,【名】葬式、葬儀<br>【形】葬式の、葬儀の,亡くなった人を弔う「葬儀」のこと。,,
1339,soul,/soʊl/,名詞,魂、精神、人、ソウル（音楽）,肉体（body）と対比される人間の「魂・精神」のほか、a kind soul（親切な人）のように「人」そのものを指すこともあります。,,
1340,priest,/priːst/,名詞,聖職者、神父、司祭、司祭の役割,カトリックの「神父、司祭」や、仏教の僧侶、神社の神主など、あらゆる宗教の「聖職者」を広く指します。,,
1341,faith,/feɪθ/,名詞,信仰、信頼、信念、確信,have faith in 〜（〜を信頼している、強く信じている）の形でよく使われます。形容詞形は faithful（忠実な）。,,
1342,sacred,/ˈseɪkrɪd/,形容詞,神聖な、神聖にして侵すべからざる,宗教的にきわめて尊く、冒してはならない「神聖な」土地、儀式、遺物などを指します。,,
1343,divine,/dɪˈvaɪn/,形容詞、名詞、動詞,【形】神の、神聖な、極めて素晴らしい<br>【名】聖職者<br>【動】（直感で）予言する、見抜く,神そのものや、神のような絶対的な存在に関連する「神聖な、神々しい」様子を意味します。,,
1344,Muslim,/ˈmʌzlɪm/,名詞、形容詞,【名】イスラム教徒（ムスリム）<br>【形】イスラム教の、イスラム教徒の,イスラム教（Islam）を信仰する人々、あるいはその宗教や文化に関連する事柄を表します。,,
1345,context,/ˈɒntekst/ -> /ˈkɒntekst/,名詞,文脈、前後関係、背景、状況,文章の「文脈」のほか、歴史的・社会的な出来事の「背景・状況（historical/social context）」を指すことが非常に多いです。,,
1346,singular,/ˈsɪŋɡjələr/,形容詞、名詞,【形】単数の、特異な、素晴らしい<br>【名】単数形,英文法の「単数形（複数形 plural の対義語）」を意味するほか、「並外れた（singular talent：並外れた才能）」の意味も持ちます。,,
1347,command,/kəˈmænd/,動詞、名詞,【動】命令する、指揮する、見渡す<br>【名】命令、指揮、自由にあやつる能力,have a good command of English で「英語を自由自在にあやつる高い語学力がある」という意味になり、重要です。,,
1348,instance,/ˈɪnstəns/,名詞、動詞,【名】例、実例、場合<br>【動】例に引く,for instance で「例えば（for example と同義）」の形で、論文や日常会話などで極めて多用されます。,,
1349,dialogue,/ˈdaɪəlɒɡ/,名詞、動詞,【名】対話、対話部分、ダイアログ<br>【動】対話する,単なるおしゃべり（chat）ではなく、意見を交わし合って合意を目指す「建設的な対話」を指すことが多いです。,,
1350,usage,/ˈjuːsɪdʒ/,名詞,使用法、慣習、言葉の慣用,水や電気、データの「使用量、使用法」や、言葉の自然な「使われ方・慣用」を意味します。,,
1351,vowel,/ˈvaʊəl/,名詞,母音（ぼいん）,"a, e, i, o, u などの「母音」を指します。子音（consonant）の対義語です。",,
1352,pronoun,/ˈproʊnaʊn/,名詞,代名詞,"I, you, he, she, it などの、名詞の代わりに用いられる文法用語の「代名詞」です。",,
1353,accent,/ˈæksent/ (名)<br>/ækˈsent/ (動),名詞、動詞,【名】アクセント、地方訛り、強調<br>【動】強調する,話す言葉の「地方なまり（地方アクセント）」や、言葉の音の強弱（アクセント）を意味します。,,
1354,outline,/ˈaʊtlaɪn/,名詞、動詞,【名】概要、あらすじ、アウトライン、輪郭<br>【動】概要を説明する、輪郭を描く,論文やプレゼンテーションの全体像を要約した「概要、アウトライン」を指します。,,
1355,remote,/rɪˈmoʊt/,形容詞、名詞,【形】遠い、僻地の、可能性が薄い<br>【名】リモコン,物理的な「遠い僻地（remote area）」のほか、remote possibility（かすかな可能性）、remote work（リモートワーク）など。,,
1356,ambition,/æmˈbɪʃn/,名詞,野心、大望、野望、向上心,成功を収めたい、高い目標を達成したいという、強い「向上心、野心」を意味します。形容詞形は ambitious。,,
1357,temper,/ˈtempər/,名詞、動詞,【名】機嫌、気性、平静さ、怒り<br>【動】和らげる,lose one's temper で「怒り出す、カッとなる」、keep one's temper で「平静を保つ（怒りを抑える）」という重要表現になります。,,
1358,affection,/əˈfekʃn/,名詞,愛情、慈しみ、愛着,家族や友人などに対して抱く、温かみのある「深い愛情、親愛の情」を意味します。形容詞形は affectionate。,,
1359,enthusiasm,/ɪnˈθuːziæzəm/,名詞,熱意、熱狂、情熱,特定の趣味や仕事、活動に対して注がれる「熱心な気持ち、やる気」を指します。形容詞形は enthusiastic。,,
1360,rage,/reɪdʒ/,名詞、動詞,【名】激怒、猛威、大流行<br>【動】激怒する、猛威を振るう,激しい「怒り、憤怒」を指します。また、嵐や感染症、戦争などが「猛威を振るう（悪化する）」際にも使われます。,,
1361,incredible,/ɪnˈkredəbl/,形容詞,信じられない、素晴らしい、驚くべき,信じがたい事柄を指すほか、日常会話で「ものすごい、素晴らしい」と相手や物事を褒めちぎる強調表現として多用されます。,,
1362,chuckle,/ˈtʌkl/ -> /ˈtʃʌkl/,動詞、名詞,【動】くすくす笑う、含み笑いをする<br>【名】くすくす笑い,口を閉じて喉の奥で「クスクス、一人で思い出し笑いをする」ような笑い方を指します。,,
1363,dare,/deər/,動詞、助動詞、名詞,【動】あえて〜する、立ち向かう<br>【助】あえて〜する<br>【名】挑戦、あえてすること,How dare you!（よくもそんな図々しいことを！）や、dare to do（あえて〜する、恐れずに〜する）の形で重要です。,,
1364,scream,/skriːm/,動詞、名詞,【動】悲鳴を上げる、叫ぶ<br>【名】悲鳴、叫び声,恐怖、怒り、興奮などで、喉をからして甲高い「悲鳴・叫び声を上げる」動作を指します。,,
1365,soothe,/suːð/,動詞,（痛みを）和らげる、なだめる、落ち着かせる,赤ちゃんの泣き声を「なだめる」ことや、筋肉や皮膚の「ヒリヒリした痛みを和らげる」ことに使われます。,,
1366,tempt,/tempt/,動詞,誘惑する、そそる、その気にさせる,食べ物の魅力や誘惑などが、人に悪いことをしたくなるように「そそる、そそのかす」こと。be tempted to do（〜したい誘惑に駆られる）。,,
1367,scold,/skoʊld/,動詞,叱る、小言を言う,scold A for B（BのことでAを叱る）の形で用いられ、親や先生が子どもを叱る際によく使われます（単に大声で怒鳴る yell とは異なります）。,,
1368,oppress,/əˈpres/,動詞,圧迫する、抑圧する、虐げる,権力や武力を用いて、他者や国民を不当に「抑圧する、虐げる」ことを意味します。名詞形は oppression。,,
1369,threaten,/ˈθretn/,動詞,脅迫する、脅かす、〜の恐れがある,脅し文句で人を「脅迫する」ほか、絶滅の危機などが生物や社会を「脅かす、危機にさらす」ことを表します。,,
1370,mourn,/mɔːrn/,動詞,悼む、悲しむ、喪に服す,親しい人や尊敬する人の死、あるいは大きな喪失に対して「深く悼み、悲しむ」ことを意味します。,,
1371,sacrifice,/ˈsæk rɪfaɪs/ -> /ˈsækrɪfaɪs/,名詞、動詞,【名】犠牲、生け贄<br>【動】（目的のために）犠牲にする,大きな目的を達成するために、大切な時間や財産などを「犠牲にする、差し出す」こと。,,
1372,curse,/kɜːrs/,名詞、動詞,【名】呪い、毒口、災い<br>【動】呪う、ののしる,悪いことが起きるようにと「呪う（のろいをかける）」ことや、悪口・悪態を吐く（ののしる）ことを指します。,,
1373,stem,/stem/,名詞、動詞,【名】茎、幹、軸、幹部<br>【動】生じる、進みを止める,植物の「茎」のほか、stem from 〜 で「〜に起因する、〜から発生する（原因が〜にある）」という重要表現になります。,,
1374,trigger,/ˈtrɪɡər/,名詞、動詞,【名】引き金、きっかけ、誘因<br>【動】引き起こす、誘発する,銃の「引き金」から転じて、化学反応、事件、アレルギーなどを「突然引き起こす、誘発する」ことを意味します。,,
1375,consequence,/ˈɒnsɪkwəns/ -> /ˈkɒnsɪkwəns/,名詞,結果、重大性,行動から生じる「好ましくない結果、影響」を意味することが多く、as a consequence で「結果として」となります。,,
1376,process,/ˈproʊses/,名詞、動詞,【名】過程、手順、工程、プロセス<br>【動】加工する、処理する,データを「処理する」ことや、食品を「加工する（processed food：加工食品）」という意味の動詞が非常に重要です。,,
1377,resort,/rɪˈzɔːrt/,名詞、動詞,【名】リゾート（行楽地）、最終手段<br>【動】（不本意ながら最後の手段に）訴える,resort to 〜 で「〜（好ましくない手段）に訴える、〜を最終手段として使う（resort to violence：暴力に訴えるなど）」となります。,,
1378,formula,/ˈfɔːrmjələ/,名詞,公式、数式、配合、粉ミルク,数学の「公式」のほか、新製品の「配合・成分調合」、または乳児用の「粉ミルク（baby formula）」を意味します。,,
1379,procedure,/prəˈsiːdʒər/,名詞,手順、手続き、処置、プロシージャ,手続きや作業、または医療行為における「一連の定められた手順・手続き・処置」を指します。,,
1380,extraordinary,/ɪkˈstrɔːrdəneri/,形容詞,並外れた、異例の、異常な、非凡な,ordinary（普通の）に extra（〜を超える）がついた言葉で、「並外れて素晴らしい、または風変わりな」様子を指します。,,
1381,absolute,/ˈæbsəluːt/,形容詞、名詞,【形】絶対的な、完全な、無条件の<br>【名】絶対的なもの,relative（相対的な）の対義語。absolute truth（絶対的な真実）や absolute power（絶対的な権力）など。,,
1382,overwhelming,/ˌoʊvərˈwelmɪŋ/,形容詞,圧倒的な、抵抗できない、圧倒する,overwhelming majority（圧倒的多数）や overwhelming success（圧倒的大成功）などの形で広く使われます。,,
1383,altogether,/ˌɔːltəˈɡeðər/,副詞、名詞,【副】完全に、全く、全部で、概して<br>【名】全体,completely と同様の「完全に」や、合計して「全部で」、全体として「概して」の意味で使われます。,,
1384,entire,/ɪnˈtaɪər/,形容詞,全体の、まるまる〜の、完全な,whole と同様に、途切れることなく一つにまとまった「全体の、全ての（期間や組織など）」を表します。,,
1385,tremendous,/trəˈmendəs/,形容詞,途方もない、ものすごい、素晴らしい,金額、サイズ、量、あるいは影響力が「恐ろしいほどに大きい、ものすごい」様子を表します。,,
1386,sheer,/ʃɪər/,形容詞、副詞、動詞,【形】まったくの、純然たる、険しい、（布が）極めて薄い<br>【副】垂直に<br>【動】急にそれる,sheer size（あまりの大きさ）や sheer luck（全くの幸運）のように、ある性質を100%強調する際に使われます。,,
1387,partial,/ˈpɑːrʃl/,形容詞、名詞,【形】部分的な、一部の、不公平な、〜を好んで<br>【名】部分、偏り,full や total の対義語としての「部分的な」のほか、be partial to 〜（〜が大好きである、〜に偏愛している）という意味もあります。,,
1388,barely,/ˈbeərli/,副詞,かろうじて、やっと、ほとんど〜ない,「かろうじて（〜できた）」という、ギリギリ肯定の意味を表します（hardly は「ほとんど〜ない」の否定的な意味合いが強いです）。,,
1389,approximately,/əˈprɒksɪmətli/,副詞,おおよそ、約,数値や時間について、フォーマルに「約、おおむね」と述べる言葉です（日常会話の about）。,,
1390,frequently,/ˈfriːkwəntli/,副詞,頻繁に、しばしば、たびたび,often よりも「繰り返し何度も」の頻度が高い印象を与える「頻繁に、度々」を表します。形容詞形は frequent。,,
1391,apparently,/əˈpærəntli/,副詞,どうやら〜らしい、一見したところ〜のようだ,見た目や聞いた話から判断して「見たところ〜らしい（実際は違うかもしれないが）」というニュアンスを含みます。,,
1392,merely,/ˈmɪərli/,副詞,単に、ただ〜にすぎない,only の少し硬い表現で、「それ以上の何者でもない、ただ〜にすぎない」と限定する際に使われます。,,
1393,nevertheless,/ˌnevəðəˈles/,副詞,それにもかかわらず、それでもなお,however や nonetheless と同様に、前言に対立する事実を導く接続詞的副詞です。,,
1394,somehow,/ˈsʌmhaʊ/,副詞,どうにかして、どういうわけか、何とかして,理由はわからないが「どういうわけか」、またはどんな手を使ってでも「何とかして、何とかかんとか」の二つの意味があります。,,
1395,thus,/ðʌs/,副詞,したがって、このように、それゆえに,therefore や so と同様に「したがって、その結果、このようにして」と結論を導きます（少し堅い語です）。,,
1396,afterward(s),/ˈæftərwərd(z)/,副詞,その後、のちに、後で,afterward / afterwards どちらも同じ「その後、後で」を意味し、アメリカでは s なし、イギリスでは s ありが多い傾向にあります。,,
1397,assert,/əˈsɜːrt/,動詞,主張する、断言する、行使する,自分の権利や、根拠に基づいた意見を「はっきりと主張する」ことです。名詞形は assertion。,,
1398,defy,/dɪˈfaɪ/,動詞、名詞,【動】反抗する、無視する、拒む、挑む<br>【名】挑戦,権威や規則に「あえて従わない（反抗する）」こと、また defy description で「言葉では描写しがたい」となります。,,
1399,condemn,/kənˈdem/,動詞,激しく非難する、咎める、運命づける,行為や思想を「公式に、あるいは激しく非難する」こと。また be condemned to do で「（悪い結末に）運命づけられている」。,,
1400,cite,/saɪt/,動詞,引用する、挙げる、引き合いに出す、召喚する,論文や意見の裏付けとして、ソース、著者、あるいは過去の事例を「引用する、引き合いに出す」ことです。名詞形は citation。,,
1401,illustrate,/ˈɪləstreɪt/,動詞,説明する、例証する、挿絵を入れる,図表、実例、イラストなどを使って「わかりやすく説明・実証する」ことです。名詞形は illustration。,,
1402,refute,/rɪˈfjuːt/,動詞,論破する、反論する、誤りを証明する,相手の意見、主張、証拠が「間違いであることを論理的に、根拠を持って証明する」ことです。,,
1403,sue,/suː/,動詞,訴える、告訴する、告訴を起こす,法律に基づいて、裁判所に「民事訴訟を起こす（告訴する）」ことです。sue 人 for damages（損害賠償を求めて人を訴える）。,,
1404,articulate,/ɑːrˈtɪkjuleɪt/ (動)<br>/ɑːrˈtɪkjulət/ (形),動詞、形容詞,【動】はっきり述べる、明確に表現する<br>【形】はっきりと話せる、明瞭な,自分の考えや意見を、明瞭に言葉にして「表現する」ことや、発音がはっきりして聞き取りやすい様子を表します。,,
1405,version,/ˈvɜːrʒn/,名詞,版、バージョン、見解、言い分,ソフトウェアの「最新バージョン」のほか、ある出来事に対する個人の「言い分、見解（his version of the story）」の意もあります。,,
1406,advocate,/ˈædvəkeɪt/ (動)<br>/ˈædvəkət/ (名),動詞、名詞,【動】主張する、擁護する、支持する<br>【名】支持者、擁護者、代弁者,社会運動などで、特定の方針や権利などを「公に強く主張・支持する」ことです。,,
1407,breakthrough,/ˈbreɪkθruː/,名詞,画期的な進歩、大発見、突破口,停滞していた状況を一気に打ち破るような「画期的な発見、科学・技術上の大進歩」を指します。,,
1408,evolution,/ˌevəˈluːʃn/,名詞,進化、発達、段階的な発展,生物の「進化（theory of evolution：進化論）」のほか、技術や社会システムの「段階的な発展、進化」を指します。,,
1409,innovation,/ˌɪnəˈveɪʃn/,名詞,革新、技術革新、イノベーション,新しいアイデア、方法、または技術の導入によってもたらされる、これまでにない「変革、技術革新」を指します。,,
1410,probe,/proʊb/,名詞、動詞,【名】徹底的な調査、探査機、探針<br>【動】探る、徹底的に調査する,宇宙探査機（space probe）のほか、警察や政府による事件の「徹底的な捜査・調査」を意味することもあります。,,
1411,fluid,/ˈfluːɪd/,名詞、形容詞,【名】液体、流体<br>【形】流動的な、滑らかな,気体や液体などの流れるものを指します。状況や予定が「流動的で変わりやすい」場合にも使われます。,,
1412,particle,/ˈpɑːrtɪkl/,名詞,粒子、極小の量,物理学の「素粒子（elementary particle）」や、ダスト（dust particles：塵の粒）などの極めて小さな粒子を指します。,,
1413,gravity,/ˈɡrævəti/,名詞,重力、引力、重大さ、真剣さ,地球の「重力」を意味するほか、状況や事態の「重大さ、深刻さ（gravity of the situation）」を表すこともあります。,,
1414,hypothesis,/haɪˈpɒθəsɪs/,名詞,仮説,科学的な検証や議論の前提として立てる「仮説」を指します。複数形は hypotheses /haɪˈpɒθəsiːz/ です。,,
1415,specimen,/ˈspesəmən/,名詞,標本、見本、検体,昆虫や鉱物の「標本」のほか、病院での臨床検査のための「尿検体（urine specimen）」などを指す医学用語でもあります。,,
1416,microbe,/ˈmaɪkroʊb/,名詞,微生物、細菌,肉眼では見えない極小の「微生物、細菌」を指す学術的な表現です。,,
1417,poison,/ˈpɔɪzn/,名詞、動詞,【名】毒、毒薬、害毒<br>【動】毒を盛る、汚染する、害する,物理的な「毒」から、環境を「汚染する」、人の心を「毒する・台無しにする」という比喩的な動詞としても使われます。,,
1418,acid,/ˈæsɪd/,名詞、形容詞,【名】酸<br>【形】酸性の、酸っぱい、辛辣な,acid rain（酸性雨）などの化学的な意味のほか、辛辣な「皮肉（acid remark）」などの表現でも使われます。,,
1419,toxic,/ˈtɒksɪk/,形容詞,有毒な、中毒性の、有害な,toxic waste（有害廃棄物）のほか、現代では「有害な人間関係・環境（toxic relationship/environment）」の比喩でも頻出します。,,
1420,endeavor,/ɪnˈdevər/,名詞、動詞,【名】努力、試み<br>【動】努力する、努める,困難な目標に向かって「（真摯に、かつ熱心に）努力する、努める」という、少し堅いフォーマルな表現です。,,
1421,doom,/duːm/,名詞、動詞,【名】悲惨な運命、破滅、死<br>【動】（悪い運命を）運命づける,be doomed to failure（失敗する運命にある）の形で非常によく使われる、重いニュアンスを持つ言葉です。,,
1422,manufacture,/ˌmænjuˈfæktʃər/,動詞、名詞,【動】（工場で大量に）製造する、でっち上げる<br>【名】製造、製品,工業的に大量生産することを指します。また、嘘の話を「でっち上げる」という意味でも口語で使われます。,,
1423,yield,/jiːld/,動詞、名詞,【動】産出する、屈する、譲る<br>【名】収穫、利回り、産出量,利益を「生み出す」ことのほか、相手に「屈する（yield to A）」、道を「譲る」こと、また投資の「利回り」を意味します。,,
1424,duplicate,/ˈdjuːplɪkeɪt/ (動)<br>/ˈdjuːplɪkət/ (名),動詞、名詞、形容詞,【動】複製する、二重にする<br>【名】複製品<br>【形】二重の、コピーの,書類やファイル、データを「そっくり複製する（完全にコピーをとる）」ことを指します。,,
1425,assemble,/əˈsembl/,動詞,組み立てる、集める、集まる,機械などの部品を「組み立てる」ほか、人々を特定の場所に「招集する、集める」ことを意味します。名詞形は assembly。,,
1426,mold,/moʊld/,名詞、動詞,【名】型、鋳型、カビ、性格・タイプ<br>【動】形づくる、はめ込む,粘土などの「型（金型）」や、湿気で発生する「カビ」を指すほか、個性を「形成する」などの比喩的な動詞としても使われます。,,
1427,coin,/cɔɪn/ -> /kɔɪn/,名詞、動詞,【名】硬貨、コイン<br>【動】（新しい言葉を）作り出す,お金の「硬貨」の意味のほか、coin a phrase/term で「（新しい表現や専門用語を）作り出す」という動詞用法が非常に重要です。,,
1428,therapy,/ˈθerəpi/,名詞,治療、療法、セラピー,手術や投薬などの物理的治療ではなく、精神的なカウンセリング、リハビリ、理学療法などの「療法」を指します。,,
1429,injection,/ɪnˈdʒekʃn/,名詞,注射、注入、投入,薬液を体に「注射する（お注射）」こと。また、市場やプロジェクトへ資金を「注入・投入する」ことも意味します。,,
1430,dose,/doʊs/,名詞、動詞,【名】（薬の1回の）服用量、分量<br>【動】（薬を）服用させる、投薬する,薬の1回分または1日分の「規定の用量、服用量」を意味します（high dose：高用量）。,,
1431,sanitation,/ˌsænɪˈteɪʃn/,名詞,公衆衛生、下水設備、衛生管理,下水道、ゴミ処理、食品製造など、社会全体の「公衆衛生、衛生設備」を指します（個人の体の清潔さは hygiene）。,,
1432,germ,/dʒɜːrm/,名詞,細菌、病原菌、芽、兆し,病気を引き起こす「病原菌、ばい菌」を少しカジュアルに指す言葉です（消毒用の除菌シートなどは殺菌 germ-free など）。,,
1433,tumor,/ˈtjuːmər/,名詞,腫瘍（しゅよう）,体内にできる異常な細胞の塊（腫瘍）。brain tumor（脳腫瘍）などでよく使われます。,,
1434,stroke,/stroʊk/,名詞、動詞,【名】脳卒中、打撃、一撃、ストローク（泳ぎ等の）<br>【動】（優しく）なでる,医療分野での「脳卒中（脳梗塞など）」の意味が非常に重要です。また、犬や猫の毛並みを優しく「なでる」動詞としても頻出。,,
1435,agony,/ˈæɡəni/,名詞,（心身の）激しい苦痛、苦悶、苦悩,肉体的、または精神的に耐えがたいほどの「激しい痛み、もだえ苦しむこと」を表します。,,
1436,plague,/pleɪɡ/,名詞、動詞,【名】疫病、ペスト、大発生<br>【動】（病気や問題が人を）苦しめる,歴史上の「ペスト（黒死病）」を指すほか、問題などが長年にわたって人々を「苦しめ、悩ませる（plague 人 with A）」の意も。,,
1437,fatigue,/fəˈtiːɡ/,名詞、動詞,【名】（極度の）疲労、疲れ<br>【動】疲れさせる,単なる日常の疲れ（tiredness）ではなく、肉体的・精神的な「極度の慢性的な疲労、消耗、疲弊」を指します。,,
1438,diagnosis,/ˌdaɪəɡˈnoʊsɪs/,名詞,診断、診察、分析,医師が症状から病名を特定する「診断」を意味します。複数形は diagnoses /ˌdaɪəɡˈnoʊsiːz/ です。動詞形は diagnose。,,
1439,mortality,/mɔːrˈtæləti/,名詞,死ぬ運命、死亡率、死亡数,人間がいつかは死ぬという宿命のほか、統計学における「死亡率（mortality rate）」の形でよく使われます。,,
1440,nursing,/ˈnɜːrsɪŋ/,名詞、形容詞,【名】看護、介護、授乳、保育<br>【形】看護の、介護の,nursing home で「高齢者用の介護施設（老人ホーム）」を意味する重要な表現になります。,,
1441,chronic,/ˈkrɒnɪk/,形容詞,慢性の、長引く、常習的な,急性（acute）の対義語。長引く「慢性疾患（chronic disease）」や、長年続く「慢性的な人手不足・渋滞」などに使われます。,,
1442,immune,/ɪˈmjuːn/,形容詞、名詞,【形】免疫のある、免除された<br>【名】免疫者,immune system（免疫システム、免疫系）は生物学・医学・日常ニュースで最頻出のコロケーションです。,,
1443,terminal,/ˈtɜːrmɪnl/,名詞、形容詞,【名】（交通の）ターミナル、終着駅、端末（PC）<br>【形】末期の、終点の,医療分野での「末期の（terminal cancer：末期がん、terminal illness：終末期の病気）」の意味が非常に重要です。,,
1444,sound,/saʊnd/,名詞、動詞、形容詞、副詞,【名】音<br>【動】〜に聞こえる<br>【形】健全な、妥当な、深く（眠る）,safe and sound（無事安泰に）、sound sleep（深い眠り）、sound argument（筋の通った健全な主張）などの形容詞用法が超重要。,,
1445,respiratory,/rɪˈspɪrətɔːri/,形容詞,呼吸器の、呼吸の,respiratory system（呼吸器系）や respiratory disease（呼吸器疾患）の形で医療、生物の分野で頻出します。,,
1446,choke,/tʃoʊk/,動詞、名詞,【動】息を詰まらせる、窒息する、ふさぐ<br>【名】窒息、チョーク、絞り,食べ物が喉に詰まって「息が詰まる、窒息する」こと、または人の「首を絞める」こと。感情で胸が詰まる様子にも使われます。,,
1447,paralyze,/ˈpærəlaɪz/,動詞,麻痺させる、無力にする、完全にストップさせる,事故や病気で身体を「麻痺させる」ほか、大雪などで都市機能や交通を「完全にストップ（麻痺）させる」ことを指します。,,
1448,prescribe,/prɪˈskraɪb/,動詞,（薬を）処方する、規定する、指示する,医師が処方箋を出す「処方する」のほか、ルールや方針などを「規定する」という意味もあります。名詞形は prescription。,,
1449,digest,/daɪˈdʒest/ (動)<br>/ˈdaɪdʒest/ (名),動詞、名詞,【動】消化する、理解する<br>【名】要約、ダイジェスト,食べ物を胃腸で「消化する」こと。または、情報や難解な本を十分に「理解して自分のものにする（咀嚼する）」こと。,,
1450,weary,/ˈwɪəri/,形容詞、動詞,【形】疲れ果てた、退屈した<br>【動】疲れさせる、退屈する,長時間の作業や重労働などで「心身ともに疲れ切っている、うんざりしている」状態を指します（tired よりも消耗が激しい）。,,
1451,nourish,/ˈnɜːrɪʃ/,動詞,栄養を与える、育む、愛着を抱く,身体に「栄養を与える」ほか、才能や人間関係、心の中の希望などを「育む、大切に育てる」際にも使われます。,,
1452,appalling,/əˈpɔːlɪŋ/,形容詞,恐ろしい、極めてひどい、がっかりさせる,ニュースや状況が「ひどくショッキングで、ぞっとするほど最悪な、お粗末な」様子を表します。,,
1453,flesh,/fleʃ/,名詞、動詞,【名】（人間や動物の）肉、肉体、果肉<br>【動】肉をつける、具体化する,骨や皮膚に対する、生身の「肉、肉体」を指します。in the flesh で「（写真などでなく）生で、本物の本人に会う」の意に。,,
1454,limb,/lɪm/,名詞,手足、四肢、大きな枝,人間や動物の「手足（1本）」を指す学術的な語です（両手足は limbs と複数形になります）。,,
1455,erect,/ɪˈrekt/,形容詞、動詞,【形】直立した、まっすぐな<br>【動】建てる、直立させる、組み立てる,物理的に「直立した」状態のほか、記念碑や建物を「垂直に建てる（組み立てる）」ことを意味します。,,
1456,spinal,/ˈspaɪnl/,形容詞、名詞,【形】脊髄の、脊椎の、背骨の<br>【名】脊椎麻酔,背骨（spine）に関連する表現。spinal cord（脊髄）は極めて重要な解剖学用語です。,,
1457,suck,/sʌk/,動詞、名詞,【動】吸う、吸い込む、ひどく悪い<br>【名】吸うこと,ストローでジュースを「吸う」ことや、指を「しゃぶる」こと。口語の That sucks.（それは最悪だ、最低だ）もよく使われます。,,
1458,shrug,/ʃrʌɡ/,動詞、名詞,【動】（両肩を）すくめる<br>【名】肩をすくめること,わからない、どうしようもないというジェスチャーで、両方の「肩をすくめる」動作を指します（shrug one's shoulders）。,,
1459,compensate,/ˈkɒmpənseɪt/,動詞,補償する、賠償する、埋め合わせる,損害に対して金銭的に「賠償する」こと。または、欠点を別の長所で「埋め合わせる（compensate for 〜）」ことを指します。,,
1460,abuse,/əˈbjuːs/ (名)<br>/əˈbjuːz/ (動),名詞、動詞,【名】虐待、乱用、悪用<br>【動】虐待する、乱用する,child abuse（児童虐待）や drug abuse（薬物乱用）、power abuse（職権乱用：ハラスメント）などで頻出します。,,
1461,bias,/ˈbaɪəs/,名詞、動詞,【名】偏見、先入観、バイアス<br>【動】偏見を持たせる,公平さを欠いた「先入観、認識の偏り（バイアス）」を指します（unconscious bias：無意識の偏見）。,,
1462,prestige,/preˈstiːʒ/,名詞、形容詞,【名】名声、威信、威光<br>【形】名声のある、一流の,社会的な高い地位や評価から得られる「名声、威信（ブランドや大学のステータスなど）」を表します。,,
1463,privilege,/ˈprɪvəlɪdʒ/,名詞、動詞,【名】特権、光栄、特典<br>【動】特権を与える,特定の人だけに与えられる「特権、名誉」を指します。It's a privilege to meet you.（お会いできて光栄です）のように使われます。,,
1464,feat,/fiːt/,名詞、形容詞,【名】偉業、手柄、妙技、離れ業<br>【形】適切な,卓越した技術や勇気によって成し遂げられた「素晴らしい業績、偉業、離れ業」を指します。feet（足）と同音。,,
1465,dignity,/ˈdɪɡnəti/,名詞,尊厳、気品、威厳,人間としての「尊厳（human dignity）」や、侵してはならない「品格、気高さ、威厳」を意味します。,,
1466,virtue,/ˈvɜːrtʃuː/,名詞,美徳、美点、長所、効力,vice（悪徳）の対義語としての「美徳、徳」のほか、「長所、メリット」、by virtue of 〜（〜の力によって、〜のおかげで）の意も。,,
1467,aristocracy,/ˌærɪˈstɒkrəsi/,名詞,貴族政治、貴族、特権階級,社会の上流に位置する「貴族階級、貴族社会全体」を指します。個人としての貴族は aristocrat /貴族。,,
1468,rebel,/ˈrebl/ (名)<br>/rɪˈbel/ (動),名詞、形容詞、動詞,【名】反逆者、反乱軍<br>【形】反乱の<br>【動】反乱を起こす、反抗する,既存の政権、社会ルール、あるいは親に「反逆する、反抗する（rebel against 〜）」ことを指します。,,
1469,scheme,/skiːm/,名詞、動詞,【名】（公的な）計画、仕組み、陰謀<br>【動】（陰に）企む,英英語では「政府などの公的プロジェクト・制度」という良い意味で、米英語では「悪巧み、陰謀」のニュアンスで使われやすいです。,,
1470,convention,/kənˈvenʃn/,名詞,慣習、伝統、大会・総会、協定,社会的な「しきたり、慣習」のほか、大規模な「業界会議・大会（コンベンション）」や「国際協定（条約）」を意味します。,,
1471,conference,/ˈɒnfərəns/ -> /ˈkɒnfərəns/,名詞,会議、協議会、連盟、総会,特定の議題を専門的に話し合う「会議、検討会」全般を指します（press conference：記者会見）。,,
1472,consent,/kənˈsent/,名詞、動詞,【名】同意、承諾<br>【動】同意する、承諾する,医療行為への「同意（informed consent）」や、親の「承諾（parental consent）」を意味する少し硬い言葉です。,,
1473,initiative,/ɪˈnɪʃətɪv/,名詞、形容詞,【名】主導権、新たな取り組み、自発性<br>【形】最初の、創始の,take the initiative で「主導権を握る」、または新しい問題解決のための「構想、新規計画（initiative）」を指します。,,
1474,province,/ˈprɒvɪns/,名詞,省、州、地方、領域・分野,カナダの「州」や中国の「省」を表す行政区画のほか、the provinces で「地方、田舎（首都に対する）」を指します。,,
1475,colony,/ˈkɒləni/,名詞,植民地、集団、居住地、コロニー,歴史上の「植民地」のほか、生物学におけるアリやペンギンなどの「集団、群生（コロニー）」を指す場合もあります。,,
1476,frontier,/frʌnˈtɪər/,名詞、形容詞,【名】国境、国境地帯、最前線、未開拓分野<br>【形】国境の,二国間の「国境（自然の境界線）」のほか、科学技術などの「最先端分野、未開拓分野」を指します。,,
1477,treaty,/ˈtriːti/,名詞,条約、協定、合意,国家間で公式に締結される「平和条約」や「通商条約」を意味します。,,
1478,tribe,/traɪb/,名詞,部族、種族、仲間、一味,共通の言語や文化、歴史的・血縁的な繋がりを持つ「部族、一族」を意味します。,,
1479,pension,/ˈpenʃn/,名詞、動詞,【名】年金、恩給、ペンション（安宿）<br>【動】年金を給付する,老後の生活を支える公的・私的な「年金（pension scheme：年金制度）」を指します。,,
1480,stake,/steɪk/,名詞、動詞,【名】杭、利害関係、賭け金、賞金<br>【動】賭ける、杭を打つ,at stake で「（名誉や命、運命が）危機に瀕して、賭けられて」という極めて重要なイディオムになります。,,
1481,coverage,/ˈkʌvərɪdʒ/,名詞,報道、取材、補償範囲（保険の）,メディアによる事件の「テレビ報道、ニュース取材」や、保険の「カバー範囲、保障内容」を指します。,,
1482,obligation,/ˌɒblɪˈɡeɪʃn/,名詞,義務、責務、恩義,法律、契約、道徳によって強制される強い「義務、義務感」を表します。動詞形は oblige（義務づける）。,,
1483,hygiene,/ˈhaɪdʒiːn/,名詞,衛生、衛生状態、清潔,体や環境を清潔に保つ「衛生（personal hygiene：個人衛生）」や、歯科衛生士（dental hygienist）などで使われます。,,
1484,supervisor,/ˈsuːpərvaɪzər/,名詞,上司、監督者、指導教員、管理者,職場での「直属の上司」や、大学院における「研究の指導教官（教授）」、工事現場の「監督」を意味します。,,
1485,norm,/nɔːrm/,名詞,規範、標準、基準、ノルマ,社会的なルールとしての「規範、標準（social norms）」を指します。普通・標準であることを normal と言います。,,
1486,patent,/ˈpætnt/,名詞、形容詞、動詞,【名】特許、特許権<br>【形】特許の、明白な<br>【動】特許を取得する,新しい発明に対して付与される「特許権」を意味します。特許を出願する、取得するなどの文脈で頻出します。,,
1487,primitive,/ˈprɪmətɪv/,形容詞、名詞,【形】原始的な、原始の、単純な<br>【名】原始人,人類史における「原始時代の」こと、または設備や技術が「非常に単純で原始的な（お粗末な）」様子を言います。,,
1488,ethnic,/ˈeθnɪk/,形容詞、名詞,【形】民族の、民族的な、エスニックな<br>【名】少数民族の人,共通の文化や言語を持つ「民族の、エスニックな（民族衣装など）」を指します。,,
1489,anonymous,/əˈnɒnɪməs/,形容詞,匿名の、名前を明かさない、個性のない,寄付者、著者、またはネットの投稿が「匿名である」こと、または街の景色が「個性がなくてどこにでもある」様子を表します。,,
1490,metropolitan,/ˌmetrəˈpɒlɪtən/,形容詞、名詞,【形】大都市の、首都圏の<br>【名】都会の人,大都市圏（首都圏）に関する表現。東京などの「都（Tokyo Metropolitan Government：東京都庁）」などで使われます。,,
1491,entitled,/ɪnˈtaɪtld/,形容詞,資格がある、権利がある、〜というタイトルの,be entitled to A（A（権利や利益、敬意など）を受け取る資格・権利がある）というきわめて重要な表現になります。,,
1492,demographic,/ˌdeməˈɡræfɪk/,形容詞、名詞,【形】人口統計学の<br>【名】人口統計データ、特定の顧客層,マーケティングなどで「年齢、性別、地域などの顧客属性、特定のターゲット層」を指す際によく使われます。,,
1493,donate,/ˈdoʊneɪt/,動詞,寄付する、寄贈する、（臓器などを）提供する,お金をチャリティに「寄付する」ほか、血液を「献血する」、臓器を「提供する（organ donation）」際に使われます。,,
1494,flourish,/ˈflʌrɪʃ/,動詞、名詞,【動】繁栄する、生き生きと育つ、繁茂する<br>【名】華やかなしぐさ,会社、文化、文明、芸術などが「目覚ましく栄える」ことや、植物が「元気に生い茂る」ことを意味します。,,
1495,conform,/kənˈfɔːrm/,動詞,従う、従わせる、合致する,conform to/with A（Aという社会規範や法律、規格などに従う、合致する）の形でよく使われます。,,
1496,comply,/kəmˈplaɪ/,動詞,従う、応じる、順守する,comply with A（Aという規則や命令、法律、要求に従う、順守する）の形でビジネスや法律の文脈で最重要です。,,
1497,legislation,/ˌledʒɪsˈleɪʃn/,名詞,立法、法律、法案,議会を通過して制定される「法律（不可算名詞）」や、法律を制定する「立法プロセス」を指します。,,
1498,testimony,/ˈtestɪmoʊni/,名詞,証言、口供、証明、証拠,裁判所での目撃者などによる公式な「証言」や、実績の「証明（testimony to his success：彼の成功の証拠）」を指します。,,
1499,jury,/ˈdʒʊəri/,名詞,陪審員団、審査員団,裁判における一般市民からなる「陪審員（全体）」のほか、コンテストなどの「審査員団（Jury）」を指します。,,
1500,legitimate,/lɪˈdʒɪtɪmət/,形容詞、動詞,【形】合法的な、妥当な、本物の、嫡出の<br>【動】合法化する,法律に則っている「合法的な」のほか、理由や懸念が「もっともな、妥当な（legitimate concern/excuse）」という意味でもよく使われます。,,
1501,enforce,/ɪnˈfɔːrs/,動詞,（法律などを）執行する、施行する、強制する,警察が法律を「執行する（取り締まる）」ことや、ルールを「守らせる（強制する）」ことを意味します。名詞形は enforcement。,,
1502,regime,/reɪˈʒiːm/,名詞,政権、体制、管理体制,しばしば独裁的・非民主的な「（政府の）支配体制、政権（military regime：軍事政権）」を指す言葉です。,,
1503,bureaucracy,/bjʊˈrɒkrəsi/,名詞,官僚、官僚主義、官僚制度、お役所仕事,国の官僚たちのほかに、非能率的で手続きが面倒な組織の「お役所仕事（官僚主義）」のニュアンスを含んで使われることが多いです。,,
1504,corruption,/kəˈrʌpʃn/,名詞,汚職、不正、堕落、崩壊,政治家や警察などの「汚職、収賄（賄賂を受け取ること）」や、システムなどの「データの破損（データの崩壊）」を意味します。,,
1505,tyranny,/ˈtɪrəni/,名詞,専制政治、暴政、暴虐、過酷,独裁者や君主による「横暴な政治、暴政」や、不当に強い支配力を指します。,,
1506,sanction,/ˈæŋkʃn/,名詞、動詞,【名】制裁、認可、承認<br>【動】制裁を科す、認可する,複数形 sanctions で他国に対する「経済制裁（economic sanctions）」を意味するほか、公式な「承認、許可」という正反対の意味も持ちます。,,
1507,candidate,/ˈkændɪdət/,名詞,候補者、志望者、応募者,選挙の「候補者」のほか、求人の「応募者」、または大学院の「博士号候補者（PhD candidate）」を指します。,,
1508,senator,/ˈsenətər/,名詞,上院議員,アメリカなどの連邦議会における「上院（Senate）議員」を指します（下院議員は representative）。,,
1509,ambassador,/æmˈbæsədər/,名詞,大使、アンバサダー、特使,外国に駐在する外交特使の「大使（ambassador to Japan：駐日大使）」のほか、ブランドやキャンペーンの「広報大使」も指します。,,
1510,diplomat,/ˈdɪpləmæt/,名詞,外交官、駆け引き上手な人,他国との交渉や条約の締結などを担当する、国家の「外交官」を指します。形容詞形は diplomatic（外交の、如才ない）。,,
1511,refugee,/ˌrefjuˈdʒiː/,名詞,難民、避難民,戦争、災害、または宗教的・政治的な迫害から逃れるために、国外や安全な地へ避難した「難民」を意味します。,,
1512,ally,/ˈælaɪ/ (名)<br>/əˈlaɪ/ (動),名詞、動詞,【名】同盟国、協力者、味方<br>【動】同盟を結ぶ、同盟させる,国際政治や戦争における「同盟国、味方」を意味します（第二次世界大戦の the Allies：連合国）。,,
1513,reign,/reɪn/,名詞、動詞,【名】（君主の）治世、支配、君臨<br>【動】君臨する、支配する,王や女王が国を治めている「期間（治世）」、またはスポーツチームやチャンピオンが「王者として君臨する（reign supreme）」こと。,,
1514,federal,/ˈfedərəl/,形容詞,連邦の、連邦政府の,アメリカなどの連邦国家において、各州の政府（state government）に対する、国トップである「連邦政府の」機関や法律を指します。,,
1515,communist,/ˈcommənɪst/ -> /ˈkɒmjənɪst/,名詞、形容詞,【名】共産主義者<br>【形】共産主義の,共産主義（communism）を信奉する人、またはその政治体制・国家体制を表します。,,
1516,municipal,/mjuːˈnɪsɪpl/,形容詞,地方自治体の、市営の、町営の,県や国に対する、もっと身近な「市町村の、市営の（municipal waste：市町村の家庭ゴミなど）」を指します。,,
1517,estate,/ɪˈsteɪt/,名詞,不動産、財産、私有地,real estate（不動産）や、故人が遺したすべての「遺産・総財産」、または郊外にある広大な「私有地」を意味します。,,
1518,asset,/ˈæset/,名詞,資産、財産、強み、役に立つ人・物,企業や個人の「経済的資産、財産」のほか、She is a great asset to our team.（彼女は私たちのチームの大きな強みだ）の比喩も重要です。,,
1519,revenue,/ˈrevənjuː/,名詞,（国などの）歳入、（企業の）年間売上・収益,企業が事業活動によって得るすべての「総売上高」、あるいは国の「年間税収（歳入）」を指します。,,
1520,deficit,/ˈdefɪsɪt/,名詞,赤字、赤字額、不足（額）,trade deficit（貿易赤字）や budget deficit（財政赤字）など、支出が収入を上回る「赤字、欠損」を意味します。対義語は surplus（黒字）。,,
1521,commerce,/ˈkɒmɜːrs/,名詞,商業、通商、貿易,商品の売買や物流、サービスの流通に関わる、国や地球規模の「商業、商取引（e-commerce：電子商取引など）」を意味します。,,
1522,output,/ˈaʊtpʊt/,名詞、動詞,【名】出力、生産高、アウトプット<br>【動】出力する、生産する,工場やシステムの「生産量、アウトプット」を指します。PCでのデータの「画面出力（input の対義語）」もこれです。,,
1523,subsidy,/ˈsʌbsədi/,名詞,補助金、助成金,政府や公的機関が、特定の産業、研究、教育などを支援するために支給する「補助金（助成金）」です。動詞形は subsidize。,,
1524,transaction,/trænˈzækʃn/,名詞,取引、売買、処理（PC）、議事録,商業的な契約、銀行振込、ネットでの買い物の「（一連の）取引、決済、処理」を指します。,,
1525,bankrupt,/ˈbæŋkrʌpt/,形容詞、名詞、動詞,【形】破産した、破綻した<br>【名】破産者<br>【動】破産させる,go bankrupt で「（企業や人が）倒産する、破産する」という、実務・日常ともに極めて重要な表現になります。,,
1526,monetary,/ˈmʌnɪteri/,形容詞,貨幣の、金融の、通貨の、財政上の,国家の通貨やお金に関わる事柄（monetary policy：金融政策、monetary union：通貨同盟）などを表します。,,
1527,corporation,/ˌcoːrpəˈreɪʃn/ -> /ˌkɔːrpəˈreɪʃn/,名詞,企業、大企業、法人、株式会社,法的な人格を認められた、ある程度の規模を持つ「株式会社（コーポレーション）」を指します。,,
1528,enterprise,/ˈentərpraɪz/,名詞,企業、事業、進取の気性,private enterprise（民間企業）や、困難だが挑戦しがいのある「一大事業（プロジェクト）」、あるいは新しいことに挑む「進取の精神」を指します。,,
1529,venture,/ˈventʃər/,名詞、動詞,【名】（冒険的な）事業、冒険、ベンチャー企業<br>【動】あえて危険を冒して進む、思い切って〜する,joint venture（合弁事業）や、ベンチャー企業（venture capital）のほか、あえて危険を伴う行動に「乗り出す（venture into A）」など。,,
1530,headquarters,/ˈhedkwɔːrtərz/,名詞,本社、本部,"会社・組織の「本社、本部（ビル）」。単数・複数同形で、通常は末尾に ""s"" を伴って使われます。",,
1531,personnel,/ˌpɜːrsəˈnel/,名詞、形容詞,【名】（全）職員、社員、人材、人事部<br>【形】職員の、人事の,personnel department（人事部）や、ある組織で働く「全従業員（集合名詞）」を指します。個人（personal）とスペルに注意。,,
1532,entrepreneur,/ˌɒntrəprəˈnɜːr/,名詞,起業家、アントレプレナー,リスクを負い、自分の力で新しいビジネスを立ち上げる「起業家」を指す、フランス語由来の少し難しい重要語です。,,
1533,predecessor,/ˈpredəsesər/,名詞,前任者、前身、先輩,自分の前にその役職に就いていた「前任者」や、現在のシステムの「旧型・前身」を指します。対義語は successor（後継者）。,,
1534,toil,/tɔɪl/,名詞、動詞,【名】苦労、骨折り、網<br>【動】苦労してあくせく働く、骨折って進む,長時間にわたって肉体的に「あくせく働く、苦労して働く」ことを意味する、少し古い情緒的な言葉です。,,
1535,undertake,/ˌʌndərˈteɪk/,動詞,引き受ける、着手する、請け負う,面倒な任務、責任、プロジェクトなどを「引き受ける、開始する」ことを表す、少し硬い表現です。過去形は undertook。,,
1536,merge,/mɜːrdʒ/,動詞、名詞,【動】（企業が）合併する、合流する、溶け込む<br>【名】合併、合流,複数の企業が一つに「合併する（M&AのM）」ことや、道路が「合流する」、背景に「溶け込む」ことを指します。名詞形は merger。,,
1537,comprise,/kəmˈpraɪz/,動詞,構成する、〜から成る、〜を含む,全体が部分を「含む、〜から構成されている（consist of A と同義）」こと、または部分が集まって全体を「構成する（make up）」こと。,,
1538,component,/kəmˈpoʊnənt/,名詞、形容詞,【名】構成要素、部品、コンポーネント<br>【形】構成している,機械、システム、または食品や理論などを組み立てる「個々の構成部品、要素、成分」を指します。,,
1539,framework,/ˈfreɪmwɜːrk/,名詞,枠組み、フレームワーク、骨組み、体制,思考、理論、計画の全体的な「枠組み、ガイドライン（フレームワーク）」や、建物の「骨組み、基礎構造」を意味します。,,
1540,prototype,/ˈproʊtətaɪp/,名詞、動詞,【名】試作品、原型、プロトタイプ<br>【動】試作する,新たな製品を開発する過程で、動作やデザインを検証するために作られる最初の「試作品」を指します。,,
1541,dimension,/daɪˈmenʃn/,名詞,寸法、次元、側面、重要性,縦・横・高さなどの「寸法」や「次元（3次元：three-dimensionalなど）」のほか、問題の「側面、視野」を意味することもあります。,,
1542,margin,/ˈmɑːrdʒɪn/,名詞,余白、余地、利益（マージン）、（得票などの）差,ノートや本の「余白」のほか、ビジネスでの「利益・マージン」、競技や選挙における「（点・票の）差（margin of victory）」なども指します。,,
1543,excel,/ɪkˈsel/,動詞,際立って優れている、秀でている,excel in sports（スポーツにおいて際立って秀でている）などのように、他より非常に優れていることを表します。表計算ソフトの由来。,,
1544,contradict,/ˌkɒntrəˈdɪkt/,動詞,矛盾する、否定する、反論する,二つの事実、主張、データなどが「互いに食い違って矛盾している」状態、あるいは他人の意見に「反論する」ことを意味します。,,
1545,consensus,/kənˈsensəs/,名詞,合意、コンセンサス、意見の一致,組織や集団において全員の意見を一致させることを指します。reach a consensus で「合意に達する」という重要表現になります。,,
1546,converse,/kənˈvɜːrs/ (動)<br>/ˈkɒnvɜːrs/ (名・形),動詞、名詞、形容詞,【動】（親しく）会話する、話す<br>【名】（the converseで）逆<br>【形】逆の、あべこべの,動詞は conversation（会話）の動詞形で、親しく話し合うことを指します。名詞や形容詞としては「真逆、反対のもの」を意味します。,,
1547,inequality,/ˌɪnɪˈkwɒləti/,名詞,不平等、不公平、不均衡,equality（平等）の対義語。social inequality（社会的不平等）や gender inequality（男女格差・不平等）などの社会問題で頻出します。,,
1548,equivalent,/ɪˈkwɪvələnt/,形容詞、名詞,【形】同等の、等価の、相当する<br>【名】同等物、相当するもの,価値や意味、効果がほぼ同じであることを指します。be equivalent to A（Aと同等である、Aに相当する）の形でよく使われます。,,
1549,compatible,/kəmˈpætəbl/,形容詞,互換性がある、両立する、相性が良い,IT機器の「システム互換性」のほか、人と人とが「気（相性）が合う」、仕事と私生活が「うまく両立する」といった状況にも幅広く使われます。,,
1550,identical,/aɪˈdentɪkl/,形容詞,同一の、まったく同じ、一卵性の,細部に至るまで完全に「同じである（うりふたつである）」ことを指します。identical twins で「一卵性双生児（そっくりな双子）」を意味します。,,
1551,correspond,/ˌkɒrəˈspɒnd/,動詞,一致する、相当する、文通する、連絡し合う,correspond to/with A（Aに一致・調和する、Aに相当する）の形のほか、手紙やメールで「やり取りをする」ことも意味します。,,
1552,random,/ˈrændəm/,形容詞、名詞,【形】無作為の、行き当たりばったりの<br>【名】無作為,意図的な選択や規則性がないこと。at random（ランダムに、手当たり次第に）というイディオムは必須です。,,
1553,conventional,/kənˈvenʃənl/,形容詞,従来の、型にはまった、伝統的な、通常の,昔から一般的に行われている「従来の」方法や価値観を指します。conventional wisdom で「世間一般の通念、常識」を意味します。,,
1554,combat,/ˈkɒmbæt/ (名)<br>/kəmˈbæt/ (動),名詞、動詞,【名】戦闘、対決<br>【動】（犯罪・病気などと）戦う、なくそうとする,物理的な「戦闘」のほか、現代社会では地球温暖化や犯罪といった好ましくない社会問題を「撲滅するために戦う」という動詞として頻出します。,,
1555,tactics,/ˈtæktɪks/,名詞,戦術、作戦、兵法、手段,大局的な「戦略（strategy）」に対して、局面を乗り切るための具体的な「戦術、手段、手立て」を意味します。通常複数扱いです。,,
1556,quarrel,/ˈkɒrəl/,名詞、動詞,【名】口論、口げんか、仲違い<br>【動】口論する、けんかする,友人、家族、または近隣住民との間で、感情的になって突発的に生じる「ささいな口げんか」を指します。,,
1557,contend,/kənˈtend/,動詞,強く主張する、競う、闘う、論争する,contend that 〜 で「（議論において）〜だと強く主張する」というフォーマルな表現、あるいは contend with 〜 で「困難と戦う」の意に。,,
1558,slaughter,/ˈslɔːtər/,名詞、動詞,【名】虐殺、屠殺<br>【動】（家畜を）屠殺する、惨殺する,食肉用のために家畜を「屠殺（処理）する」こと、あるいは戦争や事件などで多くの人々を「大虐殺する」ことを指す非常に重い語です。,,
1559,suppress,/səˈpres/,動詞,抑える、抑圧する、鎮圧する、隠す,反乱を力で「鎮圧する」こと、あるいは涙、あくび、怒りなどの感情を内に「（必死に）抑え込む」ことを言います。,,
1560,surrender,/səˈrendər/,動詞、名詞,【動】（敵などに）降伏する、明け渡す、自首する<br>【名】降伏、放棄、明け渡し,闘うことを諦めて相手に「降参する、降伏する」こと、または所有権やパスポートなどを公式に「返還する、明け渡す」ことを意味します。,,
1561,hostile,/ˈhɒstaɪl/,形容詞、名詞,【形】敵意のある、敵対的な、過酷な<br>【名】敵対者,敵意をむき出しにする様子のほか、hostile environment（（砂漠や極地などの）生物が生きていくのに過酷な環境）などにも使われます。,,
1562,wreck,/rek/,名詞、動詞,【名】難破、墜落、大破した残骸・廃墟<br>【動】大破させる、台無しにする,船や車の「大破した残骸」を意味するほか、事故で車を「大破させる」、計画や人間関係を「台無しにする（台無しになる）」ことを言います。,,
1563,toll,/toʊl/,名詞、動詞,【名】通行料、犠牲、死傷者数、鐘の音<br>【動】（鐘が）鳴る、料金を徴収する,有料道路の「通行料金（toll road）」のほか、地震や災害などの「犠牲者数、死傷者数（death toll）」という意味が極めて重要です。,,
1564,disrupt,/dɪsˈrʌpt/,動詞,混乱させる、中断させる、崩壊させる,会議や授業、交通網などのスムーズな進行を「妨げて大混乱に陥れる」こと。また「破壊的イノベーション」のような市場崩壊にも使われます。,,
1565,interfere,/ˌɪntərˈfɪər/,動詞,邪魔する、干渉する、差し障る,他人の自由やプライベート、活動の「邪魔をして妨害する」こと。interfere with 〜（〜を妨げる、邪魔する）の形で頻出です。,,
1566,confront,/kənˈfrʌnt/,動詞,直面する、立ちはだかる、立ち向かう,困難や課題、または敵が人の前に「立ちはだかる」こと。受動態の be confronted with 〜 で「（困難などに）直面している」となります。,,
1567,explode,/ɪkˈsploʊd/,動詞,爆発する、急増する、論破する,爆弾が「爆発する」ことのほか、怒りや感情、あるいは人口・物価などが「急激に爆発・増加する」ことを指します。,,
1568,collide,/kəˈlaɪd/,動詞,衝突する、一致しない,車や船などの物理的な「衝突（collide with A）」のほか、異なる意見やスケジュール、文化などが「激しく衝突する、対立する」ことも表します。,,
1569,nephew,/ˈnefjuː/,名詞,甥（おい）,自分の兄弟姉妹の息子（甥）を指します。ちなみに「姪（めい）」は niece /niːs/ です。,,
1570,infant,/ˈɪnfənt/,名詞、形容詞,【名】乳児、幼児、赤ん坊<br>【形】乳児の、初期の,まだ一人歩きができない段階の「乳児、赤ん坊（1歳未満など）」を指す、やや学術・医学的な言葉です（歩き始めると toddler）。,,
1571,spouse,/spaʊs/,名詞,配偶者,夫（husband）または妻（wife）の総称です。公的な書類などで、性別を特定せずに「配偶者」と表す場合によく用いられます。,,
1572,heir,/eər/,名詞,相続人、後継者,"財産、地位、タイトルなどを引き継ぐ「後継者、相続人」を指します。発音は air（空気）と同音で、""h"" は発音されません。",,
1573,folk,/foʊk/,名詞、形容詞,【名】人々、（folksで）両親、家族<br>【形】民俗の、民間の,folk music（フォークソング、民俗音楽）のほか、日常会話の呼びかけで Hi folks!（みんな、こんにちは！）のようにも使われます。,,
1574,peer,/pɪər/,名詞、動詞,【名】同等の人、同僚、仲間<br>【動】じっと見る、凝視する,年齢、立場、地位が同等の「仲間、同輩」を指します。peer pressure（同調圧力、仲間のプレッシャー）という重要語があります。,,
1575,recipient,/rɪˈsɪpiənt/,名詞、形容詞,【名】受け取り手、受信者、受賞者、被提供者<br>【形】受け取る、感受性のある,Eメールなどの「受信者」や、寄付、アワード（賞）、または臓器移植（提供者 donor に対する受給者）の「受け取り手」を指します。,,
1576,navigate,/ˈnævɪɡeɪt/,動詞,航行する、操縦する、誘導する、切り抜ける,船や車を目的地へ「操縦・ナビゲートする」ほか、複雑な手続きや困難な状況を「うまく誘導して通り抜ける」という意味でも使われます。,,
1577,flee,/fliː/,動詞,逃げる、避ける、逃亡する,危険、戦火、迫害、または警察の手から大急ぎで「逃れる、逃げ去る」ことを指します（過去形・過去分詞形は fled /fled/）。,,
1578,retreat,/rɪˈtriːt/,名詞、動詞,【名】撤退、退却、避難所、静養所<br>【動】撤退する、退却する、引き下がる,軍隊の「退却・撤退」を指すほか、都会の喧騒から逃れて心身を癒やす「静養・リトリート」や、そのための施設を指すこともあります。,,
1579,crawl,/krɔːl/,動詞、名詞,【動】這う、這いつくばって進む、徐行する<br>【名】這うこと、クロール（泳ぎ）,赤ちゃんが「ハイハイする」ことや、虫が「這い回る」こと。また大渋滞で車がノロノロと「徐行する」様子も表します。,,
1580,hover,/ˈhʌvər/,動詞、名詞,【動】空中に留まる、ホバリングする、さまよう<br>【名】ホバリング,ヘリコプターや鳥が空中の一点に「留まってホバリングする」こと。PCでマウスカーソルを特定の位置に「乗せる」動作も指します。,,
1581,drift,/drɪft/,名詞、動詞,【名】漂流、推移、大意、吹き溜まり<br>【動】漂流する、漂う、流される,水面や風に乗って「プカプカ漂う、流される」こと。また get the drift of 〜 で「（話などの）大意、言わんとすることを掴む」となります。,,
1582,alter,/ˈɔːltər/,動詞,変える、変更する、改める、仕立て直す,洋服の寸法などを「部分的に手直し・修正する」こと。change よりも「本質は変えずに、一部を部分的に変更する」という少し堅い語です。,,
1583,convert,/kənˈvɜːrt/ (動)<br>/ˈkɒnvɜːrt/ (名),動詞、名詞,【動】変換する、改宗させる、変える<br>【名】改宗者、転向者,形態、データ、通貨などを、ある形式から「別の形式へと一変させる」こと。convert A into B（AをBに変換する）。,,
1584,overtake,/ˌoʊvərˈteɪk/,動詞,追い越す、追い抜く、上回る、（不幸などが）襲う,車やライバルを「追い抜く」ことのほか、不測の事態や災害が突然「（人を）襲う、捕らえる」ことも意味します。,,
1585,dispatch,/dɪˈspætʃ/,動詞、名詞,【動】派遣する、発送する、素早く片付ける<br>【名】派遣、急報、迅速さ,救急車、警官、軍隊、または製品を目的地へ「迅速に派遣する・発送する」ことを意味する、少し硬い表現です。,,
1586,shrink,/ʃrɪŋk/,動詞、名詞,【動】縮む、縮小する、しり込みする<br>【名】縮み、精神科医（口語）,セーターが洗濯で「縮む」ことや、市場、人口、経済規模などが「縮小する」ことを言います（過去形は shrank /ʃræŋk/）。,,
1587,wither,/ˈwɪðər/,動詞,（植物が）しおれる、枯れる、衰える、消え去る,水や栄養が不足して花などが「しおれて枯れる」ことや、能力や人気が「徐々に衰退して消え失せる」ことを意味します。,,
1588,descend,/dɪˈsend/,動詞,下る、降りる、伝わる、〜の子孫である,ascend（昇る、上がる）の対義語。山や階段を「降りる」こと。descend from 〜 で「〜の子孫である、〜に由来する」。,,
1589,accelerate,/əkˈseləreɪt/,動詞,加速する、スピードを上げる、促進する,車のスピードを上げる（アクセルを踏む）ほか、プロジェクトの進捗や技術の進歩を「加速・促進させる」ことを指します。,,
1590,fluctuate,/ˈflʌktʃueɪt/,動詞,変動する、上下する、揺れ動く,価格、気温、売上、株価などが、一定の範囲で「不規則に激しく上下に変動する」ときに使われる重要語です。名詞形は fluctuation。,,
1591,distort,/dɪˈstɔːrt/,動詞,歪める、歪曲する、ねじ曲げる,物理的な形を「ねじ曲げる」ほか、事実や他人の発言をねじ曲げて「歪曲して伝える（distort the truth）」ことに使われます。,,
1592,crack,/kræk/,名詞、動詞,【名】割れ目、ひび、鋭い音、隙間<br>【動】ひびが入る、割る、解読する,壁などの「ひび割れ」や、卵などを「割る」こと。また暗号や問題を「解読する、解き明かす（crack the code）」という意味もあります。,,
1593,transition,/trænˈzɪʃn/,名詞、動詞,【名】移行、移り変わり、変遷、過渡期<br>【動】移行する、変る,ある状態、環境、または時代から、別の状態へと「移り変わる（移行する）」ことを意味します。,,
1594,game-changer,/ˈɡeɪm ˌtʃeɪndʒər/,名詞,ゲームチェンジャー、形勢を一変させるもの,既存の勢力図や業界のルール、競争の前提を根底からひっくり返してしまうような、画期的なアイデア、新技術、製品、人物を指します。,,
1595,reinforce,/ˌriːɪnˈfɔːrs/,動詞,補強する、強化する、増強する,建物や堤防を「補強する」ことのほか、自説や理論、あるいは軍隊を「強化する、増強する」際にも使われます。,,
1596,foster,/ˈfɒstər/,動詞、形容詞,【動】育む、促進する、里親として育てる<br>【形】里親の、里子の,良好な人間関係、アイデア、または子供の才能を「大切に育む、育成する」こと。foster care で「里親制度」を意味します。,,
1597,breakdown,/ˈbreɪkdaʊn/,名詞,崩壊、故障、内訳、神経衰弱,機械や車が「故障する」ことのほか、交渉の「決裂（崩壊）」、データの詳細な「内訳（内訳表）」を意味することもあります。,,
1598,collapse,/kəˈlæps/,動詞、名詞,【動】崩壊する、倒れる、つぶれる<br>【名】崩壊、卒倒、暴落,建物が「崩れ落ちる」ことや、人が過労や病気で「倒れる」こと。国家の社会保障や経済が「崩壊する」ことにも用いられます。,,
1599,render,/ˈrendər/,動詞、名詞,【動】（特定の状態に）する、与える、表現する<br>【名】下塗り、レンダリング,render A B（AをBという状態にする：make A Bとほぼ同義。例：render the plan useless：計画を台無しにする）のパターンが重要です。,,
1600,impair,/ɪmˈpeər/,動詞,損なう、害する、弱める,視力、健康、能力などを「悪化させて損なう」ことを意味する、少し硬い語です。名詞形は impairment（障害）。,,
1601,undermine,/ˌʌndərˈmaɪn/,動詞,弱める、蝕む、根底から台無しにする,土台の下をこっそり掘り崩すイメージから、他人の信頼、権威、健康、計画などを「気づかないうちにじわじわと弱めて台無しにする」語です。,,
1602,cope,/koʊp/,動詞、名詞,【動】うまく対処する、処理する<br>【名】（聖職者の）マント,cope with A（Aという困難や問題、ストレスなどに、なんとかうまく対処して乗り切る）の形で必須の最重要熟語になります。,,
1603,tackle,/ˈtækl/,動詞、名詞,【動】（難問・課題に）取り組む、タックルする<br>【名】タックル、用具・道具,ラグビーのタックルのほか、仕事や勉強で「難しい問題や大きな仕事に（意欲的・積極的に）取り組む（tackle a task）」際に多用されます。,,
1604,demolish,/dɪˈmɒlɪʃ/,動詞,（建物などを）取り壊す、粉砕する,古くなったビルなどをショベルカーなどで「解体する、取り壊す」ことを意味します。名詞形は demolition。,,
1605,confine,/kənˈfaɪn/ (動)<br>/ˈɒnfaɪn/ -> /ˈkɒnfaɪn/ (名),動詞、名詞,【動】制限する、閉じ込める、限定する<br>【名】（confinesで）境界、限界、範囲,confine A to B（AをBという制限範囲に限定する、閉じ込める）の形でよく使われます（例：be confined to bed：病気で寝たきりである）。,,
1606,designate,/ˈdezɪɡneɪt/,動詞、形容詞,【動】指定する、指名する<br>【形】指名された、内定した,禁煙エリアや特別区域を「指定する（designated area）」ことや、人を特定の役職に「指名する、選ぶ」ことを表します。,,
1607,regulate,/ˈreɡjuleɪt/,動詞,規制する、調整する、コントロールする,法律やルールによって経済活動などを「規制・統制する」こと、または体温などを適切に「調整する」ことを意味します。,,
1608,refrain,/rɪˈfreɪn/,動詞、名詞,【動】控える、慎む<br>【名】リフレイン、繰り返し、サビ,refrain from doing（〜するのを控える、慎む）の形で、公共の場でのルール・警告（Please refrain from using mobile phones）で頻出。,,
1609,prohibit,/prəˈhɪbɪt/,動詞,（法的に）禁止する、妨げる,prohibit A from doing（Aが〜することを公式・法的に禁止する）の形でよく使われます。名詞形は prohibition。,,
1610,halt,/hɔːlt/,動詞、名詞,【動】停止する、立ち止まる、〜を停止させる<br>【名】停止、中止、休止,進行、生産、活動を一時的に「完全にストップする（させる）」ことを指します（come to a halt：停止状態になる）。,,
1611,constraint,/kənˈstreɪnt/,名詞,制約、制限、強制、束縛,時間、予算、または物理的な「制約、制限する要因（time/financial constraints）」を意味する少し硬い言葉です。,,
1612,stimulate,/ˈstɪmjuleɪt/,動詞,刺激する、促す、活気づける,経済の活性化、好奇心の刺激、学習意欲の「刺激・促進」に幅広く使われます。名詞形は stimulation。,,
1613,animate,/ˈænɪmeɪt/ (動)<br>/ˈænɪmət/ (形),動詞、形容詞,【動】命を吹き込む、活気づける、アニメ化する<br>【形】活気のある、生命のある,魂や動きを吹き込んで「活気づける」こと、または静止画を動画にする「アニメーション化する」ことを指します。,,
1614,spur,/spɜːr/,名詞、動詞,【名】拍車、刺激、励み<br>【動】拍車をかける、促す、駆り立てる,馬の脇腹を蹴って走らせる「拍車」から、成長や活動を「強く促す、加速させる（spur economic growth）」という動詞として非常に重要。,,
1615,urge,/ɜːrdʒ/,動詞、名詞,【動】強く促す、説得する、強く主張する<br>【名】（〜したい強い）衝動、強い欲求,urge A to do（Aに〜するよう強く勧める、促す）の形や、have an urge to do（〜したい衝動に駆られる）の形でよく使われます。,,
1616,compel,/kəmˈpel/,動詞,強いる、強制的に〜させる,compel A to do（Aに〜することを強いる・余儀なくさせる）の形で使われます。形容詞形は compelling（説得力のある）。,,
1617,blur,/blɜːr/,名詞、動詞,【名】ぼやけたもの、にじみ、かすみ<br>【動】ぼやけさせる、にじむ、曖昧にする,境界線が「曖昧になる（ぼやける）」ことや、カメラのレンズや視界が「ブレてかすむ」ことを指します。,,
1618,divert,/daɪˈvɜːrt/,動詞,（注意や方向を）そらす、転換する、迂回させる,人の注意、資金、あるいは交通の流れを別の方向に「そらす、迂回・転換させる」ことを意味します（divert traffic）。,,
1619,reverse,/rɪˈvɜːrs/,動詞、名詞、形容詞,【動】逆転させる、裏返す、後退する<br>【名】逆、裏、後退<br>【形】逆の、裏の,これまでの決定、結果、順序、立場を「完全に逆（反対）にする」こと。車の「バックギア（リバース）」もこれです。,,
1620,overshadow,/ˌoʊvərˈʃædoʊ/,動詞,影を投げかける、かすませる、見劣りさせる,別の優れた存在があまりに大きいために「（何かを）陰に隠して目立たなくさせる、かすませる」ことを意味します。,,
1621,worsen,/ˈwɜːrsn/,動詞,悪化する、悪化させる,状況、体調、関係などが「さらに悪くなる、悪化する（させる）」ことを意味します（get worse の一語動詞表現）。,,
1622,jeopardize,/ˈʒepərdaɪz/ -> /ˈdʒepərdaɪz/,動詞,危険にさらす、脅かす、台無しにする,軽率な行動によって、計画、地位、安全、健康を「台無しにする、危機にさらす」ことを意味する重要動詞です。,,
1623,supplement,/ˈsʌplɪmənt/ (名)<br>/ˈsʌplɪment/ (動),名詞、動詞,【名】補足、追加、栄養補助食品<br>【動】補う、補足する,栄養を補う「サプリメント」のほか、収入や情報を「補う（supplement my income：収入の足しにする）」という動詞もよく使われます。,,
1624,pose,/poʊz/,動詞、名詞,【動】（問題を）もたらす、引き起こす、ポーズをとる<br>【名】ポーズ、姿勢,pose a threat/risk/challenge to 〜 で「〜に脅威／リスク／難題を突きつける・もたらす」という極めて重要な表現になります。,,
1625,induce,/ɪnˈduːs/,動詞,誘発する、引き起こす、説得して〜させる,薬や刺激が反応を「引き起こす、誘発する」ことや、説得して「〜する気にさせる（induce A to do）」ことを意味します。,,
1626,betray,/bɪˈtreɪ/,動詞,裏切る、うっかり漏らす、露呈する,仲間や国を「裏切る」ことのほか、隠していた感情や秘密を「（顔色や態度で）うっかり露呈してしまう、漏らす」という意味もあります。,,
1627,bully,/ˈbʊli/,名詞、動詞、形容詞,【名】いじめっ子<br>【動】いじめる、脅す<br>【形】一流の、素晴らしい,学校や職場における「いじめっ子」、あるいは「いじめる（脅す）」行為そのものを指します。いじめは bullying です。,,
1628,disregard,/ˌdɪsrɪˈɡɑːrd/,動詞、名詞,【動】無視する、軽視する<br>【名】無視、軽視,規則、他人の忠告、あるいは警告などを意図的に「無視する、重要視しない」ことを表します（ignore より意図的です）。,,
1629,squeeze,/skwiːz/,動詞、名詞,【動】絞る、搾り取る、割り込む、圧迫する<br>【名】絞ること、圧迫、押し込むこと,レモンを「ぎゅっと絞る」ことのほか、満員電車に「押し入る」、また予算やスケジュールを「きつく圧迫する」ことを指します。,,
1630,rub,/rʌb/,動詞、名詞,【動】こする、さする、摩擦する、塗りつける<br>【名】こすること、摩擦,手をこすり合わせることや、痛い部分を「さする、マッサージする」こと、あるいは軟膏を肌に「塗り込む」動作を表します。,,
1631,smash,/smæʃ/,動詞、名詞、形容詞,【動】粉砕する、打ち砕く、激突する<br>【名】粉砕、スマッシュ、大ヒット<br>【形】素晴らしい,窓ガラスなどを激しく「粉々に打ち砕く」ことや、車が壁に激しく「衝突する」こと、テニスの「スマッシュ」などを指します。,,
1632,insert,/ɪnˈsɜːrt/ (動)<br>/ˈɪnsɜːrt/ (名),動詞、名詞,【動】挿入する、挟み込む、差し込む<br>【名】挿入物,機械にカードを「挿入する」ことや、本にチラシを「挟み込む」、文章に一言を「差し込む」ことを意味します。,,
1633,detach,/dɪˈtætʃ/,動詞,切り離す、取り外す、分離する,attach（取り付ける）の対義語。ミシン目に沿ってチケットを「切り離す」ことや、部品を本体から「取り外す」ことを意味します。,,
1634,withdraw,/wɪðˈdrɔː/,動詞,引き出す、撤退する、取り消す、引きこもる,ATMから現金を「引き出す」ことや、軍隊が「撤退する」、申し立てを「取り消す」ことを意味する重要動詞です（過去形 withdrew）。,,
1635,compile,/kənˈpaɪl/,動詞,編集する、集める、まとめる、コンパイルする,さまざまな情報源からデータをかき集めて、一つの資料、名簿、レポートに「編集する、まとめる」ことです。,,
1636,browse,/braʊz/,動詞、名詞,【動】閲覧する、拾い読みする、見歩く<br>【名】閲覧,本屋で「立ち読みする」こと、服屋を目的なく「見歩く（ブラブラする）」こと、ネットのページを「閲覧する（ブラウズ）」こと。,,
1637,manipulate,/məˈnɪpjuleɪt/,動詞,巧みに操る、操作する、改ざんする,機械を「巧みに操作する」ほか、人の感情を「思い通りにコントロールする（操る）」、数値を「改ざんする」という意も。,,
1638,implement,/ˈɪmplɪmɛnt/ (名)<br>/ˈɪmplɪmɛnt/ -> /ˈɪmplɪment/ (動),名詞、動詞,【名】道具、工具<br>【動】実行する、実施する,計画、政策、システムを「（実際に稼働させて）実行する、実施する（carry out と同様）」というビジネス必須の重要動詞です。,,
1639,execute,/ˈeksɪkjuːt/,動詞,実行する、遂行する、処刑する,計画やプログラムを「実行する」こと。また、法的に罪人を「処刑する、死刑にする」という意味もあります。,,
1640,host,/hoʊst/,名詞、動詞,【名】主催者、ホスト、多数<br>【動】主催する、もてなす,パーティーや国際イベントを「主催する」こと。a host of 〜 で「多数の〜、たくさんの〜」という意味にもなります。,,
1641,mount,/maʊnt/,動詞、名詞,【動】乗る、載せる、高まる、取り付ける<br>【名】山,馬に乗る、階段を上るほか、絵や機械を「しっかりと取り付ける（マウントする）」こと。不安や緊張が「徐々に高まる」際にも。,,
1642,discharge,/dɪsˈtʃɑːrdʒ/ (動)<br>/ˈdɪstʃɑːrdʒ/ (名),動詞、名詞,【動】放出する、退院・退役させる、義務を果たす<br>【名】放出、排出、退院、免除,煙や液体を「放出する」こと、また患者を「退院させる（be discharged from hospital）」や兵士を「除隊させる」ことを指します。,,
1643,drain,/dreɪn/,動詞、名詞,【動】排水する、水気を切る、疲れ果てさせる<br>【名】排水溝、下水管、流出,容器から液体を「排出する（水気を切る）」こと。また、エネルギーを「使い果たさせてクタクタにする（be drained：疲れ果てた）」。,,
1644,soak,/soʊk/,動詞、名詞,【動】浸す、浸る、吸収する、びしょ濡れになる<br>【名】浸すこと、長風呂,衣服などを水に「浸す」こと、雨などで「びしょ濡れになる（get soaked）」こと。お湯にゆったり浸かる長風呂の意味も。,,
1645,dip,/dɪp/,動詞、名詞,【動】（ちょっと）浸す、下がる、下げる<br>【名】浸すこと、ディップソース、一時的下落,パンをスープに「ちょっと（軽く）浸す」動作や、株価や気温が「一時的に少し下がる（下げる）」ことを指します。,,
1646,suspend,/səˈspend/,動詞,一時停止する、保留にする、停職・停学処分にする、吊り下げる,試合や運行を「一時中断・保留にする」こと、また学校で「停学処分にする（be suspended from school）」ことを指します。,,
1647,extract,/ɪkˈstrækt/ (動)<br>/ˈekstrækt/ (名),動詞、名詞,【動】抽出する、引き抜く、抜粋する<br>【名】抽出物、エキス、抜粋,歯を「抜く」こと、成分を「抽出する（エキス）」こと、あるいは長い文章から一部を「抜粋・引用する」ことを意味します。,,
1648,slap,/slæp/,動詞、名詞、副詞,【動】平手打ちする、ピシャリと叩く<br>【名】平手打ち、叩くこと<br>【副】突然、ぽんと,手のひらで頬やテーブルを「平手でピシャリと叩く」動作を指します。,,
1649,embrace,/ɪmˈbreɪs/,動詞、名詞,【動】抱きしめる、受け入れる、包含する<br>【名】抱擁,親愛の情で「抱きしめる（hug）」ほかに、新しい考え、技術、生き方を「（喜んで）受け入れる・採用する」という意味でも多用されます。,,
1650,embark,/ɪmˈbɑːrk/,動詞,乗船する、着手する、乗り出す,船や飛行機に乗り込むこと。embark on A の形で「（新たなビジネス、冒険、キャリアに）乗り出す、着手する」という最重要表現になります。,,
1651,intervene,/ˌɪntərˈviːn/,動詞,介入する、仲裁する、間に起こる,紛争、揉め事、あるいは市場の変動を抑えるために、第三者が「介入する（割って入る）」ことを言います。名詞形は intervention。,,
1652,penetrate,/ˈpenətreɪt/,動詞,貫通する、浸透する、見抜く、突き止める,弾丸や光が壁を「貫通する」こと、あるいは製品やブランドの認知が市場に「深く浸透する」ことを意味します。,,
1653,intrude,/ɪnˈtruːd/,動詞,侵入する、押し入る、邪魔をする,他人のプライベートや敷地に、許可なく「侵入する、邪魔をする」ことを指します。不審者は intruder、名詞形は intrusion。,,
1654,utilize,/ˈjuːtəlaɪz/,動詞,利用する、活用する,use よりも、ある明確な目的のために、資源やシステムを「効果的に活用する（役立たせる）」という少しフォーマルな語です。,,
1655,embed,/ɪmˈbed/,動詞,埋め込む、はめ込む、深く植え付ける,ウェブページに動画コードを「埋め込む」こと。また記憶や習慣が心に「深く植え付けられている（be embedded in 〜）」ことも指します。,,
1656,allocate,/ˈæləkeɪt/,動詞,割り当てる、配分する,予算、時間、人手を特定のタスクやプロジェクトなどに「配分する、割り振る」ことを意味する、ビジネス・行政の重要語です。,,
1657,coordinate,/koʊˈɔːrdɪneɪt/ (動)<br>/koʊˈɔːrdɪnət/ (名),動詞、名詞、形容詞,【動】調整する、調和させる、統合する<br>【名】座標、同等のもの,複数の異なる組織や活動が円滑に進むように「全体を調整・統制する」こと。また服などの色合いを調整することも。,,
1658,blink,/blɪŋk/,動詞、名詞,【動】まばたきする、（光が）点滅する<br>【名】まばたき、瞬間、点滅,驚いて「パチパチまばたきをする」こと、または信号機やランプが「点滅する（明滅する）」様子を言います。,,
1659,spin,/spɪn/,動詞、名詞,【動】高速回転する、紡ぐ、物語を紡ぐ<br>【名】回転、スピン、紡績,軸を中心にして「クルクルと高速回転する（させる）」ことや、糸を「紡ぐ」ことを指します。,,
1660,rotate,/roʊˈteɪt/,動詞、形容詞,【動】回転する、循環する、交代で行う<br>【形】車軸状の,spin が自身の軸を中心に高速回転するのに対し、rotate は「自転・公転する」や、仕事のシフトを「交代（循環）で行う」意味を持ちます。,,
1661,scramble,/ˈskræmbl/,動詞、名詞,【動】よじ登る、奪い合う、ごちゃ混ぜにする<br>【名】よじ登ること、スクランブル,急いでよじ登ることや、人々が我先にと「争う（奪い合う）」こと、またスクランブルエッグのように「ごちゃ混ぜにする」こと。,,
1662,vanish,/ˈvænɪʃ/,動詞,消える、消滅する、突然姿を消す,目の前から「突然、跡形もなく消え去る」ニュアンスを持ちます（disappear よりドラマチックに完全に消えるイメージです）。,,
1663,snap,/snæp/,動詞、名詞、形容詞,【動】パチンと折れる、ポキッと折る、スナップ写真を撮る<br>【名】ポキッと折れる音、スナップ写真<br>【形】即時の、急な,枝などが「ポキッと折れる（折る）」こと。snap decision で、よく検討せず、その場で決めた「即決、素早い決断」の意味になります。,,
1664,rattle,/ˈrætl/,動詞、名詞,【動】がたがた鳴る、がたがた鳴らす、慌てさせる<br>【名】がたがた言う音、ガラガラ,窓や扉が風などで「ガタガタと乾いた音を立てる」こと。また、プレッシャーで人を「慌てさせる、動揺させる」という口語表現もあります。,,
1665,cease,/siːs/,動詞、名詞,【動】（活動や状態が）終わる、やむ、〜をやめる<br>【名】停止、中止,stop の少し硬い表現で、特に永続的な停止を表します。ceasefire で「停戦、停戦合意」となります。,,
1666,haste,/heɪst/,名詞、動詞,【名】急ぐこと、迅速、あわただしさ<br>【動】急ぐ,make haste（急ぐ）や、ことわざの Haste makes waste.（急がば回れ、あせりは無駄を生む）でよく知られています。,,
1667,conceal,/kənˈsiːl/,動詞,隠す、秘密にする、隠蔽する,物理的に物を「見えないように隠す」ほか、事実や感情を「秘密にする、隠す（hide よりフォーマル）」ことを指します。,,
1668,disguise,/dɪsˈɡaɪz/,動詞、名詞,【動】変装させる、隠す、偽る<br>【名】変装、偽装,別の服やメイクで「変装する、偽装する」こと。in disguise で「変装して、隠れて」という意味になります。,,
1669,deceive,/dɪˈsiːv/,動詞,だます、欺く、思い違いをさせる,意図的に嘘を言ったり事実を曲げたりして、相手を「信用させて騙す」ことを意味します。名詞形は deceit。,,
1670,neglect,/nɪˈɡlekt/,動詞、名詞,【動】怠る、無視する、世話をしない<br>【名】怠慢、無視、育児放棄,義務や仕事を「怠る」ことや、子どもやペットを「育児放棄・ネグレクトする（世話を怠る）」ことを指します。,,
1671,evacuate,/ɪˈvækjueɪt/,動詞,避難させる、避難する、立ち退かせる,災害や戦争の危険から、人々を安全な場所へ「避難させる、退去させる」ことを意味します。名詞形は evacuation。,,
1672,coincide,/ˌkoʊɪnˈsaɪd/,動詞,同時に起こる、一致する,複数の出来事が「たまたま（偶然に）同時に起こる」ことや、意見などが完全に「一致する」ことを意味します。,,
1673,prevail,/rɪˈveɪl/ -> /pərˈveɪl/,動詞,普及している、圧倒する、打ち勝つ、説得する,ある考えや風潮が特定の地域や時代に「広く普及している」ことや、最終的に「勝利を収める、優勢になる」ことを指します。,,
1674,sustain,/səˈsteɪn/,動詞,維持する、持続させる、耐える、（損害を）被る,生命や環境、成長を良好な状態のまま「維持・持続させる（sustain life など）」こと。持続可能な（sustainable）の原語です。,,
1675,linger,/ˈlɪŋɡər/,動詞、名詞,【動】いつまでも残る、ぐずぐずする<br>【名】残存,におい、疑問、病気、冬の寒さなどが「なかなか消えずに残る、長引く」様子、またはその場を立ち去りかねる様子を言います。,,
1676,revive,/rɪˈvaɪv/,動詞,復活させる、生き返る、回復する,意識、古い流行、伝統、落ち込んだ経済を「よみがえらせる（生き返らせる）」ことを意味します。名詞形は revival。,,
1677,resume,/rɪˈzuːm/ (動)<br>/ˈrezəmeɪ/ (名),動詞、名詞,【動】（一時中断のあと）再開する、再び始める<br>【名】履歴書、要約,中断していた活動、会議、会話などを「再開する」こと。名詞の発音は「レジュメ /ˈrezəmeɪ/」で「履歴書」を指します。,,
1678,outbreak,/ˈaʊtbreɪk/,名詞、動詞,【名】（戦争や感染症などの）突発、発生、勃発<br>【動】発生する,戦争、暴動、深刻な感染症などが、突発的に「発生する・勃発する」ことを意味します。,,
1679,inspect,/ɪnˈspekt/,動詞,検査する、点検する、視察する,規則に従って製品、建物、工場などを綿密に「点検・検査する」ことを指します。名詞形は inspection。,,
1680,expedition,/ˌekspəˈdɪʃn/,名詞,遠征、探検、探検旅行、迅速さ,科学的・地理的な目的で行う「探検、調査旅行（Antarctic expedition：南極探検）」や、軍隊の「遠征」を指します。,,
1681,enroll,/ɪnˈroʊl/,動詞,入学する、登録する、入会する,学校に「入学する」、講座に「登録する（enroll in a course）」など。名詞形は enrollment です。,,
1682,discipline,/ˈdɪsəplɪn/,名詞、動詞,【名】規律、しつけ、訓練、学問分野<br>【動】しつける、訓練する、罰する,組織を保つための「規律」や子供の「しつけ」のほか、大学などの「専門的な学問分野（学問領域）」も意味する重要語です。,,
1683,tuition,/tuˈɪʃn/,名詞,授業料、指導、教授,主に大学、私立学校、語学スクールなどで支払う「授業料（tuition fees）」を指します。,,
1684,ethic,/ˈeθɪk/,名詞、形容詞,【名】倫理、道徳、道徳観念<br>【形】倫理の,善悪の基準としての「道徳、倫理基準」。複数形 ethics で、学問としての「倫理学」や、職業倫理（work ethics）を表します。,,
1685,psychology,/saɪˈkɒlədʒi/,名詞,心理学、心理、心理状態,人の心や行動を科学的に研究する「心理学」のほか、特定の集団の「心理状態（consumer psychology：消費者心理）」を指します。,,
1686,astronomy,/əˈstrɒnəmi/,名詞,天文学,恒星、惑星、銀河などの宇宙に存在する天体を研究する「天文学」です。研究者は astronomer。,,
1687,archaeologist,/ˌɑːrkiˈɒlədʒɪst/,名詞,考古学者,歴史的な遺物や遺跡を掘り起こして、過去の人類の生活や文化を研究する「考古学者」のことです。,,
1688,thesis,/ˈθiːsɪs/,名詞,論文、学位論文、主張、テーゼ,主に大学や大学院を卒業する際に提出する「卒業論文、修士論文（master's thesis）」、または特定の論点としての「主張」を指します。,,
1689,dormitory,/ˈdɔːrmətɔːri/,名詞,（学校などの）寮、共同寝室,主に大学や寄宿学校の敷地内にある「学生寮（通称 dorm /dɔːrm/）」や、大部屋にたくさんのベッドが並ぶ寝室を指します。,,
1690,grasp,/ɡræsp/,動詞、名詞,【動】つかむ、握る、理解する<br>【名】つかむこと、理解力、把握,手で「ぎゅっと握る」という物理的な動作のほか、難解なアイデアや状況を「しっかりと理解する（把握する）」ことも意味します。,,
1691,anticipate,/ænˈtɪsɪpeɪt/,動詞,予想する、期待する、先手を打つ,起こりうる事態を予測して、あらかじめ心構えをしたり、楽しみに「期待・予期する」ことを言います。名詞形は anticipation。,,
1692,foresee,/fɔːrˈsiː/,動詞,予見する、見越す、見通す,過去の経験や現在の状況から、未来に起こることを「（ある程度の確信を持って）予見する、あらかじめ見越す」ことです。,,
1693,infer,/ɪnˈfɜːr/,動詞,推測する、推論する、暗示する,提示された証拠、事実、データなどから、論理的に結論を「推測する、推論する」ことです。名詞形は inference。,,
1694,deduce,/dɪˈduːs/,動詞,演繹する、推論する、系統をたどる,一般的な原理や明確な事実（手がかり）から、論理的なプロセスを経て特定の結論を「推論・導き出す」ことです（対義語は誘導する induce）。,,
1695,deem,/diːm/,動詞,みなす、考える、判断する,consider よりフォーマルな表現で、「〜だと判断する、みなす（deem A necessary：必要であると判断するなど）」の形で使われます。,,
1696,ponder,/ˈpɒndər/,動詞,熟考する、じっくり考える,すぐに結論を出さず、時間をかけて様々な可能性を「あれこれと思案・熟考する」ことを意味します（ponder on/over A）。,,
1697,assure,/əˈʃʊər/,動詞,保証する、確信させる、安心させる,assure A of B（A（人）にB（事柄）を保証する、請け合う）、assure A that 〜 の形で、相手を安心させるために使われます。,,
1698,assess,/əˈses/,動詞,評価する、査定する、見積もる,価値、能力、進捗、リスク、被害の大きさなどを、体系的な方法で「評価・査定する」ことです。名詞形は assessment。,,
1699,concede,/kənˈsiːd/,動詞,認める、譲歩する、敗北を認める,自分の意見が違っていたことや、相手の主張が正しいことを、しぶしぶ「認める、同意する」ことを意味します。名詞形は concession。,,
1700,compromise,/ˈɒmprəmaɪz/ -> /ˈkɒmprəmaɪz/,名詞、動詞,【名】妥協、和解<br>【動】妥協する、妥協して解決する、名誉を傷つける,互いに少しずつ譲り合って「妥協（解決）する」こと。また、不注意な言動が「信頼や評判を危険にさらす、傷つける」という意味も持ちます。,,
1701,comprehend,/ˌkɒmprɪˈhend/,動詞,理解する、包括する,understand よりも硬いフォーマルな表現で、事柄の本質を深く、かつ完全に「理解する、把握する」ことを指します。,,
1702,reconcile,/ˈekənsaɪl/ -> /ˈrekənsaɪl/,動詞,和解させる、一致させる、あきらめて受け入れさせる,対立する意見や、不和のある友人同士を「和解させる、調和させる（一致させる）」ことを意味します。名詞形は reconciliation。,,
1703,instill,/ɪnˈstɪl/,動詞,吹き込む、徐々に教え込む、一滴ずつ垂らす,子供や部下の心に、良い考え、規律、価値観などを「（じわじわと時間をかけて）植え付ける、吹き込む」ことを意味します。,,
1704,alert,/əˈlɜːrt/,形容詞、名詞、動詞,【形】油断のない、敏速な<br>【名】警戒、警報、アラート<br>【動】警戒させる、知らせる,危険や変化に敏感で「油断のない、警戒している（be alert to 〜）」様子、または緊急情報を知らせるアラートを意味します。,,
1705,cognitive,/ˈɒɡnətɪv/ -> /ˈkɒɡnətɪv/,形容詞,認知の、認識の,脳の働きに関連する思考、記憶、言語などの「認知プロセス（cognitive development：認知発達、cognitive science：認知科学）」を指します。,,
1706,intuition,/ˌɪntuˈɪʃn/,名詞,直感、直観、直感力,論理的な思考ではなく、五感や感覚でピンと察知する「直感（ひらめき、インスピレーション）」を指します。,,
1707,vow,/vaʊ/,名詞、動詞,【名】誓い、誓約<br>【動】誓う、決意する,結婚の誓い（marriage vows）のように、固い「誓い、決意」を立てることを指します（vow to do：〜することを固く誓う）。,,
1708,nightmare,/ˈnaɪtmeər/,名詞,悪夢、恐ろしい状況、悪夢のような出来事,眠っている間に見る「怖い夢（悪夢）」のほか、日常的に「最悪の事態、悪夢のような面倒くさい状況」を誇張して言うのにも使われます。,,
1709,stereotype,/ˈsteriətaɪp/,名詞、動詞,【名】固定観念、ステレオタイプ<br>【動】型にはめる,特定の国籍、性別、集団に対して、世間が抱く偏った「固定観念、先入観（ステレオタイプ）」を意味します。,,
1710,illusion,/ɪˈluːʒn/,名詞,錯覚、幻覚、幻想、思い違い,実際には存在しないものが存在するように見える「錯覚、幻」や、「根拠のない思い込み・幻想（be under the illusion that 〜）」を指します。,,
1711,criterion,/kraɪˈtɪəriən/,名詞,基準、評価基準,評価、判断、選択を行うための「明確な基準」を指します。単数形であり、複数形は criteria /kraɪˈtɪəriə/ となる点に注意。,,
1712,ideology,/ˌaɪdiˈɒlədʒi/,名詞,イデオロギー、思想体系,政治、社会、宗教などにおける体系的な「思想、信条、価値観（イデオロギー）」を指します。,,
1713,tolerate,/ˈtɒləreɪt/,動詞,許容する、大目に見る、耐える,嫌なこと、異なる意見、あるいは薬物などに対して、腹を立てたり排除したりせず「寛容に受け入れる、大目に見る」ことを指します。,,
1714,overlook,/ˌoʊvərˈlʊk/,動詞、名詞,【動】見落とす、見渡す、大目に見る<br>【名】高台,ついうっかりミスを「見落とす」意味のほか、ホテルの窓から海を「見下ろす（見渡す）」、過ちを「大目に見る」という異なる意味を持ちます。,,
1715,conceive,/kənˈsiːv/,動詞,思いつく、心に抱く、妊娠する,アイデア、計画、陰謀などを「（頭の中で初めて）思いつく、考案する」こと。また「妊娠する」という意味も持ちます。,,
1716,misunderstand,/ˌmʌndərˈstænd/ -> /ˌmɪsʌndərˈstænd/,動詞,誤解する、誤って理解する,相手の意図や言葉の意味を正しく理解せず「思い違い・誤解する」ことです。名詞形は misunderstanding（誤解）。,,
1717,keen,/kiːn/,形容詞、名詞、動詞,【形】鋭い、熱心な、強烈な<br>【名】哀悼の歌<br>【動】悲嘆に暮れる,刃物や痛みが「鋭い」ほか、be keen on 〜 で「〜に夢中である」、be keen to do で「熱心に〜したがっている」の表現が重要です。,,
1718,subjective,/səbˈdʒektɪv/,形容詞,主観的な、個人の感覚による,objective（客観的な）の対義語。客観的なデータではなく、個人の感情や好み、個人的な意見に基づく見方を指します。,,
1719,compulsory,/kəmˈpʌlsəri/,形容詞,義務的な、強制的な、必修の,法律やルールによって義務付けられていること。compulsory education（義務教育）や compulsory subject（必修科目）など。,,
1720,relieve,/rɪˈliːs/ -> /rɪˈliːv/,動詞,（苦痛・不安などを）和らげる、安心させる、解放する,痛み、不安、ストレスなどを取り除いて「和らげる、ほっとさせる」こと。be relieved で「（問題が解決して）安心する」。,,
1721,trim,/trɪm/,動詞、名詞、形容詞,【動】（刈り込んで）整える、削減する<br>【名】刈り込み、トリミング<br>【形】引き締まった,髪先、庭の生垣を「刈り込んで整える」こと。また、予算や経費を「削減する」ことにも使われます。,,
1722,disposal,/dɪsˈpoʊzl/,名詞,処分、廃棄、処理、自由にできること,waste disposal（廃棄物処理）や、at one's disposal で「（人）の自由にできる（好きに使える）」という重要表現になります。,,
1723,scent,/sent/,名詞、動詞,【名】香り、匂い、手がかり<br>【動】嗅ぎつける、匂う,花や香水、食べ物が放つ、穏やかで「心地よい香り、匂い」を指します。,,
1724,grain,/ɡreɪn/,名詞、動詞,【名】穀物、穀粒、わずかな量、木目<br>【動】きめを出す,小麦、米、トウモロコシなどの「穀物（粒）」を指すほか、a grain of truth で「ごくわずかな（一粒の）真実」などの抽象的な表現にも。,,
1725,wheat,/wiːt/,名詞,小麦,パンやパスタ、うどんの主原料となる穀物の「小麦」のことです。,,
1726,deforestation,/ˌdiːˌfɒrɪˈsteɪʃn/,名詞,森林破壊、森林伐採,開発や木材の収集などのために、広大な森林が刈り払われて破壊される環境問題を指します。,,
1727,drought,/draʊt/,名詞,干ばつ、日照り、雨不足,雨が長期間にわたって降らず、深刻な水不足になる「干ばつ」を指します。発音は「ドラウト」です。,,
1728,irrigation,/ˌɪrɪˈɡeɪʃn/,名詞,灌漑（かんがい）、水を引くこと,農地に人工的に川や運河から水を引くシステム「灌漑（かんがい）」を指します。動詞形は irrigate。,,
1729,spectacle,/ˈspektəkl/,名詞,壮観、見もの、眼鏡（複数形）,息を呑むような「壮大な光景、ショー」を指します。複数形の spectacles とすると「眼鏡（glasses）」という意味になります。,,
1730,altitude,/ˈæltɪtjuːd/,名詞,高度、標高、海抜,山の標高や、飛行機が飛行している上空の「海抜高度」を指します（緯度は latitude、経度は longitude）。,,
1731,catastrophe,/kəˈtæstrəfi/,名詞,大惨事、破滅、大災害,地震などの大規模な自然災害、または計画の「完全な大失敗、破滅」を指す、劇的な表現です。形容詞形は catastrophic。,,
1732,wilderness,/ˈwɪldərnəs/,名詞,荒野、大自然、荒れ地,人が手を入れていない、野生の動植物が生息する手つかずの「大自然、荒野」を意味します。,,
1733,decay,/dɪˈkeɪ/,動詞、名詞,【動】虫歯になる、腐敗する、衰退する<br>【名】腐敗、虫歯、衰退,有機物が細菌によって「腐る、虫歯になる（tooth decay）」こと、または文明や社会システムが「衰退する」ことを意味します。,,
1734,erosion,/ɪˈroʊʒn/,名詞,侵食、浸食、劣化,風や雨、波によって、土壌や岩が「じわじわと削られる（浸食される）現象」を指します。動詞形は erode。,,
1735,flame,/fleɪm/,名詞、動詞,【名】炎、火焔、恋人<br>【動】炎を上げて燃える、ネットで炎上する,燃え盛る「炎、火の粉」を表します。ネット上で特定の投稿に非難が集まる「炎上、誹謗中傷すること」もこれに由来します。,,
1736,galaxy,/ˈɡæləksi/,名詞,銀河、天の川、華やかな集まり,太陽系などが属する宇宙の「銀河（ Milky Way など）」や、スターたちの「きらびやかな集まり」を指すこともあります。,,
1737,chill,/tʃɪl/,名詞、動詞、形容詞,【名】冷たさ、寒気、風邪<br>【動】冷やす、冷える、リラックスする<br>【形】冷たい,風邪のときの「悪寒、寒気」を指すほか、日常の口語で Let's chill.（ゆっくりリラックスして過ごそう、遊ぼう）として多用。,,
1738,thermal,/ˈθɜːrml/,形容詞、名詞,【形】熱の、温泉の、防寒用の<br>【名】上昇温暖気流、防寒下着,thermal energy（熱エネルギー）や thermal spring（温泉）、防寒用の保温下着（サーマル）を意味します。,,
1739,fertile,/ˈfɜːrtl/,形容詞,肥沃な、多産の、独創的な,土壌が栄養に富んでいて「肥沃である（作物がよく育つ）」こと、また想像力（fertile imagination：豊かな想像力）などの比喩にも。,,
1740,fossil,/ˈfɒsl/,名詞、形容詞,【名】化石、時代遅れの人<br>【形】化石の、時代遅れの,生物の「化石」を指し、fossil fuels で、環境問題で必ず登場する「化石燃料（石炭、石油、天然ガスなど）」となります。,,
1741,exploit,/ɪkˈsplɔɪt/ (動)<br>/ˈeksplɔɪt/ (名),動詞、名詞,【動】（資源を）開発する、不当に搾取する<br>【名】偉業、手柄,土地や資源を「開発・有効活用する」という良い意味のほか、労働者や途上国を「不当に搾取する（コき使う）」という悪い意味でも頻出。,,
1742,contaminate,/kənˈtæmɪneɪt/,動詞,汚染する、毒する,化学物質や放射性物質、細菌などで、水、空気、食品などを「（有害に）汚染する」ことを指す非常に重要度の高い言葉です。,,
1743,erupt,/ɪˈrʌpt/,動詞,（火山が）噴火する、勃発する、突然起こる,火山が溶岩や灰を「噴火させる、噴き出す」こと、または怒りや笑い、戦争、暴動が「突然爆発する・勃発する」ことを意味します。,,
1744,roar,/rɔːr/,動詞、名詞,【動】吠える、大声で笑う、（エンジンが）唸る<br>【名】咆哮、唸り声、大歓声,ライオンなどの猛獣が「うおーと吠える」こと。または大きな歓声や、エンジンの「轟音」を指します。,,
1745,inhabit,/ɪnˈhæbɪt/,動詞,〜に居住する、生息する,物理的にある地域、森、家に「住む（生息・居住する）」ことを意味します（live よりも硬い他動詞です）。,,
1746,nurture,/ˈnɜːrtʃər/,動詞、名詞,【動】（時間をかけて）育む、養育する、教育する<br>【名】養育、教育、環境因子,性格、才能、子供を「（愛情を持って、かつ丁寧に）育てる、育成する」こと。遺伝（nature：生まれつき）に対する「環境（nurture）」の対比も。,,
1747,owl,/aʊl/,名詞,フクロウ（鳥）,夜行性の猛禽類の鳥「フクロウ」を指します。夜遅くまで起きている人を night owl（夜型人間）と呼びます。,,
1748,instinct,/ˈɪnstɪŋkt/,名詞、形容詞,【名】本能、天性<br>【形】満ちあふれた,学習や理屈ではなく、生まれつき備わった「本能（by instinct：本能的に）」を指します。,,
1749,prey,/preɪ/,名詞、動詞,【名】獲物、餌食<br>【動】捕食する、苦しめる,捕食者（predator）に捕まって食べられる「獲物」を指します。fall prey to 〜 で「〜の犠牲になる、カモにされる」の意に。pray（祈る）と同音。,,
1750,anatomy,/əˈnætəmi/,名詞,解剖学、解剖、構造、骸骨,生物の体の仕組みを研究する「解剖学」、または複雑な物事の構造の「詳細な分析」を指します。,,
1751,mammal,/ˈmæml/,名詞,哺乳類（ほにゅうるい）,犬、クジラ、人間などの、子どもに乳を与えて育てる「哺乳類」を指す生物学用語です。,,
1752,predator,/ˈpredətər/,名詞,捕食動物、肉食獣、略奪者、小児性愛者,獲物（prey）を捕まえて食べる「捕食動物」のほか、他者を不当に搾取する人物（略奪者、犯罪者）を比喩的に指すこともあります。,,
1753,hybrid,/ˈhaɪbrɪd/,名詞、形容詞,【名】混成物、ハイブリッド、雑種<br>【形】混成の、異なる要素を組み合わせた,ガソリンと電気で走る「ハイブリッド車（hybrid car）」のように、異なる二つの要素を融合させたものを意味します。,,
1754,skull,/skʌl/,名詞,頭蓋骨（ずがいこつ）,頭の骨である「頭蓋骨、どくろ」を指します。,,
1755,timber,/ˈtɪmbər/,名詞、間投詞,【名】材木、樹木、素質<br>【間】木が倒れるぞ！,建築用資材として切り出された「材木」を指します。山林で木を伐採して倒すときの合図の叫び声でもあります。,,
1756,textile,/ˈtekstaɪl/,名詞、形容詞,【名】織物、テキスタイル、布地<br>【形】織物の、繊維の,洋服やカーテンなどの原料となる、糸を織り上げて作った「布、織物、繊維製品」を指します。,,
1757,fabric,/ˈfæbrɪk/,名詞,布、生地、織物、基本構造・骨組み,洋服やソファーの「生地、布地（ファブリック）」を指すほか、社会の「基本構造（the fabric of society）」を指すのも重要です。,,
1758,mill,/mɪl/,名詞、動詞,【名】製粉所、工場、ミル（粉砕機）<br>【動】粉にひく、粉砕する、群がる,小麦を粉にする「製粉所」のほか、繊維工場（textile mill）、スチール工場（steel mill）、またコショウなどをひく器具（pepper mill）を指します。,,
1759,weave,/wiːv/,動詞、名詞,【動】（糸を）織る、編む、（計画を）編み出す<br>【名】織り方,縦糸と横糸を組み合わせて「布を織る、編む」こと。ストーリーを「巧みに紡ぎ出す、編み出す」の比喩でも使われます。過去形は wove。,,
1760,competent,/ˈkɒmpɪtənt/,形容詞,能力のある、適任の、十分な能力を持つ,与えられた職務や仕事を、水準以上に「適切にこなせるだけの十分な実力・能力がある」様子を指します。名詞形は competence。,,
1761,optimistic,/ˌɒptɪˈmɪstɪk/,形容詞,楽観的な、前向きな,将来についてポジティブに物事を見る様子（楽天家）。対義語は pessimistic（悲観的な）。名詞形は optimism。,,
1762,patriotic,/ˌpeɪtriˈɒtɪk/,形容詞,愛国的な、愛国心に富む,自国に対して強い愛着や忠誠心を持つ様子。愛国者は patriot、愛国心は patriotism。,,
1763,noble,/ˈnoʊbl/,形容詞、名詞,【形】高貴な、気高い、素晴らしい、高潔な<br>【名】貴族,血筋が「高貴な（貴族の）」のほか、人格や精神が「気高い、高潔な」様子を指します（noble lie：気高い嘘）。,,
1764,naughty,/ˈnɔːti/,形容詞,いたずらな、わんぱくな、きわどい,主に子どもが親の言うことを聞かずに「いたずらをする、お行儀が悪い」様子を指します（少し可愛いニュアンスがあります）。,,
1765,arrogant,/ˈærəɡənt/,形容詞,傲慢な、横柄な、自信過剰な,自分の能力を過信し、他者を見下して「傲慢で偉そうな態度をとる」様子を意味します。名詞形は arrogance。,,
1766,vigorous,/ˈvɪɡərəs/,形容詞,精力的な、元気いっぱいの、激しい,体力やエネルギーが満ちあふれていて「活力に満ちた、活発な、激しい（vigorous exercise：激しい運動）」様子を表します。,,
1767,humble,/ˈhʌmbl/,形容詞、動詞,【形】謙虚な、質素な、身分が低い<br>【動】謙虚にさせる、卑下する,自分の能力を自慢しない「謙虚な（modestより強い）」態度のほか、家などが「質素でささやかな（my humble home）」様子を意味します。,,
1768,eligible,/ˈelɪdʒəbl/,形容詞、名詞,【形】（受給・参加などの）資格がある、条件を満たしている、結婚相手として理想的な<br>【名】有資格者,be eligible for A（A（給付金、奨学金、割引など）を受け取る資格がある）、be eligible to do の形で多用されます。,,
1769,courtesy,/ˈkɜːrtəsi/,名詞、形容詞,【名】礼儀、好意、優遇<br>【形】無料の、優待の,礼儀正しい態度（politeness）。またホテルが宿泊客用に無料で走らせる「シャトルバス（courtesy bus）」などの形容詞表現も重要。,,
1770,resilient,/rɪˈzɪliənt/,形容詞,回復力のある、立ち直りが早い、弾力性のある,困難や大失敗、ショックな出来事から「すぐに立ち直るだけの強さ・しなやかさを持つ」様子を指す現代の重要キーワードです。,,
1771,inclined,/ɪnˈklaɪnd/,形容詞,〜したい気がする、〜する傾向がある、傾斜した,be inclined to do で「〜したい気がする（〜に心が傾いている）、〜しがちである」という意味の重要表現になります。,,
1772,haunt,/hɔːnt/,動詞、名詞,【動】（幽霊などが）出没する、（嫌な記憶が）つきまとう<br>【名】よく行く場所,haunted house（お化け屋敷、幽霊屋敷）のほか、過去の悲惨な記憶や後悔が「いつまでも頭から離れずつきまとう」という意味も重要。,,
1773,intent,/ɪnˈtent/,名詞、形容詞,【名】意図、目的、意味<br>【形】熱心な、没頭している、決意した,be intent on doing で「〜に熱中（没頭）している、〜しようと決意している」という重要パターンがあります。,,
1774,indulge,/ɪnˈdʌldʒ/,動詞,没頭する、甘やかす、ほしいままにする,indulge in A（お酒、ゲーム、買い物などの、少々不健康な楽しみに浸る、耽る）の自動詞表現が非常によく使われます。,,
1775,flaw,/flɔː/,名詞、動詞,【名】欠点、不備、ひび、傷<br>【動】傷つける、ひびを入らせる,理論、法律、製品、または人の性格などにおける「決定的な不備、欠点、キズ（flawless：完璧な、非の打ち所がない）」。,,
1776,defect,/ˈdiːfekt/ (名)<br>/dɪˈfekt/ (動),名詞、動詞,【名】欠陥、不具合、欠点<br>【動】（他国や他派へ）亡命する、寝返る,家電や製品などの「初期不良、欠陥（manufacturing defect：製造上の欠陥）」のほか、自国を裏切って他国へ「亡命する」の意も。,,
1777,trait,/treɪt/,名詞,特徴、特性、気質,人の性格や遺伝的な特徴、または民族などの「特徴・個性（personality traits：性格的な特徴）」を指します。,,
1778,analogy,/əˈnælədʒi/,名詞,類推、類似、たとえ話、アナロジー,複雑な物事を説明するために、他の似たような身近な事柄を例に引く「たとえ話（類推）」を意味します。,,
1779,parallel,/ˈpærəlel/,形容詞、名詞、動詞、副詞,【形】平行な、酷似した、並行の<br>【名】平行線、類似点、緯線<br>【動】〜に平行する、匹敵する,二つの道路が平行していることのほか、歴史的な出来事の「奇妙な類似点（draw a parallel between A and B）」を指します。,,
1780,indispensable,/ˌɪndɪˈspensəbl/,形容詞、名詞,【形】不可欠な、どうしても必要な<br>【名】不可欠な人・物,alternative や substitute が存在しない、絶対に無くてはならない最重要の存在を指します（be indispensable to/for 〜）。,,
1781,crucial,/ˈkruːʃl/,形容詞,極めて重要な、決定的な,結果を左右するほど「重大で、一刻を争うような重要性を持つ」ことを意味します（play a crucial role：極めて重要な役割を果たす）。,,
1782,grave,/ɡreɪv/,名詞、形容詞、動詞,【名】墓、墓穴<br>【形】重大な、厳粛な、重病の<br>【動】彫り込む,名詞の「お墓」のほか、形容詞として「極めて深刻で重大な（grave concern：重大な懸念、grave danger：重大な危機）」が重要です。,,
1783,primary,/ˈpraɪmeri/,形容詞、名詞,【形】最も重要な、第一の、初等の、根本的な<br>【名】予備選挙、第一位,primary school（小学校）や、primary source（一次資料）のほか、「最も重要な、主な（primary concern：最大の関心事）」の意。,,
1784,vital,/ˈvaɪtl/,形容詞、名詞,【形】不可欠な、極めて重要な、生命の、活力のある<br>【名】（vitalsで）生命維持に必要な器官,生命維持に不可欠なこと。It is vital that 〜（〜することが極めて重要・不可欠である）の仮定法現在を伴う構文で頻出します。,,
1785,integral,/ˈɪntɪɡrəl/,形容詞、名詞,【形】不可欠な、一体となった、整数の<br>【名】積分,play an integral part in 〜（〜において不可欠な役割を果たす）のように、全体の一部として「絶対に欠かせない」ことを指します。,,
1786,profound,/prəˈfaʊnd/,形容詞、名詞,【形】深い、重大な、深い影響を及ぼす、難解な<br>【名】深淵,profound influence/impact on 〜（〜への極めて深い影響）や、学問や知識が「奥深くて難解である」ことを意味します。,,
1787,grim,/ɡrɪm/,形容詞,（状況などが）暗い、冷酷な、険しい、厳しい,未来の見通しなどが「きわめて暗くて暗澹としている（grim prospect：暗い見通し）」、または人の表情が「険しい」ときに使われます。,,
1788,fierce,/fɪərs/,形容詞,激しい、どう猛な、強烈な,fierce competition（激しい競争）や、台風などの「強烈な嵐」、野生動物の「凶暴な・どう猛な様子」を表します。,,
1789,harsh,/hɑːrʃ/,形容詞,厳しい、不快な、耳障りな、（光や色が）きつすぎる,harsh climate/weather（厳しい気候・寒さ）や、harsh criticism（容赦ない厳しい批判）、洗剤などの成分が「きつい」ことを指します。,,
1790,acute,/əˈkjuːt/,形容詞,鋭い、急性の、深刻な,慢性（chronic）の対義語としての「急性疾患（acute illness）」のほか、痛みなどが「激しい」、不足が「深刻な」ことを意味します。,,
1791,ambiguous,/æmˈbɪɡjuəs/,形容詞,曖昧な、二通りに解釈できる、不明瞭な,言葉の意味や態度が一つに定まらず「多義的で曖昧な、はっきりしない」状態を指します。名詞形は ambiguity。,,
1792,misleading,/ˌmɪsˈliːdɪŋ/,形容詞,誤解を招きやすい、見当違いな,人を誤った判断に導きやすい不適切な情報や説明を指します（misleading advertisement：誇大広告、誤解を招く広告）。,,
1793,obscure,/əbˈskjʊər/,形容詞、動詞、名詞,【形】（世に）知られていない、曖昧な、薄暗い<br>【動】曖昧にする、覆い隠す,知名度が低くて「世間に知られていない（無名の学者など）」ことや、説明が難しくて「不明瞭である、分かりにくい」ことを意味します。,,
1794,mature,/məˈtʃʊər/,形容詞、動詞,【形】成熟した、大人の、熟した<br>【動】成熟する、熟す,心身が大人として十分に「成熟している」様子（対義語は immature）や、ワインやチーズが「熟成する」ことを指します。,,
1795,neat,/ˈniːt/,形容詞,きちんとした、整頓された、見事な,部屋や机の上が「きれいに片付いている（tidyと同義）」こと。また、素晴らしいアイデアに対して That's neat!（いいね、お見事！）のようにも使われます。,,
1796,decent,/ˈdiːsnt/,形容詞,きちんとした、まともな、適した,社会的水準をクリアした「まともな、悪くない」状態を指します（例：a decent job：そこそこ良い仕事、まともな職）。,,
1797,straightforward,/ˌstreɪtˈfɔːrwərd/,形容詞、副詞,【形】分かりやすい、率直な、真っ直ぐな<br>【副】真っ直ぐに,説明や手続きが複雑でなく「シンプルで分かりやすい」こと、または人の態度が「裏表がなく率直である」様子を意味します。,,
1798,sophisticated,/səˈfɪstɪkeɪtɪd/,形容詞,洗練された、高度な、教養のある,機械やシステムが「きわめて高度（先進的）」であることや、人のセンスや趣味、ライフスタイルが「洗練されている」様子を表します。,,
1799,elaborate,/ɪˈlæbərət/ (形)<br>/ɪˈlæbəreɪt/ (動),形容詞、動詞,【形】精巧な、手の込んだ、詳細な<br>【動】詳しく説明する、精巧に作る,形容詞は多くの手間と時間をかけた「手の込んだ」ものを指します。動詞は elaborate on A で「Aについて詳しく述べる」となり頻出します。,,
1800,prompt,/prɒmpt/,形容詞、動詞、名詞,【形】迅速な、即座の<br>【動】促す、刺激する<br>【名】（指示などの）プロンプト,遅滞なく「即座に行う」こと。動詞としては、何かの出来事が人に特定の行動を「促す、引き起こす（prompted me to action）」の意に。,,
1801,swift,/swɪft/,形容詞、副詞、名詞,【形】迅速な、動きが速い<br>【副】速やかに<br>【名】アマツバメ（鳥）,遅れをとらず、驚くほどスピーディーに行動が起こる様子を指します（例：swift response：迅速な対応）。,,
1802,mighty,/ˈmaɪti/,形容詞、副詞、名詞,【形】力強い、強力な、巨大な<br>【副】（米口語）きわめて<br>【名】強者,圧倒的な力（武力、自然の力、精神力など）を持っている様子を表します。名詞形は might（力、権力）。,,
1803,explicit,/ɪkˈsplsɪt/ -> /ɪkˈsplɪsɪt/,形容詞,明白な、明確な、あからさまな,隠し立てせず、言葉や表現で「はっきりと（明確に）示された」状態を言います。対義語は implicit（暗黙の）。,,
1804,authentic,/ɔːˈθentɪk/,形容詞,本物の、本物の価値がある、信頼できる,コピーや偽物ではない、歴史や伝統のある「本物の（例：authentic Italian food：本物（本格的）のイタリア料理）」を指します。,,
1805,wit,/wɪt/,名詞、動詞,【名】機転、機知、知恵、とんち<br>【動】知る,その場で状況に合った面白いことや気の利いたことを言える、頭の回転の速さ（ユーモアを伴う機知）を指します。,,
1806,thrive,/θraɪv/,動詞,繁栄する、生き生きと育つ、成功する,会社、ビジネス、動植物などが、置かれた環境で活発に「成長する、繁栄する（flourish とほぼ同義）」ことを意味します。,,
1807,dim,/dɪm/,形容詞、動詞,【形】薄暗い、ぼやけた、かすんだ<br>【動】暗くする、薄暗くなる,光が弱くて「薄暗い」状態、または記憶や見通しが「ぼやけてはっきりしない」様子を意味します。,,
1808,gloomy,/ˈɡluːmi/,形容詞,薄暗い、陰気な、悲観的な、どんよりした,天候や部屋が「どんより薄暗くて陰気な」様子や、景気の見通し、表情が「暗くて悲観的である」ことを指します。,,
1809,barren,/ˈbærən/,形容詞、名詞,【形】（土地が）不毛の、不妊の、実りのない<br>【名】不毛地帯,栄養や水分が乏しく「（農作物が）育たない不毛の土地」を意味します。議論などが「内容がなくて不毛である」ことにも使われます。,,
1810,idle,/ˈaɪdl/,形容詞、動詞、名詞,【形】仕事をしていない、怠けている、使われていない<br>【動】何もしないで過ごす、アイドリングする,仕事や作業をせず「何もしないでダラダラしている」様子、または機械や設備が「稼働していない（遊んでいる）」状態を指します。,,
1811,adverse,/ˈædvɜːrs/,形容詞,逆境の、不都合な、有害な,自分にとって不利な、好ましくない「逆の」状況を指します。薬の「副作用（adverse effect / adverse reaction）」は頻出です。,,
1812,tiresome,/ˈtaɪərsəm/,形容詞,退屈な、うんざりする、面倒な,手間がかかって「うんざりする、面倒くさい、退屈な（annoying や boring に近い）」様子を指します。,,
1813,clumsy,/ˈklʌmzi/,形容詞,不器用な、ぎこちない、不格好な,手先が不器用で物をよく落としたり、身体の動作がぎこちなく不格好だったりする様子を言います。,,
1814,foul,/faʊl/,形容詞、名詞、動詞、副詞,【形】不快な、汚い、（言葉が）卑猥な、違反の<br>【名】（スポーツの）ファウル<br>【動】汚す、違反する,天候、空気、臭いなどが「きわめて不快で汚い（foul smell：ひどい悪臭）」、また言葉遣いが「ひどく汚い」ことを表します。,,
1815,shabby,/ˈʃæbi/,形容詞,みすぼらしい、古ぼけた、お粗末な,衣服、家具、建物などが長年使い古されて「擦り切れてみすぼらしい、ボロい」状態を指します。,,
1816,outrageous,/aʊtˈreɪdʒəs/,形容詞,とんでもない、理不尽な、法外な、常軌を逸した,常識の範囲を大きく超えていて「とんでもない、ひどすぎる、怒りを禁じ得ない」ような様子を表します。,,
1817,absurd,/əbˈsɜːrd/,形容詞、名詞,【形】ばかげた、不条理な、理不尽な<br>【名】不条理,まったく理屈が通っておらず、理不尽で「笑ってしまうほどばかばかしい」様子を指します（ridiculous に近いです）。,,
1818,fragile,/ˈfrædʒaɪl/,形容詞,壊れやすい、もろい、繊細な,物理的に「割れやすい（荷物の割れ物注意：Fragile）」ことや、ガラスのように「精神や立場がもろく壊れやすい」ことを指します。,,
1819,vulnerable,/ˈvʌlnərəbl/,形容詞、名詞,【形】傷つきやすい、脆弱な、弱い<br>【名】脆弱な人々,攻撃、病気、自然災害、批判などに対して、防御が薄くて「傷つきやすい、被害を受けやすい」様子を意味します（be vulnerable to A）。,,
1820,static,/ˈstætɪk/,形容詞、名詞,【形】静的な、変化のない、静電気の<br>【名】静電気、雑音,動きや変化がなく「静止したまま一定である（動的 dynamic の対義語）」こと。静電気（static electricity）の意味もあります。,,
1821,innate,/ɪˈneɪt/,形容詞,生まれつきの、天性の、固有の,経験や学習によって後天的に得たものではなく、誕生時にすでに「（遺伝的に）備わっている」性質や能力を指します（innate ability）。,,
1822,exotic,/ɪɡˈzɒtɪk/,形容詞、名詞,【形】外来の、異国情緒のある、珍しい<br>【名】外来種,自国ではなく、遠い外国（特に熱帯など）から来た「異国風で風変わりな（魅力のある）」様子を表します（exotic plants：外来植物）。,,
1823,tame,/teɪm/,形容詞、動詞,【形】（動物が）飼い慣らされた、おとなしい<br>【動】飼い慣らす、手なずける,野生動物が人間を恐れず、人間に「飼い慣らされておとなしい」様子。対義語は wild。,,
1824,manifest,/ˈmænɪfest/,形容詞、動詞、名詞,【形】明白な、明らかな<br>【動】明らかにする、感情を表す<br>【名】積荷目録、乗客名簿,形容詞は「誰の目にも一目瞭然な（obvious 同様）」こと。動詞としては、兆候や感情が「表に現れる（または表す）」ことを指します。,,
1825,dense,/dens/,形容詞,密集した、密度の高い、（霧などが）濃い,物理的な空間の中に、物がぎっしり「詰まっている」こと。dense forest（うっそうとした密林）や dense fog（濃い霧）など。,,
1826,transparent,/trænsˈpærənt/,形容詞,透明な、見え透いた、明白な,窓ガラスなどのように、光を通す「透明な（対義語は不透明な opaque）」こと。組織の「情報公開・透明性」の比喩でも使われます。,,
1827,consistent,/kənˈsɪstənt/,形容詞,一貫した、矛盾のない、一致した,言動、品質、方針などが、ブレずに最初から最後まで「一貫している、矛盾がない」様子を意味します（be consistent with A）。,,
1828,coherent,/koʊˈhɪərənt/,形容詞,筋の通った、一貫性のある、まとまりのある,議論、論文、説明などの主張が、論理的に矛盾なく「きっちり筋が通っている」状態を指します。,,
1829,universal,/ˌjuːnɪˈvɜːrsl/,形容詞、名詞,【形】普遍的な、世界共通の、全般的な<br>【名】普遍的特性,例外なく「すべてに共通して当てはまる（普遍的な）」様子。ユニバーサルデザイン（universal design）などの表現が有名です。,,
1830,underlying,/ˌʌndərˈlaɪɪŋ/,形容詞、動詞,【形】根本的な、潜在する、下にある<br>【動】（underlieの現在分詞）下にある,表面に現れていないが、事象の根底に隠れて横たわっている「根本的な（underlying cause：根本的な原因）」原因やルールを指します。,,
1831,spontaneous,/spɒnˈteɪniəs/,形容詞,自然発生的な、自発的な、無意識の,他人に強制されるのではなく、人の内面や自然の力から「（自然に湧き起こって）自発的に・自然発生的に」起こる様子を言います。,,
1832,mock,/mɒk/,動詞、名詞、形容詞,【動】あざける、真似してからかう<br>【名】嘲笑、模試<br>【形】模擬の、偽の,他人を馬鹿にして「からかう」こと。また、試験の「模擬試験（mock exam）」や、実物大の「模型（mock-up）」を意味する形容詞も重要。,,
1833,collective,/kəˈlektɪv/,形容詞、名詞,【形】共同の、集約された、集合的な<br>【名】共同体,個人ではなく、集団全員が力を合わせる「共同の（collective effort：共同の努力）」や「集団の、集合的な」状態を表します。,,
1834,vertical,/ˈvɜːrtɪkl/,形容詞、名詞,【形】垂直の、直立した、縦方向の<br>【名】垂直、垂直線,地面に対して直角に交わる「垂直な（水平な horizontal の対義語）」方向や状態を指します。,,
1835,ongoing,/ˈɒnˌɡoʊɪŋ/,形容詞,継続している、進行中の,すでに開始されており、現在も終わらずに「進行している、継続中である（ongoing project：進行中のプロジェクト）」ことを表します。,,
1836,tender,/ˈtendər/,形容詞、名詞、動詞,【形】優しい、柔らかい、（痛みに）敏感な<br>【名】提出、入札<br>【動】提供する、入札する,肉が「柔らかい」ことのほか、人の気性が「優しくて愛情深い」様子。また、触ると痛い「敏感な部位」を指すこともあります。,,
1837,upright,/ˈʌpraɪt/,形容詞、副詞、名詞,【形】直立した、垂直の、直立ピアノ、誠実な<br>【副】真っ直ぐに、直立して<br>【名】直立、直立材,まっすぐ「縦に立った、直立した」状態のほか、人格や道徳が「きわめて誠実で正しい（実直な）」様子も表します。,,
1838,ease,/iːz/,名詞、動詞,【名】容易さ、安楽、気楽さ<br>【動】和らげる、緩める、容易にする,with ease で「容易に、難なく」という重要な熟語になります。また、動詞としての痛みや緊張を「和らげる」も頻出です。,,
1839,rust,/rʌst/,名詞、動詞,【名】錆（さび）、不活発<br>【動】錆びる、錆びさせる,鉄などの金属に生じる「サビ」を意味します。長期間能力を使わず「なまる、錆びる」の比喩的動詞でも使われます。,,
1840,stain,/steɪn/,名詞、動詞,【名】シミ、汚れ、不名誉<br>【動】シミをつける、汚す、着色する,コーヒーや油などが衣類に付いて残る「（落ちにくい）シミ、汚れ」を指します。木材に塗る着色剤（ステイン）の由来です。,,
1841,rag,/ræɡ/,名詞、動詞,【名】ボロ切れ、雑巾、ぼろ服、三流紙<br>【動】からかう,古くなって擦り切れた「布切れ（雑巾、ウエス）」や、みすぼらしい「ぼろ服」を指します。,,
1842,texture,/ˈtekstʃər/,名詞、動詞,【名】質感、肌触り、織り、食感<br>【動】ざらざらした質感にする,布の「手触り」や、建物の表面の「質感」のほか、食べ物を口に入れたときの「食感、歯ごたえ（肉や野菜の食感など）」も指します。,,
1843,preliminary,/prɪˈlɪmɪneri/,形容詞、名詞,【形】予備の、事前の、準備段階の<br>【名】予備交渉、予選,本番に先立って行われる、準備・導入としての「事前の、準備の（preliminary survey：事前調査、予備調査）」を指します。,,
1844,mandatory,/ˈmændətɔːri/,形容詞、名詞,【形】義務的な、強制的な、必須の<br>【名】受託者,法律や公的ルールによって「必ずやらなければならない」義務を指します。compulsory と同様に「必修の」を意味します。,,
1845,indigenous,/ɪnˈdɪdʒənəs/,形容詞,原産の、土着の、先住の,外部から持ち込まれたものではなく、ある土地に古くから「本来から自生・生息している（土着の、先住の）」ことを指します（indigenous people：先住民族）。,,
1846,respective,/rɪˈspektɪv/,形容詞,それぞれの、各々の,複数が個別に関わっている状況で「それぞれの、各々の」と限定します。副詞形 respectively（それぞれ、各々）も頻出です。,,
1847,multiply,/ˈmʌltɪplaɪ/,動詞,掛ける、増やす、繁殖する,数学の「掛け算をする（multiply A by B）」のほか、数量や人口、動植物などが「急速に増える、増殖する」ことを言います。,,
1848,soar,/sɔːr/,動詞,急上昇する、舞い上がる,鳥や飛行機が空高く「舞い上がる」ほか、物価、気温、株価などが「一気に急上昇する、跳ね上がる」ことを表します。,,
1849,diminish,/dɪˈmɪnɪʃ/,動詞,減少する、減少させる、衰えさせる,価値、影響力、数量などが「（目に見えて徐々に）小さくなる、減少する（させる）」ことを意味します（decrease に近いです）。,,
1850,accumulate,/əˈkjuːmjəleɪt/,動詞,蓄積する、ためる、積もる,時間をかけてお金、知識、ゴミ、雪などが「（徐々に、たくさん）積もる、蓄積する（させる）」ことを言います。,,
1851,exceed,/ɪkˈsiːd/,動詞,超える、上回る、突破する,予算、制限速度、限界などの決まった基準を「超える、上回る」ことを表します（exceed the speed limit：速度制限を超える）。,,
1852,abundant,/əˈbʌndənt/,形容詞,豊富な、あり余るほどの,資源や食物、チャンスなどが十分すぎるほどに「豊富に存在する」状態を指します（be abundant in A：Aが豊富である）。,,
1853,ample,/ˈæmpl/,形容詞,十分な、たっぷりとある、広い,必要十分以上の余裕がある「たっぷりとした（ample time：たっぷりの時間）」様子を指します。,,
1854,gross,/ɡroʊs/,形容詞、名詞、動詞,【形】総計の、全体の、ひどく失礼な<br>【名】グロス（144個）、総収入<br>【動】総利益を上げる,ネット（net：純計）の対義語で、経費などを差し引く前の「総計の（gross income：総所得、GDP：国内総生産のG）」のほか、口語で「気持ち悪い（gross）」の意に。,,
1855,infinite,/ˈɪnfɪnət/,形容詞、名詞,【形】無限の、無数の<br>【名】無限、無限のもの,限界や終わりが全くない「無限の（finite 有限の対義語）」を意味します。発音は「インフィニット」なので注意。,,
1856,sole,/soʊl/,形容詞、名詞、動詞,【形】唯一の、ただ一人の、単独の<br>【名】足の裏、靴底、舌平目（魚）<br>【動】靴底を張る,複数ではなく「ただ一つ・一人だけの、単独の（sole survivor：唯一の生存者）」を意味します。靴底や足の裏の「ソール」もこれです。,,
1857,heap,/hiːp/,名詞、動詞,【名】山、堆積、たくさん<br>【動】積み上げる、山にする,物が乱雑にうずたかく積まれた「山、山盛り」を指します。口語で a heap of / heaps of 〜 で「たくさんの〜」の意にも。,,
1858,fraction,/ˈfrækʃn/,名詞,わずか、一部分、分数,全体のうちの「ほんのわずかな一部分（a fraction of a second：一瞬）」という意味のほか、数学の「分数」を意味します。,,
1859,simultaneous,/ˌsaɪmlˈteɪniəs/,形容詞,同時の、同時に起こる,複数の事象が「きっかり同時に起こる」ことを指します。simultaneous translation で「同時通訳」となります。,,
1860,medieval,/ˌmediˈiːvl/,形容詞、名詞,【形】中世の、中世風の<br>【名】中世の人,ヨーロッパ史などにおける5世紀から15世紀頃の「中世の（medieval times：中世）」を指します。,,
1861,dawn,/dɔːn/,名詞、動詞,【名】夜明け、日の出、始まり<br>【動】夜が明ける、分かり始める,空が明るくなる「夜明け」のほか、It dawned on me that 〜 で「〜ということがふと私の心（頭）に分かり始める・浮かぶ」の重要イディオムに。,,
1862,span,/spæn/,名詞、動詞,【名】（時間の）長さ、期間、スパン、幅<br>【動】（期間・範囲に）わたる,life span（寿命）や attention span（注意力・集中力の持続時間）など、ある一定の「時間の長さ、持続期間」を指します。,,
1863,adolescent,/ˌædəˈlesnt/,名詞、形容詞,【名】思春期の若者（10代）<br>【形】思春期の、若々しい,子どもから大人に移行する思春期（主に12〜18歳頃）の若者を指します。名詞形は adolescence（思春期）。,,
1864,millennium,/mɪˈleniəm/,名詞,1000年間、ミレニアム,1000年という単位の「期間」を意味します。複数形は millennia /mɪˈleniə/ です。,,
1865,expire,/ɪkˈspaɪər/,動詞,期限が切れる、満了する、息を引き取る,チケット、パスポート、契約、カードの有効期限が「切れる」ことを指します。名詞形は expiration。,,
1866,postpone,/poʊstˈpoʊn/,動詞,延期する、後回しにする,会議や予定などを、後の日に「延期する（put off と同様）」ことを意味します（対義語は前倒しにする advance）。,,
1867,periodically,/ˌpɪəriˈɒdɪkli/,副詞,定期的に、周期的に,一定の期間をおいて、繰り返し「定期的に」物事が行われる様子を言います。形容詞形は periodic。,,
1868,array,/əˈreɪ/,名詞、動詞,【名】ずらりと並んだもの、整列、アレイ<br>【動】配置する、装う,an array of 〜 または a wide array of 〜 で「ずらりと並んだ〜、数多くの様々な〜」という意味の重要表現になります。,,
1869,realm,/relm/,名詞,領域、分野、王国,学問、芸術、研究などの「分野、領域（realm of science）」、またはファンタジーなどの「王国・領土」を指します。,,
1870,domain,/doʊˈmeɪn/,名詞,領地、領有権、分野、ドメイン（ネット）,特定の知識、活動の「専門分野、領域」や、土地の「領地」、インターネットの「ドメイン名」を意味します。,,
1871,boundary,/ˈbaʊndəri/,名詞,境界、境界線、限界,国、土地、あるいは人間関係における守るべき「境界、境界線」を意味します（set boundaries：境界線を引く）。,,
1872,spectrum,/ˈspektrəm/,名詞,スペクトル、範囲、変動範囲,光の虹色のグラデーション（スペクトル）から転じて、意見、病気、性質などの「幅広い範囲・連続体」を指します（a broad spectrum of 〜）。,,
1873,equip,/ɪˈkwɪp/,動詞,備え付ける、身につけさせる,ある目的（旅行や作業など）のために必要な道具、機材を「備え付ける」こと。be equipped with 〜（〜を備えている）。,,
1874,transmit,/trænzˈmɪt/,動詞,送信する、伝える、伝染させる,信号、データ、電気を「送信・転送する」こと、または病気を他人に「感染（伝染）させる」ことを意味します。,,
1875,endow,/ɪnˈdaʊ/,動詞,寄付する、（才能などを）授ける,be endowed with 〜 の形で「（生まれつき才能や魅力、豊かな自然などが）恵まれている、授けられている」という重要表現になります。,,
1876,inherit,/ɪnˈherɪt/,動詞,相続する、受け継ぐ、遺伝する,親から財産、家などを「相続する（受け継ぐ）」ことのほか、髪の色などの遺伝的特徴、伝統を受け継ぐことも意味します。,,
1877,retrieve,/rɪˈtriːv/,動詞、名詞,【動】回収する、取り戻す、データを検索・復元する<br>【名】回収,紛失した物、あるいはパソコンのデータベースから特定のデータを「検索して取り出す、復元する（取り戻す）」ことを言います。,,
1878,displace,/dɪsˈpleɪs/,動詞,置き換える、退去させる、故郷から追い出す,元あったものを別のものに「置き換える（取って代わる）」ことや、戦争や災害が人々を「住処から追い出す（避難民にする）」ことを指します。,,
1879,bond,/bɒnd/,名詞、動詞,【名】絆、債債、結合、接着剤<br>【動】絆を深める、結合する,親子や友人、チーム間の固い「絆（きずな）」を意味するほか、経済での国債・社債などの「債券」、また固く「結合（接着）する」ことも。,,
1880,hospitality,/ˌhɒspɪˈtæləti/,名詞,もてなし、歓待、親切,ゲストや顧客を心から温かく歓迎して「もてなす」こと。ホテル、観光、外食などのサービス産業は hospitality industry と呼ばれます。,,
1881,certificate,/sərˈtɪfɪkət/ (名)<br>/sərˈtɪfɪkeɪt/ (動),名詞、動詞,【名】証明書、免許状、修了証<br>【動】証明する、免許を出す,出生証明書（birth certificate）や修了証など、ある事実や資格を公的に証明する「証明書、ライセンス」です。,,
1882,brochure,/ˈbroʊʃər/,名詞,パンフレット、小冊子,旅行代理店や大学、製品案内などで使われる、情報がまとめられた綺麗な「パンフレット、案内小冊子（pamphletとほぼ同義）」です。,,
1883,outlet,/ˈaʊtlet/,名詞、動詞,【名】（コンセントの）差込口、直販店、はけ口<br>【動】（感情などを）放出する,壁にある「電気コンセント（AC outlet）」のほか、ブランドの「アウトレット店」、感情の「はけ口（outlet for stress）」も指します。,,
1884,accommodation,/əˌkɒməˈdeɪʃn/,名詞,宿泊施設、適応、和解,複数形 accommodations で、ホテルや民泊などの「宿泊施設、宿泊設備」を指します。,,
1885,haven,/ˈheɪvn/,名詞、動詞,【名】避難所、安息の地、港<br>【動】避難させる,危険や嵐、ストレスから身を守ることができる、安全で静かな「避難所、安息の地（天国 heaven とはスペルが異なります）」を指します。,,
1886,venue,/ˈvenjuː/,名詞,開催地、会場、場所,コンサート、スポーツの試合、結婚式、あるいは国際会議などが執り行われる「イベント会場、開催場所」を意味します。,,
1887,intersection,/ˌɪntərˈsekʃn/,名詞,交差点、交わり,2つの道路が交差する「交差点」を指します。十字路、T字路など。,,
1888,pavement,/ˈpeɪvmənt/,名詞,舗装、舗装道路、歩道（英）,道路のコンクリートなどの「舗装、舗装道路」を指します。イギリス英語では車道（road）に対する「歩道（sidewalk）」を指します。,,
1889,pedestrian,/pəˈdestriən/,名詞、形容詞,【名】歩行者<br>【形】歩行者の、退屈な,車などの乗り物に対する「歩行者（道路を歩く人）」を指します（pedestrian crossing：横断歩道）。,,
1890,excursion,/ɪkˈskɜːrʒn/,名詞,（団体での）小旅行、遠足、脱線,日帰りのレクリエーションや、修学旅行などの楽しい「小旅行、遠足」を意味します。,,
1891,shipping,/ˈʃɪpɪŋ/,名詞、形容詞,【名】発送、輸送、配送、船舶、出荷<br>【形】発送の,荷物や商品を目的地へ配送する「出荷、配送、輸送（無料配送：free shipping）」を指します。,,
1892,thread,/θred/,名詞、動詞,【名】糸、脈絡、スレッド（ネット）<br>【動】（針に）糸を通す,裁縫用の「糸」のほか、話の「脈絡・筋道（thread of the story）」、または掲示板やSNSなどの「関連する投稿（スレッド）」を意味します。,,
1893,ornament,/ˈɔːrnəmənt/,名詞、動詞,【名】装飾品、飾り、オーナメント<br>【動】装飾する、飾る,クリスマスツリーの「飾り（オーナメント）」や、部屋や庭、洋服を飾るための「装飾品（デコレーション）」を指します。,,
1894,cosmetic,/kɒzˈmetɪk/,名詞、形容詞,【名】（複数形で）化粧品、コスメ<br>【形】化粧の、美容の、表面的な,複数形 cosmetics で「基礎化粧品、コスメ、メイク用品」を意味するほか、形容詞として「表面的な（cosmetic changes：見かけだけの変更）」の意も。,,
1895,chamber,/ˈtʃeɪmbər/,名詞、動詞,【名】部屋、会議場、議院、チェンバー<br>【動】部屋に閉じ込める,裁判所の「判事室」や「会議場、議院（the Upper/Lower Chamber：上院・下院）」を指す少し古い硬い言葉です（Chamber of Commerce：商工会議所）。,,
1896,commodity,/kəˈmɒdəti/,名詞,商品、日用品、コモディティ,小麦や金、石油などの市場で取引される「一次産品（コモディティ）」や、広く生活に欠かせない便利な「日用品、商品」を意味します。,,
1897,dwell,/dwel/,動詞,住む、居住する、長々と考える・こだわる,live の古い硬い表現で「住む」のほか、dwell on A で「A（悩みや過去の失敗など）を長々と考える、くよくよこだわる」という重要表現に。,,
1898,acoustic,/əˈkuːstɪk/,形容詞、名詞,【形】音響の、アコースティック（電気を使わない）の<br>【名】（acousticsで）音響効果,電気的に音を増幅しないアコースティックギターなどのほか、劇場の「音響設備、音響効果（acoustics）」を指します。,,
1899,recipe,/ˈresəpi/,名詞,レシピ、調理法、秘訣,料理の作り方を書いた「レシピ」のほか、a recipe for disaster で「大失敗（大惨事）を招く原因、引き金」という比喩表現も重要です。,,
1900,intake,/ˈɪnteɪk/,名詞、動詞,【名】摂取量、取り入れ口、新規登録者数<br>【動】取り入れる,食物、塩分、水、カロリーなどの体への「摂取量（daily calorie intake：1日のカロリー摂取量）」を指します。,,
1901,precede,/prɪˈsiːd/,動詞,（時間・順序が）〜に先行する、〜に先立つ,あることが別のことよりも時間的、または順番として「先に来る（先立つ）」ことを表します（名詞形は precedence）。,,
1902,phase,/feɪz/,名詞、動詞,【名】段階、局面、フェーズ、相（月などの）<br>【動】段階的に計画する,プロジェクトや計画が進むなかでの「特定の段階、局面（フェーズ）」を指します。phase in / phase out で「段階的に導入する／廃止する」。,,
1903,priority,/praɪˈɒrəti/,名詞,優先事項、優先順位、優先権,第一に処理すべき「最優先される事柄」を意味します。give high priority to A（Aを最優先する）。,,
1904,premise,/ˈpremɪs/,名詞、動詞,【名】前提、仮定、（premisesで）建物・敷地内<br>【動】前提とする,議論の基礎となる「前提、仮定」のほか、複数形 the premises で企業や店舗の「敷地、社内、店舗内（on the premises：敷地内で）」を表します。,,
1905,tomb,/tuːm/,名詞、動詞,【名】墓、墓穴、墓石<br>【動】葬る,"故人を埋葬する、記念碑を伴うような「立派なお墓、墓陵」を指します。発音は「トゥーム」です（""b"" はサイレント）。",,
1906,legend,/ˈledʒənd/,名詞、形容詞,【名】伝説、言い伝え、レジェンド（伝説的人物）、凡例<br>【形】伝説の,昔からの「伝説」のほか、生存している歴史的偉人を「あの人は生きるレジェンド（伝説）だ」のように賞賛する際にも使われます。,,
1907,masterpiece,/ˈmæstərpiːs/,名詞,傑作、名作、代表作,芸術家が作ったもっとも素晴らしい作品、生涯の「最高傑作（マスターピース）」を意味します。,,
1908,ritual,/ˈrɪtʃuəl/,名詞、形容詞,【名】宗教的儀式、いつもの習慣<br>【形】儀式の、習慣的な,伝統的、宗教的な「儀式（セレモニー）」のほか、日常の決まりきった「習慣・ルーティン（morning ritual：朝のルーティン）」も指します。,,
1909,worship,/ˈwɜːrʃɪp/,名詞、動詞,【名】崇拝、礼拝、崇敬<br>【動】崇拝する、礼拝する,神仏を拝む「崇拝、礼拝」のほか、特定のスターや人物を熱狂的に「信奉する、崇拝する」ことを意味します。,,
1910,doctrine,/ˈdɒktrɪn/,名詞,教義、学説、政治的教条（ドクトリン）,宗教における「教義、教え」や、政治・外交における基本方針（Monroe Doctrine：モンロー主義（ドクトリン）など）を指します。,,
1911,legacy,/ˈleɡəsi/,名詞,遺産、受け継いだもの、遺物,先人から受け継いだ財産や文化、または過去の出来事が残した「（形のない）影響、遺産」を指します（例：legacy of the Olympic Games）。,,
1912,sin,/sɪn/,名詞、動詞,【名】（宗教・道徳上の）罪、罪悪<br>【動】罪を犯す,法律上の具体的な犯罪（crime）とは異なり、宗教、道徳、神の掟に背く「罪、大罪」を意味します。,,
1913,swear,/sweər/,動詞、名詞,【動】誓う、ののしる、悪態をつく<br>【名】誓い、罵り言葉,法廷などで嘘をつかないと「固く誓う（swear on the Bible）」こと。または、罵り言葉（swear words：汚い言葉）を吐くこと。,,
1914,confess,/kənˈfes/,動詞,白状する、白状させる、懺悔する、告白する,隠していたミスや罪、本心をしぶしぶ「自白する、告白する」ことです。名詞形は confession。,,
1915,carve,/kɑːrv/,動詞、名詞,【動】彫る、刻む、肉を切り分ける<br>【名】彫刻すること,木や石を削って彫刻する「彫る」のほか、焼きあがったターキーやローストビーフを「薄く綺麗に切り分ける」際にも carve を使います。,,
1916,murmur,/ˈmɜːrmər/,名詞、動詞,【名】ささやき、かすかな音、不平<br>【動】ささやく、つぶやく、不平を言う,他人に聞こえないように、口の中で「ぼそぼそとつぶやく、ささやく（whisperに近い）」動作、または心臓の雑音（heart murmur）などを指します。,,
1917,verbal,/ˈvɜːrbl/,形容詞、名詞,【形】言葉の、口頭の、言語の、動詞の<br>【名】動詞名詞,文字や文章ではなく、口から発せられる言葉による「口頭の（verbal agreement：口頭での合意）」を指します（対義語は非言語の non-verbal）。,,
1918,oral,/ˈɔːrəl/,形容詞、名詞,【形】口頭の、口の、経口の<br>【名】口頭試問,口に関わる表現。oral communication（口頭のコミュニケーション）や、薬を口から飲む「経口摂取（oral medicine）」、口頭試験を指します。,,
1919,eloquent,/ˈeləkwənt/,形容詞,雄弁な、説得力のある、表現豊かな,人を感動・説得させる話し方が「きわめて雄弁で素晴らしい」様子を表します。名詞形は eloquence。,,
1920,linguistic,/lɪŋˈɡwɪstɪk/,形容詞、名詞,【形】言語学の、言葉の<br>【名】（linguisticsで）言語学,"言語そのものや言語の仕組みに関する表現。学問としての「言語学」は linguistics と末尾に ""s"" を伴います。",,
1921,metaphor,/ˈmetəfər/,名詞,比喩、暗喩、メタファー,like や as を使わない、それとなく例える表現法「暗喩（メタファー）」を指します。対義語は明喩（simile）。,,
1922,prose,/proʊz/,名詞、動詞、形容詞,【名】散文、普通の文章<br>【動】散文で書く<br>【形】散文の,韻律や音数にとらわれない、小説や記事などの「普通の文章、散文（詩 poetry に対する）」を指します。,,
1923,narrative,/ˈnærətɪv/,名詞、形容詞,【名】物語、語り、話、ナラティブ<br>【形】物語の,ストーリー展開を持った「物語、語り（ナラティブ）」を指し、近年はビジネスや心理学でもよく使われます。,,
1924,plot,/plɒt/,名詞、動詞,【名】（小説などの）筋、プロット、陰謀、小さな土地<br>【動】企む、図に描く,小説や映画などのストーリーの「あらすじ、筋（プロット）」のほか、秘密裏に練られる「陰謀」、区画された「小さな土地」を指します。,,
1925,draft,/dræft/,名詞、動詞、形容詞,【名】草稿、下書き、隙間風、徴兵<br>【動】下書きを書く、徴兵する<br>【形】下書きの、生（ビールの）,rough draft（粗い下書き、下書きの第一段階）の形で非常によく使われます。,,
1926,manuscript,/ˈmænjuskrɪpt/,名詞,原稿、写本,出版・印刷される前の、手書きやタイピングされた書籍や論文の「原稿」を指します。,,
1927,paradox,/ˈpærədɒks/,名詞,逆説、パラドックス、矛盾していること,一見矛盾しているように見えて、実は真理を突いている事象や説（逆説）を指します。,,
1928,slang,/slæŋ/,名詞,俗語、スラング,特定の仲間内や日常のカジュアルな会話で非公式に使われる、くだけた言葉を指します。,,
1929,riddle,/ˈrɪdl/,名詞、動詞,【名】なぞなぞ、謎<br>【動】なぞをかける、穴だらけにする,知的な言葉遊びの「なぞなぞ」のほか、解明されていない未解決の「謎」を指します。,,
1930,exhibit,/ɪɡˈzɪbɪt/,動詞、名詞,【動】展示する、示す、表現する<br>【名】展示品、展示、展覧会,美術館などに作品を「展示する」こと。名詞形は exhibition（展示会、エキシビション）です。,,
1931,portray,/pɔːrˈtreɪ/,動詞,描く、描写する、（役を）演じる,小説や絵画などで特定の人物を「描写する」ことや、劇中で役者がキャラクターを「演じる」ことを指します。,,
1932,depict,/dɪˈpɪkt/,動詞,描く、描写する、表現する,言葉、絵画、映像、グラフなどによって、特定の状況や姿を「わかりやすく描写・表現する」ことを指します。,,
1933,landmark,/ˈlændmɑːrk/,名詞、形容詞,【名】目印、歴史的建造物、画期的な出来事<br>【形】歴史的な、画期的な,街の目印となる建造物のほか、歴史の転換点となる「画期的な出来事・裁判の判決（landmark decision）」などの意味でも頻出します。,,
1934,tease,/tiːz/,動詞、名詞,【動】からかう、冷やかす<br>【名】からかう人,親愛やふざけ半分から人を「からかう、冷やかす」こと。悪意に基づく「いじめ（bully）」とは異なります。,,
1935,delight,/dɪˈlaɪt/,名詞、動詞,【名】大喜び、大きな楽しみ<br>【動】大喜びさせる、楽しむ,to one's delight（喜ばしいことに）や、be delighted with 〜（〜に大喜びしている、大変満足している）の形で非常によく登場します。,,
1936,astonish,/əˈsɒnɪʃ/,動詞,驚かせる、びっくりさせる,予想外 of 出来事などで人を「非常に驚かせる（驚嘆させる）」ことです。名詞形は astonishment。,,
1937,dread,/dred/,動詞、名詞、形容詞,【動】ひどく恐れる、心配する<br>【名】恐怖、不安<br>【形】恐ろしい、怖い,未来に起こるであろう嫌な事態（テスト、病気、苦手な予定など）に対して、大きな「恐怖や不安を抱く」ことを表します。,,
1938,attribute,/əˈtrɪbjuːt/ (動)<br>/ˈætrɪbjuːt/ (名),動詞、名詞,【動】〜のせいにする、〜に帰する、〜のおかげとする<br>【名】特質、属性、特性,attribute A to B（A（結果）の原因をBに帰する、AをBのせい・おかげとする）の構文は最重要項目の一つです。,,
1939,console,/kənˈsoʊl/ (動)<br>/ˈkɒnsoʊl/ (名),動詞、名詞,【動】慰める、いたわる、元気づける<br>【名】（機器などの）操作盤、コンソール,悲しんでいる人を「慰める」こと。また、ゲーム機や各種機器の「操作盤・システム制御画面（コンソール）」のことも指します。,,
1940,arouse,/əˈraʊz/,動詞,（感情を）かき立てる、引き起こす、目覚めさせる,人の興味、怒り、疑惑、性的衝動などの感情を「（強く）かき立てる、引き起こす」ことを意味します。,,
1941,distract,/dɪˈstrækt/,動詞,（注意・気を）そらす、散らす、紛らわせる,distract one's attention from A で「注意をAからそらす、邪魔をする」の形でよく使われます。,,
1942,startle,/ˈsɑːrtl/,動詞、名詞,【動】（突然）びっくりさせる、驚かせる<br>【名】驚き、驚愕,突然の音や出来事で、体をビクッと「驚かせる（びっくりさせる）」ことです。,,
1943,thrill,/θrɪl/,名詞、動詞,【名】ゾクゾクする喜び、スリル、興奮<br>【動】ワクワクさせる、ゾクゾクする,スリル満点のアトラクションなどの「興奮・ワクワク感」を指します。be thrilled to do（〜して大いにワクワクしている）。,,
1944,humiliate,/hjuːˈmɪieɪt/,動詞,恥をかかせる、屈辱を与える,人の前で恥ずかしい思いをさせて、プライドを深く傷つける「屈辱を与える」ことです。名詞形は humiliation。,,
1945,adore,/əˈdɔːr/,動詞,深く愛する、憧れる、大好きである,強い愛情や敬意を持って「深く愛する、崇拝する」こと、または日常会話で「〜がめちゃくちゃ好き」と言うときに使います。,,
1946,utter,/ˈʌtər/,形容詞、動詞,【形】まったくの、完全な<br>【動】（声を）発する、口にする,形容詞として「完全な、徹底的な（utter nonsense：まったくのナンセンス）」の意味や、動詞として「声や言葉を発する」があります。,,
1947,exclaim,/ɪkˈskleɪm/,動詞,（驚きなどで）叫ぶ、大声を出す,突然の驚き、怒り、興奮などから大声で「叫ぶ、感嘆の声をあげる」ことです。名詞形は exclamation。,,
1948,shed,/ʃed/,動詞、名詞,【動】（涙・血を）流す、（葉・毛を）落とす<br>【名】小屋、物置,shed tears（涙を流す）、shed light on 〜（〜を明らかにする、光を当てる）の形が非常に重要です。,,
1949,resent,/rɪˈzent/,動詞,憤慨する、腹を立てる,不公平な扱いや理不尽なことに対して、心の中で「ひどく憤慨する、腹を立てる」ことを指します。,,
1950,plead,/pliːd/,動詞,嘆願する、訴える、（裁判で）弁護・主張する,plead for mercy（慈非を乞う）のほか、裁判で guilty / innocent と「主張（抗弁）する」のにも使われます。,,
1951,yearn,/jɜːrn/,動詞,切望する、憧れる、懐かしく思う,遠く離れた場所や、手に入りにくいものを「切望する、強く憧れる（yearn for 〜 / yearn to do）」ことです。,,
1952,long,/lɒŋ/,形容詞、副詞、動詞、名詞,【形】長い【副】長く【動】切望する、切に望む【名】長い間,動詞として long to do / long for 〜 で「切望する、〜したくてたまらない（yearn とほぼ同義）」という意味になります。,,
1953,immerse,/ɪˈmɜːrs/,動詞,浸す、沈める、熱中させる,液体に浸すことのほか、be immersed in 〜 の形で「（勉強、仕事、ゲームなどに）すっかり浸っている、没頭している」という比喩で多用されます。,,
1954,bewilder,/bɪˈwɪldər/,動詞,当惑させる、うろたえさせる、混乱させる,あまりに複雑・突然なことで、人を「当惑させる、途方に暮れさせる」ことです。,,
1955,despise,/dɪˈspaɪz/,動詞,軽蔑する、見下す,他人の行為や態度を、道徳的にひどく低劣だとして「深く軽蔑する、嫌悪する」ことです。,,
1956,willing,/ˈwɪlɪŋ/,形容詞,（〜しても）構わない、自発的な、快く行う,be willing to do（（喜んで、あるいは嫌がらずに）〜するつもりがある、〜するのを厭わない）は最頻出表現です。,,
1957,furious,/ˈfjʊəriəs/,形容詞,激怒した、猛烈な,angry よりも怒りの度合いがはるかに高い「猛烈に怒り狂った（furious with/at 〜）」状態を表します。,,
1958,intimate,/ˈintɪmət/ (形)<br>/ˈɪntɪmeɪt/ (動),形容詞、名詞、動詞,【形】親密な、親しい、私的な<br>【名】親友<br>【動】暗示する、ほのめかす,intimate friend（親友）や intimate relationship（親密な関係）のように、深い絆を指します。,,
1959,aesthetic,/esˈθetɪk/,形容詞、名詞,【形】美的な、審美的な、美術の<br>【名】美意識、美学,美的な美しさや芸術的センスに関連することを表します。,,
1960,conscience,/ˌkɒnʃəns/,名詞,良心、分別,善悪を判断する心の中の「良心」を意味します。conscious（意識している）とスペルが似ているので注意。,,
1961,mercy,/ˈmɜːrsi/,名詞,慈悲、情け、幸運,show mercy to 〜（〜に慈悲を示す、情けをかける）や、At the mercy of 〜 で「〜のなすがままに（翻弄されて）」の表現が重要。,,
1962,compassion,/kəmˈpæʃn/,名詞,同情、思いやり、深い慈悲,苦しんでいる他者を思いやり、助けたいと願う「深い同情、思いやり」を指します。,,
1963,impulse,/ˈɪmpʌls/,名詞、動詞,【名】衝動、推進力、刺激<br>【動】衝動を与える,内面から湧き起こる、抑えきれない「衝動（on impulse：衝動的に、衝動買いするなど）」を意味します。,,
1964,aspiration,/ˌæspəˈreɪʃn/,名詞,熱望、志向、野望,将来こうなりたいという高い目標や「強い抱負、憧れ、志」を指します。,,
1965,grief,/ɡriːf/,名詞,深い悲しみ、悲嘆,親しい人との死別など、耐えがたい喪失による「深い悲哀、心の痛み」を意味します。,,
1966,contempt,/kənˈtempt/,名詞,軽蔑、侮蔑、軽視,価値がないとして見下す「軽蔑（scornと同義）」を指します。have contempt for 〜（〜を軽蔑する）。,,
1967,insult,/ɪnˈsʌlt/ (動)<br>/ˈɪnsʌlt/ (名),動詞、名詞,【動】侮辱する、ひどい目に遭わせる<br>【名】侮辱、無礼な言動,相手の尊厳を著しく傷つける「侮辱（的な言動をする）」ことです。,,
1968,nuisance,/ˈnjuːsns/,名詞,厄介な人（もの）、迷惑行為,周囲に不快感や迷惑をかける存在（迷惑なもの・人）を指します（What a nuisance!：本当に厄介だ！）。,,
1969,surge,/sɜːrdʒ/,名詞、動詞,【名】（感情・水などの）急上昇、急増、うねり<br>【動】波のように押し寄せる、急増する,人口、電気、価格、あるいは感情が「ぐっと急激に増える、押し寄せる」ことを指します。,,
1970,incentive,/ɪnˈsentɪv/,名詞、形容詞,【名】動機、やる気を起こさせるもの、インセンティブ<br>【形】刺激的な,行動を促す「刺激、モチベーション（ご褒美、報酬、インセンティブ）」を意味します。,,
1971,outcome,/ˈaʊtkʌm/,名詞,結果、成果,計画、会議、試合などの最終的な「結果、成果（result とほぼ同義ですが、プロセスを経た結果のニュアンス）」を意味します。,,
1972,factor,/ˈfæktər/,名詞、動詞,【名】要因、要素、因数<br>【動】要因として含める,結果に影響を及ぼす「重要な要因、要素」を指します。factor in 〜 で「〜を考慮に入れる、織り込む」となります。,,
1973,liable,/ˈlaɪəbl/,形容詞,〜しがちな、〜しやすい、法的な責任がある,be liable to do（〜しがちである、〜しやすい）、be liable for 〜（〜に対して（賠償などの）法的責任がある）。,,
1974,thorough,/ˈθɜːroʊ/,形容詞,徹底的な、完全な、几帳面な,細部まで手を抜かずに完全に行う「徹底的な（thorough investigation：徹底的な調査）」を意味します。,,
1975,adequate,/ˈædɪkwət/,形容詞,適切な、十分な、まずまずの,必要条件を満たして「十分に事足りている（適切である）」様子を指します（多すぎず、不足がない状態）。,,
1976,overall,/ˌoʊvərˈɔːl/,形容詞、副詞、名詞,【形】全体の、総合的な<br>【副】概して、全体として<br>【名】作業服,部分的ではなく「全体的な、総合的な（overall performance：総合的なパフォーマンス）」を指します。,,
1977,ultimate,/ˈʌltɪmət/,形容詞、名詞,【形】究極の、最終的な、根本的な<br>【名】究極のもの,最終的な段階（ultimate goal：究極の目標）や、これ以上ない最高峰の様子を指します。,,
1978,genuine,/ˈdʒenjuɪn/,形容詞,本物の、心からの、偽りのない,偽物ではない「本物の」のほか、「心からの（genuine sympathy：心からの同情）」という意味もあります。,,
1979,slight,/slaɪt/,形容詞、動詞、名詞,【形】わずかな、ささいな、細身の<br>【動】軽んじる<br>【名】軽視,数量や程度が「ごくわずかな、ささいな（slight difference：わずかな違い）」様子を表します。,,
1980,radical,/ˈrædɪkl/,形容詞、名詞,【形】根本的な、過激な、急進的な<br>【名】過激派、急進主義者,物事の根幹に関わる「根本的な（radical change：根本的な変化）」という意味と、政治的に「過激な、急進的な」の意味を持ちます。,,
1981,trivial,/ˈtrɪviəl/,形容詞,ささいな、取るに足りない、平凡な,重要性が低く、わざわざ議論する価値もないほど「ささいな（trivial matter：取るに足りない問題）」であることを表します。,,
1982,potent,/ˈpoʊtnt/,形容詞,（薬などが）効能のある、強力な、説得力のある,薬、アルコール、影響力などが「きわめて強い、効果がある」様子を意味します。,,
1983,likewise,/ˈlaɪkwaɪz/,副詞、接続詞,【副】同様に、同じように、さらに,前に述べたことと同様に「同じように」と続ける、少し硬い表現です。,,
1984,virtually,/ˈvɜːrtʃuəli/,副詞,事実上、ほとんど、実質的に,100%ではないが、実質的にはほぼ100%と言ってよい「事実上、ほとんど」を意味します。,,
1985,abruptly,/əˈrʌptli/,副詞,普及している、圧倒する、打ち勝つ、説得する,予告なしに、予期せぬタイミングで「突然、バタッと（abruptly stop：急に止まる）」物事が起こる様子を言います。,,
1986,deliberately,/dɪˈlɪbərətli/,副詞,故意に、わざと、慎重に,偶然ではなく、あらかじめ意図して「わざと（intentionallyと同義）」行うこと。,,
1987,exclusively,/ɪkˈskluːsɪvli/,副詞,独占的に、排他的に、専用で、〜のみ,他を完全に排除して「〜だけに、〜専用に、独占的に」を意味します。,,
1988,hence,/hens/,副詞,したがって、それゆえに、今後,highly formal な表現で、therefore と同様に「それゆえに、したがって」と結果を導きます。,,
1989,namely,/ˈneɪmli/,副詞,すなわち、つまり、具体的に言うと,that is to say と同様に、前に述べた名詞を具体的に「すなわち、具体的には〜」と列挙・補足する際に使われます。,,
1990,allegedly,/əˈledʒɪdli/,副詞,伝えられるところによれば、申し立てによると,確実な証拠はまだないが「（世間や警察などから）〜と言われている、〜とされている（特に容疑や不正に対してよく使われる）」という意味です。,,
1991,whereas,/ˌweərˈæz/,接続詞、名詞,【接】〜である一方で、〜に反して<br>【名】事実の表明,二つの対照的な事実を対比させ、「その一方で〜」と繋ぐ重要接続詞です。,,
1992,roam,/roʊm/,動詞、名詞,【動】歩き回る、放浪する、歩き回る<br>【名】放浪,目的を定めずに、広い範囲を「ブラブラと歩き回る、放浪する」ことを指します。,,
1993,stroll,/stroʊl/,動詞、名詞,【動】散歩する、ぶらぶら歩く<br>【名】散歩,公園や街をリラックスして「ぶらぶらと散歩する（take a stroll）」ことを言います。,,
1994,circulate,/ˈsɜːrkjəleɪt/,動詞,循環する、循環させる、配布する、噂が広まる,血液や空気が体内・室内を「循環する」ほか、手紙や資料をみんなに「回す（回覧する）」、噂が「広まる」ことを意味します。,,
1995,wane,/weɪn/,動詞、名詞,【動】（月が）欠ける、衰える、弱まる<br>【名】衰え、減少,勢力、人気、光、月などが「徐々に衰退して弱まっていく」様子を表します。,,
1996,deteriorate,/dɪˈtɪəriəreɪt/,動詞,悪化する、低下する、劣化する,体調、状況、治安、関係などが、時間の経過とともに「（じわじわと）さらに悪化する」ことを指す非常に重要度の高い表現です。,,
1997,plunge,/plʌndʒ/,動詞、名詞,【動】（勢いよく）飛び込む、急落する、突っ込む<br>【名】飛び込み、急落,プールに飛び込むほか、気温や売上、株価が「急落する、ガクッと落ちる」ことを指します。,,
1998,backfire,/ˌbækˈfaɪər/,動詞、名詞,【動】裏目に出る、逆効果になる<br>【名】逆火,良かれと思って、あるいは狙って行った計画や戦略が、大失敗して「裏目に出る」ことを意味します。,,
1999,cram,/kræm/,動詞、名詞,【動】詰め込む、詰め込み勉強をする<br>【名】詰め込み,狭い場所に荷物を「ぎゅうぎゅうに詰め込む」こと。また、テスト前に徹夜で知識を「詰め込み勉強する」こと。,,
2000,speculate,/ˈspekjuleɪt/,動詞,推測する、投機する、思索する,確実な証拠がないなかで「（あれこれと）推測する」こと。または、株や不動産で一攫千金を狙って「投機する」ことも指します。,,
2001,evaporate,/ɪˈvæpəreɪt/,動詞,蒸発する、消滅する、水分を失う,水が熱で「蒸発する（気体になる）」物理現象 of ほか、不安やお金がいつの間にか「フッと消えてなくなる」比喩でも使われます。,,
2002,vomit,/ˈvɒmɪt/,動詞、名詞,【動】吐く、戻す<br>【名】嘔吐、嘔吐物,胃の中のものを口から外へ「吐き出す」という、少し医学的な表現です。,,
2003,frown,/fraʊn/,動詞、名詞,【動】眉をひそめる、顔をしかめる<br>【名】しかめ面,怒り、不快、心配、熟考などの際に「（眉間にしわを寄せて）眉をひそめる」表情を指します。,,
2004,hatch,/hætʃ/,動詞、名詞,【動】（卵から）孵化する、企てる<br>【名】ハッチ（昇降口）、孵化,鳥や昆虫の卵からヒナが「孵化する（生まれる）」こと。また、秘密の計画や陰謀を「（企んで）生み出す」意味も。,,
2005,cling,/klɪŋ/,動詞,しがみつく、固執する、くっつく,恐怖などで人に「（ぎゅっと）しがみつく」物理的動作のほか、古い価値観や過去の栄光に「固執する（cling to A）」ことを指します。過去形は clung。,,
2006,adhere,/ədˈhɪər/,動詞,固執する、支持する、粘着する、規則を守る,物がピタッと「くっつく」こと。adhere to A で「A（規則、信念、法律など）を忠実に守る、固守する」という形で非常によく使われます。,,
2007,collaborate,/kəˈlæbəreɪt/,動詞,共同して働く、協力する、コラボする,複数の人や組織が、共通の成果物を生み出すために「共同で作業する、協力する」ことを意味します。,,
2008,lag,/læɡ/,動詞、名詞,【動】遅れる、遅れて進む<br>【名】時間差、ラグ、遅れ,パソコンやネット回線の遅延「ラグ」のほか、他より成長や進捗が「遅れる（lag behind 〜）」という使い方が重要です。,,
2009,cater,/ˈkeɪtər/,動詞,食事を提供する、要求に応じる,イベントなどに仕出し料理を「ケータリング（提供）する」こと。cater to 〜 で「〜（特定の顧客層など）のニーズや要望に応える」という最重要表現になります。,,
2010,flush,/flʌʃ/,"動詞, 名詞, 形容詞",【動】（水を）ドッと流す、顔を赤らめる<br>【名】水洗、赤面<br>【形】同じ高さの,トイレの「水をジャッと流す」ことや、興奮や恥ずかしさで「顔がパッと赤くなる」ことを指します。,,
2011,ascribe,/əˈskraɪb/,動詞,〜のせいにする、〜に帰する,ascribe A to B（Aの原因をBに帰する、AをBのせい・おかげとする。attribute A to B とほぼ同じ）の構文で必須です。,,
2012,endorse,/ɪnˈdɔːrs/,動詞,支持する、承認する、推薦する、（手形などに）裏書する,有名人が新商品を「推薦する（CMなどでお墨付きを与える）」ことや、公約や候補者を公式に「支持・承認する」ことを言います。,,
2013,disclose,/dɪsˈkloʊz/,動詞,公表する、暴露する、開示する,隠されていた情報を公に「開示する」ことです。,,
2014,improvise,/ˈ festival -> /ˈɪmprəvaɪz/,動詞,即興で演奏する、即興でこなす、あり合わせで作る,事前の準備なしに、その場の即興でスピーチやジャズの演奏を「アドリブでこなす」こと、あり合わせのもので「即席で作る」ことを指します。,,
2015,transplant,/trænsˈplænt/,動詞、名詞,【動】移植する、植え替える<br>【名】移植（手術）,植物を「植え替える」ことや、医療における「臓器移植（organ transplant）」を意味します。,,
2016,encompass,/ɪnˈkʌmpəs/,動詞,包含する、取り囲む、包み込む,範囲、テーマ、領域などを広く「含み込む、包括する」ことを意味するフォーマルな語です（include より広範囲に包むニュアンス）。,,
2017,forge,/fɔːrdʒ/,動詞、名詞,【動】偽造する、築く、鍛造する<br>【名】鍛冶場,署名や書類を「偽造する」ことや、他者と強い関係・同盟を「（努力して）築き上げる（forge a relationship）」ことを意味します。,,
2018,entangle,/ɪnˈtæŋɡl/,動詞,もつれさせる、巻き込む,ネットやひもが「もつれて絡まる」こと。または、トラブルや悪い関係に「巻き込まれる（be entangled in 〜）」ことを指します。,,
2019,entail,/ɪnˈteɪl/,動詞、名詞,【動】（必然的に）伴う、必要とする<br>【名】相続権の限定,計画や決定などが、必然的な結果やコスト、努力を「伴う、必要とする」ことを意味します。,,
2020,herald,/ˈherəld/,名詞、動詞,【名】先駆者、使者、兆し<br>【動】先触れする、告げる、もてはやす,新しい時代の「到来を告げる（先触れとなる）」こと、または優れた功績を「大々的に報じる、もてはやす」ことを意味します。,,
2021,surpass,/sərˈpæs/,動詞,超える、勝る、凌駕する,実力、品質、記録などが、他よりはるかに「優れて上回る、凌駕する」ことを意味します。exceed よりも「卓越する」ニュアンスです。,,
2022,transcend,/trænˈsend/,動詞,超越する、超える,国境、文化、時代の壁、あるいは人間の理解の限界などを「（完全に）超越する」ことを指す非常にスケールの大きい言葉です。,,
2023,flatter,/ˈflætər/,動詞、名詞,【動】お世辞を言う、おもねる、実物以上に良く見せる<br>【名】お世辞,相手を喜ばせるために「お世辞を言う、おもねる」こと（I'm flattered.：お世辞でも嬉しいです、光栄です）。,,
2024,enact,/ɪnˈækt/,動詞,（法律を）制定する、成立させる、上演する,議会が新しい法案を可決し、「法律として制定する」ことを指す政治用語です。,,
2025,amend,/əˈmend/,動詞,（憲法や法律を）改正する、修正する,憲法（amendment：憲法修正条項）、法律、規則などの不備を「修正・改正する」ことを言います。,,
2026,kidnap,/ˈkɪdnæp/,動詞、名詞,【動】誘拐する、拉致する<br>【名】誘拐,人（特に子ども）を不法に無理やり連れ去る「誘拐、拉致」を意味します。,,
2027,smuggle,/ˈsmʌɡl/,動詞、名詞,【動】密輸する、こっそり持ち込む<br>【名】密輸,税関を通さずに、あるいは不法に国境を越えて物品や麻薬を「密輸する」こと。,,
2028,convict,/kənˈvɪkt/ (動)<br>/ˈkɒnvɪkt/ (名),動詞、名詞,【動】有罪と宣告する<br>【名】既決囚、囚人,裁判で「有罪の判決を下す」こと。be convicted of 〜 で「〜の罪で有罪とされる」。,,
2029,hinder,/ˈhɪndər/,動詞、形容詞,【動】妨げる、邪魔する、遅らせる<br>【形】後方の,スムーズな成長や進行を「妨げる、邪魔する」ことを指します。名詞形は hindrance。,,
2030,inflict,/ɪnˈfɪkt/,動詞,（苦痛や損害を）与える、科す,相手に苦痛、被害、罰などを「（一方的に、無理やり）負わせる、与える」ことを指します。inflict damage/pain on 〜 の形で多用されます。,,
2031,alleviate,/əˈliːvieɪt/,動詞,（苦痛・問題などを）和らげる、軽減する,痛み、貧困、渋滞などの好ましくない状況を「和らげる、軽減する」という重要動詞です。,,
2032,eradicate,/ɪˈrædɪkeɪt/,動詞,根絶する、撲滅する、一掃する,伝染病、貧困、犯罪などの悪い社会問題を「（根っこから引き抜くように）完全に絶滅・撲滅する」ことを言います。,,
2033,expel,/ɪkˈspel/,動詞,追放する、退学させる、吐き出す,不正を行った生徒を学校から「退学処分にする（be expelled from school）」、または不法移民を国外へ「強制追放する」ことを指します。,,
2034,omit,/oʊˈmɪt/,動詞,省く、省略する、除外する,不要な箇所や項目、文字などを「省く、除外する」ことを意味します。,,
2035,discard,/dɪsˈkɑːrd/,動詞、名詞,【動】捨てる、放棄する、見捨てる<br>【名】破棄、見捨てられたもの,不要なカードやゴミ、古い習慣などを「不要なものとしてポイと捨てる」ことを言います。,,
2036,curb,/kɜːrb/,名詞、動詞,【名】抑制、拘束、歩道の縁石<br>【動】抑制する、制限する,組織的な活動や支出、感情などを「制限・抑制する」こと。,,
2037,restrain,/rɪˈstreɪn/,動詞,抑制する、抑える、制止する,暴力、感情、インフレなどの動きを力ずくで、または理性を働かせて「制止する、抑制する」ことを指します。,,
2038,inhibit,/ɪnˈhɪbɪt/,動詞,抑制する、妨げる、阻害する,化学反応、成長、または行動の自由などを「妨げる、抑え込む」ことを指します。,,
2039,hamper,/ˈhæmpər/,動詞、名詞,【動】妨げる、邪魔する<br>【名】（蓋付きの大きな）バスケット,"悪天候や障害物が, 進行や作業を「妨げる、邪魔する」ことを言います。",,
2040,lure,/lʊər/,名詞、動詞,【名】魅力、誘惑、ルアー<br>【動】誘い込む、誘惑する,獲物や人を、魅力的なエサで「おびき寄せる、誘い込む」こと。,,
2041,reassure,/ˌriːəˈʃʊər/,動詞,安心させる、自信を取り戻させる,不安がっている人を、言葉や態度によって「もう一度安心させる、大丈夫だと言って落ち着かせる」ことです。,,
2042,dictate,/dɪkˈteɪt/,動詞、名詞,【動】口述筆記させる、命令する、決定づける<br>【名】命令、規則,手紙などを書き取らせるほか、強い力やルールが状況を「決定づける、命令する」ことを意味します。,,
2043,provoke,/prəˈvoʊk/,動詞,引き起こす、怒らせる、挑発する,人を「怒らせる（挑発する）」ことや、議論、事件、反応などを「（意図的に）引き起こす、誘発する」ことを意味します。,,
2044,refine,/rɪˈfaɪn/,動詞,洗練する、磨きをかける、精製する,原油や砂糖を「精製する」ことや、計画や技術、システムをさらに「磨きをかけて洗練させる」ことを意味します。,,
2045,enlighten,/ɪnˈlaɪtn/,動詞,啓発する、教え諭す、説明する,知識を授けて、無知や偏見から人を「啓発する、悟らせる」ことを意味します。,,
2046,unleash,/ʌnˈliːʃ/,動詞,（感情や力を）解放する、解き放つ、爆発させる,秘められた能力や、怒りなどの強い力を「一気に解き放つ、爆発させる」ことを指します。,,
2047,prolong,/prəˈlɔːŋ/,動詞,延長する、長引かせる,寿命、会合、楽しい時間などを、時間的に「長引かせる、引き延ばす」ことを意味します。,,
2048,mitigate,/ˈmɪtɪɡeɪt/,動詞,和らげる、軽減する、緩和する,災害の被害、気候変動、リスク、痛みなどの悪い影響を「和らげる、軽くする」という、現代の最重要キーワードです。,,
2049,grind,/ɡraɪnd/,動詞、名詞,【動】（粉に）ひく、すりつぶす、研ぐ、ガリガリ擦る<br>【名】きつい単調な仕事,コーヒー豆を「ひく」ことや、刃物を「研ぐ」こと。,,
2050,withstand,/wɪðˈstænd/,動詞,耐える、持ちこたえる、抵抗する,地震や強いプレッシャー、時間の経過などに「耐える、持ちこたえる」ことを指します（過去形 withstood）。,,
2051,exert,/ɪɡˈzɜːrt/,動詞,（力を）使う、発揮する、行使する,影響力やプレッシャーを「（周囲に）行使する、及ぼす（exert influence on 〜）」こと。,,
2052,summon,/ˈsʌmən/,動詞,召喚する、呼び出す、奮い起こす,裁判所が人を「呼び出す（召喚する）」ほか、勇気を「（心の底から）奮い起こす」際にも使われます。,,
2053,thrust,/θrʌst/,動詞、名詞,【動】強く押す、突き刺す、押しつける<br>【名】突き、推進力、要旨,手やナイフを前方に「グイッと突き出す（突き刺す）」こと。,,
2054,pierce,/pɪərs/,動詞,突き通す、穴を開ける、見抜く,耳に「ピアス穴を開ける」ことや、寒さや悲鳴が「（身を）突き刺す」ことを指します。,,
2055,harness,/ˈhɑːrnɪs/,名詞、動詞,【名】（馬などの）馬具、ハーネス<br>【動】（自然の力などを）利用する、役立てる,動詞としての「風力、水力、太陽光などの自然の力を（動力やエネルギーとして）制御し、役立たせる」という意味が頻出します。,,
2056,excavate,/ˈekskəveɪt/,動詞,発掘する、掘り起こす、穴を掘る,考古学などの文脈で、遺跡、埋蔵物、化石などを「掘り起こす、発掘する」ことを言います。名詞形は excavation。,,
2057,evade,/ɪˈveɪd/,動詞,回避する、避ける、逃れる,税金（tax evasion：脱税）や、不都合な質問、追っ手などを「巧妙に逃れる、回避する」ことを意味します。,,
2058,embody,/ɪmˈbɒdi/,動詞,具現化する、具体的に表現する、包含する,抽象的な理念、精神、アイデアなどを、具体的な行動や形で「具現化する、代表する」ことを表します。,,
2059,assimilate,/əˈsɪməleɪt/,動詞,吸収する、同化する、同化させる,知識を自分のものとして「消化吸収する」ことのほか、移民などのグループが現地の社会・文化に「溶け込む、同化する」際にも使われます。,,
2060,discern,/dɪˈsɜːrn/,動詞,見分ける、識別する、認識する,わずかな違いや、ぼんやりしたものの正体を「見分ける、識別する、認識する」ことです。形容詞形は discernible（識別できる）。,,
2061,scrutinize,/ˈskruːtənaɪz/,動詞,詳細に調査する、注意深く観察する、精査する,書類、データ、証拠、状況などを、落ち度がないか隅々まで「注意深く調べる、精査する」ことを意味します。名詞形は scrutiny。,,
2062,streamline,/ˈstriːmlaɪn/,動詞、名詞,【動】合理化する、簡素化する<br>【名】流線、流線型,手続き、生産工程、組織構造などの無駄を省いて「効率化・合理化する」ことを指します。ビジネスで非常に多用される動詞です。,,
2063,mentor,/ˈmentɔːr/,名詞、動詞,【名】良き指導者、恩師、メンター<br>【動】（後輩などを）指導する,職場や学校で、経験の浅い人を親身になって指導・アドバイスする「指導者」を意味します。,,
2064,contemplate,/ˈkɒntəmpleɪt/,動詞,熟考する、じっくり見つめる、想定する,contemplate doing の形で「（〜しようかと）じっくり考える、想定する」という他動詞用法がよく知られています。,,
2065,conjecture,/kənˈdʒektʃər/,名詞、動詞,【名】推測、憶測<br>【動】推測する,十分な根拠や情報がない中で、あれこれと仮定する「推測、憶測」を意味します。guess のきわめてフォーマルな語です。,,
2066,presume,/prɪˈzuːm/,動詞,推定する、前提とする、あえて〜する,状況証拠などから見て「（おそらく〜だろうと）見なす、推定する」こと。例：Presumed dead（死亡と推定される）。,,
2067,gauge,/ɡeɪdʒ/,名詞、動詞,【名】計器、規格、ゲージ<br>【動】測定する、推し量る、評価する,圧力計などの計器のほか、他人の感情や世論の動向を「推し量る、判断する」という意味でもよく使われます。,,
2068,verify,/ˈverɪfaɪ/,動詞,実証する、確かめる、照合する,証拠やデータを照らし合わせて、情報が本当に「正しいことを証明する、検証する」ことです。名詞形は verification。,,
2069,pledge,/pledʒ/,名詞、動詞,【名】固い約束、誓約、担保<br>【動】誓う、約束する,公に、あるいは強い意志を持って何かを「誓う、約束する（make a pledge）」ことです。,,
2070,dismay,/dɪsˈmeɪ/,名詞、動詞,【名】うろたえ、失望、落胆<br>【動】うろたえさせる、失望させる,予期せぬ悪い出来事に「がっかりとうろたえる、落胆する（be dismayed at 〜）」様子を表します。,,
2071,lament,/ləˈment/,名詞、動詞,【名】嘆き、哀歌<br>【動】深く嘆く、悲しむ、悔やむ,人の死や不幸な出来事、過去の過ちを「（声を上げて）深く悲しむ、嘆く」ことを意味する格式張った表現です。,,
2072,perplex,/pərˈpleks/,動詞,困惑させる、当惑させる、複雑にする,難解な問題や予想外の行動が、人を「（頭を悩ませて）困惑させる」ことを指します。,,
2073,disgust,/dɪsˈɡʌst/,名詞、動詞,【名】嫌悪、不快感<br>【動】嫌悪感を抱かせる,汚いものや不正な行為に対して、吐き気を催すような「強い嫌悪感・不快感（be disgusted with 〜）」を表します。,,
2074,evoke,/ɪˈvoʊk/,動詞,（記憶や感情などを）呼び起こす、喚起する,過去の記憶、感情、または笑いを「（心の奥から）呼び起こす、引き出す」ことを言います（evoke memories：記憶を呼び起こす）。,,
2075,harbor,/ˈhɑːrbər/,名詞、動詞,【名】港、避難所<br>【動】（心に）抱く、かくまう、潜伏する,船が停泊する「港」のほか、不満や悪意などの負の感情を「（心の中に密かに）抱き続ける」、または犯人を「かくまう」ことを意味します。,,
2076,friction,/ˈfrɪkʃn/,名詞,摩擦、不和、あつれき,物理的な「摩擦（摩擦力）」のほか、人間関係や組織間の対立による「不和、あつれき（political friction：政治的摩擦）」を指します。,,
2077,mutation,/mjuːˈteɪʃn/,名詞,突然変異、変化、ミュート,遺伝子やウイルスなどが変化する「突然変異（ミューテーション）」を指します。,,
2078,heredity,/həˈredəti/,名詞,遺伝、世襲,親から子へ身体的・精神的な特徴が伝わる「遺伝（現象）」を指します（環境要因 nurture の対義語）。,,
2079,synthesis,/ˈsɪnθəsɪs/,名詞,統合、総合、合成,バラバラの要素を一つにまとめる「統合・総合」のほか、化学物質の「（人工的な）合成」を意味します。複数形は syntheses。,,
2080,veterinarian,/ˌvetərɪˈneriən/,名詞,獣医、獣医師,動物の医師である「獣医師」のことです。日常会話では短縮形の vet /vet/ がよく使われます。,,
2081,epidemic,/ˌepɪˈdemɪk/,名詞、形容詞,【名】（感染症などの）流行、蔓延<br>【形】流行性の,感染症などが、特定の地域で「一過性に大流行する」ことを意味します（世界的な大流行は pandemic です）。,,
2082,obesity,/oʊˈbiːsəti/,名詞,肥満、過体重,単に太り気味というより、医学的に健康被害の恐れがあるレベルの「肥満」を指します。形容詞形は obese /oʊˈbiːs/。,,
2083,neuron,/ˈnʊərɒn/,名詞,ニューロン、神経細胞,脳や神経系を構成し、情報をパルス信号で伝達する「神経細胞」を指す医学・生物学用語です。,,
2084,dementia,/dɪˈmenʃə/,名詞,認知症,記憶力や判断力などの認知能力が著しく低下する、医学的な脳の病気「認知症」を意味します。,,
2085,diabetes,/ˌdaɪəˈbiːtiːz/,名詞,糖尿病,インスリンの働きが悪くなり、血液中の糖分が高くなる慢性の病気「糖尿病」を指します。,,
2086,placebo,/pləˈsiːboʊ/,名詞,偽薬（ぎやく）、プラセボ,薬効成分の入っていない、患者の心理効果を狙う（または治験の対照群に用いる）「偽薬（プラセボ）」を指します。,,
2087,malnutrition,/ˌmælnuˈtrɪʃn/,名詞,栄養失調、栄養不足,食料が不足したり、栄養バランスが極めて偏ったことで生じる「栄養失調」の状態を指します。,,
2088,dehydration,/ˌdiːhaɪˈdreɪʃn/,名詞,脱水症状、脱水、乾燥,体から水分が著しく失われて生じる「脱水症状」を指します。動詞形は dehydrate（脱水させる）。,,
2089,abortion,/əˈbɔːrʃn/,名詞,妊娠中絶、中絶、計画の中止,胎児を人工的に中絶する「妊娠中絶」のほか、プロジェクトなどが「途中で中止になる」ことも意味します。,,
2090,antibiotic,/ˌæntibaɪˈɒtɪk/,名詞、形容詞,【名】抗生物質、抗生剤<br>【形】抗生物質の,体内の細菌を殺すための医療薬「抗生物質」を指します（通常は複数形 antibiotics で使われます）。,,
2091,psychiatry,/saɪˈkaɪətri/,名詞,精神医学、精神科,心の病気や精神疾患を研究・治療する医学の分野「精神医学（精神科）」です。医師は psychiatrist（精神科医）。,,
2092,cardiologist,/ˌkɑːrdiˈɒlədʒɪst/,名詞,心臓専門医、循環器内科医,心臓や血管の病気を専門に診る「循環器内科医、心臓病専門医」のことです（心臓外科医は心臓外科医：cardiac surgeon）。,,
2093,kidney,/ˈkɪdni/,名詞,腎臓（じんぞう）,血液をろ過して尿を作り出す、体内の一対の臓器「腎臓」のこと。kidney stone で「腎結石」となります。,,
2094,posture,/ˈpɒstʃər/,名詞、動詞,【名】姿勢、心構え、ポーズ<br>【動】ポーズをとる,体をまっすぐ保つ「（立ったり座ったりするときの）姿勢」のほか、社会的な「態度・心構え」も指します。,,
2095,metabolism,/məˈtæbəlɪzəm/,名詞,代謝、新陳代謝,体内で物質をエネルギーや細胞に変換する生物学的化学反応「代謝、新陳代謝」です。形容詞形は metabolic。,,
2096,famine,/ˈfæmɪn/,名詞,飢饉（ききん）、深刻な食料不足,天候不順や戦争などで、ある地域全体に起こる「極端な大飢饉、飢え、食料不足」を指します。,,
2097,riot,/ˈraɪət/,名詞、動詞,【名】暴動、騒乱、大混乱<br>【動】暴動を起こす,大勢の人々が街頭などで暴力を伴う抗議活動などをする「暴動」のことです（food riot：食料暴動）。,,
2098,asylum,/əˈsaɪləm/,名詞,避難、亡命、保護、避難所、アジール,政治的な迫害から逃れた人を国が保護する「（政治的）亡命、保護（seek political asylum：政治的亡命を求める）」を表します。,,
2099,workforce,/ˈwɜːrkfɔːrs/,名詞,労働力、全従業員、労働人口,企業や社会において、実際に働く「労働力（全労働者、従業員全体）」を指します。,,
2100,prefecture,/ˈpriːfektʃər/,名詞,都道府県、県、管区,日本の「都道府県（Tokyo Prefecture / Kyoto Prefecture など）」を表す行政区画の言葉です。,,
2101,hierarchy,/ˈhaɪərɑːrki/,名詞,階層制度、ヒエラルキー、支配層,組織や社会における、ピラミッド型の「上下の階層構造、階級制度、ヒエラルキー」を指します。,,
2102,autonomy,/ɔːˈtɒnəmi/,名詞,自治、自主性、自治権、自律,他者から支配されず、自分自身でルールを決めて動く「自主性（自律性）」や、国家・地方の「自治権」を表します。,,
2103,delegation,/ˌdelɪˈɡeɪʃn/,名詞,代表派遣、代表団、（権限の）委譲,国際会議に送られる「代表団、使節団」のほか、ビジネスでの「仕事や権限の割り振り（権限委譲）」を指します。,,
2104,congress,/ˈkɒŋɡres/,名詞、動詞,【名】（米国などの）国会、議会、大会<br>【動】会合する,アメリカの連邦議会「国会（Congress）」のほか、国際的な大規模学術会議などを指します。,,
2105,census,/ˈsensəs/,名詞,国勢調査、人口調査,一国の人口、年齢、世帯、職業などを網羅的に調べる公的な「国勢調査」を意味します。,,
2106,monarch,/ˈmɒnək/,名詞,君主、国王、大君主,国王（king）や女王（queen）、皇帝（emperor）などの「世襲の最高支配者（君主）」を指す硬い言葉です。,,
2107,monopoly,/əˈnɒpəli/ -> /məˈnɒpəli/,名詞,独占、専売、独占企業,競合他社がいない、市場を1社が独占する状態（モノポリー）を指します。,,
2108,surplus,/ˈsɜːrpləs/,名詞、形容詞,【名】余剰、過剰、黒字<br>【形】余剰の、黒字の,必要量を超えて余った「余剰、過剰（surplus food：余剰食品）」のほか、経済での「黒字（貿易黒字など）」を意味します。対義語は deficit。,,
2109,expertise,/ˌekspɜːrˈtiːz/,名詞,専門知識、専門技術、ノウハウ,特定の分野における、高度で実務的な「専門知識、専門技術、ノウハウ」を指す重要名詞です。,,
2110,quota,/ˈkwoʊtə/,名詞、動詞,【名】（割り当てられた）分け前、割り当て量、ノルマ<br>【動】割り当てを課す,輸入制限の「割り当て枠」や、販売目標としての「ノルマ、割り当て量」を意味します。,,
2111,subordinate,/səˈbɔːrdɪnət/ (名・形)<br>/səˈbɔːrdɪneɪt/ (動),名詞、形容詞、動詞,【名】部下、下位の者<br>【形】下位の、従属する<br>【動】下位に置く、従属させる,職場での上司（superior）に対する「部下、下位の者」を指します。,,
2112,warehouse,/ˈweərhaʊs/,名詞、動詞,【名】倉庫、問屋<br>【動】倉庫に保管する,商品や原材料を一時的に大量保管しておくための「大型倉庫」を指します。,,
2113,peasant,/ˈpeznt/,名詞,小作農、小作人、田舎者,歴史的な文脈における、自分の土地を持たない「貧しい農民、小作農」を意味します。,,
2114,correlation,/ˌkɒrəˈleɪʃn/,名詞,相関、相互関係、相関関係,二つのデータや事象の間に、一方が変われば他方も変わるという「相関関係（positive correlation：正の相関）」があることを指します。,,
2115,asymmetry,/eɪˈsɪmətri/,名詞,非対称、不均衡,左右が釣り合っていない「非対称、アシンメトリー（不均衡）」を指します。対称（symmetry）の対義語。,,
2116,disparity,/dɪˈspærəti/,名詞,格差、不均衡、格段の相違,所得、経済状況、学力などの「著しい格差、不均衡、違い（economic disparity：経済格差）」を表します。,,
2117,divergence,/daɪˈvɜːrdʒəns/,名詞,分岐、逸脱、相違、ダイバージェンス,一本の道や意見が、別の方向へ枝分かれする「分岐、相違（意見の食い違い）」を指します。動詞形は diverge。,,
2118,clash,/klæʃ/,名詞、動詞,【名】衝突、不一致、金属的な衝突音<br>【動】（激しく）衝突する、一致しない,意見、文化、スケジュールが「激しく衝突・対立する」こと、または物理的な激しい戦闘（衝突）を指します。,,
2119,persecution,/ˌpɜːrsɪˈkjuːʃn/,名詞,迫害、虐待,宗教、人種、政治的信条などの違いから、特定の集団に対して行われる不当な「迫害、虐待」を指します。動詞形は persecute。,,
2120,genocide,/ˈdʒenəsaɪd/,名詞,大量虐殺、民族抹殺（ジェノサイド）,特定の人種、民族、宗教団体を意図的に、計画的に「集団で大量虐殺する」ことを指す重い言葉です。,,
2121,atrocity,/əˈtrɒsəti/,名詞,残虐行為、暴行、残虐,戦争時などに犯される、極めて非人道的で惨い「残虐行為、非道な暴行」を意味します。,,
2122,bribe,/braɪb/,名詞、動詞,【名】賄賂（わいろ）<br>【動】賄賂を贈る、買収する,公務員や担当者に不正な便宜を求めるために贈る「賄賂」を指します。賄賂を贈る行為は bribery。,,
2123,culprit,/ˈkʌlprɪt/,名詞,犯人、犯罪者、問題の原因・張本人,犯罪の「容疑者・犯人」を指すほか、問題や不具合を引き起こした「真の原因、犯人」を指すことも多いです。,,
2124,hostage,/ˈhɒstɪdʒ/,名詞,人質,犯人や敵対グループが要求を通すために拘束する「人質」のこと。take 人 hostage で「人を人質に取る」。,,
2125,conspiracy,/kənˈspɪrəsi/,名詞,陰謀、共謀、企み,複数人で秘密裏に悪巧みを企てる「陰謀（conspiracy theory：陰謀論）」を意味します。,,
2126,peril,/ˈperəl/,名詞、動詞,【名】重大な危険、危難<br>【動】危険にさらす,生命や国家の存亡に関わるような「きわめて重大な危機、危険（danger よりもはるかに深刻なニュアンス）」を指します。,,
2127,pitfall,/ˈpɪtfɔːl/,名詞,落とし穴、思わぬ危険、罠,一見安全そうに見えて、実は陥りやすい「思わぬ落とし穴、罠、潜在的な危険」を意味します。,,
2128,itinerary,/aɪˈtɪnəreri/,名詞、形容詞,【名】旅程、旅行計画（書）<br>【形】旅程の、巡回の,旅行の目的地、交通手段、宿泊先などの詳細を時間順に記した「旅行日程表、旅程」を指します。,,
2129,upheaval,/ʌpˈhiːvl/,名詞,激変、動乱、大混乱、大改地,政治、社会、または人生における、根底を揺るがすような「激変、大動乱、ひっくり返るような大混乱」を表します。,,
2130,commencement,/kəˈmensmənt/,名詞,開始、初め、卒業式・学位授与式（米）,何かが新しく始まる「開始」の意味のほか、アメリカの大学などの「卒業式」を指す代表的な言葉です。,,
2131,threshold,/ˈθreʃhoʊld/,名詞,敷居、しきい値、入り口、始まり,部屋の入り口にある「敷居」から、ある反応が起きる境界線となる「しきい値、基準点、限界点（pain threshold：痛みのしきい値）」を指します。,,
2132,onset,/ˈɒnset/,名詞,（不快なことの）始まり、兆候、発症、襲撃,寒さ、病気の症状、好ましくない事態が本格的に「始まること、始まり（the onset of winter：冬の始まり）」を意味します。,,
2133,momentum,/moʊˈmentəm/,名詞,勢い、はずみ、推進力、モメンタム,活動やビジネス、スポーツの試合などで、物事がどんどん前に進む「勢い、弾み（gain momentum：勢いを得る）」を指します。,,
2134,deterrent,/dɪˈtɜːrənt/,名詞、形容詞,【名】抑止力、妨げとなるもの<br>【形】抑止する、引き留める,犯罪や他国からの攻撃を思いとどまらせるための「抑止力（nuclear deterrent：核抑止力）」を意味します。,,
2135,geometry,/dʒiˈɒmətri/,名詞,幾何学（きかがく）、幾何学的パターン,図形、空間、角度、体積などの性質を研究する数学の分野「幾何学」を指します。,,
2136,anthropologist,/ˌænθrəˈpɒlədʒɪst/,名詞,人類学者,人類の起源、進化、身体的特徴、社会構造、文化などを総合的に研究する「人類学者」のことです。,,
2137,internship,/ˈɪntɜːrnʃɪp/,名詞,インターンシップ、実習、就業体験,学生や新卒者が、実務を体験するために一定期間企業で働く「就業体験（インターン）」を指します。,,
2138,paradigm,/ˈpærədaɪm/,名詞,パラダイン、模範、理論的枠組み、代表的な例,時代の考え方を支配する共通の「理論的枠組み、モデル（paradigm shift：パラダイムシフト（ものの見方の劇的変化））」を表します。,,
2139,altruism,/ˈæltruɪzəm/,名詞,利他主義、利他心、愛他心,自分の利益ではなく、他者の幸福や利益のために親切に尽くす「利他主義」を意味します。,,
2140,claustrophobia,/ˌklɔːstrəˈfoʊbiə/,名詞,閉所恐怖症,エレベーターや狭い部屋など、閉じ込められた空間を極端に恐れる「閉所恐怖症」を指します。,,
2141,Antarctic,/ænˈtɑːrktɪk/,名詞、形容詞,【名】（the Antarcticで）南極地方<br>【形】南極の、南極地方の,"北極（Arctic）の対義語。南極大陸は Antarctica と言います。発音は真ん中の ""c"" をきっちり発音して「アンタークティック」となります。",,
2142,latitude,/ˈlætɪtjuːd/,名詞,緯度（いど）、（行動の）自由、許容範囲,赤道からの距離を表す「緯度」のほか、仕事や行動における「（規則に縛られない）ある程度の自由、裁量権」という意味もあります。,,
2143,odor,/ˈoʊdər/,名詞,におい、悪臭、気配,特に強くて不快な「におい、悪臭（body odor：体臭）」を指すことが多く、科学的・客観的な響きを持ちます。,,
2144,meadow,/ˈmedoʊ/,名詞,牧草地、草原,牛や羊が草を食べる、なだらかな美しい「草地、牧草地」を指します。,,
2145,calamity,/kəˈlæmɪti/ -> /kəˈlæməti/,名詞,大災害、惨事、不幸,地震、津波、大規模な火災などの「破滅的な大災害、惨事（disaster よりも古い硬い表現）」を意味します。,,
2146,precipitation,/prɪˌsɪpɪˈteɪʃn/,名詞,降水、降水量、降雨、沈殿,雨や雪、雹（ひょう）などが空から降る「降水（量）」を意味する、気象学における公式な表現です。,,
2147,meteor,/ˈmiːtiər/,名詞,流星、流れ星、隕石,宇宙空間から地球の大気圏に突入して光る「流れ星、流星」を指します（地上に落ちてきた石は meteorite：隕石）。,,
2148,asteroid,/ˈæstərɔɪd/,名詞,小惑星、アステロイド,太陽系の中、特に火星と木星の軌道の間を多く周回している小さな天体「小惑星」を指します。,,
2149,eclipse,/ɪˈklɪps/,名詞、動詞,【名】（太陽や月の）食、光の遮り、影を落とすこと<br>【動】（食のように）覆い隠す、見劣りさせる,solar eclipse（日食）や lunar eclipse（月食）のほか、他の華々しい功績を「（圧倒して）かすませる、見劣りさせる」という動詞も。,,
2150,glacier,/ˈɡlæʃər/,名詞,氷河（ひょうが）,数百年・数万年かけて降り積もった雪が、固まってゆっくりと重力で動く「氷河」を指します。,,
2151,peninsula,/pəˈnɪnsjələ/,名詞,半島,三方を水に囲まれ、一方が陸地と繋がっている「半島」のこと（Korean Peninsula：朝鮮半島など）。,,
2152,hemisphere,/ˈhemɪsfɪər/,名詞,半球、（地球の）北半球・南半球,球体の半分。特に地球の Northern Hemisphere（北半球）や Southern Hemisphere（南半球）の表現で頻出します。,,
2153,lump,/lʌmp/,名詞、動詞,【名】塊、しこり、角砂糖<br>【動】一括りにする、どさっと置く,粘土や肉、砂糖などの不定形な「塊」のほか、皮膚や体内にできる触るとわかる「しこり」を意味します。,,
2154,cluster,/ˈklʌstər/,名詞、動詞,【名】房、群れ、集団、感染者集団<br>【動】群がる、集まる,ブドウや花の「房（ふさ）」、または同種の物や人が一箇所に集まる「集団」を指します。コロナ禍で登場した「クラスター（感染者集団）」もこれです。,,
2155,offspring,/ˈɒfsprɪŋ/,名詞,子、子孫、（動物の）幼獣,人間や動物の「子供、子孫、オフスプリング」を指す学術・フォーマルな語です（単数・複数同形）。,,
2156,livestock,/ˈlaɪvstɒk/,名詞,家畜、家畜類,牛、羊、豚などの、人間の経済活動のために農場で飼育される「家畜（総称・不可算名詞）」を指します。,,
2157,carnivore,/ˈkɑːrnɪvɔːr/,名詞,肉食動物,草食動物（herbivore）や雑食動物（omnivore）に対する、主に他の動物の肉を食べる「肉食動物」を意味します。,,
2158,vertebrate,/ˈvɜːrtɪbrət/,名詞、形容詞,【名】脊椎動物（背骨のある動物）<br>【形】脊椎のある,魚類、両生類、爬虫類、鳥類、哺乳類などの、背骨（脊椎）を持つ「脊椎動物」を意味する生物学用語です。,,
2159,primate,/ˈpraɪmeɪt/,名詞、形容詞,【名】霊長類（サルの仲間）、大司教（宗教上の）<br>【形】霊長類の,人間、チンパンジー、ゴリラ、サルなどが属する、高度に発達した哺乳類のグループ「霊長類」を指します。,,
2160,parasite,/ˈpærəsaɪt/,名詞,寄生生物、寄生虫、パラサイト,他の生物に寄生して栄養を奪う「寄生虫・寄生生物」を指します。また、他人に頼りきりで生活する人を比喩的に指すことも。,,
2161,cortex,/ˈcɔːrteks/ -> /ˈkɔːrteks/,名詞,皮質、皮層、大脳皮質,生物の臓器の外層。特に 脳の cerebral cortex（大脳皮質）などの文脈で科学的に登場します。,,
2162,sibling,/ˈsɪblɪŋ/,名詞,兄弟姉妹,性別を問わず、自分と同じ両親から生まれた「兄弟姉妹」の総称です。brother や sister を一語にまとめた名詞。,,
2163,extrovert,/ˈekstrəvɜːrt/,名詞、形容詞,【名】外向的な人、社交的な人<br>【形】外向的な,人付き合いが大好きで、活発に他者と関わる「社交的・外向的なキャラクターの人」を指します。対義語は内向的な人（introvert）。,,
2164,stigma,/ˈstɪɡmə/,名詞,汚名、不名誉、スティグマ,社会的に不当に、あるいは好ましくないとみなされることで負う「汚名、不名誉の烙印（社会的スティグマ）」を意味します。,,
2165,plight,/plaɪt/,名詞、動詞,【名】窮状、苦境、誓約<br>【動】誓う,避けるのが極めて困難で深刻な「（悲惨な）窮状、過酷な状況（難民の窮状など）」を指します。,,
2166,turmoil,/ˈtɜːrmɔɪl/,名詞,動乱、大混乱、騒ぎ,政治的な対立、戦争、または心の中の葛藤などによる「（揺れ動く）大混乱、騒動、大騒ぎ」を表します。,,
2167,fallacy,/ˈfæləsi/,名詞,誤った考え、謬説（びゅうせつ）、論理的誤謬,一見正しそうに見えるが、実は論理的に間違いである「誤った考え、間違った通念、誤謬」を指します。,,
2168,loophole,/ˈluːphoʊl/,名詞、動詞,【名】（法律などの）抜け穴、抜け道、銃眼<br>【動】抜け道を作る,法律や規則の文言の不備を突いて、罰則や税金から「（合法的に）逃れるための法的な抜け道、抜け穴」を意味します。,,
2169,congestion,/kənˈdʒestʃən/,名詞,混雑、渋滞、（肺・鼻の）充血・詰まり,traffic congestion（交通渋滞）のほか、風邪のときの nasal congestion（鼻づまり）を指すのにも使われます。,,
2170,vacuum,/ˈvækjuːm/,名詞、動詞、形容詞,【名】真空、空白、電気掃除機<br>【動】掃除機をかける<br>【形】真空の,何もない「真空状態」や、権力の空白を指すほか、日常会話では vacuum cleaner（掃除機）や、部屋に掃除機をかける動詞としても。,,
2171,digit,/ˈdʒɪdʒɪt/,名詞,桁（けた）、アラビア数字、指（手足の）,single-digit inflation（一桁台のインフレ）などの「数字の桁」のほか、解剖学で手足の「指（親指・人差し指などすべて）」を指します。,,
2172,bulk,/bʌlk/,名詞、形容詞、動詞,【名】大部分、大部分の大きさ、バルク（大量）<br>【形】大量の、かさばる<br>【動】大きく見せる,bulk purchase（大量購入）のように「かさばる大きなまとまり」のほか、the bulk of 〜 で「〜の大部分」という意味になります。,,
2173,longevity,/lɒnˈdʒevəti/,名詞,長寿、寿命、寿命の長さ,健康で長生きすること（長寿）のほか、部品や靴などの「寿命の長さ、長持ち度合い」を意味することもあります。,,
2174,detour,/ˈdiːtʊər/,名詞、動詞,【名】迂回路、回り道<br>【動】迂回する、回り道させる,工事や事故などで通行止めになっている道路を避けて、別の道路に「迂回（まわり道）すること、迂回路」を指します。,,
2175,sewage,/ˈsuːɪdʒ/,名詞,下水、汚水,家庭や工場から下水管（sewer）を通って排出される、汚れた「下水、汚水」を指します。,,
2176,landfill,/ˈlændfɪl/,名詞、動詞,【名】（ゴミの）埋め立て地、埋め立て<br>【動】埋め立て処分する,都市ゴミを地中に埋めるための、公的な「ゴミ埋め立て処分場」を意味します。,,
2177,appliance,/əˈplaɪəns/,名詞,器具、家電製品、器具の適用,主に家庭で使われる便利な電気器具、すなわち「電気製品、家庭用電化製品（household appliances）」を指します。,,
2178,cuisine,/kwɪˈziːn/,名詞,料理、料理法、特定のスタイルの料理,単なるお皿に盛られた料理（dish）ではなく、French cuisine（フランス料理）などのように、一国や地域、店に特徴的な「料理法・スタイル」を指します。,,
2179,beverage,/ˈbevərɪdʒ/,名詞,飲み物、飲料,水以外の、ジュース、コーヒー、お酒などの「飲料、飲み物（food and beverages：飲食）」を指す、少し硬い言葉です。,,
2180,staple,/ˈsteɪpl/,名詞、形容詞、動詞,【名】主食、主要産物、ホッチキスの針<br>【形】主要な、基本の<br>【動】ホッチキスで留める,米や小麦のような「主食（staple food）」のほか、書類を留めるホッチキスの「針、ホッチキスで留める」ことも指します。,,
2181,scenario,/səˈnærioʊ/,名詞,筋書き、シナリオ、想定される状況,演劇の台本（シナリオ）のほか、将来起こりうる事態の「想定される状況・シナリオ（worst-case scenario：最悪の事態）」に多用されます。,,
2182,autograph,/ˈɔːtəɡræf/,名詞、動詞,【名】（有名人の）サイン、自筆<br>【動】サインする,契約書類などにする実務の署名（signature）とは異なり、芸能人やスポーツ選手がファンに書いてくれる「自筆のサイン」を意味します。,,
2183,archive,/ˈɑːrkaɪv/,名詞、動詞,【名】公文書、記録保管所、アーカイブ<br>【動】記録を保存する,歴史的な資料や重要なデータを、後世のために一箇所にまとめて大切に保存・保管する「記録保管所、アーカイブ（データ保存）」です。,,
2184,rhetoric,/ˈretərɪk/,名詞,修辞学、レトリック、雄弁、美辞麗句,話を魅力的に伝える「修辞学・レトリック」のほか、中身がないのに言葉だけが美しい「美辞麗句、飾り言葉」を少し批判的に指すこともあります。,,
2185,connotation,/ˌkɒnəˈteɪʃn/,名詞,含意、言外の意味、ニュアンス,辞書的な明示的意味（denotation）に対し、その言葉が喚起する「社会的・感情的なイメージやニュアンス」を指します。,,
2186,anecdote,/ˈænɪkdoʊt/,名詞,逸話、ちょっとした話、秘話,誰かの個人的な体験談や、歴史的人物に関する「ちょっとした面白い裏話」を意味します。,,
2187,lord,/lɔːrd/,名詞、動詞、間投詞,【名】君主、主人、貴族、主（神）<br>【動】君臨する<br>【間】おお、神よ,イギリスの「貴族」や、宗教における「主（キリストなど）」、あるいは領地を支配する「領主」を指します。,,
2188,saint,/seɪnt/,名詞、動詞,【名】聖人、聖職者、きわめて徳の高い人<br>【動】聖人に列する,カトリック教会などから公式に認められた「聖人」を指すほか、無私無欲で非常に優しい人を比喩的に指すこともあります。,,
2189,prophet,/ˈprɒfɪt/,名詞,預言者、先覚者,神の啓示を受けて言葉を伝える「預言者（マホメットやモーセなど）」を指します（利益 profit と同音）。,,
2190,pilgrim,/ˈpɪlɡrɪm/,名詞、動詞,【名】巡礼者、旅人<br>【動】巡礼する,宗教的な聖地を徒歩などで訪れる「巡礼者」を指します。アメリカ初期移民の Pilgrim Fathers でも有名です。,,
2191,salvation,/sælˈveɪʃn/,名詞,救済、救い、救難,宗教的な「（魂の）救済」のほか、破産や崩壊などの危機から人や組織を「救い出す手段」を意味します。,,
2192,artifact,/ˈɑːrtɪfækt/,名詞,人工遺物、工芸品、アーティファクト,考古学調査などで発掘される、古代人類が手で作った「道具、武器、美術品などの遺物」を指します。,,
2193,token,/ˈtoʊkən/,名詞、形容詞、動詞,【名】しるし、記念品、代用貨幣<br>【形】名ばかりの<br>【動】象徴する,as a token of my gratitude で「私の感謝のしるしとして」という超定番の重要イディオムになります。,,
2194,cue,/kjuː/,名詞、動詞,【名】合図、きっかけ、手がかり<br>【動】合図を送る,演技や演奏の開始を告げる「きっかけ（キュー）」のほか、問題を解決するための「手がかり」を意味します。,,
2195,quest,/kwest/,名詞、動詞,【名】探求、追求、探検<br>【動】探し求める,困難を伴う価値ある目標や心理を求めて旅立つ「（果てしない）探求、冒険（in quest of 〜：〜を求めて）」を意味します。,,
2196,melancholy,/ˈmelənkɒli/,名詞、形容詞,【名】憂鬱、メランコリー<br>【形】憂鬱な、もの悲しい,はっきりした理由がないのに、心が沈んで「なんとなく寂しく憂鬱な（もの悲しい）」状態を指します。,,
2197,self-esteem,/ˌself ɪˈstiːm/,名詞,自尊心、自己肯定感,自分の能力や価値を肯定的に受け入れる、健康的な意味での「自己評価、自己肯定感（プライド）」を意味します。,,
2198,empathy,/ˈempəθi/,名詞,感情移入、共感、エンパシー,他人の立場に立ち、相手の心の痛みや感情を自分のことのように理解する「共感能力（感情移入）」を意味します。,,
2199,precaution,/prɪˈkɔːʃn/,名詞、動詞,【名】予防策、用心、警戒<br>【動】用心させる,万一のトラブルや事故に備えて、事前に行う「予防措置、用心（take precautions：予防策を講じる）」を指します。,,
2200,distress,/dɪˈstres/,名詞、動詞,【名】苦悩、極度の疲弊、遭難<br>【動】苦しめる、悩ませる,経済的な困窮や、精神的に「ひどく苦しんで、追い詰められている」状態を指します。船や飛行機の「遭難（In distress）」の意味も。,,
2201,apprehension,/ˌæprɪˈhenʃn/,名詞,懸念、不安、理解、逮捕,未来への「漠然とした強い不安、懸念」を表すほか、専門用語として犯人の「逮捕」、あるいは「理解」を指す多義語です。,,
2202,scorn,/skɔːrn/,名詞、動詞,【名】軽蔑、侮蔑、あざけり<br>【動】軽蔑する、はねつける,相手を無価値で劣ったものとして冷たく見下す「軽蔑（contempt と同義）」です。,,
2203,menace,/ˈmenəs/,名詞、動詞,【名】脅威、脅かすもの、厄介な人<br>【動】脅かす,社会の安全や平和を脅かす存在「脅威（threat と同義）」を指します。,,
2204,sentiment,/ˈsentɪmənt/,名詞,感情、心理、感傷、情緒,理性ではなく、心に湧く「（世論や人々の）感情、心理（market sentiment：市場心理、public sentiment：国民感情）」を指します。,,
2205,verge,/vɜːrdʒ/,名詞、動詞,【名】瀬戸際、間際、端<br>【動】〜の境にある,on the verge of doing で「まさに〜しようとしている瀬戸際（間際）である（on the brink of A と同様）」という形で頻出します。,,
2206,plausible,/ˈplɔːzəbl/,形容詞,一見もっともらしい、妥当そうな,嘘かもしれないが、説明を聞くとなるほどと納得できる「（一見）筋が通って正しそうな、もっともらしい」様子を指します。,,
2207,holistic,/hoʊˈlɪstɪk/,形容詞,全体論的な、包括的な、ホリスティックな,部分だけを見るのではなく、全体的なバランスや相互のつながりを重視する「包括的・全体的な」アプローチを指します。,,
2208,contagious,/kənˈteɪdʒəs/,形容詞,（接触により）伝染する、人から人に広がりやすい,インフルエンザなどの「接触感染する」病気のほか、あくびや笑顔、情熱などが「（周囲に）伝染して広がりやすい」比喩にも。,,
2209,vocal,/ˈvoʊkl/,形容詞、名詞,【形】声の、発声の、率直に意見を言う<br>【名】ボーカル、音声,音楽のボーカルのほか、社会問題などに対して「率直に大きな声で（公に）意見を表明する」態度も指します。,,
2210,sensory,/ˈsensəri/,形容詞,感覚の、知覚の、感覚器官の,視覚、聴覚、触覚などの五感に関連する「感覚的な（sensory organ：感覚器官、sensory overload：情報過多による感覚疲労）」を指します。,,
2211,numb,/nʌm/,形容詞、動詞,【形】（手足などが）かじかんだ、麻痺した、無感覚な<br>【動】麻痺させる,寒さや薬によって、感覚がなくなって「かじかんでいる、しびれている」状態、または悲しみで心が「無感覚になっている」状態を言います。,,
2212,physiological,/ˌfɪziəˈlɒdʒɪkl/,形容詞,生理学的な、生理上の,生物の生体機能に関連する「生理上の、肉体的な」事柄を指します。精神的（psychological）の対義語として使われます。,,
2213,bilateral,/ˌbaɪˈlætərəl/,形容詞,二国間の、双方の、両側の,bilateral trade agreement（二国間貿易協定）のように、多国間（multilateral）に対する「二者間（二国間）の」交渉を指します。,,
2214,feudal,/ˈfjuːdl/,形容詞,封建的な、封建制の,歴史上の中世の土地支配制度である「封建制度の（feudal system）」や、古臭くて上下関係が厳しい「封建的な」性質を表します。,,
2215,imperial,/ɪmˈpɪəriəl/,形容詞、名詞,【形】帝国の、皇室の、威厳のある<br>【名】帝国（紙のサイズなど）,皇帝（emperor）や帝国（empire）に関連する言葉です。日本の「皇室（imperial family）」などの名称にも。,,
2216,complementary,/ˌkɒmplɪˈmentri/,形容詞,補完的な、補い合う,二つの異なるものが、互いの欠点を補い合って全体を高める「補完的な」関係を言います。無料の（complimentary）とスペル違い。,,
2217,pertinent,/ˈpɜːrtɪnənt/,形容詞,適切な、的を射た、関連のある,議論されているテーマに直接関わっていて、きわめて「適切で的を射た（relevant や appropriate に近い）」様子を表す堅い語です。,,
2218,intrinsic,/ɪnˈtrɪnzɪk/,形容詞,本質的な、固有の、内在する,外的な条件ではなく、そのもの自体が生まれつき本来備えている「本質的な、固有の（intrinsic value：本質的価値）」価値や性質。,,
2219,unprecedented,/ʌnˈpresɪdentɪd/,形容詞,前例のない、かつてない、未曾有の,これまでに一度も起きたことがない、歴史上に全く「前例がない」革新的、あるいは深刻な事態を指します。,,
2220,tentative,/ˈtentətɪv/,形容詞、名詞,【形】仮の、暫定的な、ためらいがちな<br>【名】仮の提案,確定しておらず、状況次第で後から変更する可能性がある「仮の、暫定的な（tentative schedule：暫定スケジュール）」状態。,,
2221,drastic,/ˈdræstɪk/,形容詞,劇的な、思い切った、徹底的な、急進的な,これまでのやり方をガラリと変える「思い切った、劇的な（drastic measures：抜本的な対策、劇的な対策）」変化を指します。,,
2222,ubiquitous,/juːˈbɪkwɪtəs/,形容詞,遍在する、いたるところに存在する,あらゆる場所に、いつでも同時に「いたるところに存在する」様子。スマートフォンやネット環境が普及した社会を指す際にお馴染み。,,
2223,pervasive,/pərˈveɪsɪv/,形容詞,蔓延する、浸透する、隅々に広がる,良くも悪くも、社会や組織全体の隅々まで「深く浸透して広がっている（pervasive influence：広く浸透した影響）」状態を指します。,,
2224,exponential,/ˌekspəˈnenʃl/,形容詞、名詞,【形】指数関数的な、急激な<br>【名】指数,単なる直線的な成長ではなく、時間の経過とともに「爆発的・急激に（倍々ゲームで）増加する」成長率を指します。,,
2225,perpetual,/pərˈpetʃuəl/,形容詞,永遠の、絶え間のない、永久の,途切れることなく、いつまでもグルグルと続く「絶え間のない、永久の（perpetual motion：永久機関）」状態を意味します。,,
2226,future-oriented,/ˈfjuːtʃər ˌɔːrientɪd/,形容詞,未来志向の、未来重視の,過去や現状にとらわれず、将来の成功や発展を見据えて行動を決定する「未来志向の」姿勢を指します。,,
2227,intact,/ɪnˈtækt/,形容詞,損なわれていない、無傷の、丸ごとの,事故や災害、時間の経過を経ても、壊れたり欠けたりせずに「そのまま無傷の状態で残っている」状態を指します。,,
2228,maternal,/məˈtɜːrnl/,形容詞,母親の、母親らしい、母方の,母親に関連する表現です（maternal instinct：母性本能、maternal side：母方の家族。父親の paternal の対義語）。,,
2229,masculine,/ˈmæskjəlɪn/,形容詞、名詞,【形】男性の、男性らしい、男勝りの<br>【名】男性名詞,男らしさに関連する表現（対義語は女性の feminine）。文法上の「男性名詞、男性形」を指すこともあります。,,
2230,juvenile,/ˈdʒuːvənaɪl/,形容詞、名詞,【形】少年期の、若者の、未熟な<br>【名】青少年,主に法律上の「青少年の（juvenile delinquency：少年犯罪）」を指すほか、大人げなくて「未熟な、子供っぽい」行動の比喩にも。,,
2231,intelligible,/ɪnˈtelɪdʒəbl/,形容詞,容易に理解できる、明瞭な、知性的な,説明、発音、論理がはっきりとしていて「（他人が）容易に理解できる、明瞭な」様子を指します（understandable の硬い表現）。,,
2232,dairy,/ˈdeəri/,名詞、形容詞,【名】乳製品製造所、酪農場<br>【形】乳製品の、酪農の,牛乳、バター、チーズ、ヨーグルトなどの「乳製品（dairy products）」や、酪農業を指します（日記の diary とスペル注意）。,,
2233,stray,/streɪ/,動詞、形容詞、名詞,【動】（正しい道から）それる、迷い出る<br>【形】迷い出た、野良の<br>【名】野良犬、迷い子,飼い主のもとから、あるいは群れから外れて迷子になった動物を指します（stray cat：野良猫、stray bullet：流弾）。,,
2234,dormant,/ˈdɔːrmənt/,形容詞,休眠状態の、活動を休止している,植物の冬眠や、火山の「休火山（dormant volcano）」、銀行の「長年使われていない休眠口座（dormant account）」を意味します。,,
2235,comprehensive,/ˌkɒmprɪˈhensɪv/,形容詞、名詞,【形】包括的な、網羅的な、理解力のある<br>【名】総合中等学校（英）,必要な情報をすべて含んだ「網羅的、包括的な（comprehensive study：包括的な研究、comprehensive insurance：総合保険）」を意味します。,,
2236,edible,/ˈedəbl/,形容詞、名詞,【形】食べられる、食用の<br>【名】（ediblesで）食用製品,毒性がなく、人間が口に入れても安全で「食べられる（eat のラテン語由来の形容詞）」状態。edible oil（食用油）。,,
2237,perishable,/ˈperɪʃəbl/,形容詞、名詞,【形】（食品などが）傷みやすい、腐りやすい<br>【名】（perishablesで）生鮮食品,生肉や魚、牛乳などのように「傷みやすい、生鮮の」性質を指します。複数形 perishables はスーパーの「生鮮食品」売り場などで使われます。,,
2238,naive,/naɪˈiːv/,形容詞,世慣れていない、世間知らずの、純真な,日本語の「ナイーブ（繊細）」とは異なり、英語では「世間知らずで騙されやすい、お人好しな（批判的）」というニュアンスを含みます。,,
2239,zealous,/ˈzeləs/,形容詞,熱心な、熱狂的な,目標や宗教、信念に対して、非常に強いやる気とエネルギーを持って「熱狂的に、熱心に取り組む」様子（zeal 情熱の形容詞形）。,,
2240,timid,/ˈtɪmɪd/,形容詞,臆病な、気が小さい、おずおずした,気が小さく、危険や他人の目を恐れて「おずおずとしている、臆病な」性格を言います（対義語は大胆な bold / brave）。,,
2241,delinquent,/dɪˈlɪŋkwənt/,形容詞、名詞,【形】非行の、義務を怠る、滞納の<br>【名】非行少年、義務を怠る者,少年非行（juvenile delinquent）を指すほか、税金やローンが「滞納されている（delinquent tax：滞納税）」という意味でも非常に重要。,,
2242,sober,/ˈsoʊbər/,形容詞、動詞,【形】（お酒に）酔っていない、真面目な、しらふの<br>【動】酔いを醒ます,お酒を飲んでいない「しらふの」状態。また、態度や色が落ち着いて「きわめて真面目な、落ち着いた」様子も指します。,,
2243,obstinate,/ˈɒbstɪnət/,形容詞,頑固な、強情な、不屈の,他人のアドバイスや変更に頑なに耳を傾けようとしない「強情で頑固な（stubborn とほぼ同義ですが、少し硬い表現）」様子を指します。,,
2244,solitary,/ˈsɒləteri/,形容詞、名詞,【形】孤独の、単独の、唯一の<br>【名】（solitary confinementで）独房監禁,他の誰とも関わらず「一人きりの、孤独な（solitary life：孤独な生活）」様子。また生物が「単独で行動する」性質も。,,
2245,vulgar,/ˈvʌlɡər/,形容詞,下品な、粗野な、通俗的な,言葉遣いや態度が洗練されておらず「下品で低俗な、野暮な」様子を表します。,,
2246,skeptical,/ˈskeptɪkl/,形容詞,懐疑的な、疑い深い,他人の言うことや新しい理論を簡単には信じず、「本当だろうか？と懐疑的である」様子。be skeptical about/of 〜。,,
2247,accustomed,/əˈkʌstəmd/,形容詞,慣れている、いつもの、習慣になった,be accustomed to A (または doing) で「A（環境、仕事、早起きなど）に慣れている」というきわめて重要なパターンを作ります。,,
2248,obsessed,/əbˈsest/,形容詞,頭が一杯で、取り憑かれて、夢中になって,悪い考えや特定の趣味、人に心が完全に支配されて「頭が一杯になっている、取り憑かれている（be obsessed with 〜）」状態。,,
2249,preoccupied,/priˈɒkjupaɪd/,形容詞,心を奪われている、頭が一杯の、先占された,悩み事や特定の考え事に脳のキャパシティが占有されて、他人の話が頭に入らない「うわの空の、頭が一杯の」様子（be preoccupied with A）。,,
2250,prone,/proʊn/,形容詞、動詞,【形】〜しがちな、〜しやすい、うつ伏せの<br>【動】うつ伏せにさせる,be prone to A (または doing) の形で、事故やミス、風邪などの好ましくない事態に「なりやすい、罹りやすい」ことを意味する最重要語です。,,
2251,apt,/æpt/,形容詞,〜しがちである、〜する傾向がある、適切な、物覚えが早い,be apt to do（〜しがちである、〜しやすい）の形でよく使われるほか、「適切な（apt remark：適切な一言）」の意味もあります。,,
2252,empirical,/ɪmˈpɪrɪkl/,形容詞,経験的な、経験主義の、実証的な,理論だけでなく、実験、データ、観察による客観的な事実に基づいた「実証的な、経験による（empirical evidence：実証的証拠）」を指します。,,
2253,susceptible,/səˈseptəbl/,形容詞,影響を受けやすい、感染しやすい、感受性の強い,外部からの刺激、病気、誘惑、または他人の意見に「影響を受けやすい、罹りやすい」様子を指します（be susceptible to 〜）。,,
2254,pivotal,/ˈpɪvətl/,形容詞,中心的な、重要な、枢軸の,扇の要（かなめ）のように、物事の勝敗や展開を決定づける「きわめて重要な、中心的な（play a pivotal role：中心的な役割を果たす）」ことを意味します。,,
2255,fabulous,/ˈfæbjələs/,形容詞,素晴らしい、驚くべき、伝説上の,規格外に素晴らしいこと。日常会話で「ものすごく素敵、最高だ」という最大級の褒め言葉として多用されます。,,
2256,splendid,/ˈsplendɪd/,形容詞,素晴らしい、輝かしい、壮麗な,建物や衣服、あるいはアイデア・成果が「きわめて素晴らしく、立派で見事な」様子を表します。,,
2257,intriguing,/ɪnˈtriːɡŋ/ -> /ɪnˈtriːɡɪŋ/,形容詞,興味深い、魅力的な、好奇心をそそる,謎めいていて、人をもっと知りたいと「強く惹きつける、知的好奇心をそそる」様子を表します（interesting よりもミステリアスなニュアンス）。,,
2258,ingenious,/ɪnˈdʒiːniəs/,形容詞,独創的な、巧妙な、利口な、発明の才に富む,アイデアやシステム、発明が「きわめて巧妙で、独創的にできている」様子を言います。,,
2259,affluent,/ˈæfluənt/,形容詞,豊かな、裕福な、豊富に流れる,資金、財産、資源に満ちていて「経済的にきわめて豊かな（affluent society：富裕社会、豊かな社会）」様子を表す堅い表現です。,,
2260,renowned,/rɪˈnaʊnd/,形容詞,有名な、名高い、名声のある,優れた功績によって世間から高く評価されている「著名な、名高い（famous の少し硬い表現）」様子を指します（be renowned for 〜）。,,
2261,eminent,/ˈemɪnənt/,形容詞,著名な、傑出した、地位の高い,学問、法律、医療などの専門分野において「きわめて地位が高く、傑出している」人物を形容する際に好まれる言葉です。,,
2262,conspicuous,/kənˈspɪkjuəs/,形容詞,顕著な、目立つ、際立った,他と比べて明らかに際立っていて「よく目立つ（conspicuous consumption：誇示的消費、見せびらかしの消費）」状態を表します。,,
2263,adept,/əˈdept/,形容詞、名詞,【形】熟達した、熟練した、上手な<br>【名】達人、熟練者,技術やスポーツ、仕事において、きわめて高いレベルで「熟達している、手慣れている（be adept at 〜）」ことを意味します。,,
2264,proficient,/prəˈfɪʃnt/,形容詞、名詞,【形】熟達した、堪能な、上達した<br>【名】達人、実力者,語学、プログラミング、ピアノなどのスキルが、実務や人前で使えるレベルに「上達して堪能である」状態（be proficient in English など）。,,
2265,immense,/ɪˈmens/,形容詞,巨大な、莫大な、広大な,量、規模、影響力、金額などが「計り知れないほどきわめて大きい（immense value：莫大な価値）」状態を言います。,,
2266,unanimous,/juˈnænɪməs/,形容詞,満場一致の、全員一致の、同意見の,全員の意見が完全に一つにまとまっていること。by unanimous consent で「満場一致で、全員の同意によって」となります。,,
2267,reckless,/ˈrekləs/,形容詞,無謀な、向こう見ずな、配慮に欠ける,後先を考えず、危険を顧みずに「無謀な行動をとる（reckless driving：無謀運転）」様子を指します。,,
2268,futile,/ˈfjuːtl/,形容詞,無駄な、効果のない、実りのない,どんなに努力をしても、目的を達成する見込みがまったくない「無駄な、無駄に終わる（futile attempt：無駄な試み）」様子を指します。,,
2269,brutal,/ˈbruːtl/,形容詞,野蛮な、残酷な、過酷な、容赦のない,暴力などが「残酷で、野蛮な（brutal murder：残虐な殺人）」のほか、天候や現実が「容赦なく過酷な」こと。,,
2270,ominous,/ˈɒmɪnəs/,形容詞,不吉な、不穏な、〜の前兆となる,悪いことが今にも起こりそうな、不安を掻き立てる「不吉で不穏な（ominous dark clouds：不気味な黒雲）」様子を指します。,,
2271,detrimental,/ˌdetrɪˈmentl/,形容詞、名詞,【形】有害な、害を及ぼす、不利益な<br>【名】有害な人・物,be detrimental to A で「A（健康、環境、人間関係、ビジネスなど）に対して有害である、不利益をもたらす」という極めて重要な語です。,,
2272,wicked,/ˈwɪkɪd/,形容詞、副詞、名詞,【形】邪悪な、いたずらな、ひどい 【副】（若者言葉で）ものすごく 【名】悪人,道徳的にひどく「邪悪な、たちの悪い（The Wicked Witch：西の悪い魔女）」のほか、口語で「とてもすごい」という逆説的な強調でも使われます。,,
2273,cynical,/ˈsɪnɪkl/,形容詞,冷笑的な、皮肉な、人間不信の,他人の善意や行動を「どうせ裏があるのだろう」と斜めから見る「冷笑的で信じない」態度を指します。,,
2274,savage,/ˈsævɪdʒ/,形容詞、名詞、動詞,【形】野蛮な、凶暴な、残酷な<br>【名】未開人<br>【動】（動物が）襲う、激しく批判する,飼い慣らされておらず、野生のままで「凶暴な、獰猛な」こと。また口語では「容赦なく辛辣な、バッサリ切り捨てるような」行動にも使われます。,,
2275,arbitrary,/ˈɑːrbɪtreri/,形容詞,恣意的な（しいてきな）、独断的な、ランダムな,論理的な根拠がなく、その場の思いつきや独断で「勝手に決められた」様子を意味します（arbitrary decision：独断的な決定）。,,
2276,monotonous,/məˈnɒtənəs/,形容詞,単調な、一本調子の、退屈な,音調や作業、日々の生活が変化に乏しく、ずっと同じで「単調で退屈である（dull や boring に近い）」様子を言います。,,
2277,crude,/kruːd/,形容詞、名詞,【形】未加工の、粗末な、大雑把な、粗野な<br>【名】原油,物理的な「未加工・天然のままの（crude oil：原油）」のほか、図や説明、技術が「きわめて粗末で、大雑把な」様子も意味します。,,
2278,extravagant,/ɪkˈstrævəɡənt/,形容詞,贅沢な、浪費癖のある、法外な,お金や資源を無駄に使い果たす「浪費気味な、過度に贅沢な」様子。また要求などが「法外で高すぎる」ことも表します。,,
2279,obsolete,/ˌɒbsəˈliːt/,形容詞、動詞,【形】時代遅れの、廃れた、役に立たない<br>【動】廃止する,新しい技術や製品（スマホ等）の登場によって、古くなって使われなくなった、または「実用価値を失った時代遅れの」状態を指します。,,
2280,devoid,/dɪˈvɔɪd/,形容詞,〜がまったく欠けている、〜がない,be devoid of A で「A（感情、生命、中身、証拠、水など、本来あるべきもの）が完全に空っぽで、全く無い」という重要語法を作ります。,,
2281,scarce,/skeərs/,形容詞、副詞,【形】不足して、乏しい、珍しい<br>【副】かろうじて,必要なものが十分に供給されておらず「不足している（一時的に手に入りにくい）」状態を表します。名詞形は scarcity（不足）。,,
2282,solemn,/ˈsɒləm/,形容詞,厳かな、厳粛な、真面目な,儀式や場所、あるいは人の態度が、冗談を言わないきわめて「真面目で厳粛な、重々しい」雰囲気に満ちていることを表します。,,
2283,rigid,/ˈrɪdʒɪd/,形容詞,硬直した、厳格な、融通のきかない,物理的に曲げられないほど「硬い」こと。また、ルールや考え方が「ガチガチで厳格であり、まったく融通がきかない」様子を表します。,,
2284,robust,/roʊˈbʌst/,形容詞,強健な、頑丈な、たくましい、確固たる,人の体が「がっしりとして極めて健康（たくましい）」なこと。また、システム、経済、製品、理論が「堅牢で頑丈・壊れにくい」際にも多用されます。,,
2285,tangible,/ˈtændʒəbl/,形容詞、名詞,【形】具体的な、触れることができる、明確な<br>【名】有形資産,実際に手で触れることができる「有形の（無形の intangible の対義語）」のほか、「目に見える明確な（tangible evidence：具体的な証拠）」の意も。,,
2286,superficial,/ˌsuːpərˈfɪʃl/,形容詞,表面的な、うわべだけの、浅い,本質に迫っておらず「うわべだけの、表面的な（superficial knowledge：生かじりの浅い知識）」状態を意味します。,,
2287,spatial,/ˈspeɪʃl/,形容詞,空間の、空間的な、宇宙の,物理的な空間に関連する事柄（spatial awareness：空間認識力、spatial distribution：空間的分布）を指す、やや硬い語です。,,
2288,hollow,/ˈhɒloʊ/,形容詞、名詞、動詞,【形】中空の、空っぽの、うつろな<br>【名】くぼみ、穴<br>【動】くぼませる,木の幹などの「中身がくり抜かれて空洞になっている」状態のほか、言葉や約束、勝利などが内容の伴わない「うつろな、中身のない」状態も。,,
2289,homogeneous,/ˌhoʊməˈdʒiːniəs/,形容詞,均質な、同種の、同質の,異なる要素が混ざっておらず、全体が同じ性質のもので満たされている「同質な、均一な（heterogeneous 異質の対義語）」を意味します。,,
2290,feasible,/ˈfiːzəbl/,形容詞,実現可能な、実行可能な、ありそうな,計画やプロジェクトが、現実的に予算や技術の範囲内で「問題なく実現できる（可能である）」様子を意味します。名詞形は feasibility。,,
2291,viable,/ˈvaɪəbl/,形容詞,実行可能な、生存可能な、実用的な,計画などが単に可能なだけでなく、持続して「（商業的・実務的に）継続・存続していける」実用性を持っていることを意味します。,,
2292,continue,/kənˈtɪnjuː/,動詞,続ける、継続する、存続する,すでに行っている動作や状態を、そのまま「維持して存続する、中断せず続ける」ことを意味する、きわめて身近な動詞です。,,
2293,reach,/riːtʃ/,動詞、名詞,【動】達する、到着する、手を伸ばす<br>【名】（手が届く）範囲,物理的な場所に「到着する」ことのほか、努力の末に合意や目標（結論）に「達する」ことを指す他動詞です。,,
2294,rush,/rʌʃ/,動詞、名詞,【動】急いで行く、突進する、急がせる<br>【名】突進、ラッシュ、大忙し,時間に遅れそうになって「大急ぎで移動する」、または人を「急き立てる」こと。通勤の「ラッシュアワー（rush hour）」もお馴染みです。,,
2295,pardon,/ˈpɑːrdn/,名詞、動詞、間投詞,【名】許し、寛大、恩赦<br>【動】許す<br>【間】失礼、何とおっしゃいましたか？,罪や失礼などを「許す」こと。日常会話で聞き取れなかった際に Beg your pardon?（もう一度おっしゃってください）として使われます。,,
2296,reserve,/rɪˈzɜːrv/,動詞、名詞,【動】予約する、取っておく、保留する<br>【名】蓄え、保留、控え、保護区,レストランの席などを「予約する」のほか、将来のために権利や資金を「取っておく、保留する（All rights reserved：禁無断転載）」ことも。,,
2297,assist,/əˈsɪst/,動詞、名詞,【動】手助けする、援助する、助ける<br>【名】手助け、アシスト,主体的に行う人を脇からサポートする「手助け・アシストをする」ことを指します（help より少し硬い表現です）。,,
2298,decorate,/ˈdekəreɪt/,動詞,飾る、装飾する、勲章を授ける,部屋やツリーをリボンや花、ペンキなどで綺麗に「飾り付ける、デコレーションする」ことを言います。名詞形は decoration。,,
2299,seat,/siːt/,名詞、動詞,【名】座席、席、定員、議席<br>【動】（人を）座らせる、席を設ける,名詞の「席、座席」のほか、他動詞として「人を座らせる（Please be seated：お座りください）」という使い方が極めて重要です。,,
2300,laughter,/ˈlæftər/,名詞,笑い、笑い声,人が笑う「笑い、笑い声」を表す不可算名詞（数えられない名詞）です（具体的な「笑う行為、クスッとする笑い」は a laugh と可算名詞になります）。,,
2301,appearance,/əˈpɪərəns/,名詞,外見、様子、出現、登場,人の「身だしなみ、外見、見た目の様子（physical appearance）」のほか、公の場やテレビ、裁判所に「登場する、出現すること」を指します。,,
2302,risk,/rɪsk/,名詞、動詞,【名】危険、リスク、冒険<br>【動】危険を冒す、命を賭ける,自ら選択した行動に伴う「潜在的な損失・危険性（リスク）」を指します。at risk of 〜（〜の危険に晒されて）、take a risk（危険を冒す）。,,
2303,twin,/twɪn/,名詞、形容詞、動詞,【名】双子、そっくりなものの一方<br>【形】双子の、対の<br>【動】一対にする,二人同時に生まれた「双子（の片方）」を指します（通常 twins と複数形です）。一卵性双生児は identical twins。,,
2304,jam,/dʒæm/,名詞、動詞,【名】ジャム、混雑、窮地<br>【動】詰め込む、作動しなくなる,パンに塗る「ジャム」のほか、交通の「渋滞（traffic jam）」、また機械に異物が挟まって「動かなくなる、ジャムる」ことを意味します。,,
2305,spirit,/ˈspɪrɪt/,名詞、動詞,【名】精神、魂、気性、アルコール、活力<br>【動】さらう,肉体（body）に対する人間の「精神、ソウル」のほか、お化け（幽霊・悪霊）、チームなどの「士気、やる気（team spirit）」を意味します。,,
2306,brain,/breɪn/,名詞、動詞,【名】脳、頭脳、優秀な人<br>【動】脳を殴る,人や動物の器官である「脳、脳みそ」のほか、組織の頭脳となる「優秀なリーダー、専門家（brain drain：頭脳流出）」を指すことも。,,
2307,security,/sɪˈkjʊərəti/,名詞、形容詞,【名】安全、警備、保証、有価証券<br>【形】防犯の、安全保障の,空港などの「警備、防犯」や、データの「セキュリティ、安全性」のほか、複数形 securities で金融の「有価証券」を指す重要語です。,,
2308,interaction,/ˌɪntərˈækʃn/,名詞,相互作用、交流、対話,人と人との「交流、コミュニケーション、対話」や、物質・アイデア同士が影響し合う「相互作用」を指します。,,
2309,bilingual,/ˌbaɪˈlɪŋɡwəl/,形容詞、名詞,【形】二言語（バイリンガル）の<br>【名】バイリンガル,二つの異なる言語（例：日本語と英語）を同等に、流暢に話すことができる能力や人を表します。,,
2310,involved,/ɪnˈvɒlvd/,形容詞、動詞,【形】関与している、巻き込まれた、複雑な<br>【動】（involveの過去形・過去分詞）,get involved in 〜（〜に関わる、首を突っ込む、巻き込まれる）という形で、日常・ビジネスを問わず最頻出の形容詞です。,,
2311,fantastic,/fænˈtæstɪk/,形容詞、名詞,【形】素晴らしい、空想的な、とてつもない<br>【名】突飛な考えの人,日常会話で「ものすごく素晴らしい、最高だ（cool や great を超える強い賛辞）」という意味の最重要褒め言葉です。,,
2312,private,/ˈpraɪvət/,形容詞、名詞,【形】私的な、個人的な、民間の、非公開の<br>【名】一等兵,公の（public）の対義語。個人のプライベートに関する「私的な」こと。private enterprise（民間企業）、in private（非公式に、秘密裏に）。,,
2313,male,/meɪl/,形容詞、名詞,【形】男性の、雄の<br>【名】男性、オス,女性・メス（female）の対義語。生物の性別としての「オス、男性」全般を指します（書類の性別欄などで使われます）。,,
2314,aged,/eɪdʒd/,形容詞、動詞,【形】〜歳の、高齢の、年老いた<br>【動】（ageの過去形・過去分詞）,aged 5 で「5歳の」を意味する（at the age of 5と同義）ほか、the aged で「（総称して）お年寄り、高齢者（the elderly と同義）」となります。,,
2315,recent,/ˈriːsnt/,形容詞,最近の、近頃の,"recent years（近年）や ""recent study""（最近の研究）のようによく使われます。副詞形は recently。",,
2316,afterward,/ˈæftərwərd/,副詞,その後、後で,afterward / afterwards の形があります。ある出来事のあとで、次に何かが起きることを示します。,,
2317,nearly,/ˈnɪərli/,副詞,ほとんど、ほぼ、もう少しで,nearly finished（ほぼ完了して）などの形で、ほとんど100%に近い状態を表します。,,
2318,occasionally,/əˈkeɪʒnəli/,副詞,時々、たまに、折に触れて,sometimes よりも頻度が低く、たまに（思い出したように）何かが起こる様子を表します。,,
2319,seldom,/ˈseldəm/,副詞,めったに〜ない,否定語として、何かが起こる頻度が極めて低いことを表します（rarely とほぼ同義）。,,
2320,throughout,/θruːˈaʊt/,前置詞、副詞,【前】〜の至る所に、〜の間ずっと<br>【副】最初から最後まで,時間的、空間的な全体を指す言葉です（例：throughout the world：世界中で）。,,
2321,unlike,/ʌnˈlaɪk/,前置詞、形容詞、名詞,【前】〜と違って、〜らしくない<br>【形】似ていない,like（〜のように）の対義語で、他と比較して「〜とは異なり」と対比する際に使われます。,,
2322,beyond,/bɪˈjɒnd/,前置詞、副詞、名詞,【前】〜を越えて、〜の向こうに、〜の能力を超えて,物理的な距離だけでなく、能力や理解の限界を超えている状態も指します（beyond control：制御不能など）。,,
2323,within,/wɪˈðɪn/,前置詞、副詞、名詞,【前】〜の内部に、〜の範囲内で<br>【副】内部で,時間、空間、規則などの「〜の範囲内（以内）に」収まっていることを意味します（within 3 days：3日以内に）。,,
2324,nor,/nɔːr/,接続詞、副詞,〜もまた〜ない,"否定をさらに重ねる際に使われます。""neither A nor B""（AでもBでもない）の形が非常に有名です。",,
2325,unless,/ənˈles/,接続詞,〜でない限り、〜もしなければ,"条件を示し、""if ... not""（もし〜でなければ）とほぼ同じ役割を果たします。",,
2326,ought,/ɔːt/,助動詞、名詞、代名詞,【助】〜すべきである、当然〜のはずだ,ought to do の形で should と同様に「〜すべきである、〜するはずだ」という義務や当然の予測を表します。,,
2327,whether,/ˈweðər/,接続詞,〜かどうか、〜であろうとなかろうと,whether A or B（AかBか、AであろうとBであろうと）の形で、選択肢や不確実な事実を示す際に多用されます。,,
2328,educate,/ˈedʒukeɪt/,動詞,教育する、指導する、教える,学校などで知識を教えるだけでなく、人の才能や知識を「育てる、教育する」ことを意味します。名詞形は education。,,
2329,inform,/ɪnˈfɔːrm/,動詞,知らせる、通知する、情報を与える,inform A of B（AにBを知らせる）の形で使われます。情報そのものを information と言います。,,
2330,select,/sɪˈlekt/,動詞、形容詞、名詞,【動】（慎重に）選ぶ、選択する<br>【形】選り抜きの、上等な,多くの選択肢の中から、目的を持って「慎重に選び取る」ことを意味します。名詞形は selection。,,
2331,floating,/ˈfloʊtɪŋ/,形容詞、名詞、動詞,【形】浮かんでいる、浮動する、流動的な<br>【名】浮遊,水面や空気中に「プカプカ浮かんでいる」状態のほか、浮動的な人口・金利などを指す場合にも使われます。,,
2332,text,/tekst/,名詞、動詞,【名】本文、文章、テキスト、教科書<br>【動】（携帯で）メッセージを送る,本の「本文」や、携帯電話のテキストメッセージ、また動詞として「メッセージを送信する」という意味もあります。,,
2333,score,/skɔːr/,名詞、動詞,【名】得点、スコア、成績、多数（二十）<br>【動】得点する、記録する,試験やスポーツの「得点」のほか、音楽の「楽譜」の意味もあります。また a score of 〜 で「20個の〜、多数の〜」を意味します。,,
2334,period,/ˈpɪəriəd/,名詞、形容詞、間投詞,【名】期間、時代、ピリオド（文末の点）,一定のまとまった「期間、時代」を意味します。文末に打つ「ピリオド（終止符）」もこれです。,,
2335,behavior,/bɪˈheɪvjər/,名詞,行動、振る舞い、挙動,人や動物がとる「行動、振る舞い、挙動、マナー」を表す不可算名詞（数えられない名詞）です。動詞形は behave。,,
2336,source,/sɔːrs/,名詞、動詞,【名】源、源泉、情報源、ソース<br>【動】（部品などを）調達する,水の「水源」から、情報の「情報源（ソース）」、またはビジネスにおいて部品を「調達・仕入れる（outsourceなど）」ことも。,,
2337,carbon,/ˈkɑːrbən/,名詞,炭素、カーボン、炭素写し,元素記号 C の「炭素」のこと。carbon dioxide で「二酸化炭素（CO₂）」となり、環境問題の文脈で頻出します。,,
2338,shape,/ʃeɪp/,名詞、動詞,【名】形、体形、状態<br>【動】形づくる、形成する,物の「形」や、体調が良い状態（in good shape）を表すほか、人格などを「形成する」という動詞としてもよく使われます。,,
2339,distance,/ˈdɪstəns/,名詞、動詞,【名】距離、道のり、間隔、遠方<br>【動】距離を置く,物理的な距離（distance between A and B）のほか、人間関係で「一定の距離を置く」という動詞用法も重要です。,,
2340,responsibility,/rɪˌspɒnsəˈbɪləti/,名詞,責任、義務、責務,個人や組織が引き受けるべき「責任」を指します。take responsibility for 〜 で「〜に責任を持つ」。,,
2341,athlete,/ˈæθliːt/,名詞,アスリート、運動選手,陸上競技や各種スポーツで鍛えられた「運動選手、アスリート」を指します。形容詞形は athletic。,,
2342,loss,/lɒs/,名詞,損失、紛失、喪失、敗北,lose（失う）の名詞形。経済的な「損失（利益 profit の対義語）」や、物・人を「失うこと」を意味します。,,
2343,statement,/ˈsteɪtmənt/,名詞,発言、声明、言明、明細書,公式に述べられた「声明、意見、発言」のほか、銀行口座の「取引明細書（bank statement）」なども指します。,,
2344,professor,/prəˈfesər/,名詞,教授,大学における教員の最高位である「教授（プロフェッサー）」を意味します。,,
2345,organization,/ˌɔːrɡənaɪˈzeɪʃn/,名詞,組織、団体、編成、整理,企業、NGO、政府などの公的な「組織・団体」を指すほか、物事を「整理整頓・計画すること（organizeの名詞形）」も意味します。,,
2346,mate,/meɪt/,名詞、動詞,【名】仲間、相棒、つがいの一方<br>【動】交尾する、つがいにする,class-mate（同級生）や room-mate（同居人）のように「仲間」を指すほか、イギリスやオーストラリアでは日常の呼びかけに多用。,,
2347,goods,/ɡʊdz/,名詞,商品、物品、財産,売買される具体的な「商品、品物」を指す、常に複数形で扱われる名詞です（例：consumer goods：消費財）。,,
2348,creature,/ˈkriːtʃər/,名詞,生物、創造物、生き物,create（創造する）から派生した言葉で、人間を含むあらゆる「生き物、生物、被造物」を指します。,,
2349,weight,/weɪt/,名詞、動詞,【名】重さ、体重、重量、重要性<br>【動】重りをつける,物や体の「重さ、体重」を指します。gain weight（太る）、lose weight（痩せる）。,,
2350,impression,/ɪmˈpreʃn/,名詞,印象、感銘、印刷,第一印象（first impression）などのように、人や物から受ける心の「印象、影響」を表します。,,
2351,violence,/ˈvaɪələns/,名詞,暴力、暴力行為、激しさ,物理的な力による「暴力行為」を指すほか、嵐などの「猛烈さ、激しさ」を表すこともあります。形容詞形は violent。,,
2352,majority,/məˈdʒɒrəti/,名詞、形容詞,【名】大部分、多数、過半数、成人<br>【形】多数派の,minority（少数派）の対義語。過半数を超える「大多数」を意味し、the majority of 〜（〜の大部分）の形でよく使われます。,,
2353,equipment,/ɪˈkwɪpmənt/,名詞,設備、装置、備品、道具,特定の目的のために備え付けられた「機材、装置、設備全般」を指す不可算名詞（数えられない名詞）です。,,
2354,stranger,/ˈstreɪndʒər/,名詞,見知らぬ人、他人、不慣れな人,自分が面識のない「見知らぬ人（赤の他人）」を表します。I am a stranger here. で「私はこの土地に不慣れです（初めてです）」の意に。,,
2355,fiction,/ˈfɪkʃn/,名詞,フィクション、小説、作り話,事実に基づかない、想像で作られた物語や「小説、フィクション」を指します（ノンフィクション non-fiction の対義語）。,,
2356,technique,/tekˈniːk/,名詞,技法、技術、手法、テクニック,芸術、スポーツ、科学技術などで必要な、専門的で洗練された「技能、アプローチ」を指します（technology より個人的・職人芸的）。,,
2357,horror,/ˈhɒrər/,名詞,恐怖、戦慄、ホラー（恐怖物）,ゾッとするような、強い「恐怖感、嫌悪感」を表します。ホラー映画（horror movie）や、戦争の悲惨さ（horrors of war）などに。,,
2358,ladder,/ˈlædər/,名詞、動詞,【名】はしご、出世の段階<br>【動】はしごを登る,壁に立てかけて登る「はしご」のほか、career ladder などのように「出世の階段（地位・ステップ）」を表す比喩としても使われます。,,
2359,billion,/ˈbɪljən/,名詞、形容詞,【名】10億<br>【形】10億の,"数の単位「10億（1,000,000,000）」を指します。",,
2360,youth,/juːθ/,名詞,青春時代、若さ、若者たち,人生の「若い頃、青春期」や「若さ」を意味するほか、the youth で「若者たち（集合名詞）」を指すこともあります。,,
2361,scholar,/ˈskɒlər/,名詞,学者、奨学生,特定の学問分野における高い知識を持つ「学者」を意味します。また奨学金（scholarship）を受ける学生を指すことも。,,
2362,lecture,/ˈlektʃər/,名詞、動詞,【名】講義、講演、小言<br>【動】講義する、小言を言う,大学などの「講義、授業、レクチャー」のほか、説教（お説教、小言）を意味することもあります。,,
2363,weapon,/ˈwepən/,名詞、動詞,【名】武器、兵器、対抗手段<br>【動】武器を与える,銃、剣、爆弾などの物理的な「兵器、武器」を指すほか、交渉などにおける「対抗手段（カード）」を意味することもあります。,,
2364,shelf,/ʃelf/,名詞,棚、棚状の場所,本棚（bookshelf）や食器棚など、物を載せるための平らな「棚（たな）」を指します。複数形は shelves と変化します。,,
2365,universe,/ˈjuːnɪvɜːrs/,名詞,宇宙、万物、全人類,地球や天体すべてを含む「全宇宙（万物）」を意味します。宇宙空間は space や cosmos、地球外は outer space などと言います。,,
2366,electricity,/ɪˌlekˈtrɪsəti/,名詞,電気、電力、強烈な興奮,日常的に使われる「電気、電力」を表します。,,
2367,storm,/stɔːrm/,名詞、動詞,【名】嵐、暴風雨、大騒ぎ<br>【動】嵐になる、激怒して襲う,雨風の激しい「嵐」を指します。また比喩的に、批判などが一気に押し寄せる「大騒動、嵐（storm of criticism）」なども。,,
2368,plenty,/ˈplenti/,代名詞、副詞、名詞,【代】十分な量、たくさん<br>【副】十分に<br>【名】豊富、豊かさ,plenty of 〜 の形で「たくさんの〜、十分すぎるほどの〜（可算・不可算のどちらにも使えます）」という意味になります。,,
2369,advertising,/ˈædvərtaɪzŋ/ -> /ˈædvərtaɪzɪŋ/,名詞,広告（活動）、宣伝、広告業,個々の広告の成果物（advertisement / ad）に対し、メディアを使った「広告活動、宣伝活動、広告業界全体」を指す不可算名詞です。,,
2370,expensive,/ɪkˈspensɪv/,形容詞,高価な、値段が高い,値段が「高い、高価である（cheap 安いの対義語）」ことを表します。,,
2371,favorite,/ˈfeɪvərɪt/,形容詞、名詞,【形】お気に入りの、一番好きな<br>【名】お気に入り、本命（馬など）,複数のお気に入りのなかでも「最もお気に入り、一番大好きな」状態を指します。,,
2372,minor,/ˈmaɪnər/,形容詞、名詞、動詞,【形】重要でない、少数の、マイナーな<br>【名】未成年者、副専攻（大学の）<br>【動】副専攻する,major（主要な、専攻）の対義語。重要でない「些細な、比較的小さな（minor problem：軽微な問題）」ことや、法律上の「未成年者」を指します。,,
2373,excellent,/ˈeksələnt/,形容詞,優秀な、きわめて素晴らしい、見事な,質、実力、状態が並外れて「きわめて優秀・素晴らしい（great より高い賞賛）」ことを意味します。名詞形は excellence。,,
2374,considerable,/rɪˈsɪdərəbl/ -> /kənˈsɪdərəbl/,形容詞,かなりの、相当な、注目に値する,数量、金額、規模などが無視できないほど「かなりの、相当大きな（considerable amount of money：かなりの額のお金）」様子。,,
2375,sensitive,/ˈsensətɪv/,形容詞、名詞,【形】敏感な、感傷的な、機密の、思いやりのある<br>【名】敏感な人,刺激に対して「敏感・感受性が強い」様子。人の気持ちを慮る「思いやりがある」意味や、情報が「機密性の高い（取扱注意の）」意も。,,
2376,urban,/ˈɜːrbən/,形容詞,都市の、都会の,地方・田舎（rural）の対義語で、ビルや人口が密集した「都市の、都会風の（urban planning：都市計画）」を指します。,,
2377,biological,/ˌbaɪəˈlɒdʒɪkl/,形容詞,生物学的な、生物上の、血のつながった,生物学（biology）に関する事柄。また、養親（adoptive parents）に対して、遺伝的な「実の親（biological parents）」を指す際にも使われます。,,
2378,instantly,/ˈɪnstəntli/,副詞,即座に、すぐに、即刻,時間を全くおわずに、その場で「一瞬のうちに、すぐに」物事を行うことを意味します（immediately に近いです）。,,
2379,relatively,/ˈrelətɪv/ -> /ˈrelətɪvli/,副詞,比較的、相対的に、割合に,absolute（絶対的）に対する表現。他と比較して「（他のものと比べると）割合、比較的（relatively easy：比較的簡単）」であることを意味します。,,
2380,definitely,/ˈdefɪnətli/,副詞,絶対に、確実に、その通り,疑いの余地なく、100%「絶対に、確実に（確たる意志を持って）」と言い切る際に多用されます（日常会話の相槌でも頻出）。,,
2381,mostly,/ˈmoʊstli/,副詞,主に、大部分は、たいてい,mainly や mostly と同様に、全体の大部分が特定の要素によって占められていることを表します。,,
2382,overnight,/ˌoʊvərˈnaɪt/,副詞、形容詞、名詞、動詞,【副】一晩中、一晩で、急に<br>【形】一晩の、翌日配送の、突然の<br>【名】一晩の滞在<br>【動】一晩過ごす,一晩を越えること（overnight stay：一泊）。また比喩的に、名声などを「一晩にして、急に（overnight success：一夜にしての成功）」得る際にも。,,
2383,accidentally,/ˌæksɪˈdentəli/,副詞,偶然に、誤って、うっかり,意図的に（deliberately / intentionally）の対義語。計画せず「偶然に」起こったことや、誤って「うっかり（ミスで）」起こしてしまったこと。,,
2384,clap,/klæp/,動詞、名詞,【動】（手を）叩く、拍手する<br>【名】拍手、ピシャリという音,歓迎や称賛のために「（パチパチと）手を叩く、拍手する」動作を指します。,,
2385,oblige,/əˈblaɪdʒ/,動詞,義務づける、強いる、恩恵を施す,法律や義務感から、人に「〜せざるを得なくさせる（義務づける）」こと。be obliged to do（〜せざるを得ない）、Much obliged.（感謝します）。,,
2386,appoint,/əˈpɔɪnt/,動詞,指名する、任命する、日時を決める,人を特定の役職に「任命する（appoint A as B）」こと。appointment（約束、任命）の動詞形です。,,
2387,kid,/kɪd/,名詞、動詞、形容詞,【名】子供、若者、子ヤギ<br>【動】冗談を言う、からかう<br>【形】子供の,child の日常会話的なくだけた言葉（子供）です。また動詞として I'm kidding.（冗談だよ、からかっているだけだよ）の形でも頻出。,,
2388,tap,/tæp/,名詞、動詞,【名】蛇口、タップ、軽く叩くこと<br>【動】軽く叩く、タップする、盗聴する,指先やペン先でコツコツと「軽く叩く（タップする）」動作のほか、水道の「蛇口（英）」を意味することもあります。,,
2389,rank,/ræŋk/,名詞、動詞、形容詞,【名】階級、順位、ランク<br>【動】位置づける、格付けする<br>【形】（においなどが）ひどく不快な,組織や軍隊での「階級、ランク」や、データにおける「順位」を指します。動詞として「順位を占める（rank first：1位を占める）」など。,,
2390,democracy,/dɪˈmɒkrəsi/,名詞,民主主義、民主政治、民主国家,国民が主権を持ち、選挙で選ばれた代表者が政治を行うシステム「民主主義、デモクラシー」を指します。,,
2391,profile,/ˈproʊfaɪl/,名詞、動詞,【名】プロフィール、人物像、横顔、目立つこと<br>【動】（人物像を）紹介する,人物紹介の「プロフィール」のほか、顔の「横顔」を指します。keep a low profile で「目立たないようにする、低姿勢を保つ」。,,
2392,frame,/freɪm/,名詞、動詞,【名】骨組み、枠、フレーム、体格<br>【動】枠にはめる、組み立てる、罪に陥れる,写真や窓の「額縁、枠（フレーム）」や、建物の「骨組み」を指すほか、動詞として理論を「組み立てる」、人を「罠にはめる（罪をでっちあげる）」の意も。,,
2393,trap,/træp/,名詞、動詞,【名】罠、わな、落とし穴、窮地<br>【動】罠にかける、閉じ込める,獲物を捕らえる「罠（トラップ）」を意味します。be trapped in 〜 で「〜に閉じ込められて逃げられない」という形でよく使われます。,,
2394,constitution,/ˌɒnstɪˈtjuːʃn/ -> /ˌkɒnstɪˈtjuːʃn/,名詞,憲法、体質、構成、設立,一国の最高法規である「憲法」のほか、人間の「体質（physical constitution）」や、組織などの「構成・設立」を意味します。,,
2395,circulation,/ˌsɜːrkjəˈleɪʃn/,名詞,循環、流通、発行部数,血液や空気、貨幣の「循環、流通」を指すほか、新聞や雑誌の「発行部数（circulation number）」を意味する重要な言葉です。,,
2396,core,/cɔːr/ -> /kɔːr/,名詞、形容詞、動詞,【名】芯、中心、中核、コア<br>【形】中核の、重要な<br>【動】芯をくり抜く,りんごなどの「芯（中心部）」から、プロジェクトやビジネスの「中核、もっとも重要な部分（コア）」を指します。,,
2397,disability,/ˌdɪsəˈbɪləti/,名詞,（身体・精神の）障害、無力,身体的・精神的なハンディキャップ「障害、ディサビリティ」を意味します。people with disabilities で「障害を持つ人々」。,,
2398,fellow,/ˈfeloʊ/,名詞、形容詞、動詞,【名】仲間、同僚、やつ、フェロー（研究員）<br>【形】仲間の、同僚の,自分と同じ立場にある仲間（fellow citizens：同胞の市民、fellow students：同級生）を指すほか、くだけた口語で「やつ、男」を指します。,,
2399,concrete,/ˈkɒŋkriːt/,名詞、形容詞、動詞,【名】コンクリート<br>【形】具体的な、明確な<br>【動】固める,建築素材の「コンクリート」のほか、抽象的（abstract）の対義語としての「具体的な（concrete evidence：具体的な証拠）」の意味が重要です。,,
2400,exhausted,/ɪɡˈzɔːstɪd/,形容詞,疲れ果てた、使い果たされた,体力、気力、または資源などを「完全に使い果たして、くたくたに疲れ果てた」極限の状態を表します。名詞形は exhaustion。,,
2401,minimum,/ˈmɪnɪməm/,名詞、形容詞,【名】最小限、最低限<br>【形】最小限の、最低の,maximum（最大限の）の対義語。minimum wage（最低賃金）などの組み合わせでお馴染みです。,,
2402,latter,/ˈlætər/,形容詞、名詞,【形】後者の、後半の<br>【名】（the latterで）後者,former（前者）の対義語。二つのうちの「後者（the latter）」を指すほか、世紀の「後半（the latter half of the century）」などで使われます。,,
2403,refreshing,/rɪˈfreʃɪŋ/,形容詞,さわやかな、すがすがしい、気分を一新させる,疲れた体や気分をすっきりと回復させる「さわやかな、すがすがしい（refreshing drink：さわやかな飲み物）」様子。,,
2404,thrilled,/θrɪld/,形容詞,ワクワクして、とても興奮して、大喜びの,楽しみにしていたことが実現したり、素晴らしいことが起きて「胸がワクワクして興奮している」状態を表します。,,
2405,inner,/ˈɪnər/,形容詞、名詞,【形】内側の、内部の、精神的な<br>【名】内側、インナー,物理的に「内側の（outerの対義語）」のほか、心の内なる世界（inner peace：心の平和、inner voice：心の声）を指します。,,
2406,precisely,/prɪˈsaɪsli/,副詞,正確に、まさに、精密に、その通り,exactly と同様に「寸分違わず正確に、まさに」という意味のほか、相槌として相手の意見に「まったくその通りです！」と同意するのにも使われます。,,
2407,scarcely,/ˈskeərsli/,副詞,ほとんど〜ない、かろうじて,程度や数量が「ほとんど〜ない（否定語、hardly とほぼ同義）」ことを意味します（scarcely any A：ほとんどAがない）。,,
2408,accordingly,/əˈkɔːrdɪŋli/,副詞,それに応じて、したがって、適切に,前の状況や決定を受けて「それに応じて、それにふさわしく（対応する）」こと、またはしたがって（therefore）を意味します。,,
2409,beneath,/bɪˈniːθ/,前置詞、副詞,【前】〜の下に、〜に値しない<br>【副】下に,under よりもやや硬いフォーマルな表現で、物理的に「〜の真下に」ある状態や、プライドなどが「〜するに値しない」様子を指します。,,
2410,sinking,/ˈsɪŋkɪŋ/,形容詞、名詞,【形】沈みつつある、衰えていく<br>【名】沈没,船などが「沈みつつある」物理的状況のほか、 sinking feeling で「（不吉な予感で）胸がスーッと冷たくなる、嫌な予感がする」という表現になります。,,
2411,rescue,/ˈreskjuː/,動詞、名詞,【動】（危険から）救出する、救う<br>【名】救出、レスキュー,災害、事故、または監禁などの危険な状態から人を「救い出す、救助する」ことです（save より物理的救出の意味が強いです）。,,
2412,screaming,/ˈskriːmɪŋ/,形容詞、名詞,【形】叫んでいる、悲鳴を上げる、耳障りな<br>【名】叫び、悲鳴,恐怖や苦痛、または興奮から「大声で悲鳴をあげている」状態を指します。,,
2413,continent,/ˈkɒntɪnənt/,名詞、形容詞,【名】大陸、本土<br>【形】節制している,地球上の巨大な陸地である「大陸（the Asian continent：アジア大陸など）」を指します。,,
2414,exception,/ɪkˈsepʃn/,名詞,例外、特例,ルールや標準から外れた「例外、特例」を指します。with the exception of 〜 で「〜を除いて（except for 〜 と同義）」。,,
2415,wisdom,/ˈwɪzdəm/,名詞,知恵、賢さ、学識、至言,単なる知識（knowledge）を超えた、人生経験や深い思慮に基づく「賢さ、知恵、英知」を指します。形容詞形は wise。,,
2416,barrier,/ˈbæriər/,名詞,障壁、バリア、障害、防壁,物理的なフェンスなどの「障壁、防壁」のほか、language barrier（言葉の壁）や心理的な「バリア（障壁）」も意味します。,,
2417,blossom,/ˈblɒsəm/,名詞、動詞,【名】（果樹の）花、開花<br>【動】（花が）開く、栄える,主にリンゴや桜などの果樹に咲く「花（桜は cherry blossoms）」を指します。動詞として才能が「開花する」ことも。,,
2418,tourism,/ˈtʊərɪzəm/,名詞,観光、観光旅行、観光事業,旅行者を楽しませる産業や経済活動全体、すなわち「観光（業）」を指します。,,
2419,genius,/ˈdʒiːniəs/,名詞、形容詞,【名】天才、特別な才能<br>【形】天才的な,並外れた知性や創造性を持つ「天才（人物）」、あるいは生まれつきの「卓越した才能」を指します。,,
2420,merit,/ˈmerɪt/,名詞、動詞,【名】長所、価値、メリット、功績<br>【動】値する,欠点（demerit）に対する「長所、メリット」のほか、評価に値する「価値、功績」を指します。動詞として「〜に値する（deserve と同義）」。,,
2421,circumstances,/ˈsɜːrkəmstænsɪz/,名詞,（取り巻く）状況、環境、事情、境遇,単数形 circumstance の複数形で、ある人や事件を取り巻く「諸事情、周囲の環境、生活境遇」を意味する重要な言葉です。,,
2422,companion,/kəˈpæniən/,名詞、動詞,【名】仲間、同行者、相棒<br>【動】同行する,旅や人生を共にする「同行者、仲間、連れ、ペット（companion animal）」を指す、温かみのある言葉です。,,
2423,executive,/ɪɡˈzekjətɪv/,名詞、形容詞,【名】（企業の）幹部、役員、重役、行政部<br>【形】管理職の、執行権のある,企業のトップマネジメント層である「重役、役員、エグゼクティブ」を指します。また、司法・立法に対する「行政（の）」を指すことも。,,
2424,theme,/θiːm/,名詞、動詞,【名】テーマ、主題、主題歌、作文<br>【動】テーマを設定する,芸術作品、会議、あるいはテーマパーク（theme park）などの、全体を貫く「中心的な主題、テーマ」を指します。,,
2425,bomb,/bɒm/,名詞、動詞,【名】爆弾、大失敗（米）<br>【動】爆撃する、大失敗する（米）,物理的な「爆弾」のほか、アメリカの口語で演劇や映画などが「大爆死・大失敗する（go bomb / bomb）」ことも意味します。,,
2426,tension,/ˈtenʃn/,名詞、動詞,【名】緊張、張り、張り詰めた空気<br>【動】張力を加える,国際関係などの「緊張（緊張状態）」や、体の筋肉、または紐がピンと引っ張られた「張力」を表します。形容詞形は tense。,,
2427,campaign,/kæmˈpeɪn/,名詞、動詞,【名】（組織的な）運動、キャンペーン、軍事行動<br>【動】運動を行う,選挙運動（election campaign）や、社会的な啓発運動、宣伝活動など、特定の目的のために組織的に行う「一連のキャンペーン」を意味します。,,
2428,inhabitant,/ɪnˈhæbɪtənt/,名詞,住民、居住者、生息動物,特定の地域、島、または家に住んでいる「住民（特に全体的な人口を指す際）」、またはそこに生息する「動物」を指します。,,
2429,logic,/ˈlɒdʒɪk/,名詞、形容詞,【名】論理、論理学、理屈<br>【形】論理的な,筋道の通った考え方「論理（ロジック）、理屈」を指します。形容詞形は logical。,,
2430,mechanism,/ˈmekənɪzəm/,名詞,仕組み、機構、メカニズム、装置,機械の「仕掛け、動作原理（メカニズム）」のほか、生体のシステムや、社会の「構造・仕組み（market mechanism：市場原理など）」を指します。,,
2431,curriculum,/kəˈrɪkjələm/,名詞,カリキュラム、教育課程,学校などの教育機関で編成される「教育課程、カリキュラム」のこと。複数形は curricula /kəˈrɪkjələ/ です。,,
2432,castle,/ˈkæsl/,名詞、動詞,【名】城、砦、キャッスル<br>【動】城に入れる、キャスリングする,王や貴族が住み、防衛用の壁に囲まれた「お城」を指します。,,
2433,extinction,/ɪkˈstɪŋkʃn/,名詞,絶滅、消滅、消火,動植物の「絶滅（extinctの名詞形）」を意味します。endangered species face extinction（絶滅危惧種が絶滅に瀕している）。,,
2434,purse,/pɜːrs/,名詞、動詞,【名】小銭入れ、財布、ハンドバッグ（米）、賞金<br>【動】（口元などを）すぼめる,主に女性が使う「小銭入れ」や、アメリカでは肩から下げる「ハンドバッグ（purse）」を指します。また、口元をギュッと「すぼめる（purse one's lips）」という動詞も。,,
2435,explosion,/ɪkˈsploʊʒn/,名詞,爆発、急増、破裂,爆弾などの「爆発（explode の名詞形）」のほか、人口や怒り、情報の「爆発的な急増（population explosion：人口爆発）」を意味します。,,
2436,bay,/beɪ/,名詞、動詞、形容詞,【名】湾、入り江、追いつめられた状態<br>【動】（猟犬が）吠え立てる<br>【形】赤褐色の,海が陸地に深く入り込んだ「湾（例：Tokyo Bay：東京湾）」を指します。また keep/hold A at bay で「A（危険や敵など）を寄せ付けない、阻む」という最重要表現も。,,
2437,penalty,/ˈpenəlti/,名詞,刑罰、罰金、ペナルティ、不利な点,法律違反に対する「罰則、刑罰、罰金（death penalty：死刑）」のほか、スポーツのルール違反に対する「ペナルティ」を意味します。,,
2438,virus,/ˈvaɪrəs/,名詞,ウイルス、病原体、（PCの）ウイルス,インフルエンザなどの「ウイルス（病原体）」のほか、コンピューターウイルスを意味します。,,
2439,pioneer,/ˌpaɪəˈnɪər/,名詞、動詞,【名】先駆者、開拓者、パイオニア<br>【動】開拓する、先頭に立って進める,新しい分野を最初に切り開いた「先駆者（パイオニア）」のこと、またはその分野を「開拓する、先頭に立って推進する」動詞です。,,
2440,youngster,/ˈjʌŋstər/,名詞,若者、子ども、少年,主に子供、10代の若者、あるいは「若い世代の人」を指す少し口語的な表現です。,,
2441,finding,/ˈfaɪndɪŋ/,名詞,（調査などの）結果、発見、裁定,調査、研究、あるいはアンケートによって得られた「調査結果、研究データ、知見（通常 findings と複数形になります）」を指します。,,
2442,opponent,/əˈpoʊnənt/,名詞、形容詞,【名】（試合・論争などの）相手、対戦相手、反対者<br>【形】対立する、反対の,試合の「対戦相手」や、政策などの「反対派、反対者（supporter 支持者の対義語）」を指します。,,
2443,telescope,/ˈtelɪskoʊp/,名詞、動詞,【名】望遠鏡<br>【動】はめ込み式に縮む・縮める,星を観察するための「望遠鏡」を指します（顕微鏡は microscope）。,,
2444,suicide,/ˈsuːɪsaɪd/,名詞、動詞、形容詞,【名】自殺、自殺行為、自滅<br>【動】自殺する<br>【形】自殺の,自分の命を自ら絶つ「自殺」を指します。commit suicide（自殺する）という組み合わせが一般的です。,,
2445,bullying,/ˈbʊliɪŋ/,名詞、形容詞,いじめ、脅迫,動詞 bully（いじめる）の現在分詞・動名詞形から。社会問題として頻出する語です。,,
2446,dinosaur,/ˈdaɪnəsɔːr/,名詞,恐竜、時代遅れのもの（人）,ギリシャ語の「恐ろしいトカゲ」が語源。比喩的に「巨大で時代遅れの組織や人物」を指すこともあります。,,
2447,protein,/ˈproʊtiːn/,名詞,タンパク質,語源はギリシャ語で「もっとも重要なもの」を意味する prōteios から。,,
2448,nutrition,/nuˈtrɪʃn/,名詞,栄養、栄養摂取、食物,形容詞形は nutritional（栄養上の）や nutritious（栄養価の高い）などがあります。,,
2449,emission,/ɪˈmɪʃn/,名詞,排出、放出、排出物,動詞 emit（放出する）の名詞形。環境問題において greenhouse gas emissions（温室効果ガス排出量）のように複数形でよく使われます。,,
2450,density,/ˈdensəti/,名詞,密度、濃度,形容詞 dense（密集した、濃い）の名詞形。population density で「人口密度」を意味します。,,
2451,pale,/peɪl/,形容詞,（顔色が）青白い、青ざめた、（色が）薄い,病気や恐怖で顔が白くなっている様子を表します。go pale（顔が青ざめる）の形でよく使われます。,,
2452,isolated,/ˈaɪsəleɪtɪd/,形容詞,孤立した、分離された、隔離された,動詞 isolate（孤立させる）の過去分詞形が形容詞化したもの。物理的または社会的に切り離された状態を表します。,,
2453,widespread,/ˈwaɪdspred/,形容詞,広範囲にわたる、普及している、蔓延している,wide（広く）と spread（広がる）が合わさった語。支持や被害などが広い範囲に及ぶ際に使われます。,,
2454,visible,/ˈvɪzəbl/,形容詞,目に見える、明らかな,反対語は invisible（目に見えない）。接尾辞 -ible は「〜できる」を意味し、視認可能であることを表します。,,
2455,striking,/ˈstraɪkɪŋ/,形容詞,著しい、際立つ、印象的な,動詞 strike（心に強い印象を与える）から派生。a striking resemblance で「著しい類似点、生き写し」の意味になります。,,
2456,excessive,/ɪkˈsesɪv/,形容詞,過度の、法外な、極端な,動詞 exceed（超える）や名詞 excess（過剰）の派生語。必要以上の度を越した状態を指します。,,
2457,shy,/ʃaɪ/,形容詞,内気な、恥ずかしがりの、臆病な,人見知りする性格などを表します。be shy of/about 〜 で「〜を恥ずかしがる、敬遠する」という意味もあります。,,
2458,alcoholic,/ˌælkəˈhɔːlɪk/,形容詞、名詞,【形】アルコール（中毒）の<br>【名】アルコール依存症患者,alcoholic beverages（アルコール飲料）のように名詞を修飾する形容詞として広く使われます。,,
2459,imaginary,/ɪˈmædʒɪneri/,形容詞,想像上の、架空の,imaginative（想像力豊かな）、imaginable（想像可能な）との意味の違い（混同に注意）が試験などでよく問われます。,,
2460,up-to-date,/ˌʌp tə ˈdeɪt/,形容詞,最新の、現代的な、時代に遅れない,情報、技術、流行などが現代の基準に合っていることを表します。反対語は out-of-date（時代遅れの）。,,
2461,liberal,/ˈlɪbərəl/,形容詞、名詞,【形】自由主義の、寛大な、気前の良い<br>【名】自由主義者,伝統や偏見にとらわれず、新しいアイデアを受け入れる寛容な姿勢を指すことが多いです。,,
2462,deaf,/def/,形容詞,耳が聞こえない、耳を貸さない,turn a deaf ear to 〜 で「〜に耳を貸さない、無視する」という重要な熟語表現があります。,,
2463,ecological,/ˌiːkəˈlɑːdʒɪkl/,形容詞,生態学的な、環境に優しい,名詞 ecology（生態学、環境）の形容詞形。環境保護に関連する文脈で非常によく使われます。,,
2464,absolutely,/ˌæbsəˈluːtli/,副詞,完全に、絶対に、全く,返事として Absolutely! と単独で使うと、「まったくその通り！」「もちろん！」という強い同意を表します。,,
2465,seemingly,/ˈsiːmɪŋli/,副詞,一見したところ、見たところ、外見上は,実際には異なるかもしれないが、表面上はそう見えるというニュアンスを含みます（例: a seemingly simple task「一見簡単そうな仕事」）。,,
2466,thoroughly,/ˈθɜːroʊli/,副詞,徹底的に、完全に、つくづく,形容詞 thorough（徹底的な、几帳面な）の副詞形。through（〜を通り抜けて）とスペルが似ているため混同に注意。,,
2467,wind,/wɪnd/ （動詞は /waɪnd/）,名詞、動詞,【名】風<br>【動】（ネジなどを）巻く、曲がりくねる,発音によって意味が異なります。風は /wɪnd/、巻く（時計のネジなど）や曲がりくねる（道など）は /waɪnd/ です。,,
2468,steer,/stɪr/,動詞、名詞,【動】操縦する、舵をとる、導く,steering wheel で車の「ハンドル」を意味します。比喩的に「組織やプロジェクトを導く」という意味でも使われます。,,
2469,crush,/krʌʃ/,動詞、名詞,【動】押しつぶす、平らげる、抑圧する<br>【名】一時的な恋、押しつぶすこと,have a crush on 〜 で「〜に（一時的な）片思いをする、ほれ込む」という口語表現があります。,,
2470,sequence,/ˈsiːkwəns/,名詞、動詞,連鎖、連続、順序、配列,物事が起こる一連の順序を指します。in sequence で「順番に、連続して」の意味になります。,,
2471,publicity,/pʌbˈlɪsəti/,名詞,宣伝、広告、広報、知名度,メディアなどを通じて広く世間に知れ渡ることを指します。bad publicity は「悪い噂、悪評」を意味します。,,
2472,summit,/ˈsʌmɪt/,名詞,首脳会談、（山の）頂上、頂点,主要国の指導者が集まる会議（サミット）としての意味が有名ですが、物理的な山の頂上も表します。,,
2473,blessing,/ˈblesɪŋ/,名詞,祝福、天恵、ありがたいこと,動詞 bless（祝福する）の名詞形。a blessing in disguise で「災い転じて福となる、不幸に見えて実はありがたいこと」という定番のイディオムです。,,
2474,junk,/dʒʌŋk/,名詞、動詞,【名】がらくた、クズ<br>【動】廃棄する,junk food（栄養価が低くカロリーの高い食品）や junk mail（迷惑メール、不要なダイレクトメール）のようによく使われます。,,
2475,synthetic,/sɪnˈθetɪk/,形容詞、名詞,【形】合成の、人工の、総合的な<br>【名】合成物質,自然にできたものではなく、化学プロセスなどで作られたものを指します。synthetic fibers（合成繊維）などの形で使われます。,,
2476,dispose,/dɪˈspoʊz/,動詞,処分する、配置する、〜する気にさせる,「処分する、捨てる」の意味では主に dispose of 〜 の自動詞パターンで使われるので、前置詞 of が必須です。,,
2477,awaiting,/əˈweɪtɪŋ/,動詞（現在分詞）,待ち望んでいる、〜を待つ,他動詞 await の現在分詞形。wait for と同義ですが、await の後ろには直接目的語を置きます。,,
2478,soaring,/ˈsɔːrɪŋ/,形容詞、動詞（現在分詞）,急上昇する、舞い上がる、そびえ立つ,動詞 soar（急上昇する）から派生。soaring prices（急騰する物価）のようにビジネスや経済のニュースでよく見かけます。,,
2479,glow,/ɡloʊ/,動詞、名詞,【動】白熱する、赤々と輝く、光を放つ<br>【名】白熱、輝き、ほてり,暗闇の中で穏やかに自ら光を放つ様子や、運動・興奮で顔がほてる様子を指します。,,
2480,migrate,/ˈmaɪɡreɪt/,動詞,移住する、渡る（鳥などが季節的に移動する）,鳥や魚の季節移動（渡り）のほかに、人が一時的に別の地域や国へ仕事などを求めて移動する際にも使われます。,,
2481,integrate,/ˈɪntɪɡreɪt/,動詞,統合する、溶け込ませる、人種差別を廃止する,バラバラのものを1つのまとまりにする意味があります。integrate A into B（AをBに統合する・溶け込ませる）の形でよく使います。,,
2482,chew,/tʃuː/,動詞、名詞,【動】噛む、よく考える<br>【名】噛むこと,chewing gum（チューインガム）でおなじみ。chew on 〜 で「〜についてじっくり考える」という比喩表現もあります。,,
2483,accommodate,/əˈkɑːmədeɪt/,動詞,収容する、宿泊させる、適応させる、もてなす,ホテルや乗り物などが「（一定の人数を）収容できる」という意味で非常によく使われる重要単語です。,,
2484,erase,/ɪˈreɪs/,動詞,消す、消去する,鉛筆や黒板の文字、または記憶・データを消し去ることを意味します。消しゴムは eraser と言います。,,
2485,inferred,/ɪnˈfɜːrd/,動詞（過去形・過去分詞）,推測した、暗示された,動詞 infer（推論する、推測する）の過去・過去分詞形。rが重なるスペル（inferred）に注意してください。,,
2486,ache,/eɪk/,名詞、動詞,【名】痛み、うずき<br>【動】痛む、痛むように切望する,headache（頭痛）や stomachache（腹痛）のように他の名詞の後ろについて「〜痛」を表す名詞を作ります。,,
2487,offending,/əˈfendɪŋ/,形容詞、動詞（現在分詞）,違反している、不快感を与える、問題の,動詞 offend（不快にさせる、罪を犯す）の現在分詞形。the offending smell で「問題の（不快な）臭い」などの意味になります。,,
2488,flourishing,/ˈflɜːrɪʃɪŋ/,形容詞、動詞（現在分詞）,繁栄している、盛んな、生い茂っている,動詞 flourish（繁栄する、生き生きと育つ）から派生。ビジネスや地域が非常にうまくいっている様子を表します。,,
2489,knit,/nɪt/,動詞、名詞,【動】編む、密着する、眉をひそめる<br>【名】編み物,最初のkは発音しない黙字（サイレントレター）です。knit one's brows で「眉をひそめる」という重要表現があります。,,
2490,fame,/feɪm/,名詞,名声、高名、評判,形容詞形は famous（有名な）。win fame で「名声を得る」という意味になります。,,
2491,interval,/ˈɪntərvl/,名詞,間隔、合間、休憩時間,時間的または空間的な「隔たり」を指します。演劇やコンサートの第1部と第2部の間の「幕間（休憩）」も表します。,,
2492,luggage,/ˈlʌɡɪdʒ/,名詞,手荷物、旅行用カバン,不可算名詞（数えられない名詞）なので、単数扱いになり、複数形の -s はつきません（baggageも同様です）。,,
2493,behalf,/bɪˈhæf/,名詞,利益、味方、支持,主に on behalf of 〜（〜を代表して、〜の代わりに）という重要熟語の形で用いられます。,,
2494,misery,/ˈmɪzəri/,名詞,悲惨さ、みじめさ、苦痛、貧困,形容詞形は miserable（みじめな、ひどく不快な）。極度の不幸や貧困による精神的・身体的な苦痛を表します。,,
2495,log,/lɔːɡ/,名詞、動詞,【名】丸太、（航海・航空の）記録、履歴<br>【動】記録する、丸太を切り出す,コンピュータの「ログイン(log in)」「ログアウト(log out)」の語源であり、活動の履歴や記録を意味します。,,
2496,deed,/diːd/,名詞,行為、行い、権利証書,特に道徳的、または際立った行為を指すことが多く、good deeds（善行）のような形でよく使われます。,,
2497,allowance,/əˈlaʊəns/,名詞,手当、小遣い、許容量、値引き,子供のお小遣いはもちろん、会社が支給する出張手当や、飛行機の手荷物許容量（baggage allowance）などにも使われます。,,
2498,headline,/ˈhedlaɪn/,名詞、動詞,【名】見出し、大ニュース<br>【動】見出しをつける、主役を務める,新聞の第一面を飾るような大きなニュースや、コンサートなどで「主役（ヘッドライナー）」を務める意味もあります。,,
2499,worm,/wɜːrm/,名詞、動詞,【名】虫（地を這う足のない虫）、寄生虫<br>【動】這って進む,昆虫のような脚のある虫（insect / bug）ではなく、ミミズや線虫などの細長く柔らかい虫を指します。,,
2500,odds,/ɑːdz/,名詞,可能性、確率、勝ち目、不和,常に複数形で使われます。The odds are that ... で「おそらく〜だろう」、against all odds で「万難を排して、予想を裏切って」となります。,,
2501,lottery,/ˈlɑːtəri/,名詞,宝くじ、抽選,win the lottery で「宝くじに当たる」という意味になります。運任せの物事全般を比喩的に指すこともあります。,,
2502,ratio,/ˈreɪʃioʊ/,名詞,比率、割合,2つの数量の相対的な関係（「対」の比率、例: 3対1など）を指します。全体に対する割合を表す rate や proportion と区別されます。,,
2503,whistle,/ˈwɪsl/,名詞、動詞,【名】口笛、笛、汽笛<br>【動】口笛を吹く、笛を鳴らす,最初の t は発音されない黙字（サイレントレター）です。,,
2504,chore,/tʃɔːr/,名詞,雑用、日常の不快な仕事、家事,主に household chores（家事の雑用、洗濯や掃除など）のように複数形でよく使われます。嫌な仕事の比喩にもなります。,,
2505,mayor,/ˈmeɪər/,名詞,市長、町長、自治体の長,市（city）の首長を指します。,,
2506,surveillance,/sɜːrˈveɪləns/,名詞,監視、見張り,surveillance camera（監視カメラ）などで非常によく目にする単語です。警察や治安当局による監視活動などを指します。,,
2507,trash,/træʃ/,名詞、動詞,【名】ゴミ、がらくた<br>【動】捨てる、荒らす,主にアメリカ英語で「（濡れていない）ゴミ、紙くずなど」を指します。イギリス英語では rubbish がよく使われます。,,
2508,lap,/læp/,名詞、動詞,【名】ひざ（座った時の腿の平らな部分）、（トラックの）1周<br>【動】（波などが）優しく打ち寄せる,laptop computer（ノートパソコン）の lap は、座ったときに「ひざの上に置いて使えるコンピュータ」ということに由来します。,,
2509,criteria,/kraɪˈtɪriə/,名詞（複数形）,基準、評価尺度,単数形は criterion /kraɪˈtɪriən/ です。通常、複数の評価基準があることが多いため、この複数形 criteria の形で頻繁に使われます。,,
2510,navy,/ˈneɪvi/,名詞、形容詞,【名】海軍<br>【形】紺色の、海軍の,紺色のことを navy blue と呼ぶのは、海軍の制服の色に由来しています。,,
2511,patch,/pætʃ/,名詞、動詞,【名】あて地、小さな土地、斑点<br>【動】つぎを当てる、修復する,ソフトウェアの修正プログラムを「パッチを当てる」と言うのは、この語が語源です。,,
2512,thermometer,/θərˈmɑːmɪtər/,名詞,温度計、体温計,thermo-（熱、温度）と -meter（測定器）が合わさった単語です。,,
2513,antiquity,/ænˈtɪkwəti/,名詞,古代、古さ、古物、古代の遺物,特に中世より前のギリシャ・ローマ時代などの「古代」を指します。骨董品を指す antique（アンティーク）の関連語です。,,
2514,irony,/ˈaɪrəni/,名詞,皮肉、当てこすり、予期せぬ結果,事実と反対のことを言って暗に批判することや、意図と正反対の結果になるような「運命の皮肉」を指します。,,
2515,collision,/kəˈlɪʒn/,名詞,衝突、不一致,動詞 collide（衝突する）の名詞形。物理的な衝突だけでなく、意見や利害の衝突にも用いられます。,,
2516,leather,/ˈleðər/,名詞、形容詞,【名】革、なめし革<br>【形】革製の,動物の皮膚を加工して作られた「本革」を指します。,,
2517,jewelry,/ˈdʒuːəlri/,名詞,宝石類、宝飾品,集合名詞で「不可算名詞（数えられない名詞）」です。指輪やネックレス個々を数えたい場合は a piece of jewelry と表現します。,,
2518,lane,/leɪn/,名詞,車線、小道、路地、コース,道路の「レーン（車線）」や、ボウリング、陸上競技のコース、田舎の狭い「小道」などを表します。,,
2519,bride,/braɪd/,名詞,花嫁、新婦,花婿・新郎は groom（または bridegroom）と言います。,,
2520,intervention,/ˌɪntərˈvenʃn/,名詞,介入、干渉、仲裁,動詞 intervene（介入する）の名詞形。国家間の政治的介入や、医療における治療的介入（medical intervention）などの場面で使われます。,,
2521,lightning,/ˈlaɪtnɪŋ/,名詞,稲妻、雷、雷光,不可算名詞です。「雷が鳴る（音）」は thunder と呼び、光としての「稲妻」は lightning と呼びます。スペルに e が入らない（lighteningではない）点に注意。,,
2522,column,/ˈkɑːləm/,名詞,柱、円柱、（新聞などの）コラム、縦の列,表計算ソフト（Excel等）での「列（縦列）」を指します（横行は row）。最後の n は発音しない黙字です。,,
2523,dust,/dʌst/,名詞、動詞,【名】ほこり、ちり<br>【動】ほこりを払う,不可算名詞です。動詞として使う場合は「ほこりをかぶる」ではなく「ほこりを払い落として掃除する」という意味になる点に注意。,,
2524,kindergarten,/ˈkɪndərɡɑːrtn/,名詞,幼稚園,ドイツ語の「子供たちの庭」が語源です。そのため、スペルが garden ではなく garten になっています。,,
2525,chapter,/ˈtʃæptər/,名詞,（書籍などの）章、（歴史・人生の）一区切り、支部,本の「第1章」などの意味に加え、「人生の新しい1ページ（章）」のような比喩表現でも頻出します。,,
2526,palace,/ˈpæləs/,名詞,宮殿、邸宅、豪華な建物,王族や元首が住む公式な宮殿を指します（Buckingham Palaceなど）。,,
2527,ward,/wɔːrd/,名詞、動詞,【名】病棟、病室、区（行政区画）、被後見人<br>【動】かわす、防ぐ,病院の特定の病棟（maternity ward: 産科病棟など）や、東京都の「区」などを表します。動詞 ward off で「（危険や病気を）防ぐ、払いのける」となります。,,
2528,equation,/ɪˈkweɪʒn/,名詞,方程式、等式、同一視、均衡,数学の「方程式」のほか、複雑な事態における「要素・関係性」を比喩的に指す場合もあります（例: a complicated equation）。,,
2529,syndrome,/ˈsɪndroʊm/,名詞,症候群、シンドローム、一連の兆候,特定の病気や精神的状態を示す複数の症状の集まりを指します（例: Down syndrome: ダウン症候群）。,,
2530,inflammation,/ˌɪnfləˈmeɪʃn/,名詞,炎症,体の組織が赤く腫れたり熱を持ったりする状態を指します。動詞 inflame（炎症を起こす、興奮させる）の名詞形です。,,
2531,pill,/pɪl/,名詞,錠剤、丸薬、（the pill で）経口避妊薬,固形の薬（錠剤）を指します。カプセル剤（capsule）や液剤（liquid medicine）と区別されます。,,
2532,oriented,/ˈɔːrientɪd/,形容詞,〜志向の、〜向けの、関心が〜に向いている,動詞 orient（方向づける）の過去分詞形から。family-oriented（家庭重視の、家族向けの）、detail-oriented（細部まで気を配る）のように他の名詞と結合してよく使われます。,,
2533,respectable,/rɪˈspektəbl/,形容詞,ちゃんとした、世間体の良い、尊敬すべき、かなりの,社会的基準に照らし合わせて「立派な、きちんとした」状態を指します。respectful（礼儀正しい）との違いに注意。,,
2534,contaminated,/kənˈtæmɪneɪtɪd/,形容詞、動詞（過去形・過去分詞）,汚染された、汚れた,動詞 contaminate（〜を汚染する）の過去分詞形。主に放射性物質や化学物質、細菌などによって水、空気、食品などが「汚染された」状態を指します。,,
2535,restless,/ˈrestləs/,形容詞,落ち着きがない、そわそわした、絶え間なく動く,rest（休息）+ -less（〜がない）で、不安や興奮のためにじっとしていられない状態を表します。,,
2536,diplomatic,/ˌdɪpləˈmætɪk/,形容詞,外交の、外交上の、駆け引き上手な,名詞 diplomacy（外交）の形容詞形。diplomatic relations で「外交関係」を意味します。,,
2537,helpless,/ˈhelpləs/,形容詞,無力な、どうすることもできない、助けのない,help（助け）+ -less（〜がない）で、自分では対処できず困り果てている状態を表します。,,
2538,sour,/ˈsaʊər/,形容詞、動詞,【形】酸っぱい、不機嫌な<br>【動】酸っぱくなる、気まずくなる,レモンや発酵した乳製品などの「酸っぱさ」を指します。比喩的に人間関係が「気まずくなる（sour）」という使い方もされます。,,
2539,notable,/ˈnoʊtəbl/,形容詞、名詞,【形】注目に値する、著名な、著しい<br>【名】著名人,動詞 note（注目する）+ -able（〜できる）から。a notable example で「注目すべき例」という意味になります。,,
2540,feminine,/ˈfemənɪn/,形容詞、名詞,【形】女性の、女性らしい<br>【名】女性（性）,伝統的に女性らしいとされる性質を表します。反対語は masculine（男性の、男性らしい）。文法における「女性名詞」も表します。,,
2541,inherent,/ɪnˈhɪrənt/,形容詞,本来備わっている、固有の、生来の,生まれつき、またはその物事の本質として不可欠な特徴として含まれている性質を指します。inherent risk で「固有の（避けられない）リスク」など。,,
2542,promising,/ˈprɑːmɪsɪŋ/,形容詞,前途有望な、見込みのある,動詞 promise（約束する、〜の兆候を示す）の現在分詞形容詞。a promising young athlete で「前途有望な若手アスリート」を指します。,,
2543,geological,/ˌdʒiːəˈlɑːdʒɪkl/,形容詞,地質学的な、地質上の,地球の構造や岩石の形成過程に関連する言葉です。名詞 geology（地質学）の形容詞形。,,
2544,countless,/ˈkaʊntləs/,形容詞,数え切れないほどの、無数の,count（数える）+ -less（〜がない）で、「数えることができないほど多い」状態を表します。,,
2545,autonomous,/ɔːˈtɑːnəməs/,形容詞,自治の、自主的な、自律的な、自動運転の,外部の支配や影響を受けずに自己決定できる状態。近年では autonomous vehicle で「自動運転車」を指す表現として頻出します。,,
2546,simultaneously,/ˌsaɪmlˈteɪniəsli/,副詞,同時に、一斉に,形容詞 simultaneous（同時の）の副詞形。複数の出来事が「まったく同じ瞬間に発生する」ことを意味します。,,
2547,utterly,/ˈʌtərli/,副詞,まったく、完全に、徹底的に,形容詞 utter（完全な）の副詞形。主に utterly useless（まったく役に立たない）、utterly destroyed（完全に破壊された）のように、否定的な語を強調する際によく使われます。,,
2548,drastically,/ˈdræstɪkli/,副詞,劇的に、徹底的に、過激に,形容詞 drastic（急激な、徹底的な）の副詞形。変化や削減が急激で非常に大きい様子を表します（例: reduce drastically: 劇的に削減する）。,,
2549,thereby,/ˌðerˈbaɪ/,副詞,それによって、その結果,文語的な語で、「前に述べた行為や出来事によって、結果として〜する」という因果関係を示します。,,
2550,owing,/ˈoʊɪŋ/,形容詞、動詞（現在分詞）,支払うべき、未払いの、原因が〜にある,主に owing to 〜（〜のために、〜が原因で）という群前置詞の形で because of と同様に用いられます。,,
2551,shatter,/ˈʃætər/,動詞、名詞,【動】粉々に砕く、打ち砕く<br>【名】破片、粉砕,ガラスなどが粉々に割れる物理的な現象だけでなく、shatter one's dreams（夢を打ち砕く）のように精神的な衝撃を表現する際にもよく使われます。,,
2552,endowed,/ɪnˈdaʊd/,形容詞、動詞（過去形・過去分詞）,（才能などを）授けられた、寄付された,動詞 endow（〜に才能を授ける、〜に財団を寄付する）の過去分詞。be endowed with 〜 で「（才能や資質を）授かっている、生まれつき持っている」という重要表現になります。,,
2553,rejoice,/rɪˈdʒɔɪs/,動詞,喜ぶ、嬉しく思う,非常にフォーマルで文語的な表現です。rejoice at/in 〜 で「〜を大いに喜ぶ」という意味になります。,,
2554,degrade,/dɪˈɡreɪd/,動詞,地位を下げる、品格を落とす、劣化させる、（生化学的に）分解する,grade（階級、評価）を de-（下げる）することから。環境汚染による自然の「劣化、荒廃」や、プラスチックの「生分解」などにも使われます。,,
2555,testify,/ˈtestɪfaɪ/,動詞,（法廷などで）証言する、証明する,法廷で事実であることを宣誓した上で述べることを指します。testify against/for 〜 で「〜に不利な/有利な証言をする」の意味になります。,,
2556,stalk,/stɔːk/,名詞、動詞,【名】（植物の）茎、葉柄<br>【動】（獲物に）忍び寄る、しつこくつきまとう,動詞としての「（動物や人を）そっと追跡する」という意味から、現代の「ストーカー行為をする」という意味が派生しました。,,
2557,proclaim,/prəˈkleɪm/,動詞,宣言する、公表する、はっきりと示す,国家や代表者が公式に声明や法律などを大衆に向けて宣言することを意味します（例: proclaim independence: 独立を宣言する）。,,
2558,applaud,/əˈplɔːd/,動詞,拍手を送る、称賛する,名詞形は applause /əˈplɔːz/（拍手喝采）。物理的な拍手だけでなく、他人の決定や行動を「称賛する、支持する」場合にもよく使われます。,,
2559,evacuated,/ɪˈvækjueɪtɪd/,動詞（過去形・過去分詞）,避難した、撤退した、立ち退いた,動詞 evacuate（避難させる、避難する）の過去分詞。災害時に「住民を安全な場所に避難させた」などの文脈でよく使われます。,,
2560,undone,/ʌnˈdʌn/,形容詞、動詞（過去分詞）,ほどけた、完了していない、破滅した,do の過去分詞 done に否定の un- がついたもの。leave a task undone で「仕事をやり残したままにする」という使われ方が代表的です。,,
2561,poke,/poʊk/,動詞、名詞,【動】（指や棒などで）つつく、突き出る<br>【名】つつくこと,指先などで軽くツンツンと突く動作を表します。poke one's nose into 〜 で「〜に余計な口を出す、首を突っ込む」という口語イディオムがあります。,,
2562,haunted,/ˈhɔːntɪd/,形容詞、動詞（過去形・過去分詞）,幽霊の出る、お化けの出る、苦しめられた,動詞 haunt（幽霊が出る、記憶などがつきまとう）の過去分詞。haunted house（お化け屋敷）という表現でおなじみです。,,
2563,dump,/dʌmp/,動詞、名詞,【動】（ゴミなどを）投げ捨てる、見捨てる<br>【名】ゴミ捨て場,ゴミなどを不法投棄する（illegal dumping）のほかに、口語では「恋人を振る、捨てる」という意味でも使われます。,,
2564,delete,/dɪˈliːt/,動詞,削除する、消去する,コンピュータのデータ、文字、ファイルなどを「消す」際によく使われる語です（キーボードの Delete キーなど）。,,
2565,reap,/riːp/,動詞,（作物を）刈り取る、収穫する、（利益などを）獲得する,農業の収穫だけでなく、比喩的に行動の結果としての「利益や報いを得る」という意味でも使われます（例: reap the benefits）。,,
2566,affirm,/əˈfɜːrm/,動詞,断言する、肯定する、確認する,事実であると確信を持って強く主張することを指します。名詞形 affirmation は「肯定、断言」です。,,
2567,immersed,/ɪˈmɜːrst/,形容詞、動詞（過去形・過去分詞）,浸された、没頭した,動詞 immerse（液体に浸す、没頭させる）の過去分詞。be immersed in 〜 で「〜に浸っている、〜に没頭している」というお決まりのパターンで非常によく使われます。,,
2568,extinguish,/ɪkˈstɪŋɡwɪʃ/,動詞,（火や光を）消す、（希望などを）失わせる、全滅させる,主に「火を消す」という意味で、消火器は fire extinguisher と呼びます。put out で言い換え可能です。,,
2569,preach,/priːtʃ/,動詞、名詞,【動】説教する、布教する、説く<br>【名】説教,宗教的な説教を行うことのほかに、一般的に「お説教をする、うんちくを垂れる」という少し批判的な文脈でも使われます。,,
2570,carriage,/ˈkærɪdʒ/,名詞,馬車、車両、客車、立ち振る舞い,電車の「車両（イギリス英語）」や、昔の「馬車」を指します。また、人が歩くときの姿勢（キャリッジ）という意味もあります。,,
2571,apparatus,/ˌæpəˈrætəs/,名詞,器具、装置、機構、組織,特定の目的（実験や医療など）のために設計された機械や器具一式を指します。また、国家の行政組織などの「機構」も表します。,,
2572,equator,/ɪˈkweɪtər/,名詞,赤道,地球を北半球と南半球に等しく（equal）分ける線という意味からきています。通常、the Equator と大文字で書き、冠詞 the を伴います。,,
2573,petroleum,/pəˈtroʊliəm/,名詞,石油、原油,地中から採掘される精製前の原油を指します。日常語の「ガソリン」は英語で gasoline / gas、イギリス英語では petrol と言います。,,
2574,witch,/wɪtʃ/,名詞,魔女、魔法使い,主に女性の魔法使いや魔女を指します（男性の場合は wizard などが使われます）。witchcraft で「魔法、魔術」です。,,
2575,vapor,/ˈveɪpər/,名詞、動詞,【名】蒸気、気体、水蒸気<br>【動】蒸発する,水蒸気（water vapor）などのように、液体や固体が気化した状態を指します。電子タバコを吸う行為「ベイプ（vape）」の語源です。,,
2576,complement,/ˈhɑːmplɪment/,名詞、動詞,【名】補完物、補足、（文法の）補語<br>【動】補完する、引き立てる,お互いを補い合って完全にするものを指します。スペルが酷似している compliment（お世辞、褒め言葉）との混同に非常に注意が必要です。,,
2577,queue,/kjuː/,名詞、動詞,【名】（順番を待つ）列、行列<br>【動】列を作る,主にイギリス英語で使われる表現で、アメリカ英語の line に相当します。jump the queue で「列に割り込む」という意味になります。,,
2578,temperament,/ˈtemprəmənt/,名詞,気質、気性、気難しい性格,生まれつき持っている感情的・精神的な特徴を指します。an artistic temperament（芸術家肌の気質）などのように用います。,,
2579,entity,/ˈentəti/,名詞,実体、独立した存在、存在物,他とは切り離されてそれ自体で独立して存在する組織や個体を指します。ビジネスの文脈では「法人・事業体」などの意味でもよく使われます。,,
2580,segment,/ˈseɡmənt/,名詞、動詞,部分、区分、セグメント、分割する,全体をいくつかに切り分けたうちの「一区分（ピース）」を指します。市場調査における「顧客セグメント（市場区分）」などでおなじみです。,,
2581,amendment,/əˈmendment/,名詞,（憲法や法律の）改正、修正案、改訂,動詞 amend（法案などを修正・改正する）の名詞形。アメリカ合衆国憲法の修正条項を Constitutional Amendments と呼びます。,,
2582,cosmos,/ˈkɑːzmoʊs/,名詞,宇宙、秩序、コスモス（秋桜）,単に物理的な空間としての宇宙（space）だけでなく、カオス（混沌: chaos）に対比される「秩序ある体系としての宇宙」を指します。植物のコスモスもこの語です。,,
2583,burglar,/ˈbɜːrɡlər/,名詞,強盗、不法侵入者、空き巣,夜間などに建物に不法に侵入して盗みを働く犯人を指します。路上でのひったくりや強盗は robber と呼ばれます。,,
2584,discourse,/ˈdɪskɔːrs/,名詞、動詞,【名】会話、対談、論説、談話<br>【動】語る、講演する,学術的または政治的なテーマに関する系統的な会話や論文などの長いまとまった議論・談話を指します。,,
2585,novelty,/ˈnɑːvlti/,名詞,珍しさ、新奇さ、目新しいもの,形容詞 novel（斬新な、新しい）の名詞形。観光地で売られる「ちょっとしたお土産・記念品」や販促用の安価なグッズ（ノベルティ）の意味でも用いられます。,,
2586,revenge,/rɪˈvendʒ/,名詞、動詞,【名】復讐、仕返し<br>【動】復讐する,個人的な恨みを晴らすための感情的な「報復」を指します。法的な制裁や正義に基づいた報復は vengeance（復讐）や avenge（復讐する）が使われることが多いです。,,
2587,activist,/ˈæktɪvɪst/,名詞,活動家、運動家,政治や環境、社会問題の改革を目指してデモやロビー活動などを積極的に行う人々を指します（例: environmental activist）。,,
2588,hatred,/ˈheɪtrɪd/,名詞,憎しみ、嫌悪,動詞 hate（嫌う）の名詞形。強い敵意や嫌悪の感情を指し、racial hatred（人種憎悪）などの表現でよく登場します。,,
2589,duration,/duˈreɪʃn/,名詞,持続、継続、存続期間,物事や状態が続いている「時間の長さ」を指します。for the duration of the flight（飛行している間ずっと）などのように使います。,,
2590,shortcoming,/ˈʃɔːrtkʌmɪŋ/,名詞,欠点、短所,期待される基準に「達していない（short）」ところから。主に人の性格、システム、製品などの弱点や欠陥を指し、複数形で用いられることが多いです。,,
2591,psychiatrist,/saɪˈkaɪətrɪst/,名詞,精神科医,精神疾患の治療を行い、薬を処方する権限を持つ医師。心理カウンセリングを中心に行う臨床心理士（psychologist）とは異なります。,,
2592,statesman,/ˈsteɪtsmən/,名詞,政治家（特に立派な、見識のある政治家）,単に当選を目指すだけの政治家（politician）とは異なり、国益や国際社会のために卓越した指導力と高い見識を持つ尊敬すべき「大物政治家」に対して使われます。,,
2593,subscriber,/səbˈskraɪbər/,名詞,加入者、購読者、チャンネル登録者,動詞 subscribe（定期購読する、登録する）の名詞形。オンラインサービス、動画配信サイト、新聞などの契約者を指します。,,
2594,midst,/mɪdst/,名詞,最中、真ん中,主に in the midst of 〜（〜の最中に、〜の真っ只中に）という形を取り、騒乱や困難などの渦中を表すのに用いられます。,,
2595,proficiency,/prəˈfɪʃnsi/,名詞,熟達、熟練、堪能、能力向上,形容詞形は proficient（熟達した）。language proficiency で「語学力」を指します。,,
2596,recollection,/ˌrekəˈlekʃn/,名詞,記憶、回想、思い出,動詞 recollect（思い出す）の名詞形。to the best of my recollection で「私の記憶する限りでは」という定番フレーズ。,,
2597,botanist,/ˈbɑːtənɪst/,名詞,植物学者,名詞 botany（植物学）に関連。-istは「〜する人（専門家）」を表します。,,
2598,integrity,/ɪnˈteɡrəti/,名詞,誠実、真摯、整合性、完全性,嘘偽りがなく、道徳的な原則を固守する姿勢を指します。データやシステムが「改ざんされていない完全な状態」を表すこともあります。,,
2599,cargo,/ˈkɑːrɡoʊ/,名詞,積み荷、貨物,船や飛行機、トラックなどで輸送される貨物全般を指します。cargo ship で「貨物船」。,,
2600,eruption,/ɪˈrʌpʃn/,名詞,（火山の）噴火、爆発、（感情などの）突然の噴出,動詞 erupt（噴火する）の名詞形。volcanic eruption（火山の噴火）。,,
2601,millionaire,/ˌmɪljəˈner/,名詞,百万長者、大富豪,資産やお金が100万ドル（またはポンド）以上ある人を指します。billionaire（億万長者）はさらにその上。,,
2602,ash,/æʃ/,名詞、動詞,【名】灰、火山灰<br>【動】灰にする,タバコの灰や、火山の噴火による灰（volcanic ash）などを指します。,,
2603,plantation,/plænˈteɪʃn/,名詞,（大規模な）農園、プランテーション,主に熱帯や亜熱帯地方で、ゴム・コーヒー・茶などの単一の作物を大量に栽培する大規模な農地。,,
2604,plow,/plaʊ/,名詞、動詞,【名】すき（耕起用具）、除雪車<br>【動】（畑を）耕す,イギリス英語では plough と綴られます。雪をかき分ける除雪車は snowplow。,,
2605,vending,/ˈvendɪŋ/,名詞、形容詞,販売、切り売り,動詞 vend（売る）から。vending machine（自動販売機）という表現で日常的に極めてよく用いられます。,,
2606,vegetation,/ˌvedʒəˈteɪʃn/,名詞,植生、植物、（ある地域の）全植物,特定の地域に生えている植物全体を指す学術的な集合名詞です。植物個々を指す plant とは区別されます。,,
2607,protocol,/ˈproʊtəkɔːl/,名詞、動詞,【名】外交儀礼、協定、規約、通信規約,IT分野での通信手順（プロトコル、例: HTTP）や、医療・科学実験の手順・実施計画などを指します。,,
2608,skyscraper,/ˈskaɪskreɪpər/,名詞,超高層ビル、摩天楼,「空（sky）を削るもの（scraper）」というユニークな語源を持つ語。,,
2609,accord,/əˈkɔːrd/,名詞、動詞,【名】合意、協定、調和<br>【動】一致する、与える,of one's own accord で「自発的に、自分の意志で」、in accord with 〜 で「〜と一致して、〜に従って」という重要熟語があります。,,
2610,bureaucrat,/ˈbjʊrəkræt/,名詞,官僚、役人,主に政府機関などで働くキャリア官僚を指します。形式的で融通の利かない役人を軽蔑的に指すこともあります。,,
2611,ultraviolet,/ˌʌltrəˈvaɪələt/,名詞、形容詞,【名】紫外線<br>【形】紫外線の,ultra-（超える）+ violet（紫）で、可視光線の紫の外側にある「紫外線」を意味します。UVと略されます。,,
2612,dumb,/dʌm/,形容詞、動詞,【形】口が利けない、ばかげた、無言の,最後の b は発音されません（黙字）。日常会話では dumb down（分かりやすく単純化する）や、ばかげているという意味でよく使われます。,,
2613,terrific,/təˈrɪfɪk/,形容詞,すばらしい、ものすごい、ひどい,元々は「恐ろしい（terrorに関連）」という意味でしたが、現代の日常会話では「最高だ、すばらしい」という肯定的な強調として広く使われます。,,
2614,enlightened,/ɪnˈlaɪtnd/,形容詞、動詞（過去形・過去分詞）,開明的な、賢明な、教化された,動詞 enlighten（啓発する、教える）の過去分団。進歩的で偏見のない開けた考え方を持つ様子を指します。,,
2615,doomed,/duːmd/,形容詞、動詞（過去形・過去分詞）,運命づけられた、破滅が避けられない,動詞 doom（悲惨な運命をたどらせる）の過去分詞。be doomed to failure（失敗する運命にある）などの形でよく使われます。,,
2616,innumerable,/ɪˈnuːmərəbl/,形容詞,無数の、数え切れないほどの,in-（否定）+ numerable（数えられる）から。countless とほぼ同じ意味です。,,
2617,detached,/dɪˈtætʃt/,形容詞、動詞（過去形・過去分詞）,分離した、一戸建ての、超越した、公平な,動詞 detach（分離する）の過去分詞。a detached house で「一戸建て住宅（イギリス英語）」を指します。また、客観的で私情を挟まない態度も表します。,,
2618,wrecked,/rekt/,形容詞、動詞（過去形・過去分詞）,難破した、壊滅した、（口語で）疲れ果てた,動詞 wreck（破壊する、難破させる）の過去分詞。wは発音されません。また、酷く疲れた状態を指す口語表現でもあります。,,
2619,gigantic,/dʒaɪˈɡæntɪk/,形容詞,巨大な、膨大な,伝説の巨人（giant）のように並外れて大きい様子を表します。,,
2620,slender,/ˈslendər/,形容詞,すらりとした、細長い、わずかな,痩せていることを魅力的に表現する言葉です（「細くて美しい」）。予算や機会などが「わずかな」という意味でも使われます。,,
2621,outraged,/ˈaʊtreɪdʒd/,形容詞、動詞（過去形・過去分詞）,激怒した、憤慨した,動詞・名詞 outrage（激怒させる、不法行為）の過去分詞形。理不尽な行為や不正などに対して「強い怒りを抱いている」状態を指します。,,
2622,paralyzed,/ˈpærəlaɪzd/,形容詞、動詞（過去形・過去分詞）,麻痺した、立ち往生した、無力になった,動詞 paralyze（麻痺させる）の過去分詞。体が物理的に動かない状態のほかに、恐怖や驚き、あるいは交通や経済が「機能停止する」比喩表現にも使われます。,,
2623,utmost,/ˈʌtmoʊst/,形容詞、名詞,【形】最大限の、極限の<br>【名】最大限、極限,do one's utmost で「全力を尽くす」という非常に重要な表現になります。,,
2624,intricate,/ˈɪntrɪkət/,形容詞,複雑な、入り組んだ、精巧な,細部が非常に細かく、デザインや構造が入り組んでいて理解・解決が難しい様子を指します（例: an intricate pattern）。,,
2625,merry,/ˈmeri/,形容詞、名詞,陽気な、愉快な、楽しそうな,Merry Christmas!（メリークリスマス）の merry です。明るく楽しげな様子を表します。,,
2626,conversely,/kənˈvɜːrsli/,副詞,逆に、反対に、逆の観点から言えば,形容詞 converse（逆の）の副詞形。前に述べた内容とは正反対の事実や主張を対比させて導入する際に使われます。,,
2627,predominantly,/pɪˈdɑːmɪnəntli/,副詞,主に、大部分は、圧倒的に,形容詞 predominant（支配的な、際立った）の副詞形。大部分がその要素で占められている状況を指します。,,
2628,lest,/lest/,接続詞,〜しないように、〜するといけないから,非常に文語的な表現で、lest S (should) do の形で「〜しないように」という意味になります。,,
2629,significance,/sɪɡˈnɪfɪkəns/,名詞,意義、重要性、重大さ、意味,形容詞形は significant（重要な、著しい）。a matter of great significance で「きわめて重大な事柄」。,,
2630,trifle,/ˈtraɪfl/,名詞、動詞,【名】ささいなこと、つまらないもの、わずか<br>【動】おろそかにする,a trifle で「ほんの少し、わずかに」という副詞的な使い方もされます。,,
2631,specify,/ˈspesɪfaɪ/,動詞,具体的に述べる、指定する、明記する,曖昧にせず、はっきりと特定して条件や詳細を示すことを意味します（例: specify the date: 日付を指定する）。,,
2632,apparent,/əˈpærənt/,形容詞,明白な、一見〜らしい,「誰の目にも明らかな」という意味と、「実際はともかく表面上そう見える」という2つの意味を持つため、文脈判断が必要です。,,
2633,construct,/kənˈstrʌkt/,動詞、名詞,【動】建設する、組み立てる、構成する<br>【名】構成概念,build よりもフォーマルで、建物だけでなく理論や計画を「組み立てる」際にも使われます。名詞形は construction。,,
2634,institute,/ˈɪnstɪtuːt/,名詞、動詞,【名】機関、研究所、協会<br>【動】制定する、設ける,研究所や専門学校などの「機関」を指すほか、動詞としては制度や調査などを「導入する、開始する」という意味があります。,,
2635,subdue,/səbˈduː/,動詞,制圧する、和らげる、抑制する,抵抗する勢力や感情などを力で「抑え込む、鎮める」ことを意味します（例: subdue the enemy / subdue one's anger）。,,
2636,foundation,/faʊnˈdeɪʃn/,名詞,基礎、基盤、土台、創設、財団,動詞 found（創設する、基礎を置く）の名詞形。化粧品の「ファンデーション（化粧下地）」もこの単語です。,,
2637,superb,/suːˈpɜːrb/,形容詞,素晴らしい、見事な、最高の、壮麗な,質が非常に高く、極めて優れている状態を表します。excellent のより強調された表現です。,,
2638,supervise,/ˈsuːpərvaɪz/,動詞,監督する、管理する、指導する,仕事や人、プロジェクトなどが正しく行われているかを「見守り指示を与える」こと。名詞形は supervisor（監督者）。,,
2639,external,/ɪkˈstɜːrnl/,形容詞、名詞,【形】外部の、外側の、国外の<br>【名】外部、外観,反対語は internal（内部の）。external factors で「外部要因」。,,
2640,diffuse,/dɪˈfjuːs/,形容詞、動詞,【形】散漫な、普及した<br>【動】拡散する、普及させる,光や熱、情報、文化などが「四方に広がる、拡散する」様子を指します。,,
2641,incline,/ɪnˈklaɪn/,動詞、名詞,【動】〜したい気にさせる、傾ける、傾く<br>【名】傾斜、坂,be inclined to do で「〜したい気がする、〜する傾向がある」という形で非常によく使われます。,,
2642,voluntary,/ˈvɑːlənteri/,形容詞、名詞,【形】自主的な、自発的な、ボランティアの<br>【名】志願兵、ボランティア,強制されず、自分の意志で行うことを意味します。ボランティア（volunteer）の語源でもあります。,,
2643,free,/friː/,形容詞、副詞、動詞,【形】自由な、無料の、暇な、〜がない<br>【副】自由に、無料で<br>【動】自由にする,tax-free（免税の）や smoke-free（禁煙の）のように、名詞の後ろに -free が付くと「〜がない」という意味になります。,,
2644,furnish,/ˈfɜːrnɪʃ/,動詞,家具を備え付ける、提供する,部屋に家具を入れることを指します。a furnished apartment で「家具付きのアパート」。,,
2645,intention,/ɪnˈtenʃn/,名詞,意図、意向、つもり、目的,動詞 intend（〜するつもりである）の名詞形。have no intention of doing で「〜するつもりは全くない」となります。,,
2646,real,/ˈriːəl/,形容詞、名詞、副詞,【形】現実の、本物の、実際の<br>【名】現実<br>【副】本当に,形容詞として本物を表します（反対語は fake や imaginary）。副詞の really と同様に口語で real good（とても良い）のように使われることもあります。,,
2647,fantasy,/ˈfæntəsi/,名詞、動詞,【名】空想、幻想、ファンタジー<br>【動】空想する,現実にはあり得ないような心の中の「空想、白昼夢」を指します。,,
2648,cage,/keɪdʒ/,名詞、動詞,【名】かご、檻<br>【動】檻に入れる,動物を入れる金属製や木製などの囲いを指します。,,
2649,performance,/pərˈfɔːrməns/,名詞,上演、演奏、実績、業績、性能、遂行,舞台での「公演」だけでなく、ビジネスにおける「業績・成果」や、機械などの「性能」など、極めて幅広い意味を持ちます。,,
2650,gift,/ɡɪft/,名詞、動詞,【名】贈り物、天賦の才能<br>【動】贈る、授ける,物理的なプレゼントのほか、生まれ持った特別な「才能（ギフト）」を指します。a gifted child で「才能のある子供」。,,
2651,persevere,/ˌpɜːrsəˈvɪr/,動詞,根気強くやり通す、辛抱する、不屈の努力をする,困難や障害があっても諦めずに「辛抱強く努力し続ける」という肯定的な意味。名詞形は perseverance（忍耐、不屈の努力）。,,
2652,frequency,/ˈfriːkwənsi/,名詞,頻度、回数、周波数、振動数,形容詞形は frequent（頻繁な）。ラジオなどの「周波数、電波」を表す際にも使われます。,,
2653,constant,/ˈhɑːnstənt/,形容詞、名詞,【形】絶え間ない、一定の、不変の<br>【名】定数、不変のもの,状況や数値が変動せず、常に「一定で変わりがない」様子、または「絶えず続いている」様子を表します。,,
2654,immediate,/ɪˈmiːdiət/,形容詞,即座の、直接の、すぐ隣の,時間的な「すぐの」のほか、空間的に「すぐ隣の」という意味や、関係性が「直接の、親密な（例: immediate family: 近親者）」という意味を持ちます。,,
2655,epoch,/ˈepək/,名詞,時代、新時代、（歴史上の）画期的な出来事,歴史的に重要な変化が始まった「新時代、画期的な時期」を指します。epoch-making で「画期的な」という形容詞になります。,,
2656,posterior,/pɑːˈstɪriər/,形容詞、名詞,【形】後ろの、のちの<br>【名】お尻,解剖学などで「後方の」を意味する学術的な言葉。反対語は anterior（前方の）。,,
2657,finance,/ˈfaɪnæns/,名詞、動詞,【名】財政、資金、金融<br>【動】資金を調達する、融資する,個人・企業・国家などの「財政、資金調達」を指します。複数形の finances は「財源、家計」を意味します。,,
2658,recede,/rɪˈsiːd/,動詞,退く、遠ざかる、価値が落ちる、髪が後退する,物理的に後退することや、記憶が薄れること、潮が引くことなどを表します（例: receding hairline: 後退しつつある生え際）。,,
2659,currency,/ˈkɜːrənsi/,名詞,通貨、貨幣、流通、普及,円やドルのような「通貨」のほかに、アイデアなどが広く受け入れられる「流通、普及、通用度」の意味もあります（例: gain currency: 流通する、広まる）。,,
2660,area,/ˈeriə/,名詞,地域、区域、面積、分野,地理的な「地域、場所」のほか、研究や活動の「分野（領域）」を指す場合も多用されます（例: in the area of technology）。,,
2661,globe,/ɡloʊb/,名詞、動詞,【名】地球、世界、球体、地球儀<br>【動】球状にする,地球儀などの「球体」を指すとともに、the globe で「地球、世界全体」を表します。形容詞形は global（地球規模の）。,,
2662,immigrate,/ˈɪmɪɡreɪt/,動詞,（他国から）移住する、移民として入国する,他国へ「出ていく」移住（emigrate）に対し、他国から「入ってくる」移住を指します。接頭辞 im-（＝in）が目印です。,,
2663,emigrate,/ˈemɪɡreɪt/,動詞,（他国へ）移住する、自国を去る,自国から他国へ「出ていく」移住を指します。接頭辞 e-（＝out）が目印です。,,
2664,exclude,/ɪkˈskluːd/,動詞,排除する、除外する、締め出す,反対語 is include（含める）。グループや対象から外すことを意味します。名詞形は exclusion。,,
2665,isolate,/ˈaɪsəleɪt/,動詞,孤立させる、隔離する、分離する,人や物、病患者などを他から切り離して1つにする行為を指します。名詞形は isolation。,,
2666,introduce,/ˌɪntrəˈduːs/,動詞,紹介する、導入する、取り入れる,人を「紹介する（introduce A to B）」のほかに、新しい制度や技術を「導入する」という意味でもビジネス等で多用されます。,,
2667,spot,/spɑːt/,名詞、動詞,【名】場所、斑点、しみ<br>【動】見つける、しみをつける,観光地などの「スポット（場所）」のほかに、動詞として「見つける、発見する」という意味（spot a mistake）でよく使われます。,,
2668,apart,/əˈpɑːrt/,副詞、形容詞,離れて、個々に、バラバラに,距離や時間が離れている様子。apart from 〜 で「〜は別として、〜を除いては」という重要熟語になります。,,
2669,aside,/ə ˈsaɪd/,副詞、名詞,【副】わきに、離れて<br>【名】わきへ置くこと、独り言,主に set aside（取っておく、脇に置く）や aside from 〜（〜は別として）などの熟語パターンで使われます。,,
2670,genre,/ˈʒɑːnrə/,名詞,ジャンル、分野、様式,フランス語由来の単語です。音楽、映画、文学などの芸術作品の「カテゴリー、種類」を指します。,,
2671,prosper,/ˈprɑːspər/,動詞,繁栄する、栄える、成功する,ビジネスや経済、国などがうまくいって豊かになることを意味します。名詞形は prosperity（繁栄）。,,
2672,victory,/ˈvɪktəri/,名詞,勝利、克服,戦い、競技、選挙などでの勝ち（勝利）を指します。勝者は victor と呼ばれます。,,
2673,corrupt,/kəˈrʌpt/,形容詞、動詞,【形】汚職にまみれた、退廃した<br>【動】買収する、堕落させる,政治家や官僚が賄賂などで「堕落している、不正を行っている」状態を指します。名詞形は corruption（汚職）。,,
2674,rot,/rɑːt/,動詞、名詞,【動】腐る、朽ちる、堕落する<br>【名】腐敗、たわごと,有機物（木や食べ物など）が自然に「腐敗する、崩壊する」ことを指します。,,
2675,fraud,/frɔːd/,名詞,詐欺、不正行為、詐欺師,他人を騙してお金などをだまし取る違法行為。credit card fraud（クレジットカード詐欺）。,,
2676,perish,/ˈperɪʃ/,動詞,死ぬ、消え去る、朽ち果てる、滅びる,事故、災害、飢えなどで、特に非業の死を遂げることを表す文語的な単語です。,,
2677,concern,/kənˈsɜːrn/,動詞、名詞,【動】心配させる、関わる<br>【名】懸念、心配、関心事,be concerned about 〜 で「〜を心配している」、be concerned with 〜 で「〜に関わっている、関係がある」という重要表現があります。,,
2678,wait,/weɪt/,動詞、名詞,【動】待つ<br>【名】待つこと、待ち時間,自動詞なので、何かを待つときは wait for 〜 のように前置詞 for が必要です。,,
2679,enter,/ˈentər/,動詞,入る、入学する、加入する、入力する,部屋などに入る他動詞なので、enter into a room としないよう注意（ただし enter into a contract: 契約を結ぶ などの抽象的な開始には into を用います）。,,
2680,receive,/rɪˈsiːv/,動詞,受け取る、得る、歓迎する,物理的な物を受け取るだけでなく、影響や提案などを「受け入れる」意味もあります。名詞形は receipt（領収書）や reception（受付）。,,
2681,lie,/laɪ/,動詞、名詞,【動】横たわる、位置する、嘘をつく<br>【名】嘘,「横たわる」の意味では自動詞（lie-lay-lain）で、「嘘をつく」の意味では規則変化（lie-lied-lied）をします。他動詞 lay（横たえる）との混同に注意。,,
2682,lay,/leɪ/,動詞、名詞,【動】横たえる、置く、卵を産む<br>【名】位置,他動詞（lay-laid-laid）で、後ろに直接目的語を置きます（例: lay the book on the table: テーブルに本を置く / lay eggs: 卵を産む）。,,
2683,comfort,/ˈʌmfərt/,名詞、動詞,【名】快適さ、慰め<br>【動】慰める、元気づける,精神的・身体的な心地よさを表します。形容詞形は comfortable（快適な）。,,
2684,salary,/ˈsæləri/,名詞,給料、俸給,主に専門職や事務職に対して、月単位や年単位で定期的に支払われる固定給（サラリー）を指します。時間給などは wage が使われます。,,
2685,diverse,/daɪˈvɜːrs/,形容詞,多様な、異なった,性質や種類が様々に異なることを指します。名詞形は diversity（多様性）。,,
2686,literary,/ˈlɪtəreri/,形容詞,文学の、文芸の、文学的な,文学作品や作家、文学研究に関連する事柄を表します（例: literary works: 文学作品）。,,
2687,literal,/ˈlɪtərəl/,形容詞,文字通りの、逐語的な,比喩ではなく、言葉に書かれているそのままの意味であることを指します（例: the literal meaning）。副詞形は literally（文字通りに）。,,
2688,literate,/ˈlɪtərət/,形容詞、名詞,【形】読み書きができる、識字能力のある<br>【名】読み書きができる人,反対語は illiterate（読み書きのできない）。現代では computer-literate（コンピュータが使える）のような使い方もされます。,,
2689,letter,/ˈletər/,名詞、動詞,【名】手紙、文字<br>【動】文字を書き入れる,"「手紙」だけでなく、アルファベットの「文字（A, B, Cなど）」も指します。",,
2690,monologue,/ˈmɑːnəlɔːɡ/,名詞、動詞,【名】独白、モノローグ、一人芝居<br>【動】一人で長々と話す,mono-（単一の）+ logue（話）で、一人の人物が相手を交えずに独白するシーンを指します。,,
2691,apology,/əˈpɑːlədʒi/,名詞,謝罪、お詫び、弁明,動詞形は apologize（謝る）。make an apology to 人 for 事 で「（事）について（人）に謝罪する」となります。,,
2692,verb,/vɜːrb/,名詞,動詞,文法用語です。品詞（part of speech）の1つ。,,
2693,adjective,/ˈædʒɪktɪv/,名詞、形容詞,【名】形容詞<br>【形】形容詞の、付随する,文法用語です。名詞を修飾する役割を持つ語。,,
2694,opinion,/əˈpɪnjən/,名詞,意見、考え、世論,個人が心の中に抱く主観的な考えを指します。in my opinion で「私の意見では」という極めて一般的な表現になります。,,
2695,comment,/ˈkɑːment/,名詞、動詞,【名】意見、論評、コメント<br>【動】意見を述べる、批評する,動詞として使う場合は comment on 〜 のように前置詞 on を伴う自動詞パターンが多いです。,,
2696,verse,/vɜːrs/,名詞、動詞,【名】詩、韻文、（歌の）節、歌詞<br>【動】詩に表す,散文（prose）に対する「韻文（詩）」を指します。また、歌の「メロディー部分（ヴァース、サビ前のAメロ等）」も指します。,,
2697,grammar,/ˈɡræmər/,名詞,文法、口の利き方,言語の規則体系を指します。スペルの最後が -mer ではなく -mar である点にスペルミスが起きやすいので注意。,,
2698,inquire,/ɪnˈkwaɪər/,動詞,尋ねる、問い合わせる、調査する,ask よりフォーマルな表現。inquire about 〜 で「〜について尋ねる」、inquire into 〜 で「〜を調査する」となります。,,
2699,analyze,/ˈænəlaɪz/,動詞,分析する、分解する,イギリス英語では analyse と綴られることが多いです。名詞形は analysis /əˈnæləsɪs/（分析）。,,
2700,expert,/ˈekspɜːrt/,名詞、形容詞,【名】専門家、達人<br>【形】熟達した、専門的な,特定の分野で高度な知識や技術を持つ人を指します。be an expert at/in 〜 で「〜の専門家である、得意である」。,,
2701,academic,/ˌækəˈdemɪk/,形容詞、名詞,【形】学問の、学術的な、大学の<br>【名】大学教授、研究者,学校や学問の世界に関連する表現。academic year（学年度）。,,
2702,geology,/dʒiˈɑːlədʒi/,名詞,地質学、地質,geo-（地球の）+ -logy（学問）で、地殻や岩石などの地球の構造を研究する学問。,,
2703,astrology,/əˈstrɑːlədʒi/,名詞,占星術、占星学,天体の位置や動きが人間の運命に影響を与えるという考えに基づく占い。天文学は astronomy と呼び、区別されます。,,
2704,botany,/ˈbɑːtəni/,名詞,植物学、植物生態,植物の生命活動や分類、生態などを研究する科学。,,
2705,anthropology,/ˌænθrəˈpɑːlədʒi/,名詞,人類学,人間の起源、進化、文化、社会を総合的に研究する学問。,,
2706,controversy,/ˈkɑːntrəvɜːrsi/,名詞,論争、議論,公共の関心事について、長期間にわたって意見が対立し、激しく議論されること。形容詞形は controversial（議論を呼ぶ）。,,
2707,grumble,/ˈɡrʌmbl/,動詞、名詞,【動】不平を言う、つぶやく、ゴロゴロ鳴る<br>【名】不平、不満,声を低くしてブツブツと文句（愚痴）を言う様子を表します（例: grumble about the weather）。,,
2708,entitle,/ɪnˈtaɪtl/,動詞,資格を与える、権利を与える、タイトルを付ける,be entitled to do / 名詞 で「〜する/をもらう権利がある」という重要な受け身の形で頻出します。,,
2709,retrospect,/ˈretrəspekt/,名詞、動詞,【名】回顧、追憶<br>【動】回顧する,retro-（後ろへ）+ spect（見る）から。in retrospect で「振り返ってみると、回想すると」という定型表現が非常によく使われます。,,
2710,transport,/trænˈspɔːrt/,動詞、名詞,【動】輸送する、運ぶ<br>【名】輸送、交通機関,人や荷物をある場所から別の場所に移動させること。主にイギリス英語で、アメリカ英語では transportation がよく使われます。,,
2711,dominant,/ˈdɑːmɪnənt/,形容詞,支配的な、最も有力な、優勢な,動詞 dominate（支配する）の形容詞形。他のものよりも力があり、主導権を握っている様子を指します。,,
2712,control,/kənˈtroʊl/,動詞、名詞,【動】支配する、管理する、抑制する、操縦する<br>【名】支配、抑制、管理,力づくで「支配・制御する」こと。日本語の「コントロール」以上に強権的なニュアンスを含む場合があります。under control で「制御されて、事態が収まって」。,,
2713,win,/wɪn/,動詞、名詞,【動】勝つ、勝ち取る、得る<br>【名】勝利,試合や選挙に「勝つ」だけでなく、努力の末に賞や名声を「手に入れる（win a prize）」という意味でも使われます。,,
2714,lose,/luːz/,動詞,失う、なくす、負ける,物をなくすことのほか、試合に「負ける（lose a game）」、道に「迷う（lose one's way）」など、幅広く使われます。,,
2715,threat,/θret/,名詞,脅威、脅し、脅迫、兆候,危害を加えるという宣言、または危険な存在そのものを指します。動詞形は threaten（脅かす）。,,
2716,inferior,/ɪnˈfɪriər/,形容詞、名詞,【形】劣っている、下位の<br>【名】目下の人、後輩,比較対象に対して「劣っている」ことを表します。比較級の than ではなく to を使うラテン系比較変化（be inferior to 〜）の重要単語です。,,
2717,sensible,/ˈsensəbl/,形容詞,賢明な、分別のある、理にかなった,分別があり、常識的な判断ができる様子を指します。sensitive（敏感な、感受性が強い）との混同に非常に注意が必要です。,,
2718,visual,/ˈvɪʒuəl/,形容詞、名詞,【形】視覚の、視覚的な、目に見える<br>【名】視覚教材、映像,目で見ることに関連する言葉。visual aids（視覚教材、スライドや動画など）。,,
2719,devise,/dɪˈvaɪz/,動詞、名詞,【動】考案する、工夫する、計画する<br>【名】遺贈,知恵を絞って新しいシステム、方法、装置などを「作り出す、発明する」ことを意味します（例: devise a new method）。,,
2720,audible,/ˈɔːdəbl/,形容詞、名詞,【形】聞こえる、聞き取れる<br>【名】オーディブル,音が耳で「聞き取れる」大きさであることを指します（例: an audible voice）。反対語は inaudible（聞こえない）。,,
2721,nerve,/nɜːrv/,名詞、動詞,【名】神経、度胸、厚かましさ<br>【動】勇気を与える,get on one's nerves で「神経に障る」、have the nerve to do で「よくも〜できるな（厚かましさ）」という意味になります。,,
2722,gratify,/ˈɡrætɪfaɪ/,動詞,満足させる、喜ばせる、満たす,人の要望や自尊心、欲求を満たして「嬉しい気持ちにさせる」こと。通常、受け身の be gratified with/by 〜 で「〜に満足している」として使われます。,,
2723,anger,/ˈæŋɡər/,名詞、動詞,【名】怒り<br>【動】怒らせる、怒る,強い不快感や敵意から生じる感情。形容詞形は angry（怒った）。,,
2724,fury,/ˈfjʊri/,名詞,激怒、猛威,anger よりもはるかに激しい「狂暴な怒り、激憤」を指します。また、嵐などの「猛威」を表す際にも使われます。形容詞形は furious。,,
2725,virtual,/ˈvɜːrtʃuəl/,形容詞,実質上の、事実上の、仮想の,正式にはそうではないが「本質的にはほぼ同じである（事実上の）」という意味。また、virtual reality（仮想現実: VR）を指します。,,
2726,ethics,/ˈeθɪks/,名詞,倫理、道徳、倫理学,正邪の判断基準となる道徳的原理・規範。work ethics（労働倫理）。学問としての「倫理学」は通常、単数扱いされます。,,
2727,detain,/dɪˈteɪn/,動詞,拘留する、留め置く、引き止める,警察などが人を取り調べなどのために「引き止める、留置する」こと。また、仕事などで他人の時間を「引き止める」際にも使われます。名詞形は detention。,,
2728,court,/kɔːrt/,名詞、動詞,【名】裁判所、法廷、宮廷、中庭、コート<br>【動】好意を求める、招く,多義語です。裁判を行う「法廷」や、テニスやバスケットボールの「コート」、王が住む「宮廷」などを意味します。,,
2729,deter,/dɪˈtɜːr/,動詞,抑止する、思いとどまらせる、防ぐ,罰や困難を示すことで、相手が行動を起こすのを「思いとどまらせる」ことを意味します。名詞形は deterrent（抑止力）。,,
2730,unity,/ˈjuːnəti/,名詞,結束、統一、一貫性,複数の部分が1つのまとまったものとして結束している状態を指します。動詞形は unify（統一する）。,,
2731,reunion,/ˌriːˈjuːniən/,名詞,再会、集まり,離れ離れになっていた人々が再び集まること。class reunion（同窓会）、family reunion（親族の集まり）。,,
2732,solitude,/ˈsɑːlətuːd/,名詞,孤独、独りきりであること,寂しさを伴う lonely とは異なり、他人に邪魔されず「一人で静かに過ごすこと（ポジティブな孤独）」を意味することが多いです。,,
2733,dual,/ˈduːəl/,形容詞、名詞,【形】二重の、2つの<br>【名】デュアル,2つの部分から構成される様子を表します。dual citizenship（二重国籍）。同音の duel（決闘）とのスペル違いに注意。,,
2734,decrease,/dɪˈkriːs/,動詞、名詞,【動】減少する、減らす<br>【名】減少、低下,数量や程度が徐々に少なくなっていくことを表します。反対語は increase（増加する）。,,
2735,subtract,/səbˈtrækt/,動詞,引き算をする、引く、差し引く,数学の算術において「数値を引く（マイナスする）」行為。subtract A from B（BからAを引く）。,,
2736,multitude,/ˈmʌltɪtuːd/,名詞,多数、大勢、群衆,a multitude of 〜 で「多数の〜」を意味します。multi- は「多数の」を意味する接頭辞です。,,
2737,average,/ˈævərɪdʒ/,名詞、形容詞、動詞,【名】平均<br>【形】平均の、普通の<br>【動】平均して〜になる,数値の平均だけでなく、人や能力などが「並の、普通の（普通レベル）」であることを表す際にも使われます（例: an average student）。,,
2738,brute,/bruːt/,名詞、形容詞,【名】獣、残忍な人間<br>【形】理性のない、暴力的な,理性を持たない野生動物や、残忍な野蛮人を指します。brute force で「力まかせの行為、総当たり（IT用語）」を意味します。,,
2739,viewpoint,/ˈvjuːpɔɪnt/,名詞,観点、見地、見方、展望台,物事を見る時の「視点・立場」を指します。point of view と同義です。,,
2740,standpoint,/ˈstændpɔɪnt/,名詞,立場、観点、見地,viewpoint とほぼ同じ意味で、特定の意見や利害を持つ「立ち位置（スタンス）」から見た見解を指します。,,
2741,pessimistic,/ˌpesɪˈmɪstɪk/,形容詞,悲観的な、うしろ向きな,物事を悪い方向に考えがちな様子。反対語は optimistic（楽観的な）。名詞形は pessimism。,,
2742,cognition,/kɑːɡˈnɪʃn/,名詞,認知、認識、知覚,感覚を通じて物事を理解・判断する精神的なプロセス。形容詞形は cognitive（認知の）。,,
2743,intellect,/ˈɪntəlekt/,名詞,知性、知力、知識人,感情や直感に対比される「理性的・論理的な理解力・思考力」。また、それを持つ「知識人、知識階級」の人々を指すこともあります。,,
2744,intelligence,/ɪnˈtelɪdʒəns/,名詞,知能、知性、情報、諜報機関,学習し理解する能力（知能、例: AI）のほかに、機密性の高い「情報・インテリジェンス」やそれを扱う「,,
2745,smart,/smɑːrt/,形容詞、動詞、名詞,【形】頭の良い、賢い、利口な、（傷が）ズキズキ痛む,「頭が良い」という意味に加え、smartphone のように「高度な機能を持つ（スマートな）」という意味でも用いられます。,,
2746,contemplation,/ˌkɑːntəmˈpleɪʃn/,名詞,沈思黙考、熟考、凝視,動詞 contemplate（熟考する、念入りに考える）の名詞形。静かに深く考え込む状態を指します。,,
2747,meditate,/ˈmedɪteɪt/,動詞,瞑想する、深く考える、もくろむ,精神統一して静かに考える（meditate on 〜 で「〜について瞑想する」）という意味。名詞形は meditation。,,
2748,recollect,/ˌrekəˈlekt/,動詞,思い出す、回想する,remember とほぼ同義ですが、recollect は「努力して過去の記憶を呼び起こす、思い出す」というニュアンスが強くなります。,,
2749,toddler,/ˈtɑːdlər/,名詞,よちよち歩きの幼児,1歳から3歳頃の「よちよち歩き（toddle）をする子供」を指します。baby（赤ちゃん）よりも少し成長した段階。,,
2750,adult,/əˈdʌlt/,名詞、形容詞,【名】大人、成人<br>【形】大人の、成人した,法律上や社会的な意味での「成人」を指します。,,
2751,maternity,/məˈtɜːrnəti/,名詞、形容詞,【名】母性、母であること<br>【形】妊婦用の、産科の,maternity leave（産休）や maternity hospital（産科病院）などの表現で広く用いられます。,,
2752,birthrate,/ˈbɜːrθreɪt/,名詞,出生率,人口統計における出生率を指します。a declining birthrate で「少子化、出生率の低下」。,,
2753,coffin,/ˈkɔːfɪn/,名詞,棺、棺桶,遺体を納める棺を指します。casket とも呼ばれます。,,
2754,corpse,/kɔːrps/,名詞,死体、遺骸,主に「人間の死体」を指します。動物の死体は carcass と呼ぶのが一般的です。,,
2755,mortal,/ˈmɔːrtl/,形容詞、名詞,【形】死を免れない、致命的な<br>【名】人間、死を免れないもの,反対語は immortal（不滅の）。mortal wound で「致命傷」。,,
2756,personal,/ˈpɜːrsənl/,形容詞、名詞,【形】個人の、私的な、個人に関する<br>【名】個人広告,personal computers（パソコン）や personal data（個人データ）など。名詞形は personality（個性）。,,
2757,self,/self/,名詞、形容詞、動詞,【名】自己、自分、私<br>【形】同一の,self-esteem（自尊心）や self-control（自己管理）のように、他の名詞と結合して「自己〜」という複合語を作ります。,,
2758,acquainted,/əˈkweɪntɪd/,形容詞,知り合いの、知っている、精通している,be acquainted with 〜 で「〜と知り合いである、〜をよく知っている」という熟語として広く使われます。,,
2759,durable,/ˈdʊrəbl/,形容詞、名詞,【形】耐久性のある、長持ちする<br>【名】耐久消費財,摩耗や損傷に強く、長い期間使えることを指します。durable goods で「耐久消費財（家電や自動車など）」。,,
2760,gratitude,/ˈɡrætɪtuːd/,名詞,感謝、謝意,express one's gratitude to 人 for 事 で「（事）に対して（人）に感謝の意を表す」という定型表現があります。,,
2761,esteem,/ɪˈstiːm/,名詞、動詞,【名】尊敬、敬意、評価<br>【動】重んじる、尊重する,self-esteem（自己肯定感、自尊心）でおなじみの語。他人や自らを高く「評価し、尊敬する」ことを意味します。,,
2762,test,/test/,名詞、動詞,【名】検査、試験、実験<br>【動】テストする、試す,学力試験だけでなく、医療の血液検査（blood test）や製品の品質テスト（quality test）など幅広く使われます。,,
2763,class,/klæs/,名詞、動詞、形容詞,【名】クラス、授業、階級、等級<br>【動】分類する,学校の「授業」だけでなく、社会的な「階級（例: working class: 労働者階級）」や「等級」を表す際にも重要です。,,
2764,event,/ɪ ˈvent/,名詞,出来事、行事、イベント、（競技の）種目,大きな、または注目すべき出来事を指します。in any event で「いずれにしても、ともかく」。,,
2765,accident,/ˈæksɪdənt/,名詞,事故、災難、偶然の出来事,交通事故などの不慮の事故を指します。by accident で「偶然に」という必須イディオムになります。,,
2766,situation,/ˌsɪtʃuˈeɪʃn/,名詞,状況、立場、事態、位置,ある時点における周囲の「状況」や「立場」を指します。a difficult situation（困難な状況）。,,
2767,act,/ækt/,動詞、名詞,【動】行動する、演じる<br>【名】行為、法律、戯曲の幕,行動すること（動詞）のほか、議会で可決された「法律・法案（名詞、例: Civil Rights Act）」や、芝居の「幕」を指します。,,
2768,politics,/ˈpɑːlətɪks/,名詞,政治、政治学、駆け引き,常に末尾に -s が付きますが、政治「学」を指す場合は通例、単数扱いされます。形容詞は political（政治の）。,,
2769,conserve,/kənˈsɜːrv/,動詞、名詞,【動】保存する、保護する、節約する<br>【名】ジャム、果実缶詰,自然や資源、エネルギーを無駄遣いせず「保護し節約する」という意味。名詞形は conservation（保護、保全）。,,
2770,monarchy,/ˈmɑːnərki/,名詞,君主制、君主国,国王や皇帝などの一人の君主（monarch）が統治する国家制度。,,
2771,communism,/ˈkɑːmjunɪzəm/,名詞,共産主義,財産の公有制を目指す思想や社会体制。これを支持する人は communist と呼ばれます。,,
2772,socialism,/ˈsoʊʃəlɪzəm/,名詞,社会主義,生産手段を社会の共有とし、富の公平な分配を目指す思想・体制。支持者は socialist。,,
2773,nationalism,/ˈnæʃnəlɪzəm/,名詞,ナショナリズム、民族主義、愛国主義,自国や民族の自決・利益を最重視する思想。文脈によっては「排他的な国家主義」を指すこともあります。,,
2774,patriotism,/ˈpeɪtriətɪzəm/,名詞,愛国心、愛国主義,自分の国を心から愛し、忠誠を誓う気持ち。愛国者は patriot と呼ばれます。,,
2775,govern,/ˈɡʌvərn/,動詞,統治する、支配する、管理する、左右する,国や組織を治めること。名詞形は government（政府、統治）。,,
2776,administer,/ədˈmɪnɪstər/,動詞,管理する、運営する、執行する、（薬などを）投与する,会社や学校の運営・管理のほか、医師などが「薬を投与する」という意味でも頻出します。,,
2777,ministry,/ˈmɪnɪstri/,名詞,（政府の）省、内閣,Ministry of Finance（財務省）などのように、政府の行政機関（省）を指します。大臣は minister。,,
2778,embassy,/ˈembəsi/,名詞,大使館、大使館員,自国を代表して他国に設置される公式事務所。大使は ambassador。,,
2779,legislate,/ˈledʒɪsleɪt/,動詞,法律を制定する、法を設ける,議会などが法を立案・可決すること。名詞形は legislation（法律、立法）。,,
2780,Senate,/ˈsenət/,名詞,上院（米国などの二院制の片方）、元老院,アメリカなどの二院制議会における「上院」を指します（下院は House of Representatives）。上院議員は senator。,,
2781,governor,/ˈɡʌvərnər/,名詞,知事、総督、理事,アメリカの州知事や、日本などの都道府県知事を指します（例: the governor of Tokyo）。,,
2782,sector,/ ˈsektər/,名詞,部門、分野、セクター,経済や社会組織における区分（例: the public sector: 公共部門 / the private sector: 民間部門）。,,
2783,sow,/soʊ/,動詞、名詞,【動】（種を）まく、原因を植え付ける<br>【名】雌豚,種を蒔く（sow-sowed-sown）という農業の用語ですが、比喩的に「噂や疑念をまき散らす（sow seeds of doubt）」としても使われます。,,
2784,herd,/hɜːrd/,名詞、動詞,【名】（牛や馬などの）群れ<br>【動】群れをなす、集める,鳥や魚の群れ（flock や school）とは異なり、牛・馬・羊などの草食哺乳類の大きな群れを指します。,,
2785,ranch,/ræntʃ/,名詞、動詞,【名】大牧場、牧場<br>【動】牧場を経営する,牛や馬を放牧するための広大な牧場。主にアメリカやオーストラリアの規模が大きな牧場を指すことが多いです。,,
2786,media,/ˈmiːdiə/,名詞（複数形）,メディア、マスメディア、媒体,単数形は medium /ˈmiːdiəm/。一般的にマスコミ（the media）として複数形で一つのグループとして扱われることが多いです。,,
2787,journalism,/ˈdʒɜːrnəlɪzəm/,名詞,ジャーナリズム、報道業界,新聞・テレビ・Webなどのニュース報道や取材活動全般。報道記者は journalist。,,
2788,Internet,/ˈɪntərnet/,名詞,インターネット,通常、the Internet と大文字のIで書き、冠詞 the を伴います。,,
2789,advertisement,/ˌædvərˈtaɪzmənt/,名詞,広告、宣伝,略して ad や advert とも呼ばれます。個々の広告物（動画やポスターなど）を指す可算名詞です。,,
2790,edit,/ˈedɪt/,動詞、名詞,【動】編集する、校訂する<br>【名】編集、修正,書籍、記事、映像、プログラムなどを修正し形を整えること。編集者は editor。,,
2791,export,/ɪkˈspɔːrt/,動詞、名詞,【動】輸出する<br>【名】輸出、輸出品,自国の製品やサービスを他国へ売ること。反対語は import（輸入する）。,,
2792,agent,/ˈeɪdʒənt/,名詞,代理人、仲介業者、エージェント、政府職員,本人に代わって契約や交渉を行う人。また、秘密捜査官やスパイを指すこともあります。,,
2793,artery,/ˈɑːrtəri/,名詞,動脈、主要道路、幹線,心臓から全身に血液を送る「動脈」（反対は vein: 静脈）。比喩的に交通網の「主要幹線（大動脈）」も意味します。,,
2794,diagnose,/ˌdaɪəɡˈnoʊs/,動詞,診断する、原因を特定する,医師が病気を診断すること（diagnose a disease）。名詞形は diagnosis /ˌdaɪəɡˈnoʊsɪs/（診断）。,,
2795,vaccine,/vækˈsiːn/,名詞,ワクチン,感染症予防のために投与する物質。動詞形は vaccinate（ワクチンを接種する）。,,
2796,allergy,/ˈælərdʒi/,名詞,アレルギー、拒絶反応,特定の物質に対する免疫系の過剰反応。have an allergy to 〜 で「〜にアレルギーがある」。,,
2797,clone,/kloʊn/,名詞、動詞,【名】クローン、完全に同じもの<br>【動】クローンを作る、複製する,同一の遺伝情報を持つ個体（クローン）。比喩的にそっくりなコピー製品や人を指すこともあります。,,
2798,chemistry,/ˈkemɪstri/,名詞,化学、相性、親和性,物質の性質や変化を研究する学問。日常会話では have good chemistry で「（人と人の）相性がとても良い、気が合う」という意味でも頻出します。,,
2799,liquid,/ˈlɪkwɪd/,名詞、形容詞,【名】液体<br>【形】液体の、流動的な、（資産が）換金しやすい,固体（solid）や気体（gas）に対する「液体」。経済用語として liquid assets と言うと、すぐに現金化できる「流動資産」を指します。,,
2800,hydrogen,/ˈhaɪdrədʒən/,名詞,水素,元素記号 H の水素。最も軽くて宇宙で最も豊富な元素。,,
2801,atom,/ˈætəm/,名詞,原子、極微のもの,物質を構成する基本的な最小単位（原子）。形容詞形は atomic（原子の、原子力の）。,,
2802,Buddhism,/ˈbuːdɪzəm/,名詞,仏教,ブッダ（釈迦）の教えに基づく宗教。仏教徒は Buddhist。,,
2803,Christianity,/ˌkrɪstʃiˈænəti/,名詞,キリスト教,イエス・キリストの教えに基づく世界最大の宗教。キリスト教徒は Christian。,,
2804,Catholic,/ˈkæθlɪk/,形容詞、名詞,【形】カトリックの、普遍的な<br>【名】カトリック教徒,キリスト教の最大宗派の1つ。小文字で catholic と書くと「普遍的な、包容力のある」という意味になります。,,
2805,Protestant,/ˈprɑːtɪstənt/,名詞、形容詞,【名】プロテスタント、新教徒<br>【形】プロテスタントの,宗教改革によりカトリックから分離したキリスト教の宗派。,,
2806,clergy,/ˈklɜːrdʒi/,名詞（集合名詞）,聖職者,集合的に「聖職者全体」を指すため、通常 the clergy の形で複数扱いされます。個々の聖職者は clergyman などと言います。,,
2807,holy,/ˈhoʊli/,形容詞、名詞,【形】聖なる、神聖な、敬虔な,神や宗教に関連する極めて尊い存在であることを表します（例: the Holy Bible: 聖書）。,,
2808,shrine,/ʃraɪn/,名詞、動詞,【名】神社、聖堂、霊廟<br>【動】神聖な場所として祀る,日本の「神社」を英訳する際によく用いられます（例: Meiji Shrine: 明治神宮）。お寺（temple）と区別されます。,,
2809,temple,/ˈtempl/,名詞,寺院、寺、神殿、こめかみ,仏教やヒンドゥー教などの「寺院」を指します。身体の「こめかみ」も同じスペル・発音（temple）です。,,
2810,ceremony,/ˈserəmoʊni/,名詞,式典、儀式、作法,結婚式（wedding ceremony）や卒業式（graduation ceremony）などの格式ある行事を指します。,,
2811,enchant,/ɪnˈtʃænt/,動詞,魅了する、魔法をかける,通常、受け身の be enchanted by/with 〜 で「〜に心を奪われる、うっとりする」という意味として非常によく使われます。,,
2812,race,/reɪs/,名詞、動詞,【名】人種、民族、競争<br>【動】競争する、急ぐ,「競争」のほかに、人類を身体的特徴で分類する「人種」の意味があります。racial discrimination で「人種差別」。,,
2813,discriminate,/dɪˈskrɪmɪneɪt/,動詞,差別する、区別する、識別する,主に discriminate against 〜 で「〜を不当に差別する」の形で用いられます。名詞形は discrimination（差別）。,,
2814,evolve,/ɪˈvɑːlv/,動詞,進化する、発展する、徐々に変化する,生物が自然淘汰により何世代もかけて変化すること（進化論）や、技術・制度が徐々に洗練されていくことを指します。名詞形は evolution。,,
2815,pollute,/pəˈluːt/,動詞,汚染する、汚す,工場排水や排気ガスなどで自然環境を「汚染する」こと。名詞形は pollution。,,
2816,rubbish,/ˈrʌbɪʃ/,名詞、動詞,【名】ゴミ、がらくた、つまらないもの<br>【動】酷評する,主にイギリス英語で日常的に使われる「（濡れていない）ゴミ、紙くずなど」を表す不可算名詞（アメリカ英語の trash に相当）。,,
2817,litter,/ˈlɪtər/,名詞、動詞,【名】（公共の場所での）ポイ捨てゴミ、散らかったもの<br>【動】ポイ捨てする、散らかす,公園や道路などに放置されたポイ捨てゴミを指します。「ポイ捨て禁止」は No littering。,,
2818,moist,/mɔɪst/,形容詞,湿り気のある、しっとりした、潤った,適度な潤いや湿り気のある、肯定的な状態を指すことが多いです（ケーキがしっとりしているなど）。不快な湿り気は damp。,,
2819,Arctic,/ˈaːrktɪk/,名詞、形容詞,【名】北極（地方）<br>【形】北極の、極寒の,通常 the Arctic と大文字で書き、冠詞 the を伴います。南極（Antarctic）の反対語。,,
2820,longitude,/ˈlɑːndʒətuːd/,名詞,経度、経線,地球上の位置を示す「経度（経線、縦のライン）」。緯度（緯線、横のライン）は latitude と呼びます。,,
2821,sip,/sɪp/,動詞、名詞,【動】ちびちび飲む、少しずつすする<br>【名】一口,熱いコーヒーやスープなどを少しずつ口に含んで飲む動作を指します。take a sip で「一口飲む」。,,
2822,rear,/rɪr/,名詞、形容詞、動詞,【名】後部、後ろ<br>【形】後部の、後ろの<br>【動】育てる、飼育する,車のリアガラスなどの「後ろ（後部）」の意味のほか、動詞として子供や動物を「育てる（bring up や raise と同様）」という意味も持っています。,,
2823,roll,/roʊl/,動詞、名詞,【動】転がる、転がす、巻く<br>【名】巻いたもの、名簿、ロールパン,紙や布を巻いた「ロール」のほかに、名前のリストとしての「名簿、登録簿」という意味でも重要です。,,
2824,awe,/ɔː/,名詞、動詞,【名】畏敬、畏怖、かしこまり<br>【動】畏敬の念を起こさせる,大自然や絶対的な存在に対する「恐れ多くも尊敬する気持ち（畏敬）」を指します。awesome（素晴らしい）の語源。,,
2825,mere,/mɪr/,形容詞,単なる、ほんの、〜にすぎない,名詞の前にのみ置かれ、その価値や規模が「大したことではない、ほんの〜にすぎない」ことを強調します（例: a mere child: ほんの子供）。,,
2826,net,/net/,名詞、形容詞、動詞,【名】網、ネット<br>【形】正味の、純額の<br>【動】網で捕らえる、純利益を上げる,スポーツや漁業の「網」のほかに、経済用語として「正味の、純（引き去り後の）」を意味します（例: net income: 純利益）。,,
2827,probable,/ˈprɑːbəbl/,形容詞,確実な、ありそうな、十中八九本当の,可能性がかなり高い（80%以上程度）状況を指します。possible（可能性がある）よりも確信度が高い表現です。副詞形は probably。,,
2828,enthusiastic,/ɪnˌθuːziˈæstɪk/,形容詞,熱狂的な、熱心な、やる気のある,物事に対して強い関心と情熱を持っている様子（例: be enthusiastic about one's job）。名詞形は enthusiasm。,,
2829,aspire,/əˈspaɪər/,動詞,熱望する、志す、あこがれる,aspire to do/名詞 で「〜することを切望する、志す」という目標に向けて情熱を注ぐ状態を表します。名詞形は aspiration。,,
2830,obese,/oʊˈbiːs/,形容詞,肥満の、極めて太った,単に太っているだけでなく、医学的・健康上のリスクを伴うような極度の「肥満状態」を指す学術的な語です。名詞形は obesity。,,
2831,hunger,/ˈhʌŋɡər/,名詞、動詞,【名】飢え、空腹、渇望<br>【動】飢える、切望する,物理的なお腹の空き具合のほかに、精神的な「渇望（例: hunger for knowledge）」にも使われます。形容詞形は hungry。,,
2832,thirst,/θɜːrst/,名詞、動詞,【名】喉の渇き、渇望<br>【動】喉が渇く、切望する,物理的な喉の渇きのほかに、「強いあこがれ、渇望（例: thirst for power）」にも使われます。形容詞形は thirsty。,,
2833,greed,/ɡriːd/,名詞,強欲、貪欲、過度の欲,お金や食べ物、権力などを必要以上に欲しがる欲望を指します。形容詞形は greedy（強欲な）。,,
2834,residence,/ˈrezɪdəns/,名詞,住宅、邸宅、居住、在住,動詞 reside（住む）の名詞形。一般的な家（house）よりも立派な建物や、公式な居住関係（在住権など）を指す際に使われます。,,
2835,refuge,/ˈrefjuːdʒ/,名詞、動詞,【名】避難、避難所、保護<br>【動】避難する、保護する,危険や困難から身を守るための安全な場所（避難所）。避難民・難民は refugee と呼ばれます。,,
2836,temperate,/ˈtempərət/,形容詞,（気候が）温暖な、控えめな、節度のある,極端に走らず、中庸である様子。temperate zone で「温帯」を指します。お酒を控えるなどの「節度がある」意味もあります。,,
2837,extreme,/ɪkˈstriːm/,形容詞、名詞,【形】極端な、極限の、急進的な<br>【名】極端、極限,標準や中庸から最も遠く離れた、過激な状態を指します（例: extreme weather: 異常気象）。,,
2838,excess,/ˈekses/,名詞、形容詞,【名】過剰、超過、過度<br>【形】超過した、余分な,必要とされる基準をはるかに超えた「余分な、多すぎる」状態（例: excess baggage: 超過手荷物）。,,
2839,gradual,/ˈɡrædʒuəl/,形容詞,緩やかな、段階的な、少しずつの,急激な変化ではなく、時間をかけて「少しずつ進む」様子を表します。副詞形は gradually。,,
2840,sharply,/ˈʃɑːrpli/,副詞,急激に、鋭く、はっきりと,形容詞 sharp（鋭い、急な）の副詞形。価格が「急騰・急落する」ような劇的な変化を示す際によく使われます。,,
2841,fully,/ˈfʊli/,副詞,完全に、十分に、まったく,形容詞 full（いっぱいの）の副詞形。完全に理解している（fully understand）などの強調によく使われます。,,
2842,impart,/ɪmˈpɑːrt/,動詞,（知識などを）伝える、授ける、（性質を）加える,知識やスキル、情報などを他人に「分け与えて伝える」こと。また、香りを「添える」などの際にも使われます。,,
2843,repel,/rɪˈpel/,動詞,追い払う、撃退する、水や熱をはじく,敵や虫などを追い払う（例: insect repellent: 虫よけ）のほか、水などをはじく防水処理を指す際にも使われます。,,
2844,disperse,/dɪˈspɜːrs/,動詞,分散させる、散らす、霧散する,集まっていた群衆、霧、光などが「四方に散り散りになる（散らす）」様子を表します（例: the crowd dispersed）。,,
2845,overwhelm,/ˌoʊvərˈwelm/,動詞,圧倒する、打ちのめす、困惑させる,物理的な力や、強い感情・仕事量などで「完全に行き詰まらせる、圧倒する」こと。通常、形容詞的修飾語として overwhelming（圧倒的な）が頻出します。,,
2846,ascend,/əˈsend/,動詞,登る、上昇する,山を登ることや、地位などが上がること。対義語は descend（降りる）。,,
2847,suffocate,/ˈsʌfəkeɪt/,動詞,窒息させる、窒息する、息が詰まる,酸素が遮断されて呼吸ができなくなる状態を意味します。名詞形は suffocation（窒息）。,,
2848,do,/duː/,動詞、助動詞,【動】行う、する、役に立つ、十分である<br>【助】（疑問・否定・強調を表す）,一般動詞の「〜する」のほかに、That will do. で「それで十分です、用は足ります」という非常に重要な自動詞としての用法があります。,,
2849,point,/pɔɪnt/,名詞、動詞,【名】点、要点、時点、先端<br>【動】指し示す、向ける,幾何学の点、得点のほか、話の「重要な点（要点）」を指します。point out で「〜を指摘する」。,,
2850,sane,/seɪn/,形容詞,正気な、理にかなった、健全な,精神が「健全な、狂っていない（正気の）」状態を指します。反対語は insane（正気でない、狂気的な）。名詞形 is sanity。,,
2851,addict,/ˈædɪkt/,名詞、動詞,【名】中毒者、熱中している人<br>【動】中毒にさせる,薬物やアルコールの依存症患者のほかに、a computer game addict のように趣味に「強くのめり込んでいる人」も指します。,,
2852,bruise,/bruːz/,名詞、動詞,【名】青あざ、打撲傷、傷<br>【動】あざを作る、傷つける,物理的にぶつけてできる「あざ（打撲傷）」のほか、果物などがぶつかって「傷つく」こと、精神的に「傷つく」ことも表します。,,
2853,torment,/ˈtɔːrment/,名詞、動詞,【名】苦痛、苦悩、悩みの種<br>【動】苦しめる、いじめる,身体的・精神的に強い苦痛を継続的に与えて「苦しめる」ことを意味します。,,
2854,vigor,/ˈvɪɡər/,名詞,活力、気力、体力、勢い,生命力にあふれ、元気いっぱいの状態。形容詞形は vigorous（精力的な、活力に満ちた）。,,
2855,feeble,/ˈfiːbl/,形容詞,弱々しい、衰弱した、説得力に欠ける,病気や高齢で体が「弱々しい」様子や、言い訳などが「苦しい、説得力がない（例: a feeble excuse）」様子を指します。,,
2856,tedious,/ˈtiːdiəs/,形容詞,退屈な、単調な、長くてうんざりする,仕事、スピーチ、単調な作業などが「ダラダラと長くて、うんざりして退屈な」状態を表します。boring よりも、作業の冗長さを強調します。,,
2857,dreary,/ˈdrɪri/,形容詞,物寂しい、荒涼とした、退屈な,天気や景色、部屋の雰囲気などが、暗くて「わびしく沈んだ、憂鬱な」状態を表します（例: a dreary winter day）。,,
2858,palm,/pɑːm/,名詞、動詞,【名】手のひら、ヤシ（の木）<br>【動】手のひらに隠す、だます,手のひらの「手相」や、熱帯の「ヤシの木（palm tree）」を指します。最初の l は発音されません（黙字）。,,
2859,wrist,/rɪst/,名詞、動詞,【名】手首<br>【動】手首を使って打つ,手と腕のつなぎ目。最初の w は発音しません（黙字）。wrist watch で「腕時計」。,,
2860,fist,/fɪst/,名詞、動詞,【名】握りこぶし、拳<br>【動】拳で殴る,手をしっかりと握りしめた「こぶし」。clench one's fist で「こぶしを握りしめる」。,,
2861,elbow,/ˈelboʊ/,名詞、動詞,【名】ひじ<br>【動】ひじで押しのける,腕の関節（ひじ）。動詞として「ひじで人を押しのけて進む（elbow one's way）」という意味でもよく使われます。,,
2862,thigh,/θaɪ/,名詞,太もも、大腿部,股からひざまでの「太もも」。,,
2863,knee,/niː/,名詞、動詞,【名】ひざ<br>【動】ひざで突く,脚の関節（ひざ）。最初の k は発音されません（黙字）。bend one's knees で「ひざを曲げる」。,,
2864,heel,/hiːl/,名詞、動詞,【名】かかと、（靴の）ヒール<br>【動】かかとをつける、傾く,足の後ろの部分（かかと）。ギリシャ神話に由来する Achilles' heel（アキレス腱、致命的な弱点）はよく使われる表現です。,,
2865,toe,/toʊ/,名詞、動詞,【名】足の指、つま先<br>【動】つま先で触れる,手の指（finger）と区別される「足の指」。from head to toe で「頭からつま先まで（全身）」。,,
2866,eyebrow,/ˈaɪbraʊ/,名詞、動詞,【名】眉毛、まゆ<br>【動】まゆをひそめる,目の上にある「まゆ毛」。raise one's eyebrows で「まゆをひそめる（驚きや疑念、不承認を示す）」という重要な身体表現になります。,,
2867,eyelid,/ˈaɪlɪd/,名詞,まぶた、眼瞼,目の開閉を行う皮膚の「まぶた」。,,
2868,eyelash,/ˈaɪlæʃ/,名詞,まつ毛,まぶたの縁に生えている「まつ毛」（通常複数形の eyelashes で使われます）。,,
2869,beard,/bɪrd/,名詞、動詞,【名】（あごの）ひげ<br>【動】大胆に立ち向かう,口ひげ（mustache）や、頬ひげ（whiskers）と区別される「あごひげ」を指します。,,
2870,jaw,/dʒɔː/,名詞、動詞,【名】あご、口<br>【動】おしゃべりする,骨格としての「あご」（特に噛み合わせを行う上あご・下あごの骨の部分）。外見上のあごの先端部分は chin と呼びます。,,
2871,cheek,/tʃiːk/,名詞、動詞,【名】頬（ほお）、厚かましさ<br>【動】生意気なことを言う,目の下の「ほっぺた」。また、口語で「生意気、ずうずうしさ」を意味することもあります。,,
2872,shiver,/ˈʃɪvər/,動詞、名詞,【動】（寒さや恐怖で）身震いする、震える、粉々に砕ける<br>【名】震え,寒さ、恐怖、興奮などで体がカタカタと「小刻みに震える」様子を指します。,,
2873,stride,/straɪd/,動詞、名詞,【動】大股で歩く、またぐ<br>【名】大股の1歩、進歩、発展,大股で力強く歩くこと。名詞として make great strides で「大きな進歩を遂げる、大躍進する」という形で重要です。,,
2874,creep,/kriːp/,動詞、名詞,【動】忍び寄る、這って進む<br>【名】不快な人、徐行,物音を立てずにこっそり「忍び足で進む」様子を表します。不気味な人を口語で creep と呼び、形容詞形 creepy（不気味な）の語源。,,
2875,sniff,/snɪf/,動詞、名詞,【動】（においなどを）くんくん嗅ぐ、鼻をすする<br>【名】鼻をすすること,鼻をフンフンと鳴らしてにおいを嗅ぐ動作や、風邪・涙で「鼻をすする」動作を指します。,,
2876,snore,/snɔːr/,動詞、名詞,【動】いびきをかく<br>【名】いびき,睡眠中に喉を鳴らしていびきをかく行為。,,
2877,sneer,/snɪr/,動詞、名詞,【動】冷笑する、鼻で笑う、あざ笑う<br>【名】あざ笑い,相手を軽蔑して口元を歪め、「鼻で笑う・冷笑する」しぐさを表します（例: sneer at someone's opinion）。,,
2878,grimace,/ɡrɪˈmeɪs/,名詞、動詞,【名】しかめ面、苦悶の表情<br>【動】しかめ面をする,苦痛、嫌悪、不快感などのために顔を「しかめる」動作を指します。,,
2879,mutter,/ˈmʌtər/,動詞、名詞,【動】つぶやく、小声で不平を言う<br>【名】つぶやき,他人に聞き取れないような低い声で「ブツブツとつぶやく（または不満を言う）」動作。,,
2880,mumble,/ˈmʌmbl/,動詞、名詞,【動】口ごもる、もごもご言う<br>【名】もごもご言うこと,口をあまり開けずに不明瞭な発声で「もごもご話す」動作。ハッキリ話さない様子を指します。,,
2881,shriek,/ʃriːk/,動詞、名詞,【動】（恐怖・興奮で）悲鳴を上げる、甲高い声を出す<br>【名】悲鳴,恐怖、驚き、あるいは爆笑などの際に発せられる、キーキーとした「甲高い金切り声（悲鳴）」を指します。,,
2882,sob,/sɑːb/,動詞、名詞,【動】むせび泣く、すすり泣く<br>【名】むせび泣き,息を詰まらせるようにして激しく「しくしくと泣く」動作。,,
2883,exquisite,/ɪkˈskwɪzɪt/,形容詞,非常に美しい、優美な、洗練された、絶妙な,細部まで非常に精巧で、この上なく「美しい、素晴らしい」極上の状態を表します（例: exquisite workmanship: 絶妙な職人技）。,,
2884,affirmative,/əˈfɜːrmətɪv/,形容詞、名詞,【形】肯定的な、賛成の<br>【名】肯定（の言葉）、賛成,動詞 affirm（肯定する）の形容詞形。in the affirmative で「肯定的に（「はい」と答える）」という意味になります。,,
2885,horizontal,/ˌhɔːrɪˈzɑːntl/,形容詞、名詞,【形】水平な、横の<br>【名】水平線,地平線（horizon）に平行な「水平の、横方向の」状態を指します（縦方向の「垂直な」は vertical）。,,
2886,infamous,/ˈinfəməs/,形容詞,悪名高い、ひどく評判の悪い,famous（有名な）に否定の in- が付いたもの。発音は /ˈɪnfəməs/ となる点に注意。悪いことで非常に名が知れている様子を表します（notoriousと同義）。,,
2887,relentless,/rɪˈlentləs/,形容詞,容赦ない、執拗な、絶え間ない,勢いを緩めたり諦めたりすることなく、「執拗に（厳しく）続く」様子を表します（例: relentless pressure: 絶え間ない圧力）。,,
2888,ruthless,/ˈruːθləs/,形容詞,容赦ない、無慈悲な、冷酷な,同情や慈悲の感情を持たず、目的達成のために「極めて冷酷な」決定や行動をする様子を指します（例: a ruthless dictator: 無慈悲な独裁者）。,,
2889,stern,/stɜːrn/,形容詞、名詞,【形】厳格な、厳しい、いかめしい<br>【名】船尾,人の性格や態度が「厳格で、おろそかにできない」様子を表します（例: a stern warning: 厳重な警告）。,,
2890,deliberate,/dɪˈlɪbərət/,形容詞、動詞,【形】意図的な、故意の、慎重な<br>【動】熟考する、審議する,偶然ではなく「あらかじめ意図的に計画された（故意の）」という意味。また、ゆっくりと落ち着いた、慎重な動作・様子も表します。,,
2891,discreet,/dɪˈskriːt/,形容詞,慎重な、控えめな、思慮深い,相手を怒らせたり秘密を漏らしたりしないよう、言動に「細心の注意を払う、控えめにする」様子。同音の discrete（個々の）との混同に注意。,,
2892,prudent,/ˈpruːdnt/,形容詞,慎重な、分別のある、倹約的な,将来の危険やリスクを避けるために、賢明かつ「思慮深く慎重に行動する」様子を指します。,,
2893,terror,/ˈterər/,名詞、動詞,【名】恐怖、恐ろしさ、テロ行為<br>【動】怖がらせる,激しい物理的または心理的な「恐怖」を指します。terrorism（テロリズム）や terrible（ひどい）の語源です。,,
2894,symbol,/ˈsɪmbl/,名詞、動詞,【名】象徴、記号、シンボル<br>【動】象徴する,a symbol of peace（平和の象徴）などのように用いられます。形容詞形は symbolic（象徴的な）。,,
2895,gap,/ɡæp/,名詞、動詞,【名】すき間、隔たり、ギャップ、不一致,世代間の隔たり（generation gap）や、所得格差（income gap）などの表現でよく使われます。,,
2896,dilemma,/dɪˈlemə/,名詞,ジレンマ、板挟み,2つの好ましくない選択肢の間で、どちらを選んでよいか苦悩する状態。be in a dilemma（板挟みになっている）。,,
2897,elite,/ɪˈliːt/,名詞、形容詞,【名】エリート、選ばれた人々<br>【形】精鋭の、エリートの,社会や集団において指導的、あるいは優れた立場にあるグループを指します。,,
2898,series,/ˈsɪriːz/,名詞,連続、一連、シリーズ,単数・複数同形の単語です（a series of 〜 で「一連の〜」となり、単数扱いされます）。,,
2899,serial,/ˈsɪriəl/,形容詞、名詞,【形】連続的な、一連の、通し番号の<br>【名】連載物、連続ドラマ,serial number（シリアル番号）や serial killer（連続殺人犯）の形でよく使われます。,,
2900,cereal,/ˈsɪriəl/,名詞、形容詞,【名】穀物、シリアル<br>【形】穀物の,発音は serial（2906）と同一です。朝食のトウモロコシや麦の加工食品を指します。,,
2901,irregular,/ɪˈreɡjələr/,形容詞、名詞,【形】不規則な、変則的な、乱れた,regular（規則的な）に否定の接頭辞 ir- が付いたもの。irregular verbs（不規則動詞）。,,
2902,relax,/rɪˈlæks/,動詞,くつろぐ、リラックスさせる、（規則などを）緩める,緊張やストレスを解いて心身を楽にすること、または制限や基準を緩める（relax regulations）ことを意味します。,,
2903,mood,/muːd/,名詞,気分、機嫌、雰囲気、（文法の）法,be in a good/bad mood で「機嫌が良い/悪い」。文法用語として仮定法などの「法」を意味することもあります。,,
2904,label,/ˈleɪbl/,名詞、動詞,【名】ラベル、付箋、レコード会社<br>【動】ラベルを貼る、決めつける,比喩的に「（人に対して）〜というレッテルを貼る（label A as B）」という使われ方も非常によくされます。,,
2905,humor,/ˈhjuːmər/,名詞、動詞,【名】ユーモア、おかしさ、機嫌<br>【動】機嫌を取る,イギリス英語では humour と綴られます。sense of humor で「ユーモアのセンス」。,,
2906,image,/ˈɪmɪdʒ/,名詞、動詞,【名】像、画像、イメージ、印象、生き写し<br>【動】心に描く、像を表す,写真や絵などの具体的な画像のほか、心に抱く「印象、イメージ」や、比喩的な描写を指します。,,
2907,amateur,/ˈæmətər/,名詞、形容詞,【名】アマチュア、素人<br>【形】アマチュアの、素人の,職業（プロ）としてではなく、趣味として活動を行う人を指します。,,
2908,alcohol,/ˈælkəhɔːl/,名詞,アルコール、酒,不可算名詞です。お酒全般を指します。,,
2909,vitamin,/ˈvaɪtəmɪn/,名詞,ビタミン,米音（ヴァイタミン）と英音（ヴィタミン）で発音が異なる代表的な単語です。,,
2910,liver,/ˈlɪvər/,名詞,肝臓、（食材としての）レバー,体内の最大の臓器である「肝臓」を指します。,,
2911,celebrity,/səˈlebrəti/,名詞,有名人、セレブ、名声,メディアで広く知られている有名人を指します（単に富豪という意味だけでなく、知名度がある人を指します）。,,
2912,depart,/dɪˈpɑːrt/,動詞,出発する、旅立つ、（従来のやり方から）外れる,旅行や乗り物が出発すること。depart from 〜 で「〜から出発する / 逸脱する」。名詞形は departure。,,
2913,interview,/ˈɪntərvjuː/,名詞、動詞,【名】面接、インタビュー<br>【動】面接する、インタビューを行う,就職活動の「面接（job interview）」や「取材」を指します。面接を行う側は interviewer、受ける側は interviewee。,,
2914,boss,/bɔːs/,名詞、動詞、形容詞,【名】上司、ボス、雇用主<br>【動】支配する、指図する,職場などの「上司、管理者、社長」を指す、ややカジュアルな表現。,,
2915,cafeteria,/ˌkæfəˈtɪriə/,名詞,カフェテリア、社員食堂、学食,自分でトレイを持って好きな料理をのせていき、最後に会計するセルフサービスの食堂を指します。,,
2916,mode,/moʊd/,名詞,方式、様式、モード、流行,機械の「モード（動作方式）」や、生活・行動の「様式（例: mode of life）」などを指します。,,
2917,mineral,/ˈmɪnərəl/,名詞、形容詞,【名】鉱物、ミネラル（無機質）<br>【形】鉱物の、ミネラルを含む,mineral water（ミネラルウォーター）など。栄養素としての無機質や、地中の鉱物を指します。,,
2918,instruct,/ɪnˈstrʌkt/,動詞,指示する、教える、指導する,人に指示や命令、あるいは専門的な知識を教えること。指示・説明書は instruction。指導者は instructor。,,
2919,tutor,/ˈtuːtər/,名詞、動詞,【名】家庭教師、個別指導教員<br>【動】個別指導する,学校の全体授業ではなく、個人や少人数を対象にして学習を指導する教師を指します。,,
2920,sophomore,/ˈsɑːfəmɔːr/,名詞,（高校・大学の）2年生,アメリカの4年制高校や大学における「2年生」。1年生は freshman、3年生は junior、4年生は senior です。,,
2921,diploma,/dɪˈploʊmə/,名詞、動詞,【名】卒業証書、学位授与書、公文書,学校の全課程を修了した際に授与される「卒業証書、修了証書」を指します。,,
2922,mark,/mɑːrk/,名詞、動詞,【名】跡、印、点数<br>【動】印をつける、採点する,物理的な「印」のほかに、試験の「点数（成績）」を指すこともあります（主にイギリス英語）。,,
2923,vocation,/voʊˈkeɪʃn/,名詞,天職、職業、召命,単なる仕事（job）ではなく、「一生を捧げるべき仕事（天職）」を指します。休暇（vacation）とスペル・発音の違いに注意。,,
2924,tool,/tuːl/,名詞、動詞,【名】道具、工具、手段<br>【動】道具を使って加工する,物理的な「道具」から、インターネットの「ツール（ソフト）」、目的達成のための「手段」まで広く指します。,,
2925,machinery,/məˈʃiːnəri/,名詞（集合名詞）,機械（類）、（組織などの）制度、機構,不可算名詞です。個々の機械（machine）が集合した「機械全体、機械装置」を指します。,,
2926,gadget,/ˈɡædʒɪt/,名詞,ガジェット、便利な小道具、小型電子機器,スマートフォンやスマートウォッチのような、便利で工夫を凝らした小型の電子器具・機器を指します。,,
2927,electronic,/ɪˌlekˈtrɑːnɪk/,形容詞、名詞,【形】電子の、電子工学の、電子的な,electronic mail（Eメール）や electronic devices（電子機器）など。電気を動力とする electrical と区別されます。,,
2928,automobile,/ˈɔːtəməbiːl/,名詞、形容詞,【名】自動車<br>【形】自動車の,ややフォーマルな表現で、一般的には car が使われます。,,
2929,pave,/peɪv/,動詞,（道路を）舗装する、敷き詰める,道路をアスファルトや石などで覆うこと。pave the way for 〜 で「〜への道を切り開く、地ならしをする」という重要比喩表現になります。,,
2930,automatic,/ˌɔːtəˈmætɪk/,形容詞、名詞,【形】自動の、無意識の<br>【名】自動制御の装置,機械などが自律的に動く「自動の」（反対は manual: 手動の）。生理的な反応などが「無意識的な」という意味でも使われます。,,
2931,cover,/ˈkʌvər/,動詞、名詞,【動】覆う、範囲に及ぶ、報道する、賄う<br>【名】覆い、カバー、避難所,多義語です。「覆う」のほか、費用を「賄う（cover the cost）」、テーマなどを「扱う（cover the topic）」、ニュースを「取材する（cover the news）」などの用法があります。,,
2932,fine,/faɪn/,形容詞、名詞、動詞、副詞,【形】素晴らしい、元気な、細かい<br>【名】罰金<br>【動】罰金を科す,「元気な」のほかに、名詞・動詞として「罰金（を科す）」、形容詞として「細かい（fine dust: 微小粒子）」という意味があるため注意が必要です。,,
2933,leave,/liːv/,動詞、名詞,【動】去る、出発する、残す、放置する<br>【名】休暇、許可,「去る、残す」のほかに、名詞として「（許可を得た公式な）休暇」を意味します（例: paid leave: 有給休暇 / sick leave: 病気休暇）。,,
2934,meet,/miːt/,動詞、名詞,【動】会う、出会う、（要望などを）満たす<br>【名】集まり、競技会,人と会うことのほかに、需要や条件などを「満たす（meet the demand / meet the criteria）」という意味で極めてよく使われます。,,
2935,run,/rʌn/,動詞、名詞、形容詞,【動】走る、流れる、経営する、立候補する<br>【名】走ること、一連の期間,多義語です。他動詞として会社や店を「経営・運営する（run a business）」や、選挙に「立候補する（run for President）」などの意味が重要です。,,
2936,forward,/ˈfɔːrwərd/,副詞、形容詞、名詞、動詞,【副】前方へ、将来に向けて<br>【形】前方の、進歩的な<br>【動】転送する、進める,look forward to 〜 で「〜を楽しみに待つ」。メールを「転送する」のも forward です。,,
2937,air,/er/,名詞、動詞,【名】空気、空中、雰囲気、様子<br>【動】放送する、公にする,「空気」のほかに、テレビやラジオで「番組を放送する（on the air）」という意味や、「雰囲気、態度（例: an air of confidence: 自信ありげな様子）」という意味を持ちます。,,
2938,change,/tʃeɪndʒ/,動詞、名詞,【動】変える、変わる、両替する<br>【名】変化、おつり、小銭,名詞として「変化」のほかに、「おつり」や「小銭（コイン）」を意味します（例: Here is your change: おつりです）。,,
2939,second,/ˈsekənd/,形容詞、名詞、副詞、動詞,【形】2番目の、第2の<br>【名】秒、瞬間<br>【副】2番目に,序数の「2番目」のほかに、時間の単位としての「秒」を表します。,,
2940,still,/stɪl/,副詞、形容詞、名詞、動詞、接続詞,【副】まだ、依然として、さらに<br>【形】静止した、静かな<br>【接】それにもかかわらず,「まだ」のほかに、形容詞として「静止した、動きのない（例: still water: 静水）」を意味し、接続詞として「それにもかかわらず」という意味も持ちます。,,
2941,cross,/krɔːs/,動詞、名詞、形容詞,【動】横切る、渡る、交差する<br>【名】十字、十字架<br>【形】怒っている、不機嫌な,「横切る」のほかに、口語の形容詞で「怒っている、不機嫌な（angryと同様）」という意味があります（例: Don't get cross with me: 私に怒らないで）。,,
2942,fast,/fæst/,形容詞、副詞、名詞、動詞,【形】速い、固定された<br>【副】速く、しっかりと<br>【名】断食<br>【動】断食する,「速い」のほかに、しっかり固定されている状態（fast asleep: ぐっすり眠って / hold fast: しっかり掴む）を表します。また、名詞・動詞として「断食（をする）」の意味があります。,,
2943,life,/laɪf/,名詞,命、生命、生活、人生、生涯,複数形は lives /laɪvz/ です。「命」としての抽象名詞・可算名詞、または毎日の「生活」を指します。,,
2944,archaeology,/ˌɑːrkiˈɑːlədʒi/,名詞,考古学,遺跡や遺物から歴史を研究する学問。考古学者は archaeologist。,,
2945,Renaissance,/ˈrenəsɑːns/,名詞,ルネサンス、文芸復興、復活、再生,14〜16世紀のヨーロッパにおける文化・芸術の革新運動を指します。一般名詞として「復活、復興」を指すこともあります。,,
2946,metropolis,/ˌməˈtrɑːpəlɪs/,名詞,大都市、首都、中心都市,国や地方の、主要な活動の中心となっている大都市を指します（例: Tokyo is a bustling metropolis）。形容詞形は metropolitan（首都圏の）。,,
2947,bustle,/ˈbʌsl/,動詞、名詞,【動】忙しく動き回る、にぎわう<br>【名】にぎわい、喧騒、忙しさ,最初の t は発音されません（黙字）。hustle and bustle で「（都市などの）喧騒とにぎわい」という決まり文句です。,,
2948,army,/ˈɑːrmi/,名詞,陸軍、軍隊、大群,主に「陸軍」を指しますが、広く軍隊全体を指すこともあります。an army of ants（アリの大群）のように比喩的にも使われます。,,
2949,arms,/ɑːrmz/,名詞（複数形）,武器、兵器、紋章,arm（腕）の複数形と同じスペルですが、武器を意味する別の言葉です。take up arms で「武器をとって立ち上がる（戦う）」。,,
2950,navigation,/ˌnævɪˈɡeɪʃn/,名詞,航海、航行、ナビゲーション、操縦,船や飛行機が現在位置を確認して目的地へ導くプロセスを指します。動詞形は navigate。,,
2951,soldier,/ˈsoʊldʒər/,名詞、動詞,【名】兵士、軍人<br>【動】兵士として仕える,軍隊に所属して戦う軍人を指します（特に将校以下の一般兵士を指すことが多いです）。,,
2952,rally,/ˈræli/,名詞、動詞,【名】集会、ラリー（競技など）<br>【動】再結集する、回復する,政治的・抗議のための「大規模な集会」を指すほか、下落していた相場や体力が「回復する、持ち直す」という意味もあります。,,
2953,raid,/reɪd/,名詞、動詞,【名】奇襲、急襲、一斉捜査<br>【動】急襲する、一斉捜査する,警察による不意の「一斉捜査（家宅捜索、police raid）」や、敵陣への突然の攻撃を意味します。,,
2954,assassination,/əˌsæsnˈeɪʃn/,名詞,暗殺,政治的・宗教的な目的のために、公的な人物（大統領や要人）を不意に殺害すること。動詞形は assassinate。,,
2955,nonetheless,/ˌnʌnðəˈles/,副詞,それにもかかわらず、それでもなお,nevertheless や however と同様に、前に述べた内容に対して逆接の事実を導く書き言葉です。,,
2956,notwithstanding,/ˌnɑːtwɪθˈstændɪŋ/,前置詞、副詞、接続詞,〜にもかかわらず,前置詞として名詞の前（または後ろ）に置かれ、despite や in spite of と同様に「〜にもかかわらず」という意味になります。,,
2957,furthermore,/ˌfɜːrðərˈmɔːr/,副詞,さらに、そのうえ、なお,書いた文章において、追加の事実や論拠を提示する際に使われます（in addition や moreover と同義）。,,
2958,say,/seɪ/,動詞、名詞、副詞,【動】言う、書いてある<br>【名】発言権<br>【副】例えば,"「言う」のほかに、看板などに文字が「〜と書いてある（It says ...）」の用法や、副詞として「例えば（say, 50 dollars）」、名詞として「発言権」の意味があります。",,
2959,rightly,/ˈraɪtli/,副詞,正当に、当然のことながら、正しく,"道理にかなって正しい様子。Rightly or wrongly, ... で「良かれ悪しかれ、それが正しいか間違っているかは別として」となります。",,
2960,justly,/ˈdʒʌstli/,副詞,公正に、正当に、当然ながら,形容詞 just（公正な、正当な）の副詞形。道徳や法律に照らして正当である様子を表します。,,
2961,mistakenly,/mɪˈsteɪkənli/,副詞,誤って、間違えて,誤解や事実誤認に基づいて行動したことを表します（例: mistakenly believe: 誤って信じ込む）。,,
2962,reportedly,/rɪˈpɔːrtɪdli/,副詞,報道によると、伝えられるところでは,ニュースメディアなどの報道によればそうである、という情報源を明確にしない伝聞を示す際に使われます。,,
2963,presumably,/prɪˈzuːməbli/,副詞,おそらく、たぶん、推測するに,合理的な理由や証拠に基づいて「おそらくそうであろう」と推測する度合いの高い表現（probablyに近い）。,,
2964,whatsoever,/ˌwʌtsoʊˈevər/,副詞、代名詞、形容詞,まったく（〜ない）、少しの〜も（ない）,whatever の強調形で、否定語の後ろに置いて「まったく、少しの〜もない」という意味になります（例: no doubt whatsoever: まったく何の疑いもない）。,,
2965,benign,/bɪˈnaɪn/,形容詞,温和な、（病気が）良性の,最後の g は発音されません。医学用語としてがんなどが「良性の（benign tumor）」であることを意味し（反対は malignant）、人柄が「温和な」ことも表します。,,
2966,malicious,/məˈlɪʃəs/,形容詞,悪意のある、意地の悪い、有害な,他人に害を及ぼそうとする敵意を指します。IT用語のマルウェア（malware）は malicious software の略です。,,
2967,hypocrisy,/hɪˈpɑːkrəsi/,名詞,偽善、偽善行為,実際には持っていない美徳や道徳観を持っているように見せかける行為。偽善者は hypocrite。,,
2968,intrigue,/ɪnˈtriːɡ/,動詞、名詞,【動】興味をそそる、陰謀を企てる<br>【名】陰謀、策謀,通常、受け身の be intrigued by/with 〜 で「〜に強い興味をそそられる」という意味で使われます。歴史・政治 of 文脈では「陰謀（を企てる）」になります。,,
2969,velocity,/vəˈlɑːsəti/,名詞,速度、速さ,スピード（speed）は単なる速さを指すのに対し、ベロシティ（velocity）は物理学などで「方向を持った速度」を表す学術的な語です。,,
2970,lapse,/læps/,名詞、動詞,【名】ちょっとした誤り、（時間の）経過<br>【動】（時間の経過により）無効になる,a lapse of memory で「記憶の度忘れ」、a lapse of time で「時の経過」を指します。,,
2971,axis,/ˈæksɪs/,名詞,軸、地軸、中心軸、枢軸,地球の回転軸（earth's axis）や、グラフの「軸（x-axis / y-axis）」を指します。複数形は axes /ˈæksiːz/。,,
2972,erode,/ɪˈroʊd/,動詞,浸食する、蝕む、徐々に摩耗する,風や雨によって土地が徐々に「浸食される」ことや、信頼・価値などが徐々に「損なわれる、目減りする」ことを意味します。名詞形は erosion。,,
2973,exile,/ˈeksaɪl/,名詞、動詞,【名】（政治的理由による）亡命、追放、亡命者<br>【動】追放する、亡命させる,祖国から去ることを強制されること（国外追放）。go into exile で「亡命する」。,,
2974,censorship,/ˈsensərʃɪp/,名詞,検閲、検閲制度,政府などが報道や文学、メディアの内容を検査し規制する制度。動詞 censor は「検閲する」です。,,
2975,index,/ˈɪndeks/,名詞、動詞,【名】索引、指標、指数、インデックス<br>【動】索引をつける、指標化する,本の末尾にある「索引」や、経済状況などを示す「指標・指数（例: consumer price index: 消費者物価指数）」を指します。,,
2976,synthesize,/ˈsɪnθəsaɪz/,動詞,統合する、合成する,バラバラの要素を1つに統合して新しいものを生み出すこと、または化学合成すること。名詞形は synthesis（合成、統合）。,,
2977,ingenuous,/ɪn ˈdʒenjuəs/,形容詞,純真な、素朴な、率直な,疑いを知らず、正直で素直な性質を指します。スペルが似ている ingenious（独創的な、利口な）との混同に注意。,,
2978,proximity,/prɑːkˈsɪməti/,名詞,（距離・時間の）近さ、近接,空間的、時間的、あるいは関係性における物理的な「近さ」を表すフォーマルな語です（例: proximity to the station: 駅への近さ）。,,
2979,appall,/əˈpɔːl/,動詞,ぎょっとさせる、青ざめさせる、愕然とさせる,イギリス英語では appal とも綴られます。主に受け身の be appalled by/at 〜 で「〜に愕然とする、あきれ返る」という不快な驚きを表します。,,
2980,marvel,/ˈmɑːrvl/,動詞、名詞,【動】驚嘆する、驚く<br>【名】驚くべきこと、不思議なもの,marvel at 〜 で「〜に深く驚嘆する、見事だと思う」の意味になります。形容詞 marvelous（素晴らしい）の語源。,,
2981,astound,/əˈstaʊnd/,動詞,びっくり仰天させる、ひどく驚かせる,予想もしないような大きな出来事で他人の腰を抜かすほど「深く驚かせる」こと。surpise よりも驚きの度合いがはるかに強いです。,,
2982,deplore,/dɪˈplɔːr/,動詞,嘆く、深く悔やむ、非難する、遺憾に思う,特定の行為や状況を道徳的に「非難する、強く非難・遺憾に思う」こと。外交文書や公式声明などで「遺憾の意を表明する」際によく使われます。,,
2983,afflict,/əˈflɪkt/,動詞,苦しめる、悩ます,貧困、病気、災害などが人や社会を「苦しめる」こと。通常、受け身の be afflicted with/by 〜 で「〜（病気など）に苦しんでいる」という形でよく使われます。,,
2984,ambivalent,/æmˈbɪvələnt/,形容詞,相反する感情を持つ、曖昧な、決めかねている,1つの対象に対して「好きだが嫌い」「賛成だが反対」のような2つの矛盾した感情を同時に抱いている状態を指します（例: have ambivalent feelings about 〜）。,,
2985,reckon,/ˈrekən/,動詞,思う、計算する、推測する、みなす,主にイギリスやオーストラリアの口語で I reckon (that) ... の形で「〜だと思う（thinkと同様）」として頻出します。,,
2986,kin,/kɪn/,名詞、形容詞,【名】親族、親類<br>【形】血縁の、同様の,家族や血縁関係にある人々。next of kin で「（法的な最優先の）近親者、身寄り」を指します。,,
2987,cosmic,/ˈkɑːzmɪk/,形容詞,宇宙の、宇宙規模の、無限の,地球外の全宇宙に関連する形容詞（例: cosmic dust: 宇宙塵 / cosmic rays: 宇宙線）。,,
2988,celestial,/səˈlestʃl/,形容詞、名詞,【形】天体の、天上の、神聖な<br>【名】天上の住人,太陽、月、星などの空（宇宙）に存在する天体を指す言葉（例: celestial bodies: 天体）。また、神聖な「天国の」という意味もあります。,,
2989,comet,/ˈaːmət/,名詞,彗星、ほうき星,太陽の周りを楕円軌道で公転し、ガスや塵の尾を引いて光る天体（ハレー彗星など）。,,
2990,psychiatric,/ˌsaɪkiˈætrɪk/,形容詞,精神医学の、精神科の,精神疾患の医療に関連する形容詞。psychiatric hospital で「精神科病院」。,,
2991,imperative,/ɪmˈperətɪv/,形容詞、名詞,【形】極めて重要な、不可避の<br>【名】必須事項、義務、命令,避けては通れない、今すぐ行う必要がある緊急の重要事項であることを指します（It is imperative that S (should) do の構文が頻出します）。,,
2992,humane,/hjuːˈmeɪn/,形容詞,人道的な、思いやりのある、慈悲深い,人間らしい優しさや、動物などに対する「思いやりのある、人道的な」扱いを指します。human（人間の）の末尾に e が付いたスペル。,,
2993,maxim,/ˈmæksɪm/,名詞,格言、金言、座右の銘,行動の指針となるような、短くまとめられた真理や倫理的ルール。,,
2994,dogma,/ˈdɔːɡmə/,名詞,教義、独断的な説、ドグマ,宗教や特定の思想において、批判や疑いを持つことが許されない絶対的な決まり（教義）。独断的・偏狭な意見を指すこともあります。,,
2995,symmetry,/ˈsɪmətri/,名詞,対称、左右対称、調和,二つに折った時に左右がぴったり重なる幾何学的な「対称性」を指します。,,
2996,rectangular,/rekˈtæŋɡjələr/,形容詞,長方形の、直角の,四角目で隣り合う辺が直角をなす形状（長方形）。正方形は square です。,,
2997,proliferate,/prəˈlɪfəreɪt/,動詞,急増する、増殖する,細胞や組織が急速に分裂して「増殖する」ことや、アイデア、デバイス、問題などが社会に「急速に広がる・急増する」ことを意味します。,,
2998,antique,/ænˈtiːk/,名詞、形容詞,【名】アンティーク、骨董品<br>【形】骨董価値のある、古風な,通常、100年以上前の美術品や家具で、歴史的・芸術的価値があるものを指します。,,
2999,transact,/trænˈzækt/,動詞,（取引や業務を）行う、処理する,売買や商談、契約のビジネス上のやり取りを執り行うこと。名詞形は transaction（取引）。,,
3000,corridor,/ˈkɔːrɪdɔːr/,名詞,廊下、通路、回廊,建物の中の長い「廊下（hallwayと同様）」を指します。国家間や地域を結ぶ細長い土地・交通網を指す場合もあります。,,
3001,warrant,/ˈwɔːrənt/,名詞、動詞,【名】令状、正当な理由、保証書<br>【動】正当化する、保証する,警察が持つ逮捕令状（arrest warrant）や捜索令状（search warrant）として有名。動詞として「〜を正当化する、必要とする」という意味でも使われます。,,
3002,ship,/ʃɪp/,名詞、動詞,【名】船、大型船<br>【動】出荷する、発送する、輸送する,「大型の船」を指すほかに、動詞として製品を顧客へ「出荷・発送する」という意味でビジネスで非常によく使われます。発送業務は shipping。,,
3003,fire,/ˈfaɪər/,名詞、動詞,【名】火、火事、情熱<br>【動】解雇する、発砲する,「火、火事」のほかに、他動詞として「（人を）クビにする、解雇する（dismiss や sack と同様）」や、「（銃などを）撃つ」という意味が非常に重要です。,,
3004,counter,/ˈkaʊntər/,名詞、動詞、形容詞、副詞,【名】カウンター、計算機<br>【動】反論する、対抗する,レジや台所の「カウンター」のほかに、動詞として意見や攻撃に「対抗する、反論する（counter an argument）」という意味があります。,,
3005,critic,/ˈkrɪtɪk/,名詞,批評家、評論家、批判者,映画、芸術、文学、政治などの「批評を行う専門家」を指します。また、他人の粗探しをして「批判する人」という意味もあります。,,
3006,criminal,/ˈkrɪmɪnl/,名詞、形容詞,【名】犯罪者、犯人<br>【形】犯罪の、刑事上の、不道徳な,法律を犯した「犯罪者」を指します（形容詞は criminal law: 刑法 など）。犯罪行為そのものは crime。,,
3007,genome,/ˈdʒiːnoʊm/,名詞,ゲノム、全遺伝情報,生物が持つすべての遺伝子情報のセット。human genome で「ヒトゲノム」。,,
3008,nutrient,/ˈnuːtriənt/,名詞、形容詞,【名】栄養素、栄養分<br>【形】栄養になる,食べ物に含まれる個々の化学的「栄養成分（タンパク質やビタミンなど）」を指します。,,
3009,regulation,/ˌreɡjəˈleɪʃn/,名詞、形容詞,【名】規則、規制、調整<br>【形】規定の、標準の,政府や組織が設ける公式な「規則、規則による制限・管理」を指します（例: government regulations: 政府の規制）。動詞は regulate。,,
3010,employment,/ɪmˈplɔɪmənt/,名詞,雇用、職、使用,雇うこと、雇われていること。employment rate で「雇用率」。動詞は employ、反対語は unemployment（失業）。,,
3011,aircraft,/ˈerkræft/,名詞,航空機、飛行機,単数・複数同形の語です。airplane（飛行機）や helicopter（ヘリコプター）などを含む「空を飛ぶ乗り物全般」の総称です。,,
3012,effective,/ɪˈfektɪv/,形容詞、名詞,【形】効果的な、有効な、（法律などが）施行されて,期待した成果をもたらす「効果がある」こと。また、法律や契約などが「有効である、実施されている」状態を表す際にも使われます。,,
3013,illegal,/ɪˈliːɡl/,形容詞、名詞,【形】不法な、違法な、非合法の<br>【名】不法移民,legal（合法の）に否定の接頭辞 il- が付いたもの。法律に違反している状態。,,
3014,agricultural,/ˌæɡrɪˈkʌltʃərəl/,形容詞,農業の、農学の,名詞 agriculture（農業）の形容詞形。agricultural products で「農産物」。,,
3015,additional,/əˈdɪʃənl/,形容詞,追加の、付加的な、予備の,名詞 addition（追加）の形容詞形。すでにあるものに加えて「さらに上乗せされた」状態（例: additional cost: 追加費用）。,,
3016,target,/ˈtɑːrɡɪt/,名詞、動詞,【名】標的、目標、ターゲット<br>【動】狙いを定める、目標にする,射撃などの物理的な「的」のほかに、販売計画や目標数値（sales target）などの「目標」を指します。,,
3017,theft,/θeft/,名詞,窃盗、盗み、窃盗罪,人の財産をこっそり盗み出す犯罪行為全般を指します。泥棒は thief。,,
3018,economist,/ɪˈkɑːnəmɪst/,名詞,経済学者、エコノミスト,経済学（economics）の専門家。,,
3019,ad,/æd/,名詞、動詞,【名】広告,advertisement のカジュアルな省略形です。,,
3020,saving,/ˈseɪvɪŋ/,名詞、形容詞、前置詞,【名】節約、貯蓄、貯金<br>【形】救う、節約する<br>【前】〜を除いて,複数形の savings にすると、銀行の「貯金・蓄え」の意味になります。daylight saving time は「夏時間（サマータイム）」。,,
3021,sufferer,/ˈsʌfərər/,名詞,被害者、被災者、苦しむ人、患者,動詞 suffer（苦しむ、被る）の名詞形。特定の病気、災害、逆境などで「精神的・身体的に苦しんでいる人」を指します。,,
3022,election,/ɪˈlekʃn/,名詞,選挙、当選,投票によって代表者などを選ぶこと。動詞形は elect（選挙する）。presidential election で「大統領選挙」。,,
3023,medication,/ˌmedɪˈkeɪʃn/,名詞,薬、薬物治療、投薬,医師から処方される「治療薬」や「薬物治療（投薬行為）」を指すフォーマルな語。日常の薬は medicine や drug も使われます。,,
3024,productivity,/ˌproʊdʌkˈtɪvəti/,名詞,生産性、生産力,投入された資源に対してどれだけの生産量が得られたかを示す割合。形容詞形は productive（生産的な）。,,
3025,representative,/ˌreprɪˈzentətɪv/,名詞、形容詞,【名】代表者、代理人、担当者、下院議員<br>【形】代表的な、象徴する,ビジネスでは customer service representative（カスタマーサービスの担当者）のようによく使われます。また、米国などの「下院議員」を指すこともあります。,,
3026,refund,/ˈriːfʌnd/,名詞、動詞,【名】払い戻し（金）、返金<br>【動】払い戻す、返金する,購入した商品やサービスの不備、キャンセルなどにより、支払ったお金を「返金する」ことを指します。,,
3027,mainland,/ˈmeɪnlænd/,名詞、形容詞,【名】本土<br>【形】本土の,周囲の島々（island）に対する「本土（陸地の大部分を占める側）」を指します。,,
3028,waterfall,/ˈwɔːtərfɔːl/,名詞,滝,高いところから水が落下する「滝」を意味します。,,
3029,bystander,/ˈbaɪstændər/,名詞,傍観者、通りすがりの人,事件や事故に直接関与せず、近くに「立っている（by-stand）」だけの目撃者・傍観者を指します。,,
3030,permission,/pər ˈmɪʃn/,名詞,許可、許諾、認可,不可算名詞です。動詞は permit。ask for permission で「許可を求める」、without permission で「無断で」。,,
3031,drone,/droʊn/,名詞、動詞,【名】無人機、オス蜂、低音のうなり<br>【動】低くうなる,元々は「オスの蜂（ブンブン飛ぶ）」やその「低い羽音」を指していましたが、現代では「無人航空機（ドローン）」の意味が定着しています。,,
3032,limited,/ˈlɪmɪtɪd/,形容詞、名詞,【形】限られた、限定された、有限の,数量、時間、空間、能力などが一定の範囲に「制限されている」状態。a limited budget で「限られた予算」。また「有限会社（Ltd.）」を意味します。,,
3033,advanced,/ədˈvænst/,形容詞、動詞（過去形・過去分詞）,上級の、高度な、進歩した,開発や教育の段階が非常に進んでいる様子。advanced technology で「先端技術」、advanced course で「上級コース」。,,
3034,beneficial,/ˌbenɪˈfɪʃl/,形容詞,有益な、ためになる、有利な,物事や行為が良い効果をもたらす状態（例: exercise is beneficial to health）。名詞形は benefit（恩恵）。,,
3035,genetic,/dʒəˈnetɪk/,形容詞、名詞,【形】遺伝子の、遺伝学の、創生の,生物の遺伝に関する形容詞。genetic engineering で「遺伝子工学」、genetic testing で「遺伝子検査」。名詞形は gene（遺伝子）。,,
3036,long-term,/ˌlɔːŋ ˈtɜːrm/,形容詞、名詞,長期の、長期にわたる、長期的な,期間が長く及ぶことを表します（反対語は short-term: 短期の）。a long-term plan で「長期計画」。,,
3037,competitive,/kəmˈpetətɪv/,形容詞,競争力のある、競争の、格安の、負けず嫌いな,動詞 compete（競争する）から。a competitive market（競争の激しい市場）や、competitive prices（他社に負けない安価な価格）などの意味があります。また人の性格が「負けず嫌いな」ことも表します。,,
3038,religious,/rɪˈlɪdʒəs/,形容詞、名詞,【形】宗教の、信仰深い、厳格な<br>【名】聖職者、修道士,名詞 religion（宗教）の形容詞形。religious beliefs で「宗教的信仰」。,,
3039,related,/rɪˈleɪtɪd/,形容詞、動詞（過去形・過去分詞）,関連のある、関係した、親戚の,動詞 relate（関連づける）の過去分詞。be related to 〜 で「〜に関連している、〜と血縁関係にある」。,,
3040,affordable,/əˈfɔːrdəbl/,形容詞,手頃な価格の、入手しやすい、無理なく買える,動詞 afford（〜を買う余裕がある）から。値段が高すぎず、一般的な収入で十分に「購入可能な、手が届く」価格であることを指します。,,
3041,reintroduce,/ˌriːˌɪntrəˈduːs/,動詞,再導入する、再紹介する、（野生動物などを元の生息地に）再び定着させる,一度廃止された制度や、その地域から消えた動植物を「再び導入する、野生に戻す」ことを意味します。,,
3042,reschedule,/ˌriːˈskedʒuːl/,動詞,予定を変更する、リスケジュールする,会議やアポイントメントなどの日程を「組み直す、変更する」こと。ビジネスで非常によく使われる動詞です。,,
3043,update,/ˌʌpˈdeɪt/,動詞、名詞,【動】最新の状態にする、アップデートする、最新情報を伝える<br>【名】更新、最新情報,コンピュータソフトの更新だけでなく、人に「最新情報を伝える（update someone on the situation）」という意味でも多用されます。,,
3044,renew,/rɪˈnuː/,動詞,更新する、新しくする、再開する,契約、パスポート、運転免許証などを「更新する」際によく使われます。名詞形は renewal（更新）。,,
3045,argument,/ˈɑːrɡjumənt/,名詞,議論、論争、主張,動詞 argue（主張する、議論する）の名詞形。単なる喧嘩というよりは、論理的な裏付けを伴った意見のぶつかり合いを指すことが多いです。,,
3046,workplace,/ˈwɜːrkpleɪs/,名詞,職場、仕事場,オフィスや工場など、仕事をする物理的な場所全般を指します。,,
3047,equality,/ɪˈkwɑːləti/,名詞,平等、均等、対等,形容詞 equal（等しい、平等な）の名詞形。gender equality（男女共同参画、ジェンダー平等）などの表現で頻出します。,,
3048,assistance,/əˈsɪstəns/,名詞,援助、支援、手伝い,不可算名詞です。金融や技術的な支援などを指すことが多く、help よりもフォーマルな語です。,,
3049,pottery,/ˈpɑːtəri/,名詞,陶生類、陶磁器、焼き物,粘土を焼いて作った器全般を指す集合名詞です。,,
3050,assignment,/əˈsaɪnmənt/,名詞,割り当て、課題、宿題、任務,動詞 assign（割り当てる）の名詞形。大学のレポートや宿題、あるいは会社でのプロジェクトなどの割り当てられた職務を指します。,,
3051,injury,/ˈɪndʒəri/,名詞,負傷、怪我、痛手,動詞 injure（怪我をさせる）の名詞形。物理的な怪我のほか、自尊心への傷や名誉毀損などを指す場合もあります。,,
3052,bulb,/bʌlb/,名詞,電球、球根,light bulb（電球）のほか、チューリップなどの「球根」も指します。,,
3053,résumé,/ˈrezəmeɪ/,名詞,履歴書、要約,フランス語由来の単語で、主にアメリカ英語で就職活動の「履歴書」を指します（イギリス英語では CV が一般的です）。,,
3054,mud,/mʌd/,名詞、動詞,【名】泥、ぬかるみ<br>【動】泥を塗る,水を含んだ粘土質の「泥」。muddy で「泥だらけの」。,,
3055,ecosystem,/ˈiːkoʊsɪstəm/,名詞,生態系、エコシステム,生物とその環境が作り上げるシステム。ビジネスでも、関連する企業やサービスの連動関係を指して「エコシステム」と呼ぶことがあります。,,
3056,promotion,/prəˈmoʊʃn/,名詞,昇進、促進、販売促進,動詞 promote（促進する、昇進させる）の名詞形。役職が上がることや、製品の知名度を上げるための宣伝活動の両方を指します。,,
3057,complaint,/kəmˈpleɪnt/,名詞,不平、苦情、クレーム,動詞 complain（不平を言う）の名詞形。make a complaint で「不満を言う、クレームをつける」となります。,,
3058,requirement,/rɪˈkwaɪərmənt/,名詞,必要条件、要件、必要なもの,動詞 require（要求する）の名詞形。特定の資格や仕様を満たすための必須条件（例: visa requirements: ビザの必要要件）。,,
3059,preference,/ˈprefrəns/,名詞,好み、偏愛、優先（権）,動詞 prefer（〜のほうを好む）の名詞形。他よりも何かを好む性質（例: personal preferences: 個人の好み）。,,
3060,subscription,/səbˈskrɪpʃn/,名詞,定期購読、会員登録、定額課金サービス,動詞 subscribe（定期購読する）の名詞形。近年では「サブスク」として定額制サービスの契約を指すことが増えています。,,
3061,qualified,/ˈkwɑːlɪfaɪd/,形容詞、動詞（過去形・過去分詞）,資格のある、適任の、制限付きの,動詞 qualify（資格を与える）の過去分詞。be qualified for 〜 で「〜の資格を満たしている、適任である」。,,
3062,mechanical,/məˈkænɪkl/,形容詞,機械の、機械的な、無味乾燥な,名詞 machine（機械）の関連語。機械装置に関連する意味のほか、人の動作などが「機械的で温かみのない」という意味もあります。,,
3063,unexpected,/ˌʌnɪkˈspektɪd/,形容詞,予期しない、思いがけない、突然の,expected（予想された）に否定 of un- が付いたもの（例: unexpected results: 予期せぬ結果）。,,
3064,attractive,/əˈtræktɪv/,形容詞,魅力的な、人を引きつける,動詞 attract（引きつける）の形容詞形。外見の良さだけでなく、条件や提案が魅力的である場合にも使われます。,,
3065,costly,/ˈcɔːstli/,形容詞,費用の高い、高価な、損失の大きい,名詞 cost に -ly が付いた形容詞。単に値段が高いだけでなく、ミスなどによる「代償が大きい」ことも表します。,,
3066,previously,/ˈpriːviəsli/,副詞,以前に、前もって,形容詞 previous（以前の）の副詞形。以前のある特定の時点に、という意味で用いられます。,,
3067,consequently,/ˈkɑːnsəkwentli/,副詞,その結果、したがって,形容詞 consequent（結果として生じる）の副詞形。前に述べた事実から「その結果として」論理的につながる事実を導きます。,,
3068,constantly,/ˈkɑːnstəntli/,副詞,絶えず、常に、しきりに,形容詞 constant（絶え間ない）の副詞形。変化せずにずっとその状態が続いている、または頻繁に繰り返される様子を表します。,,
3069,typically,/ˈtɪpɪkli/,副詞,典型的に、一般的に、通常は,形容詞 typical（典型的な）の副詞形。特定のグループやケースによくある、代表的な傾向を示す際に使われます。,,
3070,per,/pɜːr/,前置詞,〜につき、〜ごとに,割合や比率を表します。per person で「1人あたり」、miles per hour で「時速〜マイル」。,,
3071,post,/poʊst/,名詞、動詞、接頭辞,【名】郵便、役職、柱、投稿<br>【動】郵便で送る、掲示する、投稿する,多義語です。「郵便」のほか、オンラインでの「投稿（する）」、仕事の「役職（post）」など幅広い用法があります。,,
3072,colonize,/ˈkɑːlənaɪz/,動詞,植民地化する、開拓する、（動植物が新地に）入植する,名詞 colony（植民地、集落）の動詞形。歴史的な植民地化のほか、生物学で特定のエリアに動植物が定着する際にも使われます。,,
3073,strengthen,/ˈstreŋθn/,動詞,強化する、強くする,名詞 strength（強さ、力）に動詞化接尾辞 -en が付いたもの。関係、経済、決意などを「強化する」際にも使われます。,,
3074,prescription,/prɪˈskrɪpʃn/,名詞,処方箋、処方、規定,動詞 prescribe（処方する、規定する）の名詞形。医師が患者のために書く薬の処方（prescription drug: 処方薬）。,,
3075,root,/ruːt/,名詞、動詞,【名】根、根源、ルーツ<br>【動】根づく、応援する,植物の「根」のほか、問題の「原因・根源（例: the root of the problem）」を指します。また、root for 〜 で「〜を応援する」の意味もあります。,,
3076,survival,/sərˈvaɪvl/,名詞、形容詞,【名】生存、生き残り、存続<br>【形】生存のための,動詞 survive（生き残る）の名詞形（例: survival rate: 生存率）。,,
3077,maintenance,/ˈmeɪntənəns/,名詞,維持、保守、メンテナンス,動詞 maintain（維持する）の名詞形。スペルが maintain から mainte- に変わるため注意してください。,,
3078,formation,/fɔːrˈmeɪʃn/,名詞,形成、構成、形態、隊列,動詞 form（形成する）の名詞形。物事が形作られるプロセスや、岩石や雲などの特定の「形状、層（例: rock formations）」を指します。,,
3079,educator,/ˈedʒukeɪtər/,名詞,教育者、教師,動詞 educate（教育する）から。単に授業をする teacher よりも、教育全般を専門とする「教育者・専門家」というややフォーマルな響きがあります。,,
3080,brand,/brænd/,名詞、動詞,【名】ブランド、銘柄、烙印<br>【動】ブランド品にする、烙印を押す,かつて家畜に個別の「焼き印（烙印）」を押したことが語源です。そこから比喩的に「レッテルを貼る」という意味もあります。,,
3081,CEO,/ˌsiː iː ˈoʊ/,名詞,最高経営責任者,Chief Executive Officer の略。企業の経営上の最高決定権を持つ役職。,,
3082,outsider,/ˌaʊtˈsaɪdər/,名詞,部外者、門外漢、アウトサイダー,特定の組織やグループに属していない人。対義語は insider（インサイダー、内部の人間）。,,
3083,reduction,/rɪˈdʌkʃn/,名詞,削減、減少、縮小、割引,動詞 reduce（減らす）の名詞形。CO2の排出削減（emission reduction）や、価格の割引（price reduction）など、極めてよく使われます。,,
3084,settlement,/ˈsetlmənt/,名詞,解決、合意、決済、入植地、定住,動詞 settle（解決する、定住する、決済する）の名詞形。紛争や訴訟などの「和解・解決」や、未開の地に作られた「入植地・集落」などを指します。,,
3085,likelihood,/ˈlaɪklihʊd/,名詞,可能性、見込み,形容詞 likely（ありそうな）の名詞形。in all likelihood で「十中八九、おそらく」。,,
3086,possession,/pəˈzeʃn/,名詞,所有、所持、所有物、財産,動詞 possess（所有する）の名詞形。主に複数形の possessions で、個人が持ち歩いている「私物・財産」を指します。,,
3087,anxiety,/æŋˈzaɪəti/,名詞,不安、心配、心配の種,形容詞 anxious（不安な、切望している）の名詞形。将来への不確かさによる漠然とした不安を指します。,,
3088,ownership,/ˈoʊnərʃɪp/,名詞,所有権、オーナーシップ,名詞 owner（所有者）に接尾辞 -ship が付いたもの。資産や企業などの法的な所有権を表します。,,
3089,division,/dɪˈvɪʒn/,名詞,分割、（会社などの）部門、分裂、割り算,動詞 divide（分ける）の名詞形。全体を分割することのほかに、会社内の「〜部門、事業部（例: sales division）」や、国・社会の「分裂・対立」を指します。,,
3090,establishment,/ɪˈstæblɪʃmənt/,名詞,設立、確立、施設、支配階級,動詞 establish（設立する）の名詞形。制度や店舗、学校などの「施設、店舗」そのものを指す場合や、社会の「保守本流・支配階級」を指す場合もあります。,,
3091,presence,/ˈprezns/,名詞,存在、出席、存在感、影響力,形容詞 present（存在する、出席している）の名詞形。対義語は absence（不在）。in the presence of 〜 で「〜の立ち会いのもとで」。,,
3092,prisoner,/ˈprɪznər/,名詞,囚人、受刑者、捕虜,刑務所に収監されている人。prisoner of war（POW）で「戦争捕虜」。,,
3093,surgeon,/ˈsɜːrdʒən/,名詞,外科医,手術（surgery）を執刀する医師を指します。内科医は physician。,,
3094,port,/pɔːrt/,名詞、動詞,【名】港、港町、（PCの）接続口<br>【動】（データを）移植する,船が停泊する「港」のほか、コンピュータの周辺機器の「接続ポート」を指します。,,
3095,coworker,/ˈkoʊwɜːrkər/,名詞,同僚、仕事仲間,co-（共に）+ worker（働く人）で、同じ職場で働く「同僚（colleague とほぼ同義）」。,,
3096,athletics,/æθˈletɪks/,名詞,運動競技、スポーツ、陸上競技（主にイギリス）,主に陸上競技を指すことが多いイギリス英語と、運動競技・スポーツ全般を指すことが多いアメリカ英語でやや対象が異なります。,,
3097,ecologist,/iˈkɑːlədʒɪst/,名詞,生態学者、環境保護論者,ecology（生態学、環境）の専門家、または環境保護活動を行う人。,,
3098,biased,/ˈbaɪəst/,形容詞、動詞（過去形・過去分詞）,偏見を持った、偏った,名詞・動詞 bias（偏見、偏らせる）の過去分詞。一方の意見や事実に不公平に傾いている状態を表します。,,
3099,multiple,/ˈmʌltɪpl/,形容詞、名詞,【形】多数の、複数の、多様な<br>【名】倍数,1つではなく「多数の（複合的な）」要素がある様子。数学では「倍数」を意味します。,,
3100,encouraging,/ɪnˈkɜːrɪdʒɪŋ/,形容詞、動詞（現在分詞）,励みになる、心強い、有望な,動詞 encourage（励ます、促す）から。状況や兆候が明るく、人々を「勇気づける、励ます」ものである様子（例: encouraging news）。,,
3101,underground,/ˌʌndərˈɡraʊnd/,形容詞、副詞、名詞,【形】地下の、秘密の<br>【副】地下に、秘密裏に<br>【名】地下鉄,物理的な意味のほかに、非合法な、または非公式な「秘密の、アンダーグラウンドな」活動を指します。また、イギリス英語で「地下鉄」を指します。,,
3102,profitable,/ˈprɑːfɪtəbl/,形容詞,利益の上がる、儲かる、有益な,名詞 profit（利益、儲け）の形容詞形。事業や投資が「黒字になる、儲けが出る」こと。,,
3103,chief,/tʃiːf/,形容詞、名詞,【形】主任の、最高の、主要な<br>【名】長、かしら、チーフ,組織や計画において最も重要で、地位が一番高い様子（例: chief architect: 主任建築家）。,,
3104,coastal,/ˈkoʊstl/,形容詞,沿岸の、海岸の,名詞 coast（沿岸、海岸）の形容詞形（例: coastal areas: 沿岸地域）。,,
3105,digestive,/daɪˈdʒestɪv/,形容詞、名詞,【形】消化の、消化を助ける<br>【名】消化促進剤,胃や腸の「消化」に関する形容詞。digestive system で「消化器系」。,,
3106,tailor,/ˈteɪlər/,名詞、動詞,【名】紳士服仕立屋、テーラー<br>【動】仕立てる、合わせる,服を仕立てる専門の「職人」を指すほか、動詞として目的や相手のニーズに合わせて「カスタマイズする、調整する（tailor-made）」という意味でもビジネスで多用されます。,,
3107,overhear,/ˌoʊvərˈhɪr/,動詞,ふと耳にする、立ち聞きする,hear（聞こえる）を over（超えて）することから、他人の会話などを「偶然または意図的に耳にする」ことを意味します（過去・過去分詞形は overheard）。,,
3108,application,/ˌæplɪˈkeɪʃn/,名詞,適用、応用、応募、申し込み、アプリ,動詞 apply（適用する、申し込む）の名詞形。求人への「応募（例: job application）」や、スマートフォンの「アプリ（App）」など多岐にわたる意味を持ちます。,,
3109,workout,/ˈwɜːrkaʊt/,名詞,体力づくり、トレーニング、運動,動詞 work out（運動する）から。ジムなどで行う本格的な運動を指します。,,
3110,contribution,/ˌkɑːntrɪˈbjuːʃn/,名詞,貢献、寄与、寄付（金）,動詞 contribute（貢献する、寄付する）の名詞形。組織や社会への貢献や、寄付された金品を指します。,,
3111,exposure,/ɪkˈspoʊʒər/,名詞,さらされること、暴露、露出,動詞 expose（さらす）の名詞形。雨風にさらされることや、化学物質への暴露のほか、メディアに露出して注目を浴びることも表します。,,
3112,blow,/bloʊ/,動詞、名詞,【動】（風が）吹く、吹き飛ばす<br>【名】打撃、一撃、痛手,動詞としての「吹く」のほか、名詞としての「（精神的・物理的な）打撃、ショック、痛手（例: a heavy blow to the economy）」という意味が非常に重要です。,,
3113,participation,/pɑːrˌtɪsɪˈpeɪʃn/,名詞,参加、関与,動詞 participate（参加する）の名詞形。会議やイベントなどに加わること。,,
3114,architect,/ˈɑːrkɪtekt/,名詞、動詞,【名】建築家、設計者、考案者<br>【動】設計する,建物を設計する「建築家」のほかに、比喩的にシステムや計画、大きな事件の「設計者・首謀者」を指すこともあります。,,
3115,existence,/ɪɡˈzɪstəns/,名詞,存在、生存、生活,動詞 exist（存在する）の名詞形。come into existence で「この世に誕生する、出現する」。,,
3116,awareness,/əˈwernəs/,名詞,意識、自覚、認識、知ること,形容詞 aware（気づいている）の名詞形。ある問題について世間の理解を深めることを raise awareness と言います（例: environmental awareness: 環境意識）。,,
3117,lawsuit,/ˈlɔːsuːt/,名詞,訴訟、裁判、訴え,民事上の法的トラブル解決のために裁判を起こすこと。file a lawsuit against 〜 で「〜を相手に訴訟を起こす」。,,
3118,satisfaction,/ˌsætɪsˈfækʃn/,名詞,満足、充足、満足度,形容詞 satisfied（満足した）の名詞形。customer satisfaction（顧客満足度）でおなじみです。,,
3119,globalization,/ˌɡloʊbəlaɪˈzeɪʃn/,名詞,グローバル化、世界化,経済、文化、技術などが国境を越えて世界規模で一体化する現象。動詞形は globalize。,,
3120,inspection,/ɪnˈspekʃn/,名詞,検査、点検、監査、査察,動詞 inspect（検査する）の名詞形。製品に不具合がないかを入念に確認する行為（例: safety inspection: 安全点検）。,,
3121,attendance,/əˈtendəns/,名詞,出席、参列、出席者数、世話,動詞 attend（出席する、世話する）の名詞形。学校や会社の「出席」や、イベントの「入場者数・出席者」を指します。,,
3122,copper,/ˈkɑːpər/,名詞、動詞、形容詞,【名】銅、銅貨<br>【形】銅（製）の,元素記号 Cu の「銅」。電線などの材料としてよく用いられます。,,
3123,flu,/fluː/,名詞,インフルエンザ、流感,influenza の日常的な省略形。catch the flu で「インフルエンザにかかる」。,,
3124,burial,/ˈberiəl/,名詞、形容詞,【名】埋葬、埋没<br>【形】埋葬の、墓地の,動詞 bury（埋める）の名詞形。火葬と対比される、遺体を土に「埋葬すること」。,,
3125,diagram,/ˈdaɪəɡræm/,名詞、動詞,【名】図、図表、図解<br>【動】図解する,情報や構造、仕組みを分かりやすく表した「イラスト・図表」。,,
3126,placement,/ˈpleɪsmənt/,名詞,配置、設置、就職斡旋,動詞 place（置く）の名詞形。物を置く場所の決定や、学校でのクラス分け（placement test）、あるいは就職の斡旋（job placement）などを指します。,,
3127,wheelchair,/ˈwiːltʃer/,名詞,車椅子,歩行が困難な人が乗る車輪付きの椅子。,,
3128,experienced,/ɪkˈspɪriənst/,形容詞、動詞（過去形・過去分詞）,経験豊かな、熟練した,動詞・名詞 experience（経験、経験する）から派生。十分な経験を積んでいて技術がある様子（例: an experienced engineer）。,,
3129,mainstream,/ˈmeɪnstriːm/,名詞、形容詞、動詞,【名】主流、大勢<br>【形】主流の、一般的な,社会や文化、業界などにおいて多数を占める「主要な流れ、主流の考え方」（反対はサブカルチャーや少数派）。,,
3130,fatal,/ˈfeɪtl/,形容詞,致命的な、破壊的な、宿命的な,死に直結するような「致命的な（例: a fatal accident / a fatal mistake）」。名詞 fate（運命）の関連語。,,
3131,nutritious,/nuˈtrɪʃəs/,形容詞,栄養のある、栄養価の高い,名詞 nutrition（栄養）の形容詞形。体に良い栄養素が豊富に含まれている食べ物などを指します（例: a nutritious meal）。,,
3132,man-made,/ˌmæn ˈmeɪd/,形容詞,人工の、人造の、人間の手による,自然にできたものではなく、人間が作り出したものを指します（例: a man-made lake: 人造湖）。artificial とほぼ同義です。,,
3133,aging,/ˈeɪdʒɪŋ/,名詞、形容詞、動詞（現在分詞）,【名】高齢化、老化、経年変化<br>【形】高齢化する、老いていく,動詞 age（年を取る）から。an aging society で「高齢化社会」。,,
3134,spiritual,/ˈspɪrɪtʃuəl/,形容詞、名詞,【形】精神の、霊的な、精神的な<br>【名】黒人霊歌,物理的なもの（physical / material）に対する、人間の「精神、魂、心、宗教的なもの」に関連する事柄。,,
3135,endangered,/ɪnˈdeɪndʒərd/,形容詞、動詞（過去形・過去分詞）,絶滅の危機に瀕した、危険にさらされた,動詞 endanger（危険にさらす）の過去分詞。endangered species で「絶滅危惧種」を指す表現として非常によく使われます。,,
3136,sticky,/ˈstɪki/,形容詞,粘着性のある、べたつく、（問題が）厄介な,テープやのりのように「ねばねばする、くっつく」状態のほか、口語で「（解決が困難な）厄介な状況」を指すこともあります（例: a sticky situation）。,,
3137,elsewhere,/ˌelsˈwer/,副詞,どこか他の場所で、どこかよそへ,ここ以外の「別のどこかで」という意味を表します（例: look elsewhere for a job: よそで仕事を探す）。,,
3138,strictly,/ˈstrɪktli/,副詞,厳格に、厳重に、厳しく,形容詞 strict（厳しい）の副詞形。strictly speaking で「厳密に言うと」。,,
3139,beforehand,/bɪˈfɔːrhænd/,副詞、形容詞,事前に、あらかじめ、前もって,物事が起こるより前に、あらかじめ準備などの行動を完了しておくことを指します（例: prepare beforehand）。in advance とほぼ同義です。,,
3140,relocate,/ˌriːˈloʊkeɪt/,動詞,移動する、移転する、移転させる、転勤する,会社の本社や工場、あるいは個人の住居を新しい場所に「移す（移転する）」こと（例: relocate the office）。,,
3141,disprove,/ˌdɪsˈpruːv/,動詞,誤りを証明する、反証する、覆す,prove（証明する）に否定の接頭辞 dis- が付いたもの。ある主張や仮説、理論が「誤っていることを証明する」こと。,,
3142,harass,/həˈræs/,動詞,悩ませる、困らせる、嫌がらせをする,繰り返し相手を不快にさせる嫌がらせをすること。名詞形は harassment。,,
3143,magnify,/ˈmæɡnɪfaɪ/,動詞,拡大する、大きく見せる、誇張する,レンズなどを使って物理的に「拡大する」ことや、問題を実際よりも大きく見せる（誇張する）ことを意味します。虫眼鏡・拡大鏡は magnifying glass。,,
3144,sneak,/sniːk/,動詞、名詞、形容詞,【動】忍び寄る、こっそり持ち出す<br>【名】こそこそする人,人に気づかれないようこっそり「動く（潜入する）」こと、または「何かを持ち去る・持ち込む」こと。スニーカー（sneaker）の語源。,,
3145,gut,/ɡʌt/,名詞、動詞、形容詞,【名】腸、内臓、根性<br>【形】直感的な,物理的な「腸」のほかに、複数形の guts で「根性、勇気」を指し、形容詞的に gut feeling で「直感（腹の虫が知らせる感覚）」を意味します。,,
3146,camel,/ˈkæml/,名詞,ラクダ,砂漠に生息する背中にコブのある草食動物。,,
3147,antioxidant,/ˌæntiˈɑːksɪdənt/,名詞、形容詞,【名】抗酸化物質、酸化防止剤<br>【形】抗酸化作用のある,anti-（抗・反）+ oxidant（酸化を促すもの）で、老化防止や食品の劣化を防ぐ「抗酸化」を指します。,,
3148,oath,/oʊθ/,名詞,誓い、誓約、宣誓,裁判所や大統領就任式などで、神に誓って真実を述べる公式な「宣誓（誓い）」（例: take an oath）。複数形は oaths /oʊðz/。,,
3149,heating,/ˈhiːtɪŋ/,名詞、形容詞、動詞（現在分詞）,【名】暖房、加熱<br>【形】加熱用の,部屋を温める暖房装置やそのシステム（例: central heating: 中央暖房）。,,
3150,auditorium,/ˌɔːdɪˈtɔːriəm/,名詞,講堂、公会堂、大ホール、観客席,多くの人を収容して講演やコンサートを行うための広い「ホール、講堂」。,,
3151,invasion,/ɪnˈveɪʒn/,名詞,侵略、侵入、侵害,動詞 invade（侵略する、侵入する）の名詞形。他国への軍事侵攻のほか、プライバシーの侵害（invasion of privacy）などにも使われます。,,
3152,creativity,/ˌkriːeɪˈtɪvəti/,名詞,創造性、独創力,新しいものを作り出す、またはユニークな解決策を思いつく能力。形容詞形は creative。,,
3153,reminder,/rɪˈmaɪndər/,名詞,思い出させるもの、通知、催促状,動詞 remind（思い出させる）の名詞形。約束や用事を忘れないように通知するメール（リマインダー）や、記念碑など過去を「思い出させるもの」を指します。,,
3154,investigation,/ɪnˌvestɪˈɡeɪʃn/,名詞,調査、捜査、究明,動詞 investigate（調査する、捜査する）の名詞形。警察による事件の捜査（criminal investigation）や、学術・科学的な調査を指します。,,
3155,compartment,/kəmˈpɑːrtmənt/,名詞、動詞,【名】区画、客室、収納部<br>【動】区画に分ける,列車やスーツケース、機内持ち込み用の棚（overhead compartment）など、空間を細かく区切った「仕切り、コンパートメント」。,,
3156,removal,/rɪˈmuːvl/,名詞,除去、取り外し、移動,動詞 remove（取り除く）の名詞形（例: garbage removal: ゴミの除去 / stain removal: しみ抜き）。,,
3157,closure,/ˈkloʊʒər/,名詞、動詞,【名】閉鎖、閉店、終結、終止符<br>【動】討論などを打ち切る,動詞 close（閉める）の名詞形。道路や店舗の閉鎖のほか、辛い経験を乗り越えて「心の整理をつけること（心の終結）」を指す表現としてもよく使われます（例: find closure）。,,
3158,reference,/ˈrefrəns/,名詞、動詞、形容詞,【名】言及、参照、参考文献、推薦状<br>【動】参照する,多義語です。「参照、参考文献（reference book）」のほかに、転職時に前の職場の上司などが書く「推薦状、身元保証人」という意味が重要です。,,
3159,coral,/ˈkɔːrəl/,名詞、形容詞,【名】サンゴ（珊瑚）<br>【形】サンゴ（色）の,サンゴ（動物）やそれが作り上げる「サンゴ礁（coral reef）」。,,
3160,impressive,/ɪmˈpresɪv/,形容詞,印象的な、素晴らしい、見事な,人の心を強く動かす、優れた状態を指します。動詞 impress（強い印象を与える）の形容詞形。,,
3161,offensive,/əˈfensɪv/,形容詞、名詞,【形】不快な、無礼な、攻撃的な<br>【名】攻撃、攻勢,動詞 offend（不快にさせる）の形容詞形。人の気分を害する「嫌な、無礼な」言葉や、スポーツや軍事での「攻撃の、攻勢」を指します。,,
3162,distinct,/dɪˈstɪŋkt/,形容詞,はっきりと異なる、明確な、際立った,他と境界線が明確で、「はっきりと区別できる」様子を表します。,,
3163,spacious,/ˈspeɪʃəs/,形容詞,広々とした、ゆったりした,名詞 space（空間、スペース）の形容詞形。部屋や家などが十分な広さを持っており、開放感がある状態を表します。,,
3164,deadly,/ˈdedli/,形容詞、副詞,【形】致命的な、死を招く<br>【副】極端に、死ぬほど,名詞 dead に -ly が付いた形容詞（副詞としても使われます）。致命的な毒や事故（例: deadly poison / deadly weapon）を指すほか、口語で「この上なく退屈な（例: deadly boring）」という意味もあります。,,
3165,petty,/ˈpeti/,形容詞、名詞,【形】ささいな、つまらない、心の狭い<br>【名】小額の現金,価値や重要性が低いことを表します。petty crime で「軽犯罪、微罪」、petty cash で「小口現金」。,,
3166,roughly,/ˈrʌfli/,副詞,おおよそ、大体、手荒に、乱暴に,形容詞 rough（粗い、大まかな、乱暴な）の副詞形。数値の「約、大まかに（approximatelyとほぼ同義）」という意味で広く使われます。,,
3167,unfairly,/ˌʌnˈferli/,副詞,不当に、不公平に,形容詞 unfair（不公平な）の副詞形。ルールや扱いが「不当に偏っている」様子を表します。,,
3168,briefly,/ˈbriːfli/,副詞,簡潔に、短時間、手短に,形容詞 brief（短い）の副詞形。briefly explain で「手短に説明する」。,,
3169,legally,/ˈliːɡəli/,副詞,法律上、合法的に、法的に,形容詞 legal（法的な）の副詞形。法律に則って、または法律の観点から（例: legally binding: 法的拘束力のある）。,,
3170,originate,/əˈrɪdʒɪneɪt/,動詞,生じる、起源を持つ、創始する,名詞 origin（起源、原点）の動詞形。originate in/from 〜 で「〜から生じる、〜に起源がある」となります。,,
3171,grip,/ɡrɪp/,動詞、名詞,【動】しっかりと握る、心を引きつける<br>【名】握ること、支配力、把握,手などでぎゅっと「掴む」動作。比喩的に観客の興味を「引きつける」ことや、状況をコントロールする「支配、把握（例: get a grip on the situation）」を指します。,,
3172,remodel,/ˌriːˈmɑːdl/,動詞,改築する、リフォームする、作り直す,建物、部屋、組織などの構造やデザインを新しく「改築・改修する」こと。日本語の「リフォーム」に相当します。,,
3173,triple,/ˈtrɪpl/,形容詞、名詞、動詞,【形】3重の、3倍の<br>【名】3倍、3塁打<br>【動】3倍にする,数量や規模が3倍になること。double（2倍）の次にあたります。,,
3174,socialize,/ˈsoʊʃəlaɪz/,動詞,交際する、社交的にする、社会化する,友人や他人と親しく「交流する、おしゃべりする」こと（例: socialize with coworkers: 同僚と交流する）。,,
3175,termite,/ˈtɜːrmaɪt/,名詞,シロアリ,木造住宅に重大な被害をもたらす害虫として有名な「シロアリ」。,,
3176,paperwork,/ˈpeɪpərwɜːrk/,名詞,事務手続き、書類仕事,不可算名詞です。契約、ビザの申請、あるいは社内業務に伴う書類の記入や提出など、様々な「書類上の手続き・事務作業」。,,
3177,descendant,/dɪˈsendənt/,名詞、形容詞,【名】子孫、後継<br>【形】降下する,祖先（ancestor）から血を引く「子孫」。,,
3178,handout,/ˈhændaʊt/,名詞、動詞,【名】配布資料、施し物<br>【動】配る,授業や会議で出席者に配られる「プリント、レジュメ（ハンドアウト）」を指す一般的な語。,,
3179,replacement,/rɪˈpleɪsmənt/,名詞,交換、代わりの人（物）、後任,動詞 replace（交換する、取って代わる）の名詞形。故障した部品の「交換品」や、退職した人の「後任（代わりの人員）」を指します。,,
3180,observer,/əbˈzɜːrvər/,名詞,観察者、オブザーバー、立会人,動詞 observe（観察する、順守する）の名詞形。何かに参加せず客観的に見守る立場の人、あるいは動向を調査する「専門の分析家（例: political observers）」を指します。,,
3181,commission,/kəmˈmɪʃn/,名詞、動詞,【名】委員会、手数料、歩合、委任<br>【動】依頼・委託する,多義語です。政府の特別「委員会（例: planning commission）」や、取引の「仲介手数料」、営業職 of 「歩合（コミッション）」、または画家に絵を「発注する、委託する」などの意味があります。,,
3182,description,/dɪˈskrɪpʃn/,名詞,記述、説明、描写,動詞 describe（描写する、言葉で説明する）の名詞形。物事の特徴を言葉で表現した「説明書き（例: job description: 職務記述書）」。,,
3183,guidance,/ˈɡaɪdns/,名詞,指導、案内、手引き、ガイダンス,動詞 guide（案内する、指導する）の名詞形。不可算名詞です。道しるべとなる具体的な助言や方向性を与えること。,,
3184,edition,/ɪˈdɪʃn/,名詞,（書籍などの）版、エディション,本、雑誌、ソフトウェアなどの出版・リリースされた特定の「版」（例: first edition: 初版 / limited edition: 限定版）。,,
3185,graphic,/ˈɡræfɪk/,形容詞、名詞,【形】グラフィックの、図表による、生き生きとした<br>【名】グラフィック、図表,画像や図面に関する意味のほか、描写などが「非常に生き生きとしてリアルである」、あるいは惨殺シーンなどが「露骨で生々しい（例: graphic violence）」という意味もあります。,,
3186,pathway,/ˈpæθweɪ/,名詞,小道、進路、経路、伝達経路,人が通る「細い小道（path）」のほか、目標に達する「道筋・キャリアパス」、体内の神経や信号の「伝達経路（例: biological pathway）」を指します。,,
3187,cliff,/klɪf/,名詞,崖、絶壁,海岸や山にある、ほぼ垂直にそびえ立つ岩石の「崖」。,,
3188,coordinator,/koʊˈɔːrdɪneɪtər/,名詞,調整役、進行役、コーディネーター,動詞 coordinate（調整する、調和させる）から。プロジェクトやイベントを円滑に進めるために、全体の調整・統括を行う担当者。,,
3189,depth,/depθ/,名詞,深さ、奥行き、深遠さ,形容詞 deep（深い）の名詞形。物理的な水や容器の「深さ」のほか、議論や知識の「奥深さ・深み」を指します。in depth で「詳細に、徹底的に」。,,
3190,chart,/tʃɑːrt/,名詞、動詞,【名】図表、グラフ、カルテ、海図<br>【動】図に表す,データを分かりやすくまとめた「グラフ・チャート」のほか、医師が用いる「カルテ（medical chart）」や、船の「海図」を表します。,,
3191,expectancy,/ɪkˈspektənsi/,名詞,期待、予期、見込み,通常、life expectancy の形で「平均余命、平均寿命」を表す語として非常によく使われます。,,
3192,nowhere,/ˈnoʊwer/,副詞、名詞、形容詞,【副】どこにも〜ない<br>【名】未知の場所,否定語を伴わずに「どこにも存在しない」状態を表します。get nowhere で「何の進展もない、行き詰まる」。,,
3193,courthouse,/ˈcɔːrthaʊs/,名詞,裁判所、郡庁舎,court（法廷）がある建物。アメリカなどでは、地方の郡（county）の行政サービスを行う庁舎を指すこともあります。,,
3194,cove,/koʊv/,名詞、動詞,【名】小入り江、洞窟<br>【動】丸く凹ませる,海岸線の小さく湾曲した「入り江（bayよりも小規模なもの）」を指します。,,
3195,dock,/dɑːk/,名詞、動詞,【名】ドック、波止場、被告席<br>【動】（船を）ドックに入れる、削減する,船を修理する「ドック」のほか、給与などを「差し引く、削減する」という意味（dock one's pay）もあります。,,
3196,cholesterol,/kəˈlestərɔːl/,名詞,コレステロール,脂質の一種。健康診断などで高血圧や脂質異常症に関連して頻出する医学・健康用語です。,,
3197,depression,/dɪˈpreʃn/,名詞,うつ病、憂鬱、不景気、不況、窪地,精神医学での「うつ病」のほか、経済学での「大不況（例: the Great Depression: 世界大恐慌）」を指します。,,
3198,recognition,/ˌrekəɡˈnɪʃn/,名詞,認識、識別、承認、評価、表彰,音声認識（voice recognition）や、功績に対する「表彰、高い評価（in recognition of 〜）」などで多用されます。,,
3199,applicant,/ˈæplɪkənt/,名詞,応募者、志願者、申請者,動詞 apply（応募する、申し込む）の名詞形。仕事や大学などの志望者、またはビザの申請者などを指します。,,
3200,acceptable,/əkˈseptəbl/,形容詞,容認できる、受け入れられる、十分な,動詞 accept（受け入れる）+ -able（〜できる）から。基準やマナーを満たしており、拒否されない状態を表します。,,
3201,marine,/məˈriːn/,形容詞、名詞,【形】海の、海洋の、船舶の<br>【名】海兵隊員,海に生息する生物（marine life）や、海洋の環境を表す際に用いられます。アメリカの「海兵隊員」を指すこともあります。,,
3202,unfamiliar,/ˌʌnfəˈmɪliər/,形容詞,よく知らない、見慣れない、不慣れな,familiar（見慣れた）に否定の un- が付いたもの（例: unfamiliar surroundings: 見慣れない環境）。,,
3203,impractical,/ɪmˈpræktɪkl/,形容詞,非実用的な、実行不可能な,practical（実用的な）の反対語。方法やアイデアが現実的な状況に即していない様子を表します。,,
3204,unpredictable,/ˌʌnprɪˈdɪktəbl/,形容詞,予測不可能な、気まぐれな,predict（予測する）の関連語。天候や経済の変動など、あらかじめ知ることが困難な状態。,,
3205,plentiful,/ˈplentɪfl/,形容詞,豊富な、たくさんの,名詞 plenty（豊富さ）の形容詞形。資源や食料が十分、または過剰にある様子（例: plentiful supply: 豊富な供給）。,,
3206,Mediterranean,/ˌmedɪtəˈreɪniən/,名詞、形容詞,【名】地中海<br>【形】地中海の,通常 the Mediterranean と大文字で書き、冠詞 the を伴います。ヨーロッパとアフリカに囲まれた「地中海」。,,
3207,unsafe,/ˌʌnˈseɪf/,形容詞,危険な、安全でない,safe（安全な）の反対語。危険が潜んでいる状態（dangerous とほぼ同義）。,,
3208,scenic,/ˈsiːnɪk/,形容詞,景色の良い、風光明媚な,名詞 scene（景色、場面）の形容詞形。自然の景色が美しく、見応えがある様子（例: a scenic route: 景色の良いルート）。,,
3209,supplementary,/ˌsʌplɪˈmentri/,形容詞、名詞,【形】追加の、補足の、補助の<br>【名】補遺、付録,すでにあるものを補うための「追加の、補足の」情報を指します。,,
3210,nosy,/ˈnoʊzi/,形容詞,お節介な、詮索好きな,他人の私生活などにこそこそと詮索をしたがる、野次馬的な性質をやや軽蔑的に指します。鼻（nose）が語源。,,
3211,complicate,/ˈhɑːmplɪkeɪt/,動詞,複雑にする、悪化させる,状況や問題を入り組んだ複雑なものにすること。形容詞形は complicated（複雑な）。,,
3212,scan,/skæn/,動詞、名詞,【動】スキャンする、注意深く調べる、ざっと見る<br>【名】スキャン、検査,書類を画像として取り込むことのほか、文章を「ざっと流し読みする」こと、医療の画像検査（CTやMRIなど）を指します。,,
3213,developer,/dɪˈveləpər/,名詞,開発者、ディベロッパー（不動産開発業者）,ソフトウェアの開発者のほか、大規模な土地の造成や商業施設を開発する「不動産開発業者」を指します。,,
3214,circuit,/ˈsɜːrkɪt/,名詞、動詞,【名】回路、一巡、回路網、サーキット<br>【動】一周する,電気の「回路（electric circuit）」や、F1などのレースコース（サーキット）を指します。,,
3215,checkup,/ˈtʃekʌp/,名詞,健康診断、検査、点検,医師による定期的な健康診断（medical checkup）や、機械の定期点検を指します。,,
3216,respondent,/rɪˈspɑːndənt/,名詞、形容詞,【名】回答者、被告<br>【形】応答する,アンケートや意識調査などに回答する「回答者」、あるいは訴訟における被告を指します。,,
3217,well-being,/ˌwel ˈbiːɪŋ/,名詞,福祉、幸福、良好な状態,身体的、精神的、社会的に健康で、満足して満たされた状態を広く指す言葉です。,,
3218,rivalry,/ˈraɪvlri/,名詞,競争、対抗関係、ライバル関係,名詞 rival（競争相手、ライバル）から。競い合っている状態や、その意識。,,
3219,addiction,/əˈdɪkʃn/,名詞,中毒、依存、依存症,薬物、アルコールのほか、SNSやゲーム（game addiction）など、特定の習慣から抜け出せなくなる精神状態。,,
3220,assumption,/əˈsʌmpʃn/,名詞,仮定、想定、前提、思い込み,動詞 assume（仮定する、引き受ける）の名詞形。証拠がない段階で事実だと「思い込むこと」やその「前提・想定」を指します。,,
3221,voucher,/ˈvʊtʃər/,名詞、動詞,【名】引換券、クーポン券、バウチャー<br>【動】保証する,特定のサービスや割引に使える「商品引換券・クーポン」を指します。,,
3222,blaze,/bleɪz/,名詞、動詞,【名】強い炎、火災、きらめき<br>【動】燃え盛る、光り輝く,fire よりも激しく勢いよく「燃え盛る炎」を指します。blaze a trail で「道を切り開く、先鞭をつける」という重要比喩表現。,,
3223,stance,/stæns/,名詞,立場、姿勢、スタンス,スポーツの立ち方のほか、特定の議論やテーマに対する論者の「立場・アプローチの姿勢（take a stance）」を指します。,,
3224,perception,/pərˈsepʃn/,名詞,知覚、認識、理解、受け止め方,動詞 perceive（知覚する、気づく）の名詞形。五感を通じて物事を感じ取り、頭の中でどう解釈・理解しているかを指します。,,
3225,custody,/ˈkʌstədi/,名詞,親権、養育権、拘留、保管,離婚時の「子供の親権（child custody）」や、警察などによる「拘留、身柄保護（take into custody）」、または貴重品の「保管、管理」を指します。,,
3226,proponent,/prəˈpoʊnənt/,名詞,支持者、提唱者、擁護者,特定の計画や理論、改革などを強く支持する人を指します。対義語は opponent（反対者）。,,
3227,commercial,/kəˈmɜːrʃl/,形容詞、名詞,【形】商業の、営利目的の<br>【名】（テレビ・ラジオの）コマーシャル,ビジネスや取引に関する形容詞（例: commercial sector: 商業部門）。また、テレビ番組の間に流れる「CM」も指します。,,
3228,protective,/prəˈtektɪv/,形容詞,保護する、保護的な、保護用の,危険から保護するための装置や服（例: protective clothing: 防護服）。また、他人を守ろうとする保護的な態度も表します。,,
3229,confident,/ˈkɑːnfɪdənt/,形容詞,自信がある、確信している,自分や将来の成功を信じて疑わない様子。be confident in 〜 で「〜に自信を持っている」。名詞形は confidence（自信）。,,
3230,reliable,/rɪˈlaɪəbl/,形容詞、名詞,【形】信頼できる、確かな、頼りになる,動詞 rely（頼る、依存する）の形容詞形。製品や人物が、期待通りにしっかりと機能し、裏切らない様子を指します。,,
3231,hasty,/ˈheɪsti/,形容詞,急ぎの、早まった、軽率な,十分な考慮をせずに急いで行い、結果として「早まった、軽率な（例: a hasty decision）」状態になるニュアンスを伴います。,,
3232,behavioral,/bɪˈheɪvjərəl/,形容詞,行動の、行動科学の,名詞 behavior（行動）の形容詞形。behavioral science で「行動科学」。,,
3233,bulky,/ˈbʌlki/,形容詞,かさばる、大きくて扱いにくい,重いというよりは、体積が大きくて「持ち運びや収納に不便な、かさばる」状態を指します（例: bulky luggage）。,,
3234,faulty,/ˈfɔːlti/,形容詞,欠陥のある、不完全な、誤った,製品などに動作不良や「不具合がある（例: faulty products）」様子。名詞 fault（欠点、過失）から。,,
3235,hectic,/ˈhektɪk/,形容詞,ひどく忙しい、大わらわの,予定や仕事が詰まっていて、息つく暇もないほど「非常に忙しく慌ただしい」状態を表します（例: a hectic schedule）。,,
3236,knowledgeable,/ˈnɑːlɪdʒəbl/,形容詞,博識な、知識が豊富な、よく知っている,ある分野について高度で正確な知識を持っている様子（例: be knowledgeable about art）。名詞 knowledge（知識）から。,,
3237,hesitant,/ˈhezɪtənt/,形容詞,躊躇している、ためらっている、優柔不断な,不安や不確実さからすぐに動けない状態（例: be hesitant to ask for help）。動詞 hesitate（ためらう）から。,,
3238,defensive,/dɪˈfensɪv/,形容詞、名詞,【形】守備の、防御的な、守勢の<br>【名】守備、防御,反対語は offensive（攻撃の）。批判などに対して自己を正当化しようとする「防衛的な、身構える」態度を指すこともあります。,,
3239,permanently,/ˈpɜːrmənəntli/,副詞,永久に、恒久的に,一時的（temporarily）ではなく、将来にわたってずっとそのままであること。形容詞は permanent。,,
3240,primarily,/praɪˈmerəli/,副詞,主に、第一に、主として,大部分がそれが原因、あるいは目的である様子を表します（mainly や chiefly と同義）。形容詞 primary（主要な）から。,,
3241,intentionally,/ɪnˈtenʃənəli/,副詞,意図的に、故意に、わざと,偶然ではなく、目的を持って意図して行うこと。deliberately や on purpose で言い換え可能です。,,
3242,outsource,/ˈaʊtsɔːrs/,動詞,外部委託する、アウトソーシングする,自社の業務の一部を、専門の外部企業に委託して処理させること。,,
3243,replicate,/ˈreplɪkeɪt/,動詞、名詞、形容詞,【動】複製する、再現する、模倣する,科学実験などで、他者が同じ手法を用いて結果を「正確に再現（複製）する」ことを意味するフォーマルな語です（例: replicate the experiment）。,,
3244,uphold,/ʌpˈhoʊld/,動詞,支持する、守る、維持する、確認する,法律、正義、伝統、決定などを「支持し、守る・維持する」ことを意味します（例: uphold the law）。,,
3245,jail,/dʒeɪl/,名詞、動詞,【名】刑務所、拘置所<br>【動】投獄する,比較的軽微な罪の人や、裁判前の人を一時的に収容する「拘置所・刑務所」を指します。より長期間の prison と区別されることがあります。,,
3246,nest,/nest/,名詞、動詞,【名】（鳥や虫などの）巣、温床<br>【動】巣を作る、入れ子にする,鳥が卵を産み育てる「巣」を指します。比喩的に悪党の「巣窟（温床）」を表すこともあります。,,
3247,founder,/ˈfaʊndər/,名詞、動詞,【名】創設者、設立者、創業者<br>【動】（船が）沈没する、失敗する,会社や組織を立ち上げた「創業者」。動詞として「計画などが（暗礁に乗り上げて）失敗する」や「船が沈没する」という意味もあります。,,
3248,biologist,/baɪˈɑːlədʒɪst/,名詞,生物学者,生命現象を研究する専門家。名詞 biology（生物学）から。,,
3249,arrangement,/əˈreɪndʒmənt/,名詞,整理、手配、配置、協定、準備,花や物の「配置」のほかに、事前に下交渉や「準備、手配を行うこと（例: make arrangements for the meeting）」を指します。,,
3250,trunk,/trʌŋk/,名詞、動詞,【名】（木の）幹、象の鼻、大型カバン、車のトランク、胴体,多義語です。木の太い「幹」、車の荷物入れ（トランク）、象の長い「鼻」、さらに水着などの「トランクス（trunks）」まで、多様な意味を持ちます。,,
3251,independence,/ˌɪndɪˈpendəns/,名詞,独立、自立、独立心,他国や親の支配から離れて自立すること（例: declare independence: 独立を宣言する）。形容詞 independent から。,,
3252,exploration,/ˌekspləˈreɪʃn/,名詞,探検、探索、探査、調査,宇宙探査（space exploration）や資源の探査などに使われます。動詞 explore（探検する）から。,,
3253,involvement,/ɪnˈvɑːlvmənt/,名詞,関与、巻き込まれること、熱中,事件やプロジェクトへの「関与・参加」を表します。動詞 involve（関わらせる、伴う）から。,,
3254,accounting,/əˈkaʊntɪŋ/,名詞、形容詞、動詞（現在分詞）,【名】会計、会計学、経理,企業の金銭的な取引を記録・報告する「会計・経理業務」。,,
3255,master,/ˈmæstər/,名詞、動詞、形容詞,【名】主人、名人、修士<br>【動】習得する、支配する,ある技術を完全に「習得する（master a skill）」のほかに、大学院で取得できる「修士（号、Master's degree）」などを指します。,,
3256,refusal,/rɪˈfjuːzl/,名詞,拒否、拒絶、辞退,申し出や要求などを断ること。動詞 refuse（拒絶する、断る）の名詞形。,,
3257,absence,/ˈæbsəns/,名詞,不在、欠席、欠如、ないこと,対義語は presence（存在、出席）。in the absence of 〜 で「〜がない状況では、〜の不在中に」。形容詞 absent から。,,
3258,distribution,/ˌdɪstrɪˈbjuːʃn/,名詞,分配、配布、流通、配信、分布,物資の分配のほかに、製品が市場に流れる「流通（チャネル）」や、統計学でのデータの「分布」を指します。動詞 distribute から。,,
3259,concentration,/ˌcɑːnsnˈtreɪʃn/,名詞,集中、集中力、（液体の）濃度,意識を1つに集める「集中力」のほかに、液体の中の成分の割合を示す「濃度（例: salt concentration: 塩分濃度）」という意味もあります。動詞 concentrate から。,,
3260,crust,/krʌst/,名詞、動詞,【名】（パンやパイの）皮、外殻、地殻<br>【動】外皮で覆う,食パンの耳やパイの「硬い皮」のほかに、地球の最も外側の層である「地殻（the Earth's crust）」を指す重要な科学用語です。,,
3261,basement,/ˈbeɪsmənt/,名詞,地下室、地階,建物の地面より下にある階層（地下、地下1階など）。department store basement で「デパ地下」。,,
3262,janitor,/ˈdʒænɪtər/,名詞,管理人、用務員、清掃員,学校やビルなどで、清掃、修理、戸締まりなどの維持管理を専門に行う人を指します（custodianとも呼ばれます）。,,
3263,robbery,/ˈrɑːbəri/,名詞,強盗（事件）、強奪,動詞 rob（強奪する）の名詞形。暴力や脅迫を用いて財産を直接奪い取る犯罪。窃盗（theft）や空き巣（burglary）と区別されます。強盗犯は robber。,,
3264,preparation,/ˌprepəˈreɪʃn/,名詞,準備、用意、調合（物）,動詞 prepare（準備する）の名詞形。in preparation for 〜 で「〜の準備として」。,,
3265,citizenship,/ˈsɪtɪzənʃɪp/,名詞,市民権、国籍、市民としての資質,特定の国の国民（citizen）としての法的な「市民権・国籍」を指します。,,
3266,stale,/steɪl/,形容詞、動詞,【形】（食べ物が）新鮮でない、陳腐な、飽き飽きした,パンやビールなどが時間が経って「風味が落ちた、湿気た、硬くなった」状態を指します（新鮮な fresh の反対）。,,
3267,disadvantaged,/ˌdɪsədˈvæntɪdʒd/,形容詞、名詞,恵まれない、社会的・経済的に不利な地位にある,貧困や育った環境などの理由により、社会的な機会や恩恵を得られず「不利な立場にある」ことを指します（例: disadvantaged children）。,,
3268,sturdy,/ˈstɜːrdi/,形容詞、名詞,【形】頑丈な、たくましい、不屈の,家具や建物などが壊れにくく「頑丈な」様子、または人間の体が健康で「たくましい」様子を表します。,,
3269,unauthorized,/ˌʌnˈɔːθəraɪzd/,形容詞,認可されていない、権限のない、無断の,動詞 authorize（権限を与える、認可する）に否定の un- が付いたもの（例: unauthorized access: 不正アクセス / unauthorized reproduction: 無断転載）。,,
3270,consecutive,/kənˈsekjətɪv/,形容詞,連続した、連続的な、引き続く,途切れずに順番に続くことを表します（例: for three consecutive days: 3日連続で）。,,
3271,noticeable,/ˈnoʊtɪsəbl/,形容詞,目立つ、注目に値する、著しい,容易に気づくことができるほど「はっきりしている、目立つ」状態（例: a noticeable change: 著しい変化）。動詞 note（注目する）から。,,
3272,electrical,/ɪˈlektrɪkl/,形容詞,電気の、電気に関する、電気を用いた,電気の発生や使用に関する事柄全般を指します。electrical engineering で「電気工学」、electrical appliances で「電化製品」。,,
3273,broad,/brɔːd/,形容詞、名詞,【形】幅の広い、広範囲に及ぶ、大まかな,道路などの「幅が広い」こと（wideと同様）のほかに、「広範囲の、大雑把な」という意味でも使われます（例: broad consensus: 幅広い合意 / in broad daylight: 白昼堂々と）。,,
3274,industrial,/ɪnˈdʌstriəl/,形容詞、名詞,【形】産業の、工業の、工業用の,名詞 industry（産業、工業）の形容詞形（例: industrial waste: 産業廃棄物）。勤勉な industrious と区別されます。,,
3275,allied,/ˈælaɪd/,形容詞、動詞（過去形・過去分詞）,同盟を結んだ、連合の,動詞 ally（同盟を結ぶ）の過去分詞。歴史上の「連合国（the Allied Forces）」を指すことが多く、企業が提携・同盟関係にあることも表します。,,
3276,presidential,/ˌprezɪˈdenʃl/,形容詞,大統領の、大統領に関する、大統領にふさわしい,名詞 president（大統領、社長）の形容詞形。presidential election で「大統領選挙」。,,
3277,ethical,/ˈeθɪkl/,形容詞,倫理的な、道徳上の、道義にかなった,名詞 ethics（倫理）の形容詞形。道徳のルールに従っている様子。ethical consumption で「倫理的消費（エシカル消費）」。,,
3278,realistic,/ˌriːəˈlɪstɪk/,形容詞,現実的な、現実主義の、実物そっくりの,夢想的（idealistic）ではなく、実際の状況に即して「実現可能な、現実的な（例: a realistic goal: 現実的な目標）」。,,
3279,harmless,/ˈhɑːrmləs/,形容詞,害のない、無害な、おとなしい,harm（害）+ -less（〜がない）で、他人や動物、環境に「危害を加えない」様子。反対語は harmful（有害な）。,,
3280,complimentary,/ˌkɑːmplɪˈmentri/,形容詞,無料の、お世辞の、敬意を表する,ホテルなどで提供される「無料の（サービス、アメニティ、例: complimentary drinks）」を指す重要表現です。また「お世辞の」という意味もあります。,,
3281,loudly,/ˈlaʊdli/,副詞,大声で、騒々しく、派手に,形容詞 loud（大声の、うるさい）の副詞形。音が大きく聞こえる様子。,,
3282,smoothly,/ˈsmuːðli/,副詞,滑らかに、順調に、円滑に、滞りなく,形容詞 smooth（滑らかな、順調な）の副詞形。障害がなく「スムーズに（円滑に）進む」様子を表します（例: go smoothly: 順調に進む）。,,
3283,notably,/ˈnoʊtəbli/,副詞,特に、著しく、明白に,形容詞 notable（注目すべき、著名な）の副詞形。特に目立つ点を挙げて強調する際に使われます（especiallyに近い）。,,
3284,continuously,/kənˈtɪnjuəsli/,副詞,継続的に、絶え間なく、連続して,途中で途切れることなく、ずっと「継続して行われる」様子。形容詞は continuous。,,
3285,heighten,/ˈhaɪtn/,動詞,高める、高まる、増す、強調する,名詞 height（高さ）に動詞化接尾辞 -en が付いたもの。意識、能力、警戒心、緊張感などを「高める」ことを表します（例: heighten tension: 緊張感を高める）。,,
3286,notify,/ˈnoʊtɪfaɪ/,動詞,通知する、知らせる、届け出る,人に正式な情報や決定を「知らせる」こと（例: notify the winners: 当選者に通知する）。名詞形は notification。,,
3287,overdo,/ˌoʊvərˈduː/,動詞,やりすぎる、やりすぎて疲れる、（食べ物を）焼きすぎる,do（行う）を over（超えて）することから、限度を超えて「やりすぎる」ことを指します（例: don't overdo it: 無理をしないで）。過去形 overdid、過去分詞 overdone。,,
3288,overestimate,/ˌoʊvərˈestɪmeɪt/,動詞、名詞,【動】過大評価する、見積もりすぎる<br>【名】過大評価,estimate（評価する）を over（超えて）することから、能力や数値を「高く見積もりすぎる（過大評価する）」ことを意味します。反対語は underestimate。,,
3289,simplify,/ˈsɪmplɪfaɪ/,動詞,単純にする、簡素化する、分かりやすくする,形容詞 simple（単純な）の動詞形。複雑な手続きや説明を「分かりやすく、単純にする」こと。,,
3290,wrinkle,/ˈrɪŋkl/,名詞、動詞,【名】（皮膚や布などの）しわ、妙案、コツ<br>【動】しわを寄せる、しわが寄る,加齢による皮膚の「しわ（wrinkles）」や、服の「しわ」を指します。最初の w は発音されません（黙字）。,,
3291,conspire,/kənˈspaɪər/,動詞,共謀する、陰謀を企てる,複数人が裏で「共謀して悪いことを計画する」こと。また「様々な要素が重なって（不都合な）結果を招く」という比喩でも使われます。名詞形は conspiracy。,,
3292,inhale,/ɪnˈheɪl/,動詞,息を吸い込む、吸入する,肺に空気や煙などを「吸い込む」こと。反対語は exhale（息を吐き出す）。,,
3293,overrate,/ˌoʊvərˈreɪt/,動詞,過大評価する、うぬぼれる,rate（評価する）を over（超えて）することから、実力以上に「過大評価する」ことを意味します。反対語は underrate（過少評価する）。,,
3294,sympathize,/ˈsɪmpəθaɪz/,動詞,同情する、共感する、賛成する,相手の苦しみや悲しみに「同情する（sympathize with 〜）」こと。名詞形は sympathy（同情、共感）。,,
3295,glide,/ɡlaɪd/,動詞、名詞,【動】滑るように進む、滑空する<br>【名】滑走、滑空,鳥が羽を広げて風に乗りスムーズに飛ぶ「滑空」や、物や人が摩擦を感じさせず静かに滑らかに「移動する」動作。,,
3296,simmer,/ˈsɪmər/,動詞、名詞,【動】コトコト煮る、沸騰寸前である、怒りがこみ上げる<br>【名】コトコト煮える状態,料理において、グツグツ沸騰させずに弱火で「コトコト煮込む」こと。また比喩的に「怒りが爆発寸前で燻る」ことも表します（例: simmering anger）。,,
3297,thaw,/θɔː/,動詞、名詞,【動】（氷や雪が）溶ける、解凍する、（関係が）和らぐ<br>【名】融雪、雪解け、緊張緩和,凍っていた氷や冷凍食品が「溶ける（解凍される）」ことを表します。また、冷え切っていた人間関係や国家間の対立が「和らぐ、融和する」という意味でもよく使われます。,,
3298,puncture,/ˈpʌŋktʃər/,名詞、動詞,【名】（タイヤの）パンク、穿刺、小さな穴<br>【動】（穴を開けて）パンクさせる,釘などが刺さってタイヤに小さな穴が開き「パンクする」こと。イギリス英語でタイヤのパンクを指す名詞として代表的です（アメリカ英語では flat tire が一般的）。,,
3299,strangle,/ˈstræŋɡl/,動詞,首を絞める、窒息死させる、抑圧する、阻害する,手などで喉を締め上げて「絞め殺す」物理的な意味のほか、規制などによって産業やアイデアの「芽を摘む、息の根を止める」比喩表現でも頻出します。,,
3300,oppression,/əˈpreʃn/,名詞,圧政、抑圧、虐げ、重苦しさ,動詞 oppress（厳しく支配する、抑圧する）の名詞形。権力などを用いて人々の自由を理不尽に制限すること。,,
3301,collaboration,/kəˌlæbəˈreɪʃn/,名詞,共同作業、協力、コラボレーション、合作,複数の人や組織が共通の目的のために一緒に働くこと。動詞 collaborate（共同で行う、協力する）の名詞形。,,
3302,lawn,/lɔːn/,名詞、動詞,【名】芝生、芝地<br>【動】芝生を植える,庭や公園などの手入れされた「芝生（のエリア）」。芝刈り機は lawn mower。,,
3303,racism,/ˈreɪsɪzəm/,名詞,人種差別、人種偏見、人種主義,名詞 race（人種）に基づく不当な差別や偏見を指します。人種差別主義者は racist。,,
3304,bug,/bʌɡ/,名詞、動詞,【名】（小さな）虫、不具合（バグ）、感染症<br>【動】盗聴する、イライラさせる,プログラムの「バグ（不具合）」や、ウイルスによるちょっとした「感染症（例: stomach bug: お腹の風邪）」、小さな虫を指します。,,
3305,dirt,/dɜːrt/,名詞、形容詞,【名】泥、土、汚れ、ホコリ、醜聞<br>【形】未舗装の,汚れやホコリのほかに、未舗装の道路を dirt road（砂利道、土の道）と呼び、口語で他人の「ゴシップ・不祥事」を指すこともあります。,,
3306,certainty,/ˈsɜːrtnti/,名詞,確実性、確かさ、確実なこと,形容詞 certain（確実な、確信している）の名詞形（例: with certainty: 確信を持って）。,,
3307,imbalance,/ɪmˈbæləns/,名詞,不均衡、アンバランス、偏り,balance（均衡）に否定の接頭辞 im- が付いたもの。調和が取れておらず、どちらか一方に偏っている状態（例: trade imbalance: 貿易不均衡）。,,
3308,incidence,/ˈɪnsɪdəns/,名詞,（悪事や病気などの）発生率、発生（頻度）,特に病気、犯罪、事故などの好ましくない事象が「発生する頻度や割合」を指します（例: the incidence of cancer: がんの発生率）。,,
3309,pit,/pɪt/,名詞、動詞,【名】大きな穴、果物の種、ピット（作業場）<br>【動】穴をあける、対抗させる,地面に掘られた「窪み、大きな穴」のほか、桃などの「硬い種」を指します。pit A against B で「AをBと戦わせる、対抗させる」というイディオムが重要です。,,
3310,undergraduate,/ˌʌndərˈɡrædʒuət/,名詞、形容詞,【名】（大学の）学部生<br>【形】学部生の、大学在学中の,学士号（Bachelor's degree）を取得する前の、大学の学部（4年制など）に在籍している学生を指します。大学院生は postgraduate。,,
3311,dictator,/ˈdɪkteɪtər/,名詞,独裁者、専制君主,権力を独占し、武力や抑圧を用いて支配する指導者。独裁国家は dictatorship。動詞 dictate（命令する）から。,,
3312,signature,/ˈsɪɡnətʃər/,名詞、形容詞,【名】（書類などの）署名、サイン、特徴<br>【形】代表的な、特徴的な,契約書などに自筆で書く「署名」。また比喩的に、シェフの「看板料理、代表作（signature dish）」のように、その人を特徴づけるものも指します。,,
3313,testament,/ˈtestəmənt/,名詞,証し、証拠、遺言（書）、聖書（新約・旧約）,a testament to 〜 の形で「〜の生きた証拠である、〜を証明するものである（His success is a testament to his hard work）」として頻出します。,,
3314,attachment,/əˈtætʃmənt/,名詞,添付（ファイル）、愛着、取り付け器具,動詞 attach（貼り付ける）の名詞形。Eメールに添える「添付ファイル」や、物・人に対する「深い愛着（have an attachment to 〜）」を表します。,,
3315,bachelor,/ˈbætʃələr/,名詞,独身男性、学士（学位）,独身の男性（bachelor party など）を指すほか、大学を卒業した際に得られる「学士（学位、Bachelor's degree）」を指します。,,
3316,blister,/ˈblɪstər/,名詞、動詞,【名】水ぶくれ、まめ<br>【動】水ぶくれができる、酷評する,火傷や靴擦れなどによって皮膚の下に液体が溜まってできる「水ぶくれ、まめ」。,,
3317,blockade,/blɑːˈkeɪd/,名詞、動詞,【名】（港や道路などの）封鎖、閉鎖<br>【動】封鎖する、遮断する,主に軍事や紛争などの文脈で、物資や敵の出入りを防ぐために港や境界を「経済的・物理的に封鎖すること」。,,
3318,condo,/ˈcɑːndoʊ/,名詞,分譲マンション、コンドミニアム,condominium（分譲マンション）の日常的な省略形。個人が所有する分譲形式 of 共同住宅を指します。,,
3319,invoice,/ˈɪnvɔɪs/,名詞、動詞,【名】請求書、送り状、インボイス<br>【動】請求書を送る,ビジネス上の売買において、支払うべき金額や購入した内訳を明記して顧客に送る公式な「請求書（明細書）」。,,
3320,procession,/prə ˈseʃn/,名詞,行列、行進、山車の行列,祭り、儀式、葬儀などで、多くの人が一列になって粛々と歩く「行進、パレード」。,,
3321,unrest,/ˌʌnˈrest/,名詞,動揺、不安、不穏な状態、社会不安、暴動,rest（静けさ）に否定の un- が付いたもの。社会や政治的な状況が不安定で、デモや暴動（civil unrest）が起きている「不穏な状態、社会不安」を指します。,,
3322,problematic,/ˌpɑːbləˈmætɪk/,形容詞,問題のある、疑わしい、解決の難しい,名詞 problem（問題）の形容詞形。解決するのが難しく、懸念や論争を引き起こす状態を指します（例: a problematic issue）。,,
3323,desirable,/dɪˈzaɪərəbl/,形容詞,望ましい、好ましい、魅力的な,動詞 desire（強く望む）+ -able から。そうであることが好都合で歓迎される様子（例: highly desirable: きわめて望ましい）。,,
3324,rash,/ræʃ/,名詞、形容詞,【名】発疹、吹き出物、突発的な多発<br>【形】軽率な、無謀な,皮膚にできる「発疹」という意味のほか、比喩的に悪い出来事が「突発的に多発すること（a rash of thefts）」を指します。また形容詞として「軽率な」の意味もあります。,,
3325,uneven,/ʌnˈiːvn/,形容詞,平らでない、凸凹のある、不揃いな、ムラのある,even（平らな、等しい）に否定の un- が付いたもの。地面などが「デコボコしている」ことや、実力やパフォーマンスに「ムラがある」状態を指します。,,
3326,economical,/ˌiːkəˈnɑːmɪkl/,形容詞,経済的な、無駄遣いしない、お得な、倹約的な,無駄なコストがかからず「お財布に優しい、お得な（例: an economical car: 燃費が良い車）」状態を指します。経済全般を表す economic と区別されます。,,
3327,fictional,/ˈfɪkʃənl/,形容詞,架空の、創作の、フィクションの,名詞 fiction（小説、フィクション）の形容詞形。事実に基づかない、物語の中の「作り事、架空の（例: a fictional character）」。,,
3328,lengthy,/ˈleŋθi/,形容詞,非常に長い、だらだらと長引く、冗長な,名詞 length（長さ）の形容詞形。単に長い（long）だけでなく、時間がかかりすぎて「長くてうんざりする、長引く（例: a lengthy process）」というニュアンスを伴います。,,
3329,victorious,/vɪkˈtɔːriəs/,形容詞,勝利を得た、勝ち誇った、勝利の,名詞 victory（勝利）の形容詞形。戦いや競技に勝ち抜いた様子（例: return victorious: 勝利を収めて戻る）。,,
3330,witty,/ˈwɪti/,形容詞,機知に富んだ、気の利いた、ユーモアのある,名詞 wit（知恵、機知）の形容詞形。その場で気の利いたスマートで面白い発言ができる様子。,,
3331,blurry,/ˈblɜːri/,形容詞,ぼやけた、かすんだ、不鮮明な,輪郭がはっきりせず、ぼやけている状態。ピントが合っていない写真や、かすんだ記憶（例: blurry memories）などに使われます。,,
3332,exceptional,/ɪkˈsepʃənl/,形容詞,経験豊富な、格段に優れた、異例の,通常よりも著しく優れている様子や、例外的な状況を指します。,,
3333,finite,/ˈfaɪnaɪt/,形容詞,有限の、制限のある,数量や範囲に明確な限界があること（反対語は infinite: 無限の、例: finite resources: 有限な資源）。,,
3334,on-the-job,/ˌɑːn ðə ˈdʒɑːb/,形容詞,職場での、実務中の、仕事中の,実際の現場で働くことを指します。on-the-job training（OJT、職場内訓練）でおなじみです。,,
3335,cheery,/ˈtʃɪri/,形容詞,陽気な、元気の良い、楽しそうな,cheerful と同様に、明るく朗らかな様子を表します（例: a cheery smile）。,,
3336,cowardly,/ˈkaʊərdli/,形容詞、副詞,【形】臆病な、卑怯な<br>【副】臆病に、卑怯にも,名詞 coward（臆病者）に -ly が付いた形容詞（副詞）。危険や恐怖を前にして立ち向かう勇気がない様子。,,
3337,immeasurable,/ɪˈmeʒərəbl/,形容詞,計り知れない、無数の、無限の,measure（測定する）+ -able に否定の im- が付いたもの。規模、損害、価値などが大きすぎて「測定不可能なほど巨大な」状態。,,
3338,impaired,/ɪmˈperd/,形容詞、動詞（過去形・過去分詞）,障害のある、損なわれた、減退した,動詞 impair（損なう）の過去分詞。身体機能などが正常に働いていない状態を指します（例: hearing impaired: 聴覚障害のある）。,,
3339,impassable,/ɪmˈpæsəbl/,形容詞,通行不可能な、通れない、越えられない,pass（通り抜ける）+ -able に否定の im- が付いたもの。土砂崩れや大雪などにより道路や橋が「通行できない」状態。,,
3340,inactive,/ɪnˈæktɪv/,形容詞,活動していない、休止中の、活気がない,active（活動的な）に否定の in- が付いたもの。アカウントや火山、あるいは人間の体が「稼働していない」状態。,,
3341,inconvenient,/ˌɪnkənˈviːniənt/,形容詞,不便な、不都合な、不都合をかける,convenient（便利な）に否定の in- が付いたもの。都合が悪い時間や、利用しづらい場所などを表します（例: an inconvenient time）。,,
3342,superstitious,/ˌsuːpərˈstɪʃəs/,形容詞,迷信深い、迷信に基づく,科学的な根拠のない超自然的な力を頑なに信じている様子。名詞形は superstition（迷信）。,,
3343,unpleasant,/ʌnˈpleznt/,形容詞,不快な、嫌な、感じの悪い,pleasant（快適な）に否定の un- が付いたもの。におい、気候、人との遭遇などが不快である様子（例: an unpleasant smell）。,,
3344,compress,/kəmˈpres/,動詞、名詞,【動】圧縮する、押し縮める【名】圧迫包帯、湿布,IT分野ではファイルやデータを圧縮する意味で日常的に使われます。,,
3345,decode,/ˌdiːˈkoʊd/,動詞,解読する、復号する,暗号やコード化（encode）されたデータを元の状態に戻すことを指します。,,
3346,offset,/ˈɔːfset/,動詞、名詞,【動】相殺する、埋め合わせる【名】相殺するもの、オフセット,二酸化炭素の排出量を相殺する「カーボンオフセット（carbon offset）」などで馴染みがあります。,,
3347,bid,/bɪd/,動詞、名詞,【動】入札する、値を付ける【名】入札、努力、試み,オークションや公共事業の入札などでよく使われる表現です。,,
3348,inject,/ɪnˈdʒekt/,動詞,注入する、注射する、導入する,液体を注射器で入れるだけでなく、「資金を投入する（inject capital）」のように抽象的な場面でも使われます。,,
3349,mimic,/ˈmɪmɪk/,動詞、名詞,【動】真似る、模倣する【名】物真似が上手い人,ユーモラスに、あるいはからかう意図を持って他人の動作や声を真似る際に使われます。,,
3350,repay,/rɪˈpeɪ/,動詞,返済する、報いる、恩返しをする,借金を返すこと（repay a loan）や、恩を返すこと（repay a kindness）の両方に使えます。,,
3351,overthrow,/ˌoʊvərˈθroʊ/,動詞、名詞,【動】（政府などを）打倒する、転覆させる【名】打倒、転覆,暴力やクーデターなどによって、既存の体制や支配者を力ずくで引きずり下ろすことを意味します。,,
3352,affiliate,/əˈfɪlieɪt/,動詞、名詞,【動】提携する、加入させる【名】関係者、系列会社,日本語の「アフィリエイト（提携プログラム）」の語源であり、ビジネスで系列会社を指すのによく使われます。,,
3353,errand,/ˈerənd/,名詞,使い走り、用事、パシリ,「お使いに行く、用事を済ませる」は run errands というフレーズでよく表現されます。,,
3354,coalition,/ˌkoʊəˈlɪʃn/,名詞,連合、同盟、提携,政党同士が連立政権を作る際などに「coalition government（連立政府）」として頻繁に使われます。,,
3355,influx,/ˈɪnflʌks/,名詞,流入、押し寄せること,人やお金、物などが特定の場所に大量に流れ込むことを指します（an influx of tourists）。,,
3356,app,/æp/,名詞,アプリケーション（ソフト）,application の短縮形で、スマートフォンやPCのアプリを指す日常表現として定着しています。,,
3357,visibility,/ˌvɪzəˈbɪləti/,名詞,視界、目見えること、知名度、露出,悪天候による「視界不良」のほか、ビジネスやマーケティングでの「露出度・注目度」にも使われます。,,
3358,dioxide,/daɪˈɑːksaɪd/,名詞,二酸化物,carbon dioxide（二酸化炭素）の形で使われることが圧倒的に多い単語です。,,
3359,literacy,/ˈlɪtərəsi/,名詞,読み書きの能力、識字率、活用能力,"読み書きだけでなく、特定分野の知識を使いこなす能力（computer literacy, financial literacyなど）も指します。",,
3360,completion,/kəmˈpliːʃn/,名詞,完了、完成、達成,動詞 complete（完了する）の名詞形。プロジェクトや建設工事などの終了に用いられます。,,
3361,livelihood,/ˈlaɪvlihʊd/,名詞,生計、暮らし、生活手段,生きていくための手段としての仕事や収入源を指します（earn a livelihood）。,,
3362,surrounding,/səˈraʊndɪŋ/,形容詞、名詞,【形容】周囲の、取り囲む【名】（～sで）環境、周囲の状況,動詞 surround（囲む）の現在分詞形容詞。名詞で環境を指す場合は通例複数形の surroundings になります。,,
3363,physics,/ˈfɪzɪks/,名詞,物理学,学問名のため末尾に s がつきますが、単数として扱われます。,,
3364,barn,/bɑːrn/,名詞,納屋、家畜小屋、物置,農場で穀物や干し草、家畜などを保管・収容するための大きな建物を指します。,,
3365,daring,/ˈderɪŋ/,形容詞、名詞,【形容】大胆な、勇敢な、斬新な【名】大胆さ、勇気,危険を顧みずに新しいことやリスクのあることに挑戦する、ポジティブなニュアンスを含みます。,,
3366,tragic,/ˈtrædʒɪk/,形容詞,悲劇的な、痛ましい,名詞 tragedy（悲劇）の形容詞形。不慮の事故や災害などで非常に悲しい出来事に対して使われます。,,
3367,sinister,/ˈsɪnɪstər/,形容詞,邪悪な、不吉な、悪意のある,映画の悪役や不穏な雰囲気などを表現する際によく用いられる単語です。,,
3368,plural,/ˈplʊrəl/,形容詞、名詞,【形容】複数の、複数形の【名】複数形,単数の singular の対義語。文法用語として頻出します。,,
3369,minimal,/ˈmɪnɪməl/,形容詞,最小限の、極めて小さい,必要最低限を好む人やライフスタイルを「ミニマリスト（minimalist）」と呼びます。,,
3370,decisive,/dɪˈsaɪsɪv/,形容詞,決定的な、決断力のある、断固たる,物事の結末を決定づけるような要素や（decisive factor）、迷いのない人物の態度を指します。,,
3371,climatic,/klaɪˈmætɪk/,形容詞,気候の、気候上の,名詞 climate（気候）の形容詞形。「絶頂の、クライマックスの」を意味する climactic と区別が必要です。,,
3372,invaluable,/ɪnˈvæljuəbl/,形容詞,計り知れない価値がある、非常に貴重な,接頭辞 in- がついていますが否定ではなく、「価値がつけられないほど（非常に）価値が高い」の意味になります。,,
3373,charitable,/ˈtʃærətəbl/,形容詞,慈善の、慈悲深い、寛大な,慈善団体は charitable organization、他人に寛容な態度は charitable attitude と表現されます。,,
3374,massive,/ˈmæsɪv/,形容詞,巨大な、大量の、極めて重い,物理的な大きさだけでなく、「大規模な損害（massive damage）」など規模の大きさにも使われます。,,
3375,comparable,/ˈcɑːmpərəbl/,形容詞,匹敵する、比較できる、同様の,「同等の価値や規模がある」というニュアンスを含みます。アクセントが最初の o にある点に注意。,,
3376,irrational,/ɪˈræʃənl/,形容詞,不合理な、理性のない、ばかげた,合理的な rational の対義語。感情に流されて筋が通らない行動などを指します。,,
3377,overly,/ˈoʊvərli/,副詞,過度に、あまりにも、過剰に,overly sensitive（神経質すぎる）や overly cautious（慎重すぎる）のように、後ろの形容詞を修飾します。,,
3378,voluntarily,/ˌvɑːlənˈterəli/,副詞,自発的に、自主的に、自ら進んで,強制されず、自身の自由意志によって行動を起こすことを表します。,,
3379,technically,/ˈteknɪkli/,副詞,技術的に、専門的に言えば、厳密に言うと,"会話では「（建前やルール上は）厳密に言えばそうなる」という意味でよく使われます（Technically, yes.）。",,
3380,wholly,/ˈhoʊlli/,副詞,完全に、全面的に、そっくり,entirely や completely と同様に、部分的にではなく全体がその状態であることを示します。,,
3381,uniquely,/juˈniːkli/,副詞,独特な方法で、ユニークに、比類なく,他に類を見ないほど優れていることや、極めて個性的な様子を強調する際に用いられます。,,
3382,clutch,/klʌtʃ/,動詞、名詞、形容詞,【動】ぐっと掴む、ひったくる【名】クラッチ、掴むこと【形】ピンチに強い,スポーツ分野などでは「土壇場で活躍する、ピンチに強い」という意味の口語形容詞としても使われます。,,
3383,enlist,/ɪnˈlɪst/,動詞,（軍隊に）入隊する、協力を得る、参加を求める,自ら軍に入る意味のほか、「他人の助けや支持を取り付ける（enlist someone's help）」でも頻出します。,,
3384,heed,/hiːd/,動詞、名詞,【動】注意を払う、気にとめる【名】注意、留意,忠告や警告に対して「耳を貸す（take heed / pay heed）」という形でよく使われる、やや硬い言葉です。,,
3385,liberate,/ˈlɪbəreɪt/,動詞,解放する、自由にする,抑圧された人々や支配下にある領土、あるいは固定概念などから解き放つ際に用います。,,
3386,overlap,/ˌoʊvərˈlæp/,動詞、名詞,【動】一部重なり合う、重複する【名】重複、共通点,スケジュールや、図形の一部、あるいは意見などが重なり合っている様子を表します。,,
3387,reconstruct,/ˌriːkənˈstrʌkt/,動詞,再建する、復元する、再現する,破壊された建物の再建だけでなく、事件の現場を再現する（reconstruct a crime scene）といった際にも使われます。,,
3388,sprain,/spreɪn/,動詞、名詞,【動】捻挫する、挫く【名】捻挫,手首や足首などの関節を痛めた場合に使います（sprain my ankle で「足首を捻挫する」）。,,
3389,crave,/kreɪv/,動詞,切望する、渇望する、（食べ物を）無性に欲する,強い欲求を表し、特に特定の食べ物や intellectual な要素を無性に求めたくなった時によく使われます。,,
3390,bureau,/ˈbjʊroʊ/,名詞,局、事務局、案内所,FBI（Federal Bureau of Investigation）や観光局（tourist bureau）などの組織名に用いられます。,,
3391,dependency,/dɪˈpendənsi/,名詞,依存、依存症、属領,経済や国家的な「依存関係」のほか、アルコールや薬物などの「依存状態」を指すのにも使われます。,,
3392,discomfort,/dɪsˈkʌmfərt/,名詞、動詞,【名】不快、不安、不便【動】不快にする,comfort（快適さ）の対義語。肉体的な痛みの一歩手前の不快感や、精神的な気まずさを指します。,,
3393,drawback,/ˈdrɔːbæk/,名詞,欠点、障害、不利益,利点に対する「デメリット、マイナス面」を表現する際によく使われる口語・書き言葉共通の単語です。,,
3394,modernization,/ˌmɑːdərnəˈzeɪʃn/,名詞,近代化、現代化,社会や技術、古いシステムなどを最新の基準に合わせるプロセスのことです。,,
3395,ration,/ˈræʃn/,名詞、動詞,【名】配給量、割り当て額【動】配給する、制限する,戦時中や災害時に、食料や燃料などを一定量に制限して配分することを意味します。,,
3396,upbringing,/ˈʌpbrɪŋɪŋ/,名詞,養育、育ち、家庭教育,子供がどのように育てられたかという「しつけ」や「生い立ち」の環境を指します（have a strict upbringing）。,,
3397,excerpt,/ˈeksɜːrpt/,名詞、動詞,【名】抜粋、引用【動】抜粋する、引用する,書籍、音楽、映像などの一部を取り出したものを指します（an excerpt from the book）。,,
3398,downturn,/ˈdaʊntɜːrn/,名詞,下落、衰退、（景気の）後退,upturn（上昇）の対義語。主に経済活動や市場の悪化を指すのに使われます（economic downturn）。,,
3399,anarchy,/ˈænərki/,名詞,無政府状態、混乱、秩序の欠如,法律や指導者がなく、社会的な秩序が完全に崩壊した乱雑な状態を指します。,,
3400,breakup,/ˈbreɪkʌp/,名詞,解散、分裂、破局、別れ,バンドや組織の「解散」のほか、恋人同士や夫婦の「破局・別れ」にも頻繁に使われます。,,
3401,exemption,/ɪɡˈzempʃn/,名詞,免除、控除,税金の免除（tax exemption）などでよく見られるビジネス・公的な用語です。,,
3402,apprentice,/əˈprentɪs/,名詞、動詞,【名】見習い、徒弟、初心者【動】見習いに出す,職人や技術者のもとで技術を学ぶために働く人を指します。,,
3403,questionable,/ˈkwestʃənəbl/,形容詞,疑わしい、不審な、問題のある,真実性や倫理性、品質などについて「疑問を挟む余地がある」というニュアンスを持ちます。,,
3404,outdated,/ˌaʊtˈdeɪtɪd/,形容詞,時代遅れの、旧式の、有効期限切れの,技術やアイデア、衣服などが現代の流行や実用に合わなくなっている様子を表します。,,
3405,forthcoming,/ˌfɔːrθˈkʌmɪŋ/,形容詞,近刊の、来たるべき、隠さず話す,「近日発売の書籍」や「近々開催されるイベント」の意味のほか、「オープンで協力的」という意味もあります。,,
3406,overdue,/ˌoʊvərˈduː/,形容詞,期日を過ぎた、遅れている,図書の返却期限や、請求書の支払期限を過ぎて遅延している状態を指します（overdue books）。,,
3407,conditional,/kənˈdɪʃənl/,形容詞,条件付きの、仮定の,特定の条件が満たされることを前提とした合意などに使われます（conditional offer）。,,
3408,intensive,/ɪnˈtensɪv/,形容詞,集中的な、徹底的な,短期間で集中的に行う学習（intensive course）や、ICU（集中治療室）などで用いられます。,,
3409,exclusive,/ɪkˈskluːsɪv/,形容詞、名詞,【形容】排他的な、高級な、独占的な【名】独占記事,他を排除して特定のグループや個人だけを対象とする様子（exclusive interview = 独占インタビュー）。,,
3410,considerate,/kənˈsɪdərət/,形容詞,思いやりのある、察しが良い、慎重な,他人の感情や状況に配慮できる優しい人を表します。,,
3411,biographical,/ˌbaɪəˈɡræfɪkl/,形容詞,伝記の、経歴の,人の生涯や経歴について書かれた情報などを指します。名詞形は biography。,,
3412,botanical,/bəˈtænɪkl/,形容詞,植物の、植物学の,植物園（botanical garden）などで親しみのある単語です。,,
3413,commendable,/kəˈmendəbl/,形容詞,称賛に値する、立派な,行為や努力が称えられて当然であるという評価です。動詞は commend。,,
3414,filthy,/ˈfɪlθi/,形容詞,非常に汚い、不潔な、不道徳な,単に汚い（dirty）を超えて不快感を催すほど激しく汚れている様子や、下品な言葉遣いに使われます。,,
3415,serene,/səˈriːn/,形容詞,穏やかな、静かな、澄み切った,感情が乱されず落ち着いている様子や、平和で静寂な風景などを表現する言葉です。,,
3416,subsequently,/ˈsʌbsɪkwəntli/,副詞,その後に、後に、それから,ある出来事の後に続いて何かが起こることを示す、やや硬い語彙です。,,
3417,gently,/ˈdʒentli/,副詞,優しく、穏やかに、そっと,動作の乱暴さや強さがなく、丁寧に静かに扱う様子を示します。,,
3418,alongside,/əˌlɔːŋˈsaɪd/,前置詞、副詞,【前】〜と並んで、〜と一緒に【副】並んで、そばに,船が岸壁に沿って並ぶことや、人と肩を並べて協力して働くことを表現します。,,
3419,fabricate,/ˈfæbrɪkeɪt/,動詞,（話などを）でっち上げる、捏造する、製作する,証拠やストーリーを「作り話」として嘘を組み立てる意味で、ニュースなどで頻繁に登場します。,,
3420,allege,/əˈledʒ/,動詞,（sufficientな証拠なしに）主張する、申し立てる,確たる証拠はないものの、「〜であると強く主張する」という意味で、裁判や報道などでよく使われます。,,
3421,underestimate,/ˌʌndərˈestɪmeɪt/,動詞、名詞,【動】過小評価する、低く見積もる【名】過小評価,ライバルの実力や必要な費用・時間を甘く見る際などに使われます。対義語は overestimate。,,
3422,escort,/ˈeskɔːrt/,動詞、名詞,【動】護衛する、同行する【名】護衛、付き添い,安全を守るため、あるいはマナーとして重要人物やパートナーに付き添うことを指します。,,
3423,facilitate,/fəˈsɪlɪteɪt/,動詞,促進する、容易にする、円滑にする,会議や進行をサポートしてスムーズに運ぶ人を「ファシリテーター」と呼びます。,,
3424,initiate,/ɪˈnɪʃieɪt/,動詞、名詞,【動】開始する、手ほどきする、入会させる【名】新入会員,新しいプロジェクト、改革などを自発的に始めることを指します。,,
3425,populate,/ˈpɑːpjuleɪt/,動詞,〜に住む、移住させる、データを設定する,人や動物がその場所に定住することのほか、IT用語として「表にデータを流し込む」際にも使われます。,,
3426,subsidize,/ˈsʌbsɪdaɪz/,動詞,助成金・補助金を与える、支援する,国や自治体が、特定の事業や研究、購入活動に対して金銭的援助をする行為を指します。,,
3427,alternate,/ˈɔːltərneɪt/,動詞、形容詞、名詞,【動】交互に行う、交代する【形】交互の、代わりの【名】代理人,alternate days（1日おき、隔日）や、交流電流（Alternating Current = AC）などに使われます。,,
3428,confer,/kənˈfɜːr/,動詞,相談する、協議する、授与する,他者と相談すること（confer with...）と、学位や賞を与える（confer a degree）という意味があります。,,
3429,discontent,/ˌdɪskənˈtent/,名詞、形容詞、動詞,【名】不慢【形】不満な【動】不満にさせる,content（満足している）の反対語。社会体制やサービスなどに対して抱く不快な感情を指します。,,
3430,foe,/foʊ/,名詞,敵、相手,enemy の文学的な表現ですが、現代でも「friend or foe（友か敵か）」などの決まり文句で使われます。,,
3431,publication,/ˌpʌblɪˈkeɪʃn/,名詞,出版、発行、公表、出版物,書籍、雑誌の発行だけでなく、政府による公式文書の発表や、学術論文の掲載などにも使われます。,,
3432,inmate,/ˈɪnmeɪt/,名詞,収容者、囚人、（精神病院などの）入院患者,主に刑務所に収容されている犯罪者を指して使われることが多い単語です。,,
3433,uproar,/ˈʌprɔːr/,名詞,大騒ぎ、騒動、抗議の嵐,予期せぬ決定などに対して、人々が怒りや驚きで叫び、大騒動になる状況を指します。,,
3434,coincidence,/koʊˈɪnsɪdəns/,名詞,偶然の一致、同時に起こること,「なんて偶然なんだ！」と会話で言う時は、What a coincidence! と表現します。,,
3435,correspondence,/ˌcɔːrəˈspɑːndəns/,名詞,手紙のやり取り、通信、一致、調和,離れた人とメールや書簡をやり取りすること、または事実と理論などの「整合・対応性」を意味します。,,
3436,ballot,/ˈbælət/,名詞、動詞,【名】投票、投票用紙、総投票数【動】投票する,秘密投票を行う用紙そのものや、投票という行為全体を指します（cast a ballot = 投票する）。,,
3437,competence,/ˈcɑːmpɪtəns/,名詞,能力、適性、力量,特定の仕事を適切に遂行するために必要な実務的なスキルや資質を指します。形容詞は competent。,,
3438,acceptance,/əkˈseptəns/,名詞,受理、受け入れ、承認、合格,大学からの「合格通知」は acceptance letter、事実を受け入れることは acceptance of the truth と言います。,,
3439,leftover,/ˈleftoʊvər/,名詞、形容詞,【名】食べ残し、残り物【形】残った,食事の場面において、食べきれずに残ったおかずなどを複数形で leftovers と呼ぶのが日常的です。,,
3440,dweller,/ˈdwelər/,名詞,居住者、住民,動詞 dwell（住む）に -er がついたもの。都市住民を city dweller と呼ぶように使われます。,,
3441,standby,/ˈstændbaɪ/,名詞、形容詞、副詞,【名】予備、待機、いざという時の頼みの綱【形】待機している,飛行機の空席待ち（standby ticket）や、家電が電源ONで待っている状態などでお馴染みです。,,
3442,accuracy,/ˈækjərəsi/,名詞,正確さ、精度,形容詞 accurate（正確な）の名詞形。計算や予測などがどれだけ正確であるかを示します。,,
3443,lenient,/ˈliːniənt/,形容詞,寛大な、甘い、情け深い,規則の違反者や子供のいたずらに対して、厳しく罰せず許す態度を指します（lenient teacher）。,,
3444,perilous,/ˈperələs/,形容詞,危険な、極めて危険を伴う,名詞 peril（重大な危険）の形容詞形。生命を脅かすような大きな危険に直面する状況に使われます。,,
3445,persistent,/pərˈsɪstənt/,形容詞,執拗な、しつこい、持続する,困難があっても「粘り強い」という良い意味と、風邪の症状やストーカーなどの「しつこい」という悪い意味の両方があります。,,
3446,experimental,/ɪkˌsperɪˈmentl/,形容詞,実験的な、実験用の、独創的な,まだ実用段階ではなくテスト中である試みや、新しい手法を用いた芸術作品などに使われます。,,
3447,improper,/ɪmˈprɑːpər/,形容詞,不適切な、マナーに反する、不作法な,適切な proper の対義語。モラルやマナーから逸脱している「不届きな」言動を指します。,,
3448,unconditional,/ˌʌnkənˈdɪʃənl/,形容詞,無条件の、絶対的な,条件を全くつけないことを指し、親が子に注ぐ「無償の愛（unconditional love）」などで使われます。,,
3449,counterfeit,/ˈkaʊntərfɪt/,形容詞、名詞、動詞,【形】偽物の、偽造の【名】偽造品【動】偽造する,偽札（counterfeit money）や偽ブランド品のように、本物をだまして作成された違法な複製物に用いられます。,,
3450,sustainable,/səˈsteɪnəbl/,形容詞,持続可能な、維持できる,SDGs（Sustainable Development Goals = 持続可能な開発目標）によって国際的に重要視される単語です。,,
3451,democratic,/ˌdeməˈkrætɪk/,形容詞,民主的な、民主主義の,名詞 democracy の形容詞形。アメリカの「民主党」は Democratic Party と表記されます。,,
3452,ambitious,/æmˈbɪʃəs/,形容詞,野心的な、大志を抱いた、大がかりな,将来の成功を夢見るポジティブな野心や、実現困難だが挑戦しがいのある計画を指します。,,
3453,inaccurate,/ɪnˈækjərət/,形容詞,不正確な、間違いのある,正確な accurate の対義語。データや報道の内容が事実から少しズレている際などに使われます。,,
3454,inadequate,/ɪnˈædɪkwət/,形容詞,不十分な、不適切な、力不足の,適切な量や質が足りておらず（inadequate sleep = 睡眠不足）、要求を満たせない状態を表します。,,
3455,inappropriate,/ˌɪnəˈproʊprieɪt/,形容詞,不適切な、ふさわしくない,場違いな発言や（inappropriate comment）、TPOに合わない格好など、好ましくない評価に用います。,,
3456,uncertain,/ʌnˈsɜːrtn/,形容詞,不確実な、確信がない、不安定な,将来の見通しが立たない（uncertain future）や、自身の予測に自信がない（feel uncertain）場合に使われます。,,
3457,revolt,/rɪˈvoʊlt/,名詞、動詞,【名】反乱、暴動、反発【動】反乱を起こす、不快にさせる,権力者に対して立ち上がること。強烈な不快感を与える（revolt me）という意味でも使われます。,,
3458,deflect,/dɪˈflekt/,動詞,そらす、偏向させる、かわす,飛んでくるボールなどの軌道を変えることのほか、質問や批判から話をそらす（deflect a question）際にも使われます。,,
3459,demote,/ˌdiːˈmoʊt/,動詞,降格させる、役職を下げる,役職や地位を下げることを指します。昇進させる promote の対義語です。,,
3460,redeem,/rɪˈdiːm/,動詞,回復する、償う、引き換える,名誉などの回復や罪の償いのほか、クーポンやギフトカードを「商品に引き換える」際によく用いられます。,,
3461,eject,/ɪˈdʒekt/,動詞,追い出す、排出する、脱出する,機器からディスクを取り出す「取り出しボタン（eject button）」の表記でお馴染みです。,,
3462,falsify,/ˈfɔːlsɪfaɪ/,動詞,偽造する、偽る、改ざんする,データを意図的に書き換えたり、文書を捏造して事実を隠蔽する行為を指します（falsify data）。,,
3463,obstruct,/əbˈstrʌkt/,動詞,遮る、妨害する、ふさぐ,道路を塞いだり（obstruct the road）、「公務執行妨害（obstruction of justice）」などで使われます。,,
3464,delegate,/ˈdelɪɡət/,名詞、動詞,【名】代表、派遣団員【動】権限を委任する、代表として送る,公式な代表者を指すほか、ビジネスで自分の権限やタスクを部下に「任せる（delegate authority）」意味でも使われます。,,
3465,propel,/prəˈpel/,動詞,進ませる、推進する、駆り立てる,ボートなどを前方に推進させる propeller（プロペラ）の動詞形で、行動を促す抽象的要因にも使われます。,,
3466,scrape,/skreɪp/,動詞、名詞,【動】こする、削り取る、すりむく【名】こすること、擦り傷,鍋の底をスプーンでこすって削り取ることや、転んでひざを擦りむく（scrape my knee）際に使われます。,,
3467,overhaul,/ˌoʊvərˈhɔːl/,動詞、名詞,【動】徹底的に点検する、分解修理する、見直す【名】分解修理、大改革,機械を分解して細部まで検査・修理する意味から転じて、組織や制度の抜本的な「見直し」にも使われます。,,
3468,bait,/beɪt/,名詞、動詞,【名】エサ、ルアー、誘惑【動】エサを仕掛ける、からかう,釣りで針につけるエサを指す他、インターネットの引きの強いタイトル「クリックベイト」としても有名です。,,
3469,petition,/pəˈtɪʃn/,名詞、動詞,【名】嘆願書、請願【動】請願する、嘆願する,特定の要求や抗議のために多数の署名を集めて、行政や企業へ提出する書面を指します。,,
3470,ransom,/ˈrænsəm/,名詞、動詞,【名】身代金、解放【動】身代金を支払って救出する,人質事件で要求されるお金です。近年は身代金型ウイルス「ランサムウェア（ransomware）」が猛威を振るっています。,,
3471,fragrance,/ˈfreɪɡrəns/,名詞,芳香、良い香り、香水,花や化粧品、香水などの持つ、うっとりするような心地良い香りを指します。,,
3472,conquest,/ˈcɑːŋkwest/,名詞,征服、奪取、克服、獲得,武力によって敵地を支配下に置くことを指すほか、「困難の克服（conquest of disease）」にも使われます。,,
3473,sincerity,/sɪnˈserəti/,名詞,誠実、誠意、本気,形容詞 sincere（誠実な）の名詞形。手紙の結び言葉 Sincerely yours などの語源です。,,
3474,tariff,/ˈtærɪf/,名詞、動詞,【名】関税、料金表【動】関税を課す,海外から輸入される物品に国が課す税金のことで、貿易摩擦のニュースなどでよく登場します。,,
3475,outcast,/ˈaʊtkæst/,名詞、形容詞,【名】見捨てられた人、追放者【形】見捨てられた、追放された,社会や特定のグループから弾き出され、受け入れを拒否された孤独な人物を指します。,,
3476,scandal,/ˈskændl/,名詞,スキャンダル、醜聞、不名誉,著名人の不正や不適切な行いが公になり、大衆の非難や不信を招いている事態を指します。,,
3477,destruction,/dɪˈstrʌkʃn/,名詞,破壊、破滅、撲滅,動詞 destroy（破壊する）の名詞形。森林破壊は deforestation や forest destruction と言います。,,
3478,availability,/əˌveɪləˈbɪləti/,名詞,利用可能性、空き状況、入手できること,ビジネス会話において、予定が空いていること（check your availability）を指すのによく使われます。,,
3479,prevention,/prɪˈvenʃn/,名詞,防止、予防、阻止,諺の Prevention is better than cure.（予防は治療に勝る＝転ばぬ先の杖）でお馴染みです。,,
3480,reptile,/ˈreptl/,名詞、形容詞,【名】爬虫類【形】爬虫類の、卑劣な,トカゲ、ヘビ、カメ、ワニなどを含む動物の分類を指します。,,
3481,inclination,/ˌɪnklɪˈneɪʃn/,名詞,傾斜、傾向、好み、意向,動詞 incline の名詞形。「〜したい気持ち・傾向（inclination to do）」として好みを表すのにも使われます。,,
3482,pillar,/ˈpɪlər/,名詞,柱、支柱、中心人物,大理石の「柱」を指すほか、地域社会を支える「大黒柱、中心人物（a pillar of the community）」にも喩えられます。,,
3483,coarse,/kɔːrs/,形容詞,きめの粗い、粗雑な、下品な,表面がザラザラして粗いこと（coarse sand = 粗砂）や、言葉遣いが粗野で品がない様子を表します。,,
3484,slack,/slæk/,形容詞、名詞、動詞,【形】緩んだ、たるんだ、不活発な【名】（ロープの）緩み【動】怠ける、緩める,ロープなどが緩んでいる状態を指し、ビジネスでは「弛み、余力」やビジネスチャット「Slack」の名でも知られます。,,
3485,redundant,/rɪˈdʌndənt/,形容詞,余分な、不要な、重複した、解雇された,表現が不必要に重複している様子や、イギリス英語では人員削減により「解雇された（be made redundant）」を意味します。,,
3486,premature,/ˌpriːməˈtʃʊr/,形容詞,時期尚早の、早すぎる、早産の,早すぎる結論（premature conclusion）や、予定日より早く生まれる「早産児（premature baby）」に用いられます。,,
3487,attentive,/əˈtentɪv/,形容詞,注意深い、気配りが行き届いた,話をよく聞き注意を払っている様子や、ゲストに対して丁重にもてなす態度を指します。,,
3488,memorable,/ˈmemərəbl/,形容詞,記憶に残る、忘れられない、記念すべき,旅行や誕生日など、素晴らしくて深く記憶に刻まれるような出来さを指す言葉です。,,
3489,persuasive,/pərˈsweɪsɪv/,形容詞,説得力のある、説得の,議論やスピーチなどで他人の心を納得させる力があることを示します（persuasive argument）。,,
3490,prevalent,/ˈprevələnt/,形容詞,普及している、流行している、広く行き渡っている,特定の地域や時代で、ある習慣、病気、考え方が広く存在している状態を指します。,,
3491,unaware,/ˌʌnəˈwer/,形容詞、副詞,【形】気づいていない、意識していない【副】知らずに,be unaware of [that...] の形で、その事実を全く知らない・自覚がない状態であることを表現します。,,
3492,worthwhile,/ˌwɜːrθˈwaɪl/,形容詞,時間と労力をかける価値がある、やりがいのある,費やしたコストに見合うだけの十分なリターンや満足感が得られる経験に対して用いられます。,,
3493,amazing,/əˈmeɪzɪŋ/,形容詞,驚くべき、素晴らしい、見事な,会話の中で「すげえ！」「素晴らしい！」という感情を表現する際の定番褒め言葉です。,,
3494,vicious,/ˈvɪʃəs/,形容詞,悪意のある、残忍な、不道徳な,「悪循環」は vicious circle（または vicious cycle）と表現されます。,,
3495,invisible,/ɪnˈvɪzəbl/,形容詞,目に見えない、不可視の,物理的に見えないことのほか、「経済的に不可視の存在」などの抽象的な表現でも使われます。,,
3496,invalid,/ɪnˈvælɪd/,形容詞、名詞、動詞,【形】無効の、説得力のない【名】病人、障がい者【動】（病気・ケガで）退役させる,パスワードなどが「無効」な状態を指すときにお馴染みの表現です。,,
3497,sponsor,/ˈspɑːnsər/,名詞、動詞,【名】スポンサー、保証人、発起人【動】スポンサーになる、後援する,イベントなどの資金支援をする団体や個人を指し、動詞としてもよく使われます。,,
3498,sway,/sweɪ/,動詞、名詞,【動】揺れる、揺り動かす、影響を与える【名】揺れ、支配、影響力,物理的な揺れのほか、「心を揺さぶる」「他人の意見に影響を与える」という意味でも頻出します。,,
3499,renovate,/ˈrenəveɪt/,動詞,改修する、リフォームする、刷新する,古い建物やシステムを補修・近代化して新しくすることを意味します。名詞形は renovation。,,
3500,maximize,/ˈmæksɪmaɪz/,動詞,最大限にする、極限まで高める,利潤や価値などを極限まで高める「利益の最大化（maximize profits）」などで頻出します。対義語は minimize。,,
3501,mislead,/ˌmɪsˈliːd/,動詞,誤解を招く、欺く、見誤らせる,意図的、または不注意によって人を間違った方向に導く行為を指します。形容詞形は misleading（誤解を招くような）。,,
3502,opt,/ɑːpt/,動詞,選択する、決める,「〜することを選ぶ」という場合は opt to do、「〜を選択する」という場合は opt for 名詞 の形で使います。,,
3503,outnumber,/ˌaʊtˈnʌmbər/,動詞,数で圧倒する、〜より数が多い,接頭辞 out-（〜より勝る）＋number（数）からなり、女性の方が男性より数が多い状況などを outnumber で表します。,,
3504,tighten,/ˈtaɪtn/,動詞,締める、厳しくする、引き締める,ネジなどを固く締めるほか、規制や予算を引き締める（tighten regulations / tighten the budget）際にも使われます。,,
3505,buzz,/bʌz/,動詞、名詞,【動】（虫などが）ブーンと飛ぶ、ざわつく【名】羽音、ハチの音、噂話、バズ,日本語の「（SNSで）バズる」の語源で、噂話や話題で世間がザワついている様子を指します。,,
3506,converge,/kənˈvɜːrdʒ/,動詞,1点に集まる、収束する,別々の場所から進んできた道路や流れが、合流して1つの場所に集まる様子を示します。対義語は diverge。,,
3507,deduct,/dɪˈdʌkt/,動詞,差し引く、控除する,給与から税金を差し引くなど、全体から特定の金額や数値を引くときに使われます。名詞形は deduction。,,
3508,disconnect,/ˌdɪskəˈnekt/,動詞、名詞,【動】接続を断つ、切り離す【名】断絶、不一致,電話やインターネット回線の切断（disconnect the call）のほか、事実と実感の「乖離・不一致」などにも使われます。,,
3509,gossip,/ˈɡɑːsɪp/,名詞、動詞,【名】うわさ話、ゴシップ、おしゃべり好きな人【動】うわさ話をする,他人の私生活について、事実かどうかわからない無責任な噂話をしたり聞いたりすることです。,,
3510,trespass,/ˈtrespəs/,動詞、名詞,【動】（不法に）侵入する、立ち入る【名】不法侵入,私有地や立ち入り禁止の場所に無許可で入る犯罪行為を指します（No Trespassing = 立ち入り禁止）。,,
3511,graze,/ɡreɪz/,動詞、名詞,【動】放牧する、（家畜が）草を食う、かすめる【名】かすり傷,家畜がのんびりと草を食べている様子のほか、弾丸などが皮膚をかすめるように通過する際にも使われます。,,
3512,entrust,/ɪnˈtrʌst/,動詞,委託する、任せる、預ける,大事な任務や財産などを、信頼できる人に「～を委ねる」というニュアンスを含みます（entrust A with B）。,,
3513,meantime,/ˈmiːntaɪm/,名詞、副詞,【名】（in the meantime で）その間、合間【副】その間に,「次のイベントまでの間、とりあえず～しておく」などの状況で in the meantime というフレーズが頻出します。,,
3514,chatter,/ˈtʃætər/,動詞、名詞,【動】ペチャクチャしゃべる、歯をガタガタ鳴らす【名】おしゃべり、ガタガタいう音,鳥のさえずりや、寒さで顎が震えて「歯がガタガタ鳴る（teeth chatter）」様子も表します。,,
3515,methodology,/ˌmeθəˈdɑːlədʒi/,名詞,方法論、学問の方法体系,単なる方法（method）より学術的・体系的であり、特定の学問やプロジェクトの「調査手法・構築ルール」を指します。,,
3516,bundle,/ˈbʌndl/,名詞、動詞,【名】束、包み、セット販売【動】束ねる、セットにする,新聞や薪などの「束」を指すほか、ソフトウェアやサービスを複数まとめて販売することを意味します。,,
3517,canyon,/ˈkænjən/,名詞,渓谷、峡谷,川の水流が長い年月をかけて大地を削り取って形成した、切り立った深い谷を指します（Grand Canyon）。,,
3518,fountain,/ˈfaʊntn/,名詞,噴水、湧き水、源泉,公園などにある「噴水」や、水が湧き出る「源泉」、および万年筆（fountain pen）などで親しみのある単語です。,,
3519,grassland,/ˈɡræslænd/,名詞,草原、草地,樹木が少なく、一面に草が生い茂っている広大な平野や放牧地などを指します。,,
3520,needle,/ˈniːdl/,名詞、動詞,【名】針、縫い針、注射針、指針【動】針で刺す、からかう,縫製で使う針や医療用の「注射針（hypodermic needle）」、さらには松の葉のような針葉を指します。,,
3521,organizer,/ˈɔːrɡənaɪzər/,名詞,主催者、まとめ役、オーガナイザー,イベント、会議、または労働組合などを企画・設立し、全体を統率する中心的な人物や団体を指します。,,
3522,rehearsal,/rɪˈhɜːrsl/,名詞,リハーサル、予行演習、下稽古,本番（コンサートや演劇など）に向けて、事前に最初から最後まで通して練習するプロセスのことです。,,
3523,servant,/ˈsɜːrvənt/,名詞,使用人、召使い、奉仕者,個人邸宅で働く使用人のほか、国家や公衆に尽くす「公務員（public servant）」の表現としても重要です。,,
3524,sociology,/ˌsoʊʃiˈɑːlədʒi/,名詞,社会学,人間の社会行動、制度、社会組織の成り立ちや変化を体系的に分析する学問です。,,
3525,knot,/nɑːt/,名詞、動詞,【名】結び目、ノット（船の速度単位）【動】結ぶ,ロープの結び目のほか、1時間に1海里進む速度を表す単位（1 knot ≒ 1.852 km/h）としても使われます。,,
3526,rubber,/ˈrʌbər/,名詞、形容詞,【名】ゴム、消しゴム、輪ゴム【形】ゴム製の,弾性のある「ゴム」を指し、イギリス英語では「消しゴム（eraser）」を rubber と呼ぶのが一般的です。,,
3527,detention,/dɪˈtenʃn/,名詞,拘置、留置、（学校の）放課後の居残り,警察による容疑者の身柄の「拘束」を指すほか、海外の学校では罰としての「放課後居残り処分」を指します。,,
3528,ignition,/ɪɡˈnɪʃn/,名詞,点火、発火、点火装置,車のエンジンを始動させる鍵穴やスタートボタン周辺のシステム（ignition switch）を指します。,,
3529,doubtful,/ˈdaʊtfl/,形容詞,疑わしい、不確かな、疑いを抱いている,真偽が疑わしい（doubtful claim）のほか、自分が疑念を抱いている状態（feel doubtful about...）を指します。,,
3530,favorable,/ˈfeɪvərəbl/,形容詞,好意的な、有利な、好都合な,好意的な反応（favorable response）や、取引を有利に進められる「好条件（favorable conditions）」に使われます。,,
3531,interpersonal,/ˌɪntərˈpɜːrsənl/,形容詞,対人関係の、個人間の,他者とうまく付き合うスキルを「対人関係能力（interpersonal skills）」と呼び、ビジネスで重視されます。,,
3532,tolerant,/ˈtɑːlərənt/,形容詞,寛容な、耐性がある,環境や他人の異なる意見に対して寛大な態度（be tolerant of others）や、薬物などに対する耐性を表します。,,
3533,ironic,/aɪˈrɑːnɪk/,形容詞,皮肉な、反語的な,事実が予想や意図と正反対になってしまい、奇妙でおかしみがある状況を指します（ironic twist of fate）。,,
3534,rewarding,/rɪˈwɔːrdɪŋ/,形容詞,やりがいのある、満足感が得られる、報われる,努力に対する精神的・実質的な報酬が大きく、価値があると感じられる仕事などを表現します（rewarding career）。,,
3535,abridged,/əˈbrɪdʒd/,形容詞,要約された、短縮された,動詞 abridge（短縮する）の過去分詞形容詞。分厚い書籍や辞書などを、内容を絞って「簡約版（abridged edition）」にしたものを指します。,,
3536,irresponsible,/ˌɪrɪˈspɑːnsəbl/,形容詞,無責任な、責任を負わない,自分の義務や、行動が及ぼす結果に対して無頓着な人物や言動を非難する言葉です。対義語は responsible。,,
3537,recurrent,/rɪˈkɜːrənt/,形容詞,再発する、繰り返し起こる、循環する,病気の再発や、歴史上の同じような問題が「周期的に繰り返し起きる」様子を表します（recurrent problem）。,,
3538,irresistible,/ˌɪrɪˈzɪstəbl/,形容詞,抵抗できない、非常に魅力的な、たまらない,誘惑や魅力が非常に強く、抗うことができない状態を指します（irresistible temptation）。,,
3539,binding,/ˈbaɪndɪŋ/,形容詞、名詞,【形】拘束力のある、義務的な【名】本の表紙、製本,契約や合意が法的に関係者を縛る状態を「legally binding（法的な拘束力がある）」と表現します。,,
3540,dejected,/dɪˈdʒektɪd/,形容詞,落胆した、意気消沈した、がっかりした,失敗や不運、失望などによって、目に見えて肩を落として落ち込んでいる様子を表現します。,,
3541,fictitious,/fɪkˈtɪʃəs/,形容詞,架空の、創作された、偽りの,物語の中の出来事だけでなく、偽名（fictitious name）やでっち上げた「偽のアカウント」などにも使われます。,,
3542,gracious,/ˈɡreɪʃəs/,形容詞、間投詞,【形】優雅な、丁寧な、慈悲深い【間】おやまあ！,丁寧で礼儀正しく、他者に親切に接する上品な態度を指します。驚きを表す Good gracious! も有名です。,,
3543,upcoming,/ˈʌpˌkʌmɪŋ/,形容詞,来るべき、近づきつつある、今度の,近い将来に予定されているイベントや発売などの告知でよく目にします（upcoming elections）。,,
3544,horrify,/ˈhɔːrɪfaɪ/,動詞,恐怖に陥れる、ぞっとさせる,恐ろしい事件や凄惨な光景などで、人々を激しく震撼させたりショックを与えたりする行為を意味します。,,
3545,lodge,/lɑːdʒ/,名詞、動詞,【名】山小屋、ロッジ【動】宿泊する、預ける、（苦情などを）正式に申し立てる,スキー場などの宿泊小屋のほか、抗議や苦情を「正式に提出する（lodge a complaint）」という表現でも使われます。,,
3546,mediate,/ˈmiːdieɪt/,動詞、形容詞,【動】仲裁する、調停する、仲立ちする【形】間接的な,争い合っている二者（国家、個人、労使など）の間に入り、合意に導くための調整役を務めることです。,,
3547,mingle,/ˈmɪŋɡl/,動詞,混ざる、交わる、パーティー等で歓談する,異質なものが混じり合うほか、パーティーなどで特定のグループに固執せず、色々な人と「会話を楽しむ」という意味でよく使われます。,,
3548,perspire,/pərˈspaɪər/,動詞,汗をかく,汗をかく（sweat）のより上品・フォーマルな表現です。名詞形は perspiration（発汗、汗）。,,
3549,waver,/ˈweɪvər/,動詞、名詞,【動】揺らぐ、ためらう、ぐらつく【名】揺らぎ,決意や信念が揺らいだり、光や炎がチラチラと不安定に揺れる状態を指します。,,
3550,formulate,/ˈfɔːrmjuleɪt/,動詞,公式化する、体系的に準備する、（計画などを）明確に述べる,頭の中でじっくり考え、方針やアイデアを具体的な「計画・政策として構築・表現する」際に使われます（formulate a policy）。,,
3551,exhale,/eksˈheɪl/,動詞,（息などを）吐き出す、放出する,息を吸う inhale /ɪnˈheɪl/ の対義語。深呼吸をして大きく息を吐く動作などを表します。,,
3552,rebound,/rɪˈbaʊnd/,動詞、名詞,【動】跳ね返る、立ち直る【名】跳ね返り、リバウンド,ボールが壁に当たって跳ね返ること、あるいは逆境や病気から「立ち直る（rebound from a setback）」ことを指します。,,
3553,relay,/ˈriːleɪ/,名詞、動詞,【名】リレー、中継（装置）【動】（情報やメッセージを）中継する、伝える,メッセージや指示を人から人へ「バトンを繋ぐように伝達・中継する（relay the information）」際に使われます。,,
3554,align,/əˈlaɪn/,動詞,一列に並べる、調整する、提携する,複数のオブジェクトの端をきれいに揃えることや、企業の目標と自身の活動の方向性を「合致させる（align with...）」際に使われます。,,
3555,curve,/kɜːrv/,名詞、動詞,【名】曲線、カーブ【動】曲げる、曲がる,直線ではない滑らかな「曲がり」を指し、グラフなどの変化の推移（learning curve = 学習曲線）にもよく見られます。,,
3556,deflate,/ˌdiːˈfloʊt/,動詞,しぼませる、引き下げる、（自信などを）くじく,タイヤや風船の空気を抜くことのほか、傲慢な人の態度を「へこませる・意気消沈させる（deflate someone's ego）」などにも使われます。,,
3557,outburst,/ˈaʊtbɜːrst/,名詞,爆発、突発、激発,感情（怒りや笑い）が抑えきれずに急に激しく噴き出すことを指します（an outburst of anger）。,,
3558,swarm,/swɔːrm/,名詞、動詞,【名】（昆虫などの）大群、群れ【動】群がる、押し寄せる,ハチやアリなどの虫が大量に集まっている様子や、大勢の観光客が一箇所に押し寄せている様子を表します。,,
3559,sequel,/ˈsiːkwəl/,名詞,続編、後日談、結果,映画、小説、ゲームなどの大ヒット作品の「続編、パート2」を指すのによく使われる単語です。,,
3560,successor,/səkˈsesər/,名詞,後継者、跡継ぎ、後任者,社長や指導者のポジションを次に引き継ぐ人を指します。前任者は predecessor。,,
3561,clause,/klɔːz/,名詞,条項、箇条、（文法の）節,契約書や法律文書の個別の「条項（contract clause）」のほか、文法用語の主節・従属節などの「節（clause）」を指します。,,
3562,downfall,/ˈdaʊnfɔːl/,名詞,破滅、転落、急な失脚、大雨・大雪,国家、政権、あるいは富豪などが一気に崩壊し、急速に没落・失脚するきっかけやそのプロセスを指します。,,
3563,fusion,/ˈfjuːʒn/,名詞,融合、結合、フュージョン,異なる要素（料理のスタイルや音楽のジャンル、技術など）が結合することを指し、物理分野では「核融合（nuclear fusion）」として頻出します。,,
3564,fracture,/ˈfræktʃər/,名詞、動詞,【名】骨折、割れ目、破損【動】骨折させる、砕く,医学用語で「骨折（bone fracture）」を指すことが多く、パイプなどの構造物に生じる細かいヒビ・亀裂にも使われます。,,
3565,setback,/ˈsetbæk/,名詞,挫折、後退、不運な遅れ、逆境,順調に進んでいた計画を一時的にストップさせたり、台無しにするような予期せぬ「障害・足止め（suffer a setback）」を表します。,,
3566,tumble,/ˈtʌmbl/,動詞、名詞,【動】転ぶ、転がり落ちる、（物価が）急落する【名】転倒、暴落,足を滑らせてゴロゴロと転がり落ちる様子や、株価などが一気に大幅下落する際にも用いられます。,,
3567,slope,/sloʊp/,名詞、動詞,【名】坂、斜面、傾斜【動】傾斜する,山の斜面や、道路の傾斜を指し、スキー場などの滑走コース（ski slope）でも馴染みのある言葉です。,,
3568,autopsy,/ˈɔːtɑːpsi/,名詞、動詞,【名】検死、司法解剖、事後分析【動】検死する,死因を特定するために遺体を解剖・調査するプロセスのことです。,,
3569,blast,/blæst/,名詞、動詞,【名】爆風、爆破、突風、大成功、とても楽しい時間【動】爆破する、酷評する,爆発の風を指す一方、会話では have a blast の形で「めちゃくちゃ楽しむ」というスラングとしても非常によく使われます。,,
3570,jar,/dʒɑːr/,名詞、動詞,【名】瓶、ジャー、不快な音【動】（神経・耳などに）障る、ガタガタ揺れる,ジャムや調味料を入れる広口のガラス瓶を指すほか、音や意見などが衝突して耳障り・不快な印象を与えることを表します。,,
3571,indefinite,/ɪnˈdefɪnət/,形容詞,無期限の、不確かな、はっきりしない,期限を定めない状態を「indefinite period（無期限）」や「indefinite suspension（無期限停止）」と表現します。,,
3572,aquatic,/əˈkwætɪk/,形容詞、名詞,【形】水生の、水上の【名】水生動植物、水上競技,水の中で暮らす生物（aquatic plants / aquatic animals）や、水泳・ダイビングなどのスポーツ（aquatic sports）に使われます。,,
3573,insistent,/ɪnˈsɪstənt/,形容詞,主張し続ける、しつこい、強要する,動詞 insist（強く主張する）の形容詞形。周囲が嫌がってもししつこく自説を曲げない様子を指します（be insistent on...）。,,
3574,frantic,/ˈfræntɪk/,形容詞,取り乱した、必死の、大わらわの,恐怖や時間的な切迫感によって冷静さを失い、必死になってバタバタと行動する様子を指します（frantic search）。,,
3575,deceptive,/dɪˈseptɪv/,形容詞,人をだますような、紛らわしい、見かけ倒しの,動詞 deceive（だます）の形容詞形。一見よさそうだが実は有害であるような、誤解を誘う性質を指します（deceptive appearance）。,,
3576,illogical,/ɪˈlɑːdʒɪkl/,形容詞,非論理的な、筋の通らない,論理的な logical の対義語。論理に矛盾があり、辻褄が合わない説明や行動を批判する際に用います。,,
3577,mellow,/ˈmeloʊ/,形容詞、動詞,【形】（果実が）熟した、円熟した、和やかな【動】熟す、和らぐ,ワインや音楽、声などが「豊かで心地よく、角が取れて柔らかい」性質や、年齢を重ねて性格が穏やかになった人物を表します。,,
3578,boundless,/ˈbaʊndləs/,形容詞,無限の、際限のない、広大無辺な,境界（bound）がない（-less）ことから、限界のない強いエネルギーや愛、好奇心を表現する際に使われます（boundless energy）。,,
3579,cordial,/ˈcɔːrdʒəl/,形容詞、名詞,【形】心からの、誠意ある、温和な【名】心付け、果実飲料,事務的ではなく、温かみがあって丁寧なもてなしや挨拶を表現します（a cordial invitation = 心のこもった招待）。,,
3580,seasonal,/ˈsiːzənl/,形容詞,季節の、季節限定の、特定の季節に起こる,季節労働（seasonal labor）や季節によってメニューが代わる「季節限定商品（seasonal product）」などに使われます。,,
3581,cumulative,/ˈkjuːmjəleɪtɪv/,形容詞,累積する、累積的な,部分的な数値が順次積み重なり、全体として大きくなっていく様子を示します（cumulative total = 累計）。,,
3582,admirable,/ˈædmərəbl/,形容詞,称賛に値する、見事な、見上げた,困難に立ち向かう努力や、素晴らしい人格に対して「本当に素晴らしい、見上げたものだ」と高く評価する際の形容詞です。,,
3583,informative,/ɪnˈfɔːrmətɪv/,形容詞,有益な、情報に富む、ためになる,プレゼンテーションや書籍などが、役に立つ事実や知識をたくさん含んでおり、勉強になったと感じる状況を表します。,,
3584,proportional,/prəˈpɔːrʃənl/,形容詞,比例した、均衡が取れた,一方が増えれば他方もそれに応じて増加する関係を指します（directly proportional to... = ～に正比例する）。,,
3585,unequal,/ʌnˈiːkwəl/,形容詞,不平等な、不均等な、不公平な、力不足の,対等でない関係や（unequal relationship）、「不平等な競争」などを指します。対義語は equal。,,
3586,repetitive,/rɪˈpetətɪv/,形容詞,繰り返しの、単調で退屈な,同じ動作や作業を何度も繰り返さなければならず、つまらない様子を表すのに使われます（repetitive task）。,,
3587,contamination,/kənˌtæmɪˈneɪʃn/,名詞,汚染、混入、不純物の混入,化学物質やウイルスが純粋な環境・食品に混ざり込んで汚れること。物理的な環境汚染（pollution）より範囲が限定されます。,,
3588,stark,/stɑːrk/,形容詞、副詞,【形】過酷な、まぎれもない、際立った【副】完全に,現実をありのまま突きつけられる「過酷な現実（stark reality）」や、極端でクッキリした「際立った対比（stark contrast）」に使われます。,,
3589,organic,/ɔːrˈɡænɪk/,形容詞,有機栽培の、器言の、組織的な,化学肥料を使わない「オーガニック食品」を指すほか、生体そのもののパーツや、組織的なつながりを指すこともあります。,,
3590,evolutionary,/ˌevəˈluːʃəneri/,形容詞,進化の、進歩的な,生物の進化論的な歴史や、システムが少しずつ優れた形態へ「進化・進歩していくプロセス」を指します（evolutionary process）。,,
3591,archaeological,/ˌɑːrkiəˈlɑːdʒɪkl/,形容詞,考古学の、考古学的な,遺跡や遺物を発掘して過去の人間活動を研究する学問「考古学（archaeology）」に関連する用語です。,,
3592,contractor,/ˈcɑːntræktər/,名詞,契約者、請負業者、土木・建設業者,特定の仕事を請け負う会社を指し、建設現場を仕切る「ゼネコン」や、外部の委託業者などを表現するビジネス用語です。,,
3593,bribery,/ˈbraɪbəri/,名詞,贈収賄、賄賂を渡すこと,公務員や企業の意思決定者に不当な利益を与えて便宜を図ってもらう犯罪行為のことです。,,
3594,treadmill,/ˈtredmɪl/,名詞,ランニングマシン、トレッドミル、単調な仕事,ジムに設置されている室内ランニングマシンを指すほか、同じことの繰り返しで抜け出せない「単調な日常のサイクル」の比喩にも使われます。,,
3595,hierarchical,/ˌhaɪəˈrɑːrkɪkl/,形容詞,階層的な、ピラミッド型の,名詞 hierarchy（階層制）の形容詞形。組織における上下の指示系統が明確な構造を指します（hierarchical structure）。,,
3596,nourishment,/ˈnɜːrɪʃmənt/,名詞,栄養（分）、養分、食物、滋養,身体の健康や植物の成長に必要な栄養そのものや、心を豊かにする知的養分を指します。,,
3597,credibility,/ˌkredəˈbɪləti/,名詞,信頼性、確実性,「あの人の言うことは信頼できるか」という、根拠や実績に基づいた信用度を指します（lose credibility = 信用を失う）。,,
3598,dissent,/dɪˈsent/,名詞、動詞,【名】（多数派への）異議、反対【動】異議を唱える、反対する,公式な方針や多数派の決定に対して、個人や少数派が堂々と「反対の意思表示をする」ことを意味します。,,
3599,proliferation,/prəˌlɪfəˈreɪʃn/,名詞,激増、急増、拡散,細胞の増殖や、核兵器などが世界中に広がっていく状況（nuclear proliferation = 核拡散）に用いられます。,,
3600,sympathetic,/ˌsɪmpəˈθetɪk/,形容詞,同情的な、思いやりのある、共感を示す,他人の苦痛や悲しみを理解し、寄り添う心優しい態度を指します。自律神経の「交感神経」という意味もあります。,,
3601,supposedly,/səˈpoʊzɪdli/,副詞,一般的にそう信じられている、噂によると,「世間では〜だと言われているが、事実はわからない」というニュアンスを含めて情報を伝える際に便利な副詞です。,,
3602,disappearance,/ˌdɪsəˈpɪrəns/,名詞,消失、失踪、消滅,動詞 disappear（消える）の名詞形。人物の行方不明（失踪）や、動植物の種の絶滅（消滅）に広く使われます。,,
3603,implant,/ɪmˈplænt/,動詞、名詞,【動】埋め込む、植え付ける【名】インプラント、移植片,医療用の人工歯（インプラント）などの埋め込みだけでなく、特定のアイデアや思想を人の心に植え付けることにも使われます。,,
3604,bout,/baʊt/,名詞,一期間、短い期間、（スポーツの）一勝負・発作,インフルエンザなどの一時的な病床期間（a bout of flu）や、短期間に激しく押し寄せる不調・精神状態を指します。,,
3605,puppy,/ˈpʌpi/,名詞,子犬,犬（dog）の子供を指す親しみのある日常語です。,,
3606,prod,/prɑːd/,動詞、名詞,【動】（指や棒で）突く、刺激する、促す【名】突くこと、促し,物理的にツンツンと突くほか、ぐずぐずしている人を「そそそのかす、行動するように促す」という際にも使われます。,,
3607,prospective,/prəˈspektɪv/,形容詞,見込みのある、将来の、有望な,将来的に顧客や学生になるポテンシャルがある人物を指します（prospective buyer = 購入見込み者）。,,
3608,dosage,/ˈdoʊsɪdʒ/,名詞,服用量、一回分の調剤量,薬を一度に、あるいは1日にどれだけの量服用すべきかという「規定量」を指します。,,
3609,epic,/ˈepɪk/,名詞、形容詞,【名】叙事詩、一大叙事詩【形】叙事詩の、壮大な、大規模な,壮大な歴史劇や、信じられないほど素晴らしい快挙などを称える際にカジュアルにも使われる表現です。,,
3610,consistently,/kənˈsɪstəntli/,副詞,常に、一貫して、矛盾なく,日によってブレることなく、いつも同じ高い水準や態度を維持し続ける様子を表します（consistently high performance）。,,
3611,plebiscite,/ˈplebəsaɪt/,名詞,国民投票、住民投票,国家の主権問題や領土割譲など、特に憲法上の重要課題に対して直接国民の意思を問うための公式な投票を指します。,,
3612,conception,/kənˈsepʃn/,名詞,概念、考え方、構想、妊娠,動詞 conceive（心に描く、妊娠する）の名詞形。頭の中に特定のアイデアが形作られるプロセスを指します。,,
3613,enzyme,/ˈenzaɪm/,名詞,酵素,生物の中で化学反応を促進する役割を持つ生体触媒の一種。消化酵素（digestive enzyme）などが有名です。,,
3614,circumvent,/ˌsɜːrkəmˈvent/,動詞,回避する、抜け道を見つける、裏をかく,面倒な手続き、法的な規則、あるいは障害物を「巧妙に避けて通る」というニュアンスを持ちます。,,
3615,clot,/clɑːt/,名詞、動詞,【名】塊、（血の）固まり【動】凝固する、固まる,主に血液の凝固物を指して「血栓（blood clot）」として医学分野でよく使われます。,,
3616,foremost,/ˈfɔːrmoʊst/,形容詞、副詞,【形】主要な、一流の、真っ先の【副】真っ先に,特定の分野で最も成功している人物や地位を指すのによく使われます（the foremost expert = 第一人者）。,,
3617,catalyst,/ˈkætəlɪst/,名詞,触媒、きっかけとなる人物・出来事,自身は変化しないまま化学反応を促進する「触媒」の意味から、大きな変化や事件を誘発する「きっかけ、起爆剤」の比喩として頻繁に登場します。,,
3618,guilt,/ɡɪlt/,名詞,罪、罪悪感、有罪,法的な「有罪（guilt or innocence）」だけでなく、心の中で寄り添う「罪悪感（feeling of guilt）」にも使われます。,,
3619,scarcity,/ˈskersəti/,名詞,不足、乏しさ、希少性,need に対して資源や製品が非常に少なく、手に入りにくい状態を指します。形容詞は scarce。,,
3620,expulsion,/ɪkˈspʌlʃn/,名詞,追放、退学、除名、排出,動詞 expel（追放する）の名詞形。学校から問題のある生徒を正式に退学させることなどを指します。,,
3621,thwart,/θwɔːrt/,動詞,阻止する、挫折させる、邪魔する,他人の計画や悪だくみなどを、先回りして失敗に終わらせるという肯定的な文脈でもよく使われます（thwart an attack）。,,
3622,nobility,/noʊˈbɪləti/,名詞,貴族階級、気高さ、高潔さ,特権を持つ伝統的な「貴族（the nobility）」の意味のほか、精神的な美しさや「気高き人格」を指す際にも使われます。,,
3623,assimilation,/əˌsɪməˈleɪʃn/,名詞,同化、吸収、（知識の）吸収・消化,移民が受け入れ国の文化に馴染んで溶け込むこと（cultural assimilation）や、栄養・知識を取り込んで自分のものにすることを指します。,,
3624,implore,/ɪmˈplɔːr/,動詞,哀願する、懇願する、切に願う,単に頼むのではなく、非常に必死になって、涙ながらに救いや許しを「請い願う」というニュアンスの強い言葉です。,,
3625,compliant,/kənˈplaɪənt/,形容詞,従順な、指示に従う、法令遵守の,規則や要求、基準（compliance）に対して素直に従う様子や、製品が法規をクリアしている（regulatory-compliant）状態に用いられます。,,
3626,rebellion,/rɪˈbeljən/,名詞,反乱、暴動、反抗,国家や支配者に対する組織的な武装蜂起のほか、若者の親やルールに対する「反抗心（youthful rebellion）」にも使われます。,,
3627,convent,/ˈkɑːnvent/,名詞,修道院、女子修道院,キリスト教（特にカトリック）の女子修道士（修道女＝Nun）が共同で共同生活を営む建物を指します。,,
3628,philosophical,/ˌfɪləˈsɑːfɪkl/,形容詞,哲学的な、冷静な、達観した,哲学（philosophy）に関する高度な思考を指すほか、不運に対して取り乱さず「達観して落ち着いている」態度を指すこともあります。,,
3629,disappointment,/ˌdɪsəˈpɔɪntmənt/,名詞,失望、落胆、期待はずれのもの,動詞 disappoint（がっかりさせる）の名詞形。「期待が裏切られた」という悲しい感情そのものや、その対象を指します。,,
3630,ridicule,/ˈrɪdɪkjuːl/,名詞、動詞,【名】あざけり、嘲笑【動】あざ笑う、ばかにする,他人の言動を「ばかげている」と見なして、不当におとしめたりからかったりすることを意味します。,,
3631,benevolent,/bəˈnevələnt/,形容詞,慈悲深い、親切な、慈善的な,他者の幸福を願って親切に振る舞う様子を指し、特に富豪などが社会貢献に積極的な態度などを称えます（benevolent donor）。,,
3632,communal,/kəˈmjuːnl/,形容詞,共同の、地域社会の、共有の,個人の所有ではなく、コミュニティの構成員全員で一緒に使う設備などに用いられます（communal kitchen）。,,
3633,compensation,/ˌcɑːmpənˈseɪʃn/,名詞,補償（金）、賠償、給与、手当,事故などの損失を埋め合わせる「補償」のほか、仕事に対する「報酬・給与体系全般（salary and compensation）」を指します。,,
3634,destitute,/ˈdestɪtuːt/,形容詞,極貧の、困窮した、欠いている,衣食住すら満足に得られない、極めて深刻な貧困状態を指す強い言葉です（destitute families）。,,
3635,misfortune,/ˌmɪsˈfɔːrtʃən/,名詞,不運、災難、不運な出来事,自分の力ではどうにもできない不条理な不運や、それによって引き起こされる深刻なトラブルを指します。,,
3636,sinful,/ˈsɪnfl/,形容詞,罪深い、邪悪な、道徳に反する,宗教的・道徳的な規範（sin = 罪）に背いている行いや人物を厳しく非難するニュアンスを持ちます。,,
3637,routinely,/ruːˈtiːnli/,副詞,日常的に、いつものように、定例的に,特別なことではなく、普段のルーティン（習慣・手順）の一部として当たり前に繰り返し行われている状況を表します。,,
3638,appreciation,/əˌpriːʃiˈeɪʃn/,名詞,感謝、正しい理解・評価、鑑賞、価値の上昇,感謝の表明（expression of appreciation）だけでなく、芸術作品の深い「鑑賞」や、投資用語としての「価値の上昇」まで多義的な語です。,,
3639,designation,/ˌdezɪɡˈneɪʃn/,名詞,指定、指名、名称,特定の目的（世界遺産や保護区など）のために、国などが正式に指定・登録を行う行為を指します（heritage designation）。,,
3640,solely,/ˈsoʊlli/,副詞,単に、ただ〜だけで、排他的に,purely や only と同義で、「他を一切含まず、ただそれだけが原因・対象である」ということを強調する言葉です（solely responsible）。,,
3641,mother-in-law,/ˈmʌðər ɪn lɔː/,名詞,義理の母、配偶者の母,法律上の（in-law）母親を指します。義理の父は father-in-law。複数形にする場合は mothers-in-law となります。,,
3642,captivity,/kæpˈtɪvəti/,名詞,囚われの身、監禁状態、飼育されていること,動物園で飼育されている状態を in captivity と表現し、野生（in the wild）の対比として非常によく使われます。,,
3643,forcible,/ˈfɔːrsəbl/,形容詞,強制的な、力ずくの、説得力のある,暴力や権力による「力ずくの排除」や不法侵入（forcible entry）などを指す言葉です。,,
3644,ancestral,/ænˈsestrəl/,形容詞,先祖の、先祖代々の,先祖代々の土地（ancestral land）や先祖の家（ancestral home）などの表現で使われます。,,
3645,ruling,/ˈruːlɪŋ/,名詞、形容詞,【名】判決、決定、支配【形】支配している、与党の,裁判所の正式な判断（court ruling）や、現在の与党（ruling party）を指す際に頻出します。,,
3646,expedite,/ˈekspədaɪt/,動詞,促進する、早める、迅速に処理する,手続きや配送などのプロセスを通常よりスピードアップさせる場合に使われます（expedite the process）。,,
3647,idealization,/aɪˌdiːələˈzeɪʃn/,名詞,理想化、理想化されたもの,現実の欠点に目をつぶり、物事や人物を完璧なものとして捉える心理プロセスや表現を指します。,,
3648,spite,/spaɪt/,名詞、動詞,【名】悪意、恨み【動】意地悪をする、困らせる,接続詞的なフレーズ in spite of（〜にもかかわらず）が最も有名ですが、単体では他者に対する底意地の悪さを表します。,,
3649,bleak,/bliːk/,形容詞,（見通しが）暗い、荒涼とした、寒々しい,風景が寂しくて冷え冷えしている様子や、将来の見通しが希望がなく暗いこと（bleak future）を表します。,,
3650,devastation,/ˌdevəˈsteɪʃn/,名詞,壊滅、極度の荒廃、精神的ショック,災害や戦争によって街や地域がめちゃくちゃに破壊されること、またはその無残な状態を指します。,,
3651,crisp,/krɪsp/,形容詞、名詞、動詞,【形】パリパリした、さっぱりした、きびきびした【名】ポテトチップス【動】パリパリにする,食べ物の食感（crisp lettuce）だけでなく、爽やかで少し肌寒い秋の空気（crisp autumn air）などにも使われます。,,
3652,loyalty,/ˈlɔɪəlti/,名詞,忠誠心、誠実さ、忠実,国家や友人、あるいはブランドへの愛着や忠誠（brand loyalty）などを指します。,,
3653,adoption,/əˈdɑːpʃn/,名詞,採用、採択、養子縁組,新しい技術や方針などを取り入れる「採用・導入」のほか、子供を家族として迎え入れる「養子縁組」の意味を持ちます。,,
3654,inheritance,/ɪnˈherɪtəns/,名詞,相続、遺産、遺伝的特質,親や先祖から受け継ぐ金銭的な財産（遺産）のほか、遺伝や伝統的に引き継いだ特質を指します。,,
3655,reside,/rɪˈzaɪd/,動詞,住む、居住する、属する,live よりフォーマルで公的な「居住」を指します。名詞形は residence（住居）や resident（住民）。,,
3656,moderately,/ˈmɑːdərətli/,副詞,適度に、適当に、控えめに,極端に走らず、中くらい・ほどほどの加減で行う様子を表します（moderately successful = そこそこの成功）。,,
3657,formidable,/ˈfɔːrmɪdəbl/,形容詞,手強い、恐るべき、驚くほど優れた,ライバルの実力や直面する課題が非常に大きく、恐怖や畏敬の念を抱かせるような状況を指します（formidable opponent）。,,
3658,magnitude,/ˈmæɡnɪtuːd/,名詞,大きさ、重要度、地震の規模（マグニチュード）,物理的なサイズだけでなく、事態の重大さや影響の規模（magnitude of the problem）を強調する際に使われます。,,
3659,sexuality,/ˌsekʃuˈæləti/,名詞,性的指向、セクシュアリティ、生殖能、性的な魅力,個人の性的関心、性自認、性的指向など、人間の性に関連する側面全般を指します。,,
3660,paramount,/ˈpærəmaʊnt/,形容詞,最優先の、最高の、極めて重要な,「最も重要である、これ以上ないほど優先されるべきだ」という状況に用いられます（of paramount importance）。,,
3661,discord,/ˈdɪskɔːrd/,名詞、動詞,【名】不一致、不和、不協和音【動】不一致になる,意見の不一致から生じる人々や国家間の気まずい「不和（marital discord = 夫婦の不和）」などを指します。,,
3662,continuation,/kənˌtɪnjuˈeɪʃn/,名詞,継続、継続部分、続編,動詞 continue（続ける）の名詞形。活動や状態が途切れずにそのまま続いていくことを意味します。,,
3663,violation,/ˌvaɪəˈleɪʃn/,名詞,違反、侵害、蹂躪,法律、規則、あるいは個人の権利やプライバシーを犯す行為を指します（traffic violation = 交通違反）。,,
3664,tonic,/ˈtɑːnɪk/,名詞、形容詞,【名】元気づけるもの、トニックウォーター【形】元気を回復させる,飲むと体がシャキッとする強壮剤（髪につけるヘアトニックなど）や、元気をくれる人・物の比喩に使われます。,,
3665,elevate,/ˈelɪveɪt/,動詞,高める、昇進させる、持ち上げる,物理的に位置を高くするほか、地位、価値、あるいは気高さを上のレベルに引き上げる際に用いられます（elevate status）。,,
3666,nitrogen,/ˈnaɪtrədʒən/,名詞,窒素,地球の大気の約78%を占める無色無臭の気体元素です。液化窒素（liquid nitrogen）などで知られます。,,
3667,spectacular,/spekˈtækjələr/,形容詞、名詞,【形】目を見張るような、壮観な【名】豪華なショー,息をのむほど素晴らしい景色、花火、あるいは並外れたパフォーマンスなどを賞賛する形容詞です。,,
3668,instructive,/ɪnˈstrʌktɪv/,形容詞,ためになる、教育的な、示唆に富む,動詞 instruct の関連語。失敗体験談や分析が、将来にとって非常に「学びが多く、役に立つ」性質を指します。,,
3669,infectious,/ɪnˈfekʃəs/,形容詞,伝染性の、感染力のある、（感情などが）うつりやすい,インフルエンザなどの感染症（infectious disease）のほか、誰かの笑顔や笑い声が周囲に広がっていく様子にも使われます。,,
3670,weaken,/ˈwiːkən/,動詞,弱める、弱まる、衰える,力、影響力、免疫力、あるいは堤防などの構造的な強度が低下すること、または低下させることを意味します。,,
3671,unstable,/ʌnˈsteɪbl/,形容詞,不安定な、変わりやすい,経済、政情、精神状態、あるいは物理的にぐらついている土台などを表現します（unstable mental state）。,,
3672,multinational,/ˌmʌltiˈnæʃnəl/,形容詞、名詞,【形】多国籍の【名】多国籍企業,複数の国にまたがって活動や拠点を持つ組織を指し、特に「多国籍企業（multinational corporation）」によく使われます。,,
3673,microbial,/maɪˈkroʊbiəl/,形容詞,微生物の、細菌の,肉眼では見えないウイルスやバクテリアなどの微生物（microbe）に関連する用語です。,,
3674,ivory,/ˈaɪvəri/,名詞、形容詞,【名】象牙、アイボリー（色）【形】象牙製の、象牙色の,ゾウの牙のことで、ワシントン条約で取引が厳しく規制されています。また、やや黄色がかった白色を指します。,,
3675,disastrous,/dɪˈzæstrəs/,形容詞,悲惨な、破滅的な、最悪の,名詞 disaster（災害、破滅）の形容詞形。計画や結果が完敗・大失敗に終わり、取り返しのつかない状況を指します。,,
3676,dismissal,/dɪsˈmɪsl/,名詞,解雇、却下、免職、解散,動詞 dismiss（解雇する、退ける）の名詞形。従業員のクビ（解雇）や、裁判の申し立てが退けられることを意味します。,,
3677,administrative,/ədˈmɪnɪstreɪtɪv/,形容詞,管理の、行政の、事務の,会社の「総務・管理事務（administrative work）」や、政府などの「行政手続き（administrative procedure）」を指します。,,
3678,squalor,/ˈskwɑːlər/,名詞,ひどい汚れ、不潔さ、みすぼらしさ,貧困や放置などが原因で、不快極まるほど汚らしく、荒れ果てた住環境などの悲惨な状態を指す硬い言葉です。,,
3679,cramped,/kræmpt/,形容詞,窮屈な、狭苦しい、（文字が）ぎっしり詰まった,部屋や乗り物の中のスペースが非常に狭く、体を自由に動かせない息苦しい状況を表現します（cramped apartment）。,,
3680,envelop,/ɪnˈveləp/,動詞,包む、覆う、包囲する,霧や闇、炎などが物や場所をすっぽりと包み込む様子を指します。名詞の envelope（封筒 /ˈenvəloʊp/）とスペル・発音が異なるので注意。,,
3681,sustenance,/ˈsʌstənəns/,名詞,生計、食物、滋養、（生命の）維持,生きて生命活動を維持するための「食べ物や飲み物」、あるいはそれを手に入れるための手段を指すやや学術的な表現です。,,
3682,aptly,/ˈæptli/,副詞,適切に、巧みに、いかにも〜らしく,形容詞 apt（適切な、〜しがちな）の副詞形。名前や表現が、その特徴をピタリと見事に言い当てている時に使われます（aptly named...）。,,
3683,smear,/smɪr/,動詞、名詞,【動】（油などを）塗りつける、汚す、中傷する【名】汚れ、中傷,液体をこすりつけて汚すほか、政治的な目的で対立候補の評判に泥を塗る「中傷キャンペーン（smear campaign）」で頻出します。,,
3684,wedge,/wedʒ/,名詞、動詞,【名】くさび、ウェッジ（ゴルフ用クラブ、V字型ポテト）【動】くさびで固定する、割り込む,隙間に差し込んで固定する「くさび」のほか、人々の仲を引き裂く「不和の原因」を比喩的に a wedge と呼びます（drive a wedge between 人）。,,
3685,despicable,/dɪˈspɪkəbl/,形容詞,卑劣な、卑るべき、実に見下げるべき,人間の行いや態度が著しく卑怯で、軽蔑されて当然であるという強い非難を込めた形容詞です。映画『怪盗グルー』の原題『Despicable Me』でも有名です。,,
3686,stab,/stæb/,動詞、名詞,【動】刺す、突く【名】刺し傷、突くこと、試み,ナイフなどで刺す物騒な意味のほか、会話で make a stab at で「とりあえず試しにやってみる、挑戦する」という意味でも使われます。,,
3687,anecdotal,/ˌænɪkˈdoʊtl/,形容詞,逸話的な、個人の体験談に基づく,統計的なデータや科学的検証に基づかず、単に「私が体験した（あるいは聞いた）事例」にすぎない不確実な情報を指します（anecdotal evidence）。,,
3688,whitewash,/ˈwaɪtwɑːʃ/,名詞、動詞,【名】うわべの取り繕い、ごまかし【動】白塗りにする、欠点を隠す、ごまかす,壁を白く塗って汚れを隠すことから転じて、不祥事や不正行為を隠蔽し、うわべを取り繕って良く見せる行為を指します。,,
3689,fraternity,/frəˈtɜːrnəti/,名詞,友愛、共同体、（米国の大学の）男子学生クラブ,同じ目的や関心を持つ人々の「同業者仲間・共同体（legal fraternity = 法律家仲間）」のほか、米国の大学にある学生社交クラブを指します。,,
3690,supplant,/səˈplænt/,動詞,取って代わる、取って替える,古い技術やシステムが、より新しく優れたものに押し出されるようにして交代する際などに用いられます（supplant traditional methods）。,,
3691,progressive,/prəˈɡresɪv/,形容詞、名詞,【形】進歩的な、革新的な、漸進的な【名】革新主義者,政治的なリベラル・進歩派（progressive politics）を指すほか、病気が「徐々に進行する（progressive disease）」という意味でも使われます。,,
3692,willingness,/ˈwɪlɪŋnəs/,名詞,意欲、自発性、快く〜すること,嫌がらずに「自ら進んで快くやろうとする」肯定的な心の準備を指します（willingness to learn = 学ぶ意欲）。,,
3693,microscope,/ˈmaɪkrəskoʊp/,名詞,顕微鏡,肉眼で見えないミクロの世界を観察する道具。比喩的に be under the microscope で「厳しく精査されている」という意味にもなります。,,
3694,hunch,/hʌntʃ/,名詞、動詞,【名】予感、直感【動】（肩などを）丸める,確たる証拠はないものの、何となくそんな気がするという直感を指します（I have a hunch that... = 〜という予感がする）。,,
3695,morbid,/ˈmɔːrbɪd/,形容詞,病的な、憂鬱な、死や病気に関わる,病気に関する医学用語のほか、死や怪奇現象に対して異常な興味を示すような「病的な（morbid curiosity = 病的な好奇心）」という意味で使われます。,,
3696,forensic,/fəˈrenzɪk/,形容詞、名詞,法医学の、科学捜査の、討論の,犯罪捜査において、証拠を科学的に分析するプロセス（forensic science = 科学捜査）によく使われる言葉です。,,
3697,ply,/plaɪ/,動詞、名詞,【動】精を出して働く、定期的に往復する【名】（合板などの）プライ、層,道具をせっせと使うことや、船・バスが特定のルートを「定期往復する」ことを表します。また、合板（plywood）の構成層を指します。,,
3698,forefront,/ˈfɔːrfrʌnt/,名詞,最前線、先頭、活動の中心,科学技術や研究、あるいは社会運動の最前線で活躍している位置を指します（be at the forefront of...）。,,
3699,unconscious,/ʌnˈcɑːnʃəs/,形容詞、名詞,【形】意識を失った、無意識の、気づかない【名】無意識,頭を打って失神している状態（knocked unconscious）や、自覚のない「無意識の偏見（unconscious bias）」などに使われます。,,
3700,staunch,/stɔːntʃ/,形容詞、動詞,【形】揺るぎない、忠実な、頑丈な【動】（出血を）止める,支持者や友人としての忠誠心が極めて高く、揺るぎない様子を指します（staunch supporter）。,,
3701,provider,/prəˈvaɪdər/,名詞,供給者、提供者、一家の養い手,ネット接続を提供する「プロバイダー（internet service provider）」や、家庭の生計を支える人を意味します。,,
3702,reimbursement,/ˌriːɪmˈbɜːrsmənt/,名詞,払い戻し、返済、経費精算,出張費や立替金など、あらかじめ自分で支払った経費を後から会社等に請求して「精算（払い戻し）してもらう」行為を指します。,,
3703,envious,/ˈenviəs/,形容詞,羨ましがっている、嫉妬深い,他人の成功や所有物を見て、それを羨ましく、少し妬ましく思っている状態を表します（be envious of someone's success）。,,
3704,naval,/ˈneɪvl/,形容詞,海軍の、軍艦の,海軍基地（naval base）など、国の海軍に関連する事物に用いられる形容詞です。,,
3705,versatile,/ˈvɜːrsətl/,形容詞,多才な、用途の広い、万能の,多くのスキルを持つ多才な人物や、様々な用途に対応できるマルチな道具などを指します（versatile tool）。,,
3706,submarine,/ˌsʌbməˈriːn/,名詞、形容詞,【名】潜水艦【形】海底の、海中の,sub（下）＋marine（海の）からなり、海中を運行する船を指します。,,
3707,prediction,/prɪˈdɪkʃn/,名詞,予測、予言,動詞 predict の名詞形。天気や未来、株価の動きなどを事前に予測することを指します（make a prediction）。,,
3708,esoteric,/ˌesəˈterɪk/,形容詞,深遠な、難解な、秘伝の、一部の者しか理解できない,高度な専門知識や、限られた選ばれた内輪の人間しか理解できない難解な物事を指します。,,
3709,remarkably,/rɪˈmɑːrkəbli/,副詞,著しく、目立って、並外れて、驚くべきことに,予想や通常の基準をはるかに超えていて、非常に注目に値する様子を表します（remarkably intelligent）。,,
3710,inspiration,/ˌɪnspəˈreɪʃn/,名詞,インスピレーション、ひらめき、鼓舞するもの,芸術的な創造性を刺激する突発的なアイデアや、他人にやる気や希望を与える存在そのものを指します。,,
3711,supplier,/səˈplaɪər/,名詞,供給元、仕入先、サプライヤー,動詞 supply（供給する）の関連語。企業活動に必要な原材料や部品を調達・提供する取引先を指します。,,
3712,peg,/peɡ/,名詞、動詞,【名】掛け釘、ペグ（テント用杭）、留めピン【動】固定する、くぎで留める,テントを固定する「ペグ」や洗濯バサミのほか、金融では自国の為替レートを他国通貨に連動・固定することを「ペッグ（peg）」と呼びます。,,
3713,mundane,/mʌnˈdeɪn/,形容詞,ありふれた、日常的な、現世の、平凡な,エキサイティングではない、単調で面白みのない日々のルーティンや雑務を表現する際によく使われます（mundane tasks）。,,
3714,logistics,/ləˈdʒɪstɪks/,名詞,物流、ロジスティクス、実務計画、兵站,製品の輸送・保管を管理する「物流」の意味が一般的ですが、イベントなどを実施するための「複雑な物資・手順の手配」も指します。,,
3715,vicinity,/vəˈsɪnəti/,名詞,近辺、付近、周辺,「〜の周辺に」という場合は in the vicinity of 名詞 という表現をよく使います（in the vicinity of Sendai）。,,
3716,rainfall,/ˈreɪnfɔːl/,名詞,降雨、降雨量,一定の期間や地域に降る雨の量や、雨が降る現象そのものを指します（annual rainfall = 年間降水量）。,,
3717,brink,/brɪnk/,名詞,間際、瀬戸際、崖のふち,崖のギリギリの端っこを指すほか、破産、戦争、絶滅などの破滅の一歩手前の状況を a brink で表現します（on the brink of ruin）。,,
3718,brutality,/bruːˈtæləti/,名詞,残忍行為、残忍さ、野蛮,暴力などの情け容赦ない残酷な行為を指し、警察官による不当な暴力を police brutality と呼びます。,,
3719,successive,/səkˈsesɪv/,形容詞,連続する、相次ぐ、引き続いての,途切れることなく次々に起こることを指します。例えば、3年連続での受賞は for three successive years と表現します。,,
3720,stability,/stəˈbɪləti/,名詞,安定（性）、復元力,急な変化や揺らぎがなく、しっかりと落ち着いている状態のこと。経済の安定（economic stability）などで頻出します。,,
3721,insistence,/ɪnˈsɪstəns/,名詞,主張、こだわり、強要,自分の要求や意見を曲げずに、頑なに主張し続ける行為や態度を指します。動詞は insist。,,
3722,modulate,/ˈmɑːdjuleɪt/,動詞,調整する、変調する、和らげる,声のボリュームやピッチ、または活動の強さを状況に合わせて「適切に調整する」こと。通信技術での信号の変調にも使われます。,,
3723,downright,/ˈdaʊnraɪt/,副詞、形容詞,【副】完全に、実に、全く【形】真っ当な、露骨な,悪い性質を強調する際によく使われます（It is downright dangerous. = それは完全に危険だ）。,,
3724,hedge,/hedʒ/,名詞、動詞,【名】生け垣、生け垣にすること、リスク回避【動】生け垣で囲む、リスクを分散する,庭の境界にある「生け垣」のほか、投資分野では価格変動リスクを避ける手段を「ヘッジ（hedge against risk）」と呼びます。,,
3725,consignment,/kənˈsaɪnmənt/,名詞,委託、委託販売、託送貨物,商品の所有権を維持したまま、他人に販売を代行してもらう「委託販売」のシステムや、その預けられた荷物を指します。,,
3726,precision,/prɪˈsɪʒn/,名詞、形容詞,【名】精密さ、正確さ、緻密【形】精密な,機械の加工や計算などが、極めて正確で寸法のズレがない性質を指します（precision instrument = 精密機械）。,,
3727,accessible,/əkˈsesəbl/,形容詞,アクセス可能な、利用しやすい、理解しやすい,車椅子でも移動しやすい「バリアフリー」な環境や、専門知識がなくても「誰でも分かりやすい」情報などを表します。,,
3728,envision,/ɪnˈvɪʒn/,動詞,心に描く、想像する、予見する,将来の可能性や、素晴らしいビジョンを頭の中で鮮明に思い描くポジティブな「想像」を意味します。,,
3729,resistant,/rɪˈzɪstənt/,形容詞,抵抗力のある、耐性のある、反対する,水に強い「耐水性（water-resistant）」や、抗生物質が効かない「耐性菌（antibiotic-resistant bacteria）」などに使われます。,,
3730,allay,/əˈleɪ/,動詞,（恐怖、怒り、苦痛などを）和らげる、静める,不安や心配、恐れをなだめて安心させる際に用いられます（allay fears = 不安を和らげる）。,,
3731,unintended,/ˌʌnɪnˈtendɪd/,形容詞,意図しない、予期せぬ、故意でない,意図（intend）していなかったにもかかわらず、結果的に引き起こされてしまった副次的な影響などを指します（unintended consequences）。,,
3732,supervision,/ˌsuːpərˈvɪʒn/,名詞,監督、管理、指導,安全やルールが守られているかを上から監視・サポートする行為（under the supervision of... = 〜の監督のもとで）。,,
3733,mentally,/ˈmentəli/,副詞,精神的に、知的に、心の中で,肉体的なこと（physically）の対比として使われます（mentally exhausted = 精神的に疲れ果てた）。,,
3734,dent,/dent/,名詞、動詞,【名】へこみ、打ち傷、減少【動】へこませる、（自信などを）傷つける,車のボディを何かにぶつけて「へこむ」物理的な傷のほか、プライドを傷つけられてへこむ際にも使われます。,,
3735,rebellious,/rɪˈbeljəs/,形容詞,反抗的な、従順でない、謀反の,親や教師の言うことを聞かない思春期の反抗的な態度や、政府の命令に従わない反乱分子の気質を指します（rebellious teenager）。,,
3736,coup,/kuː/,名詞,クーデター、大成功、ヒット,武力によって政権を乗っ取る「クーデター」のほか、ビジネスや私生活で予期せぬ大金星を挙げることをカジュアルに a coup と呼びます。,,
3737,bandage,/ˈbændɪdʒ/,名詞、動詞,【名】包帯【動】包帯を巻く,ケガをした傷口を覆って保護するための医療用包帯を指します。,,
3738,pat,/pæt/,動詞、名詞、形容詞,【動】（愛情を込めて）軽く叩く、ポンポンと叩く【名】軽く叩くこと【形】都合の良い、お決まりの,よくやったと肩を叩いたり、ペットを愛撫してポンポン叩く動作のほか、pat answer で「安易なお決まりの回答」を意味します。,,
3739,eventual,/ɪˈventʃuəl/,形容詞,最終的な、結局のところの,途中で紆余曲折があったとしても、結果として最終的にたどり着く結果を指します（eventual success = 最終的な成功）。,,
3740,imperfect,/ɪmˈpɜːrfɪkt/,形容詞、名詞,【形】不完全な、欠点のある【名】（文法の）未完了過去,完璧（perfect）でない状態を指し、多少の欠陥や欠点がある様子を表します。,,
3741,measurement,/ˈmeʒərmənt/,名詞,測定、測量、寸法、測定値,長さや重さを測定する行為そのものや、指して得られた数値（スリーサイズなどのサイズ情報）を指します。,,
3742,substantially,/əbˈstænʃəli/ -> /səbˈstænʃəli/,副詞,実質的に、かなり、大幅に,量や程度が「相当に大きい」ことを指し、ビジネスでの予算や売り上げの大幅な変化によく使われます。,,
3743,disruptive,/dɪsˈrʌptɪv/,形容詞,破壊的な、混乱を引き起こす、画期的な,秩序や進行を妨げて邪魔する行為のほか、既存の市場を一変させる「破壊的イノベーション（disruptive innovation）」として知られます。,,
3744,differently,/ˈdɪfrəntli/,副詞,異なって、違った風に、別に,他と一線を画したやり方や、視点を変えて物事を捉える際に用いられます（think differently = 違った角度で考える）。,,
3745,childbirth,/ˈtʃaɪldbɜːrθ/,名詞,出産、分娩,女性が子供を産むプロセスやその出来事そのものを指します。,,
3746,midwife,/ˈmɪdwaɪf/,名詞、動詞,【名】助産師、産婆【動】出産を助ける、仲介する,出産の介助を専門に行う医療専門職を指します。,,
3747,embarrassed,/ɪmˈbærəst/,形容詞,恥ずかしい、気まずい、バツが悪い,人前でドジをしたりして、恥ずかしくて顔が赤くなるようなきまずさを表現します。自分が恥ずかしい場合は I am embarrassed と言います。,,
3748,suburban,/səˈbɜːrbən/,形容詞、名詞,【形】郊外の、地方的な【名】郊外の住民,大都市の周辺部（suburb = 郊外）に関連する事物や生活様式を指します（suburban life）。,,
3749,placid,/ˈplæsɪd/,形容詞,穏やかな、静かな、落ち着いた,湖の静かな水面のように波風が立たない様子や、めったに怒らずに物静かで穏やかな人物の性格を表します（placid lake）。,,
3750,bliss,/blɪs/,名詞、動詞,【名】無上の喜び、至福【動】至福に満たす,これ以上ないほどのこの上ない幸福や精神的な満足感を指します（sheer bliss = まさに至福）。,,
3751,entice,/ɪnˈtaɪs/,動詞,誘惑する、おびき寄せる、そそそのかす,魅力的な条件やエサを提示して、誰かを自分の望む行動へ「引き寄せる」行為を指します（entice customers with discounts）。,,
3752,provocative,/prəˈvɑːkətɪv/,形容詞、名詞,【形】挑発的な、刺激的な、物議を醸す【名】挑発するもの,怒りをあおる挑発行為や、セクシーで目を引く衣装、あるいは激しい議論を引き起こす発言などに用いられます（provocative speech）。,,
3753,passionate,/ˈpæʃənət/,形容詞,情熱的な、熱烈な,強い感情や熱意、愛情を持って対象に取り組んでいる様子を表します（passionate plea = 熱烈な嘆願）。,,
3754,feminist,/ˈfemənɪst/,名詞、形容詞,【名】フェミニスト、女性解放論者【形】女性解放を支持する,男女の平等を求め、女性の社会的地位向上を訴える人物やその立場を指します。,,
3755,elicit,/ɪˈlɪsɪt/,動詞,引き出す、聞き出す,巧みな質問によって「情報や本音を聞き出す」ことや、優れた作品が「観客の感情を引き起こす」際などに使われます（elicit a response）。,,
3756,deprivation,/ˌdeprɪˈveɪʃn/,名詞,剥奪、喪失、欠乏,生きていくための必需品（睡眠や愛情、住居など）が奪われ、不足している状態を指します（sleep deprivation = 睡眠不足）。,,
3757,confession,/kənˈfeʃn/,名詞,告白、白状、自白、（カトリックの）告解,犯した過ちや秘密を打ち明けること。刑事手続きでの「自白」や、キリスト教での罪の告白も意味します。,,
3758,cascade,/kæˈskeɪd/,名詞、動詞,【名】階段状の滝、連続的な流れ【動】滝のように流れる、次々に伝える,段々に連なって流れる小滝のほか、情報や影響が上から下へと連鎖的に「波及していくプロセス（cascade effect）」にも使われます。,,
3759,erroneous,/ɪˈroʊniəs/,形容詞,誤った、間違いだらけの,error の関連語。間違ったデータや、不正確な仮定に基づく「誤った推論」などを指す硬い言葉です（erroneous assumption）。,,
3760,paranoia,/ˌpærəˈnɔɪə/,名詞,被害者妄想、パラノイア、偏執病,誰も自分を攻撃していないのに、「周りが自分を陥れようとしている」と異常に強く思い込んで疑心暗鬼になっている精神状態を指します。,,
3761,gutter,/ˈɡʌtər/,名詞、動詞,【名】（道路の）側溝、雨どい、どん底【動】（火が）ちらつく,道路脇の「溝」や屋根の「雨どい」を指すほか、社会的な底辺や、ひどく下品な文化を gutter と比喩することがあります（gutter press = 三流ゴシップ誌）。,,
3762,denounce,/dɪˈnaʊns/,動詞,公然と非難する、告発する,不正行為、独裁体制、裏切りなどに対して、公の場で厳しく公式に非難する言葉です。,,
3763,tacit,/ˈtæsɪt/,形容詞,暗黙の、無言の,口に言葉として出して言明しないものの、互いに分かり合っている合意などを指します（tacit approval = 暗黙の了解）。,,
3764,coerce,/koʊˈɜːrs/,動詞,強制する、強いる,暴力や脅迫、権力を背景にして、他人に無理やり望まない行動を取らせることを意味します（coerce someone into doing）。,,
3765,crusade,/kruːˈseɪd/,名詞、動詞,【名】（改革などを求める）社会運動、十字軍運動【動】運動を推進する,歴史上の十字軍に由来し、現代では悪弊の打破や特定の理念を掲げて熱心に展開する「社会・改革運動」を指します（crusade against poverty）。,,
3766,shady,/ˈshady/ -> /ˈʃeɪdi/,形容詞,日陰になった、怪しい、うさんくさい,木陰などで涼しい「日陰の」という意味のほか、法に触れるような「うさんくさい、怪しげな」ビジネスや人物を指すスラングでもあります。,,
3767,intimidation,/ɪnˌtɪmɪˈdeɪʃn/,名詞,脅迫、威嚇、おどし,動詞 intimidate（脅す、おびえさせる）の名詞形。罰や暴力を匂わせて、相手をすくみ上がらせる行為です。,,
3768,deceit,/dɪˈsiːt/,名詞,詐欺、だますこと、不誠実,動詞 deceive の関連名詞。嘘をついて他人を欺く行為や、その不誠実な企みを指します。,,
3769,ail,/eɪl/,動詞,（体や心が）病む、苦しめる、不調である,体が痛んだり病気で苦しむ自動詞のほか、What ails you?（どうしたの？何が君を悩ませているの？）のように使われます。,,
3770,rampage,/ræmˈpeɪdʒ/,動詞、名詞,【動】暴れ回る、激怒して突進する【名】大暴れ,興奮や怒りで我を忘れ、周囲を破壊しながら暴走する行為を指します（go on a rampage = 暴れ回る）。,,
3771,confrontation,/ˌkɑːnfrənˈteɪʃn/,名詞,対立、直面、対決,避けて通らず、当事者同士が正面から直接ぶつかり合って議論・争う緊迫した対決状態を意味します。,,
3772,presidency,/ˈprezɪdənsi/,名詞,大統領（学長・社長）の職、大統領の任期,大統領の役職そのものや、特定の「大統領の任期期間（during his presidency）」を指します。,,
3773,purge,/pɜːrdʒ/,動詞、名詞,【動】（組織などから不純物を）粛清する、一掃する、追い出す【名】粛清、追放,政党や組織から、好ましくない反対分子や不純物を力ずくで「一掃・追放」することを意味します。,,
3774,dire,/ˈdaɪər/,形容詞,恐ろしい、悲惨な、極めて深刻な、差し迫った,非常に悪い結末が予見される「深刻な状況・危機」を表現する強い言葉です（dire consequences / dire straits）。,,
3775,unethical,/ʌnˈeθɪkl/,形容詞,非倫理的な、道徳に反する,倫理的な ethical の対義語。法律には違反していないかもしれないが、人間として・専門職としてモラルに欠ける行為を批判します。,,
3776,abominable,/əˈbɑːmɪnəbl/,形容詞,嫌悪すべき、実に見下げ果てた、極めて不快な,道徳的にとても許しがたい、身の毛のよだつような行為を激しく非難する形容詞です（abominable crime）。雪男の英語名 Abominable Snowman でも有名です。,,
3777,incremental,/ˌɪnkrəˈmentl/,形容詞,増加する、徐々に増す、漸進的な,一気に変わるのではなく、段階的に少しずつ（increment = 増分）積み重ねて進めていく様子を表します（incremental improvements = 段階的な改善）。,,
3778,validity,/vəˈlɪdəti/,名詞,妥当性、効力、有効期間,議論やデータの「妥当性・信頼性（test the validity of the data）」のほか、パスポートなどの「有効期間」を指します。,,
3779,discrepancy,/dɪsˈkrepənsi/,名詞,矛盾、不一致、食い違い,2つのデータ、帳簿、あるいは証言を比較した際に見られる、説明のつかない奇妙な「食い違い」を指します（discrepancy in the numbers）。,,
3780,rue,/ruː/,動詞、名詞,【動】悔やむ、後悔する【名】後悔,自分の選択を深く後悔し、後から嘆くという意味で、詩的な響きや文語的なニュアンスを持つ言葉です（rue the day = その日を悔やむ）。,,
3781,absorption,/əbˈsɔːrpʃn/,名詞,吸収、合併、（学問などへの）没頭,スポンサーが水を吸収すること（water absorption）や、大企業による小企業の「吸収・合併」、何かに夢中になる「没頭」を意味します。,,
3782,collate,/kəˈleɪt/,動詞,照合する、ページ順を揃える,複数の異なる情報源を突き合わせて「照合・整理」する行為や、印刷した複数の資料の「ページ順を揃えてセットにする」ことを指します。,,
3783,foam,/foʊm/,名詞、動詞,【名】泡、発泡体、フォーム材【動】泡立つ、泡を吹く,ビールや洗剤などの軽い「泡」を指すほか、梱包材やクッションなどに使われるスポンジ状のプラスチック（urethane foam = ウレタンフォーム）も指します。,,
3784,percolate,/ˈpɜːrkəleɪt/,動詞,濾過する、（液体が）染み出る、（噂などが）徐々に広まる,コーヒーメーカーのように、液体が目の細かい層を通って染み出てくる動作のほか、アイデアや噂が社会にジワジワと浸透することを指します。,,
3785,determination,/dɪˌtɜːrmɪˈneɪʃn/,名詞,決意、決定、測定,困難をものともしない強い「固い決意（make a determination）」や、物事の特定・決定を指します。動詞は determine。,,
3786,footing,/ˈfʊtɪŋ/,名詞,足場、基盤、関係,物理的な「足の踏み場」を指すほか、他者と同じ立場で活動すること（on equal footing = 対等な立場で）を意味します。,,
3787,continuous,/kənˈtɪnjuəs/,形容詞,絶え間のない、途切れない、連続的な,途中で一時的なストップがなく、時間的・空間的に完全に連続している状態を指します（continuous rain）。,,
3788,portal,/ˈpɔːrtl/,名詞,表玄関、ポータルサイト、入口,豪華な建物の「正面玄関」の意味から転じて、インターネットの最初に入り口となる総合サイト（portal site）を指します。,,
3789,repeatedly,/rɪˈpiːtɪdli/,副詞,繰り返して、再三再四、何度も,1度だけでなく、同じ行動が何度も反復して行われる様子を表します（warned repeatedly = 再三注意された）。,,
3790,harry,/ˈhæri/,動詞,執拗に攻撃する、絶えず悩ませる、略奪する,敵を何度も襲撃して疲弊させる歴史的意味から、絶え間ない質問や要求で人を「困らせる、うるさく急かす」ことを指します。,,
3791,forbidden,/fərˈbɪdn/,形容詞,禁止された、禁制の,動詞 forbid（禁じる）の過去分詞形容詞。ルールや宗教、法律によって行うことが固く禁じられている事物を指します（forbidden fruit = 禁断の果実）。,,
3792,disturbing,/dɪˈstɜːrbɪŋ/,形容詞,不安にする、不穏な、気にかかる,ニュースや映像などが、見た人をひどく動揺させたり不安にさせたりする性質を持つ場合に用いられます（disturbing news）。,,
3793,par,/pɑːr/,名詞,同等、パー（ゴルフの基準打数）、額面価格,on a par with... で「〜と同等で、肩を並べて」という意味の重要なイディオムになります。,,
3794,heath,/hiːθ/,名詞,ヒース（荒野に生える低木の一種）、荒野,イギリスなどでよく見られる、酸性土壌で樹木が育ちにくい野生の低木地・荒野を指します。,,
3795,digression,/daɪˈɡreʃn/,名詞,本題からそれること、脱線、余談,話が本筋からずれて横道にそれる行為、またはその内容（余談）を指します。動詞は digress。,,
3796,malignant,/məˈlɪɡnənt/,形容詞,悪性の、有害な、悪意に満ちた,医学用語で「悪性の腫瘍（malignant tumor、がん）」を指す際、良性（benign）の対義語として使われます。,,
3797,carcinogen,/kɑːrˈsɪnədʒən/,名詞,発がん物質,がん（cancer）を引き起こす原因となる化学物質や放射線などの総称です。形容詞は carcinogenic。,,
3798,hidden,/ˈhɪdn/,形容詞,隠された、秘密の、見えにくい,動詞 hide の過去分詞形容詞。表面からは簡単に見えない状態を指します（hidden camera = 隠しカメラ）。,,
3799,denote,/dɪˈnoʊt/,動詞,表示する、意味する、示す,記号や文字が「〜を表す・意味する」ことや、ある客観的事実を示す際に使われる言葉です。,,
3800,faction,/ˈfækʃn/,名詞,派閥、党派、内紛、ノンフィクション風小説,政党や組織の中の、意見や利害を同じくする小グループを指します（political faction = 政治的派閥）。,,
3801,animosity,/ˌænɪˈmɑːsəti/,名詞,強い敵意、憎しみ、反感,個人やグループ、国同士が互いに対して抱く激しい敵対感情を指します（feel animosity toward...）。,,
3802,liability,/ˌlaɪəˈbɪləti/,名詞,負債、債務、法的責任、足手まとい,財務諸表での「負債（liabilities）」のほか、チームの足を引っ張る「お荷物、足手まとい」の意味でも使われます。,,
3803,aggravate,/ˈæɡrəveɪt/,動詞,悪化させる、さらに怒らせる,悪い状況、病気の症状、あるいは対立関係などをさらにこじらせて悪くする行為を指します。,,
3804,signify,/ˈsɪɡnɪfaɪ/,動詞,意味する、重要である、示す,mean とほぼ同様に、言葉やジェスチャー、事実が「特定の意味を持つ、表す」ことを示すやや硬い語彙です。,,
3805,liaison,/liˈeɪzɑːn/,名詞,連絡（係）、連携、関係,組織やプロジェクト間で情報を伝達し連携を図る担当者、あるいはその調整業務を指します（liaison officer）。,,
3806,slant,/slænt/,動詞、名詞、形容詞,【動】傾く、傾ける、偏向して伝える【名】傾斜、斜面、特定の視点【形】傾いた,物理的な傾きのほか、報道などが特定の意図を持って情報を「偏向して伝える（slanted news）」という際にも使われます。,,
3807,levity,/ˈlevəti/,名詞,軽率さ、お調子、おかしみ,本来ならば厳粛・真面目にすべき状況において、軽率さやおふざけを持ち込む態度を指します。,,
3808,compelling,/kəmˈpelɪŋ/,形容詞,説得力のある、人を引きつける、抗いがたい,証拠や理由が極めて説得力がある（compelling evidence）ことや、物語が面白すぎて惹きつけられる様子を指します。,,
3809,lava,/ˈlɑːvə/,名詞,溶岩,火山の噴火によって地表に噴出したドロドロに溶けた岩石、またはそれが固まったものを指します。,,
3810,devastating,/ˈdevəsteɪtɪŋ/,形容詞,壊滅的な、衝撃的な、素晴らしい,地震や戦争などによる極めて甚大な被害を指す（devastating earthquake）ほか、衝撃的に美しい容姿などにも使われます。,,
3811,dupe,/duːp/,動詞、名詞,【動】だます、だまして〜させる【名】だまされやすい人、カモ,詐欺などの企みによって、嘘を本物だと信じ込ませて金品などをだまし取ることを意味します。,,
3812,adamant,/ˈædəmənt/,形容詞、名詞,【形】頑固な、断固とした【名】極めて固い物質,周囲の説得や状況の変化に一切動じず、自分の意見や決定を絶対に譲らない強い態度を指します（be adamant that...）。,,
3813,rein,/reɪn/,名詞、動詞,【名】手綱、統制力【動】手綱で制御する、抑える,馬を操る「手綱」のほか、比喩的に組織の指揮権・支配権（take the reins）や、感情のコントロールを指します。,,
3814,exorbitant,/ɪɡˈzɔːrbɪtənt/,形容詞,（値段や要求が）法外な、過大な,一般の常識的な基準を遥かに超えて、異常に高額な価格や無理な要求を指すのによく使われます（exorbitant price）。,,
3815,depletion,/dɪˈpliːʃn/,名詞,割れ、減少、激減,動詞 deplete（使い果たす）の名詞形。天然資源や資金、オゾン層などが、消費によって著しく減って無くなるプロセスです。,,
3816,regulatory,/ˈreɡjələtɔːri/,形容詞,規制の、法的な、取り揃えの,業界や行動を監督・管理する行政機関（regulatory body / regulatory agency）などを指します。,,
3817,cozy,/ˈcoʊzi/,形容詞、名詞、動詞,【形】居心地が良い、こぢんまりとした【名】カバー【動】親しくなる,暖かく快適で安心できる部屋や家を表す（cozy room）ほか、企業間の馴れ合いなどの少し否定的な「なれ合いの」意味もあります。,,
3818,surgical,/ˈsɜːrdʒɪkl/,形容詞,外科の、手術の、ピンポイントの,外科手術用のマスク（surgical mask）などの医療用語のほか、軍事での正確無比なピンポイント爆撃（surgical strike）にも使われます。,,
3819,sting,/stɪŋ/,動詞、名詞,【動】（針などで）刺す、ヒリヒリ痛む【名】（ハチなどの）針、刺し傷、おとり捜査,ハチやクラゲに刺されることや、日焼けや薬品などで皮膚がヒリヒリする痛みのほか、おとり捜査（sting operation）も指します。,,
3820,sunburn,/ˈsʌnbɜːrn/,名詞、動詞,【名】日焼け（炎症を伴うもの）【動】日焼けする,日焼けでも皮膚が赤くヒリヒリと痛む、いわゆる軽度の火傷状態を指します（健康的に小麦色になる日焼けは suntan）。,,
3821,venerable,/ˈvenərəbl/,形容詞,由緒ある、尊敬すべき、尊厳ある,歴史が長く伝統があることや、年齢が高く深い徳や知恵を持っているため、人々に深く尊敬されている事物を指します。,,
3822,terminology,/ˌtɜːrmɪˈnɑːlədʒi/,名詞,専門用語、用語集,特定の職業、学問、技術分野で使用される専門的な言葉づかい全般を指します（technical terminology）。,,
3823,vault,/vɔːlt/,名詞、動詞,【名】（頑丈な）金庫室、地下貯蔵庫、アーチ形の天井【動】（手をついて）跳ぶ,銀行などの厳重な「大型耐火金庫室（bank vault）」を指すほか、陸上競技の棒高跳び（pole vault）でも知られます。,,
3824,indicative,/ɪnˈdɪkətɪv/,形容詞、名詞,【形】〜を示す、〜の兆候を示す【名】（文法の）直説法,物事が何らかの状態や傾向を表していることを示します（be indicative of progress = 進歩を示している）。,,
3825,dilute,/daɪˈluːt/,動詞、形容詞,【動】薄める、希釈する、弱める【形】薄められた,液体を水などで薄めること。また、比喩的に影響力や会社の株式などの価値を薄めて「弱める」際にも使われます。,,
3826,suitor,/ˈsuːtər/,名詞,求婚者、（企業買収の）買収提案企業、原告,古風には女性に結婚を申し込む男性（suitor）のほか、現代ビジネスではM&A（企業買収）を狙って提案を行う会社を指します。,,
3827,endear,/ɪnˈdɪr/,動詞,愛されるようにする、好かせる,自身の愛嬌のある行動や誠実な態度によって、周囲の人から気に入られる状況を作ります（endear oneself to the public）。,,
3828,opportune,/ˌɑːpərˈtuːn/,形容詞,好都合の、適切な、タイミングの良い,何かを行うのにこれ以上ないほどぴったりなタイミングを指します（at an opportune moment = ちょうどよい時期に）。,,
3829,proverbial,/prəˈvɜːrbiəl/,形容詞,諺の、諺にあるような、よく知られた,名詞 proverb（ことわざ）の形容詞形。ことわざでよく引き合いに出される有名な様子や、おなじみの習慣を指して使われます。,,
3830,wry,/raɪ/,形容詞,（皮肉混じりの）苦笑いの、歪んだ、ひねくれた,気まずい状況や不満がありつつも、少しおかしみを持って歪んだ笑顔を浮かべる様子を指します（wry smile / wry humor）。,,
3831,shaggy,/ˈshaggy/,形容詞,毛むくじゃらの、毛足が長くボサボサした,犬や羊、あるいは髪の毛が伸び放題でフサフサ・ボサボサに絡み合っているワイルドな外見を表します（shaggy dog）。,,
3832,ornate,/ɔːrˈneɪt/,形容詞,華麗に装飾された、きらびやかな,家具、建物、あるいは文章が、細部まで手の込んだ豪華なデコレーションを施されている様子を指します。,,
3833,molest,/məˈlest/,動詞,性的ないたずらをする、痴漢行為をする、ひどく苦しめる,主に子供や立場が弱い人に対して不当な性的虐待を行う、または執拗に付きまとって苦しめる犯罪行為を指します。,,
3834,maritime,/ˈmærɪtaɪm/,形容詞,海の、海洋の、海事の、沿岸に住む,船舶の航行や国際貿易などの「海事（maritime law = 海事法）」や、海に近い沿岸地域の気候などを指します。,,
3835,rant,/rænt/,動詞、名詞,【動】大声でわめき散らす、熱弁を振るう【名】わめき散らし、暴言,不満や怒りなどを、大声で感情的にまくし立てる様子を指します（go on a rant = 熱狂的に不満をまくしたてる）。,,
3836,blatant,/ˈbleɪtənt/,形容詞,露骨な、見えすいた、ずうずうしい,嘘やルール違反などを、隠そうともせず白昼堂々と行っているひどい様子を指します（blatant lie = 見えすいた嘘）。,,
3837,reaffirm,/ˌriːəˈfɜːrm/,動詞,再確認する、再確認の宣言をする,以前に表明した支持、方針、あるいは同盟関係などを、改めて強く公式に確認・主張することを指します。,,
3838,delve,/delv/,動詞,深く探究する、掘り下げる、捜索する,単に調べるだけでなく、真相を求めて歴史や書類、事実を奥深く「掘り下げて追究する」ことを意味します（delve into the issue）。,,
3839,timidity,/tɪˈmɪdəti/,名詞,臆病、気が弱いこと、恥ずかしがり,形容詞 timid（臆病な、自信のない）の名詞形。新しい挑戦や人前に立つことを極端に怖がる性格です。,,
3840,amass,/əˈmæs/,動詞,積み上げる、蓄積する、大量に集める,富、情報、あるいは借金などを、長い時間をかけて大量にため込んでいく行為を指します（amass fortune = 財をなす）。,,
3841,flaunt,/flɔːnt/,動詞、名詞,【動】見せびらかす、誇示する、ひけらかす【名】誇示,自分が持っている富、権力、美貌、あるいは才能などを、自慢げに他者へ見せつけるように誇示することを意味します。,,
3842,yeast,/jiːst/,名詞,酵母、イースト菌,パンの製造やアルコールの醸造に不可欠な、糖分を分解して炭酸ガスとアルコールを作る微生物です。,,
3843,frolic,/ˈfrɑːlɪk/,動詞、名詞、形容詞,【動】はしゃぎ回る、嬉しそうに遊ぶ【名】陽気な遊び【形】陽気な、浮かれた,子供や動物などが、野原などで楽しそうに飛び跳ねて遊ぶ様子を表します。,,
3844,procedural,/prəˈsiːdʒərəl/,形容詞,手続き上の、手順的な,業務の正規のプロセスや法律・ルールの「手続きに関連する」性質を指します（procedural errors = 手続き上のミス）。,,
3845,momentous,/moʊˈmentəs/,形容詞,重大で歴史的な、極めて重要な,将来に大きな影響を及ぼすような、人生や歴史の「重大な瞬間・決定」を表現する格調高い言葉です（momentous decision）。,,
3846,counterclockwise,/ˌkaʊntərˈklɑːkwaɪz/,副詞、形容詞,反時計回りに、左回りに,時計の針が進む方向とは逆の動きを指します。イギリス英語では anti-clockwise。,,
3847,frosty,/ˈfrɔːsti/,形容詞,霜が降りるほど寒い、冷淡な,冬の朝のように霜で覆われた寒冷な気候だけでなく、冷たくよそよそしい他人の態度をも表現します（frosty reception = 冷たい歓迎）。,,
3848,garner,/ˈɡɑːrnər/,動詞、名詞,【動】（情報や支持を）得る、蓄える【名】穀物倉,努力の末に、人々からの支持、情報、高い評価などを手に入れ、集めることを意味します（garner support = 支持を獲得する）。,,
3849,bogus,/ˈboʊɡəs/,形容詞,偽の、偽造の、でっち上げの,意図的にだます目的で作られた偽のブランド、会社の口座、あるいは偽の証言などに用いられる口語的な語です（bogus check = 不渡り偽造手形）。,,
3850,trilogy,/ˈtrɪlədʒi/,名詞,3部作、3部作のシリーズ,小説や映画が、関連する3つの独立した作品で1つの大きなストーリーを完結するシリーズ構成を指します（『指輪物語』など）。,,
3851,dreadful,/ˈdredfl/,形容詞,恐ろしい、極めてひどい、最悪の,terrible や awful と同様に、天気、味、経験、あるいはニュースなどがとても不快で悪い状態であることを強調します。,,
3852,bemoan,/bɪˈmoʊn/,動詞,嘆く、不満を言う、惜しむ,悪い運命、現在の苦境、あるいは失われた過去の価値などを悲しんで「ブツブツと嘆く」ことを意味します。,,
3853,turbulence,/ˈtɜːrbjələns/,名詞,乱気流、大荒れ、混乱,飛行機が激しく揺れる「乱気流」のほか、社会、歴史、あるいは政治の「激動・激しい混乱状態（political turbulence）」も指します。,,
3854,vista,/ˈvɪstə/,名詞,見晴らし、遠景、予想、将来の展望,建物や並木の並びの先に見えるクッキリと美しい「遠景」のほか、ビジネスでの「将来的な見通し」にも使われます。,,
3855,reliant,/rɪˈlaɪənt/,形容詞,依存している、頼っている,動詞 rely（依存する）の形容詞形。特定の援助やシステムがないと成り立たない状態を表します（be self-reliant = 自立している）。,,
3856,binary,/ˈbaɪnəri/,形容詞、名詞,【形】2進法の、二元の、2つからなる【名】2進法,IT分野で用いられる0と1だけの「2進数データ（binary data）」や、二者択一の関係性を表します。,,
3857,phony,/ˈfoʊni/,形容詞、名詞,【形】偽の、詐欺の、不誠実な【名】ペテン師、偽物,会話やカジュアルな表現でよく使われる言葉で、中身が伴っていない「上部だけの嘘くさい」人物や態度を非難します。,,
3858,hoist,/hɔɪst/,動詞、名詞,【動】（旗などを）掲げる、持ち上げる【名】巻き上げ機,クレーンや滑車を使って重い荷物を吊り上げることや、国旗を空高く掲揚する際によく使われる動詞です（hoist a flag）。,,
3859,colloquial,/kəˈloʊkwiəl/,形容詞,口語の、話し言葉の、くだけた,書面などで使われる文語ではなく、日常のカジュアルな会話で用いられる言葉や表現を指します（colloquial expression）。,,
3860,abduct,/æbˈdʌkt/,動詞,誘拐する、拉致する,暴力やだましを使って、人の身柄を不法に連れ去る重犯罪の表現です。宇宙人が人間をさらう際などにも使われます。,,
3861,inaugural,/ɪˈnɔːɡjərəl/,形容詞、名詞,【形】就任の、最初の、開会の【名】就任演説,大統領などの就任式（inauguration）の演説（inaugural address）や、イベントの「記念すべき第1回目（inaugural event）」を指します。,,
3862,stunning,/ˈstʌnɪŋ/,形容詞,驚くほど美しい、素晴らしい、呆然とさせる,あまりの美しさや衝撃に、頭をガーンと叩かれたかのように言葉を失ってしまうような褒め言葉です（stunning view）。,,
3863,unison,/ˈjuːnɪsn/,名詞,調和、斉唱、ユニゾン,in unison with... のフレーズで「～と一致して、足並みを揃えて」という意味になります。,,
3864,pastoral,/ˈpæstərəl/,形容詞、名詞,【形】田園的な、のどかな、牧師の【名】牧歌,都会の喧騒から離れたのどかで美しい「田舎の田園風景」を表現するほか、教会における牧師の職務（pastoral care）を指します。,,
3865,launder,/ˈlɔːndər/,動詞,洗濯する、（不正資金を）マネーロンダリングする,洋服をクリーニングする一般動詞のほか、犯罪組織などが不当な利益をクリーンなお金に書き換える資金洗浄（money laundering）を意味します。,,
3866,authoritative,/əˈθɔːrəteɪtɪv/,形容詞,権威ある、信頼できる、厳格な、高圧的な,特定の学問で最も信頼できる「権威ある文献（authoritative source）」や、命令口調で高圧的な他人の態度を指します。,,
3867,crunch,/krʌntʃ/,動詞、名詞,【動】バリバリ噛み砕く、（数字を）高速で処理する【名】バリバリいう音、土壇場、経済危機,ITでは大量のデータを処理すること、また「土壇場・正念場（when it comes to the crunch）」も指します。,,
3868,revamp,/ˌriːˈvæmp/,動詞、名詞,【動】改良する、刷新する、リメイクする【名】刷新,古いウェブサイト、店舗のデザイン、あるいは経営戦略などを今風に「より魅力的に作り変える」行為を指します。,,
3869,flex,/fleks/,動詞、名詞,【動】（関節などを）曲げる、筋肉に力を入れる、（富などを）誇示する【名】屈曲、フレキシブルコード,筋肉を収縮させてポーズを取る動作のほか、SNSなどでは自分の富や地位を自慢することを「フレックス（flex）」と呼びます。,,
3870,transcription,/trænˈskrɪpʃn/,名詞,文字起こし、書き写したもの、転写、書き換え,会話音声をテキストに書き起こす「文字起こし（audio transcription）」や、DNAの情報をコピーする「転写」を意味します。,,
3871,convertible,/kənˈvɜːrtəbl/,形容詞、名詞,【形】別の形態に変えられる【名】オープンカー,状況に応じて目的を変えられる性質を指し、屋根を格納できる乗用車（convertible car = オープンカー）を意味します。,,
3872,colossal,/kəˈlɑːsl/,形容詞,巨大な、桁外れの、途方もない,Colossus（巨像）が語源で、建造物のサイズ、金額、あるいは大失敗（colossal failure）が桁違いに大きいことを指します。,,
3873,revitalize,/ˌriːˈvaɪtəlaɪz/,動詞,活性化する、新たな生命を与える、再興する,廃れてしまった地方の町や、停滞しているビジネスに「再び活気・エネルギーを吹き込む」ポジティブな動詞です。,,
3874,thee,/ðiː/,代名詞,汝を、汝に（古い英語の thou の目的格）,現代英語の you（目的格）に相当する、詩、聖書、あるいはシェイクスピア戯曲などで使われる古い人称代名詞です。,,
3875,stub,/stʌb/,名詞、動詞,【名】（使い残り）、半券、スタブ【動】（つま先を）ぶつける,領収書やチケットの「半券（ticket stub）」や、誤って足の親指を家具の角などに強打する（stub my toe）際に使われます。,,
3876,ulcer,/ˈʌlsər/,名詞,潰瘍,胃の粘膜がただれて傷つく「胃潰瘍（stomach ulcer / gastric ulcer）」や、口内炎などを指す医学用語です。,,
3877,indistinct,/ˌɪndɪˈstɪŋkt/,形容詞,はっきりしない、ぼやけた、かすんだ,適切な区別（distinct）が難しく、輪郭や音声、文字などがぼやけて見えづらい・聞き取りにくい状態を示します。,,
3878,divulge,/daɪˈvʌldʒ/,動詞,（秘密などを）漏らす、告白する、明かす,これまで決して公にされていなかった重要な秘密や情報を、他人にリーク・開示する行為を指します（divulge a secret）。,,
3879,debilitate,/dɪˈbɪlɪteɪt/,動詞,衰弱させる、弱体化させる,深刻な病気が身体をじわじわと蝕んで動けなくすること、あるいは組織をボロボロにして無力化させることを指します（debilitating illness）。,,
3880,insinuate,/ɪnˈsɪnjueɪt/,動詞,ほのめかす、当てこする、巧妙に入り込む,直接は言及せず、遠回しに相手の欠点や疑惑を「ネガティブにほのめかす」ことなどを指します。,,
3881,oblivious,/əˈblɪviəs/,形容詞,気づいていない、意識していない、忘れっぽい,自分の周囲の状況や、起きている事実に対して全く無関心・無頓着である様子を指します（be oblivious to...）。,,
3882,traction,/ˈtrækʃn/,名詞,牽引（力）、（タイヤなどの）摩擦力、支持、はずみ,スタートアップビジネス等で、製品が市場で支持を得て軌道に乗り始めることを「牽引力を得る（gain traction）」と言います。,,
3883,ruthlessly,/ˈruːθləsli/,副詞,無慈悲に、容赦なく、冷酷に,他人の事情や感情を一切顧みず、冷酷に目的を遂行する様子を表します（ruthlessly cut costs = 容赦なくコストを削減する）。,,
3884,scour,/ˈskaʊər/,動詞、名詞,【動】ごしごし洗う、磨く、あちこち捜し回る【名】洗浄,鍋をごしごしこすって磨く意味のほか、落とし物を探して「部屋の隅々を徹底的に捜索する（scour the room）」際にも使われます。,,
3885,genial,/ˈdʒiːniəl/,形容詞,友好的な、温和な、愛想が良い、快適な,気質がとても優しく、笑顔が多くて他人が親しみやすい性格や、気候がのどかで温かい様子を表します（genial host）。,,
3886,substantive,/səbˈstæntɪv/,形容詞,実質的な、中身のある、実在する、本質的な,実際に裏付けとなる中身や十分な内容がある変化や成果を指します（substantive changes = 実質的な変更）。,,
3887,repeal,/rɪˈpiːl/,動詞、名詞,【動】（法律などを）廃止する、撤回する【名】廃止、撤回,行政や議会が、既存の法律や規則を公式に無効にすることを指します（repeal a law）。,,
3888,sloppy,/ˈslɑːpi/,形容詞,雑な、だらしない、水っぽい,仕事のやり方が大雑把でミスだらけな様子（sloppy work）や、服装がだらしなく不潔な格好をしている人を批判するのに使われます。,,
3889,lamentable,/ˈlæməntəbl/,形容詞,嘆かわしい、非常に残念な、哀れな,状況や他人の振る舞いが「実に見苦しく、本当に残念で嘆くべきである」という否定的な評価を込めて使われます（lamentable state）。,,
3890,interrogate,/ɪnˈterəɡeɪt/,動詞,尋問する、問い詰める、データを読み取る,警察が容疑者を厳しく「尋問する（interrogate a suspect）」ほか、IT用語としてチップから情報を読み出すことも意味します。,,
3891,episcopal,/ɪˈpɪskəpl/,形容詞、名詞,【形】司教の、監督管区の【名】聖公会の会員,キリスト教カトリックや聖公会（Episcopal Church）において、教会を管轄する最高位の聖職者「司教・監督」に関する語です。,,
3892,treason,/ˈtriːzn/,名詞,反逆罪、大逆罪、裏切り,自分の祖国、あるいは所属する国家の政府を転覆させようとしたり、敵国を支援したりする最大の国家反逆の罪を指します（high treason）。,,
3893,dainty,/ˈdeɪnti/,形容詞、名詞,【形】優美な、きゃしゃな、上品な【名】珍味、美味しいもの,小さくて細部まで丁寧に作られた愛らしくエレガントな事物（dainty cup）や、身のこなしが上品な人を指します。,,
3894,concoct,/kənˈkɑːkt/,動詞,（話などを）でっち上げる、調合して作る,あり合わせの材料を混ぜ合わせる意味から転じて、言い訳や偽の計画を「でっち上げる（concoct a story）」際によく使われます。,,
3895,scuttle,/ˈskʌtl/,動詞、名詞,【動】（あわてて）小走りで走る、自沈させる、計画を意図的に台無しにする【名】小走り、スクラット,船が敵に渡るのを防ぐために沈める（自沈）行為、あるいは進行中のプロジェクトをぶち壊すことを指します。,,
3896,admonish,/ədˈmɑːnɪʃ/,動詞,諭す、忠告する、穏やかに叱る,ルール違反や危険な行為をするのを防ぐために、真剣かつ穏やかに「そんなことをしてはダメだ」と注意・忠告することを意味します。,,
3897,haughty,/ˈhɔːti/,形容詞,高慢な、横柄な、お高くとまった,自分が他人より優れていると思い込み、他者を見下すような傲慢で失礼な態度を指します（haughty attitude）。,,
3898,hefty,/ˈhefti/,形容詞、名詞,【形】多額の、大きく頑丈な、非常に重い【名】力強い人,高額な罰金（hefty fine）や巨額の請求、あるいは筋骨たくましく大柄な人物を表します。,,
3899,soothing,/ˈsuːðɪŋ/,形容詞,心を和らげる、痛みを和らげる,興奮や不安を静める心地良い音楽（soothing music）や、荒れた肌や痛みを和らげるスキンケアクリームなどを表現します。,,
3900,commend,/kəˈmend/,動詞,褒める、称賛する、推薦する,人の努力や優れた成果を、公式に公の場で「称える」という硬い言葉です。手紙で「推薦する・委ねる」という意味もあります。,,
3901,chasten,/ˈtʃeɪsn/,動詞,懲らしめる、反省させる、鍛える,失敗や叱責、苦い経験によって人の天狗になった鼻をへし折り、謙虚にさせ・反省させることを意味します（feel chastened = 反省する）。,,
3902,liken,/ˈlaɪkən/,動詞,なぞらえる、例える、比べる,二つの似ている性質を「〜に例える」という場合に、liken A to B の形で使われる文語的な表現です。,,
3903,facile,/ˈfæsl/,形容詞,安易な、底浅い、容易な、器用な,十分な検討をせず、単純に考えすぎて深みのない結論や解決策を批判的に表現する言葉です（facile solution）。,,
3904,intuitive,/ɪnˈtuːɪtɪv/,形容詞,直感的な、直感に基づく、感覚で使える,論理的説明なしに感覚でわかる状態を表します。IT製品で説明書なしに使える画面を「intuitive interface」と呼びます。,,
3905,capitalize,/ˈkæpɪtəlaɪz/,動詞,大文字で書く、資本化する、つけ込む、最大限に利用する,大文字にするほか、capitalize on... で「チャンスや他人の弱点につけ込んで、最大限に利用・利益を得る」という意味になります。,,
3906,folly,/ˈfɑːli/,名詞,愚行、おろかしさ、ばかげた計画,常識がなく、思慮の浅さからしでかしてしまった愚かな決定や無駄な事業などを指す少し文学的な響きのある語です。,,
3907,fend,/fend/,動詞,かわす、受け流す、やりくりする,かわす（fend off）ほか、fend for oneself で「他人に頼らず自分の力で何とか生計を立ててやりくりする」という意味になります。,,
3908,coalesce,/ˌkoʊəˈles/,動詞,合体する、連立する、1つにまとまる,バラバラだった意見、政党、あるいは水滴などの小さな要素が、1つの大きなグループ・塊に合流することを意味します。,,
3909,enigmatic,/ˌenɪɡˈmætɪk/,形容詞,謎めいた、不可解な,名詞 enigma（謎）の形容詞形。何を考えているか分かりにくく、ミステリアスな魅力や不穏さを湛えている状況を指します（enigmatic smile）。,,
3910,gnaw,/nɔː/,動詞,かじる、かじり取る、悩ませ続ける,ネズミが骨をかじる動作のほか、不安や不快感が胸を「絶えず苦しめ続ける」比喩的な表現にも使われます。,,
3911,inter,/ɪnˈtɜːr/,動詞、接頭辞,【動】埋葬する【接頭】〜の間の、相互の,死体を墓地や地中に厳粛に「埋葬する」という意味のフォーマルな動詞です（bury より厳粛）。,,
3912,loathe,/loʊð/,動詞,嫌悪する、大嫌いである,hate よりさらに感情の度合いが強く、見ていて虫唾が走るほど、不快で生理的に大嫌いであることを意味します。,,
3913,cardinal,/ˈkɑːrdɪnl/,形容詞、名詞,【形】最も重要な、基本的な【名】枢機卿、ショウジョウコウ（鳥）,最も重要な基本的ルールを cardinal rule と呼びます。また、カトリックの最高位聖職者「枢機卿」などを指します。,,
3914,lousy,/ˈlaʊzi/,形容詞,非常に不快な、ひどい、質の悪い,会話で「最低な、クソみたいな」状態を非難する際のスラングです（lousy service / feel lousy = 体調が最悪である）。,,
3915,resurrect,/ˌrezəˈrekt/,動詞,復活させる、生き返らせる、再興する,計画や過去の習慣、ブランドなどを「現代に再び蘇らせる」際によく使われます。,,
3916,nestle,/ˈnesl/,動詞,心地よく身を寄せる、寄り添う、抱き寄せる、包まれるように位置する,赤ちゃんが母親の体に顔をうずめる動作や、山あいにひっそりと佇む居心地のよい村などを表現します。,,
3917,abort,/əˈbɔːrt/,動詞、名詞,【動】中止する、中絶する【名】中止、中絶,コンピュータ処理を途中で強制「中止」するコマンドや、妊娠中絶を意味する動詞です。ミッションの中止は abort mission。,,
3918,elusive,/ɪˈluːsɪv/,形容詞,捉えどころのない、見つけにくい、理解しにくい,逃げ回って捕まえにくい動物や、どうしても思い出せないような「捉えどころのない」抽象的概念などを表現します。,,
3919,neurotic,/nʊˈrɑːtɪk/,形容詞、名詞,【形】神経症の、過敏すぎる、神経質な【名】神経症の人,精神的なストレスから不安や恐怖を過剰に抱きやすく、常にピリピリしている状態や人物を指します。,,
3920,confound,/kənˈfaʊnd/,動詞,混乱させる、困惑させる、裏をかく、混同する,予想外の結果によって相手をびっくりさせて「頭を混乱させる・困惑させる」ことなどを指します。,,
3921,tenure,/ˈtenjər/,名詞、動詞,【名】在職期間、終身在職権（テニュア）、借地権【動】終身在職権を与える,大学教授などの終身雇用の権利（tenure）や、官職の正式な「任期在職期間（during his tenure）」を指します。,,
3922,laughable,/ˈlæfəbl/,形容詞,おかしい、ばかげた、笑止千万な,あまりにも荒唐無稽でバカバカしく、あざ笑うしかないような不適切な決定や主張を酷評する言葉です（laughable excuse）。,,
3923,statistic,/stəˈtɪstɪk/,名詞,統計値、統計データ、統計的な事実,statistics で「統計学」や「統計資料全般」を指しますが、単数形では個別の1つの統計的データ値を意味します。,,
3924,clockwise,/ˈklɑːkwaɪz/,副詞、形容詞,時計回りに、右回りに,時計の針が進む順方向の回転を指します。対義語は counterclockwise。,,
3925,curtail,/kɜːrˈteɪl/,動詞,削減する、短縮する、抑制する,費用を削減する（curtail spending）や、滞在期間を短く切り上げるなど、範囲や量を削って制限することを意味します。,,
3926,catastrophic,/ˌkætəˈstrɑːfɪk/,形容詞,壊滅的な、悲惨な、大災害の,名詞 catastrophe（破滅、大惨事）の形容詞形。一瞬にして全てを失うような、歴史的・甚大な被害をもたらす状況を指します。,,
3927,injurious,/ɪnˈdʒʊriəs/,形容詞,有害な、傷つける,人の健康、企業の評判、あるいは権利などを害する性質を指す硬い言葉です（injurious to health）。,,
3928,nasal,/ˈneɪzl/,形容詞、名詞,【形】鼻の、鼻音の【名】鼻音,鼻の構造（nasal cavity = 鼻腔）や、風邪で鼻が詰まった時の鼻声（nasal voice）を指すのに使われます。,,
3929,drawl,/drɔːl/,動詞、名詞,【動】物憂げに引き伸ばして話す【名】引き延ばした話し方,母音を長く引き伸ばし、ゆっくりと喋る話し方を指し、アメリカ南部訛り（Southern drawl）が有名です。,,
3930,dietary,/ˈdaɪəteri/,形容詞、名詞,【形】食事の、食生活の【名】規定食、食事制限,日常の食事習慣を指し、アレルギーなどによる食事の制限・要件を dietary requirements と表現します。,,
3931,peripheral,/pəˈrɪfərəl/,形容詞、名詞,【形】周囲の、本質的でない、周辺の【名】周辺機器,視野の端（peripheral vision = 周辺視野）のほか、PCに接続するキーボードやマウスなどの「周辺機器（peripherals）」を意味します。,,
3932,crumple,/ˈkrʌmpl/,動詞、名詞,【動】クシャクシャにする、押しつぶす、へたり込む【名】シワ、クシャクシャの山,紙をギュッと手で「クシャクシャに丸める」動作や、車などが衝突してぐにゃりと押しつぶされる様子を表します。,,
3933,heave,/hiːv/,動詞、名詞,【動】持ち上げる、ため息を吐く、うねる、激しく吐き気を催す【名】持ち上げること,重いものを持ち上げる動作や、深く大きなため息を吐く（heave a sigh）動作、あるいは胃が波打つことを指します。,,
3934,molecular,/məˈlekjələr/,形容詞,分子の、分子に関する,物質の最小単位である分子（molecule）の形容詞形。「分子生物学（molecular biology）」などで頻出します。,,
3935,gingerly,/ˈdʒɪndʒərli/,副詞、形容詞,【副】用心深く、おずおずと、極めて慎重に【形】用心深い,壊れ物に細心の注意を払ってそっと優しく触れたり、音を立てないようにゆっくり歩いたりする様子を表します。,,
3936,giddy,/ˈɡɪdi/,形容詞、動詞,【形】目まいがする、うかれた、軽薄な【動】目を回させる,クラクラする目まいのほか、うれしくて頭がフワフワと舞い上がっている状態を表現します（giddy with excitement）。,,
3937,nomadic,/noʊˈmædɪk/,形容詞,遊牧の、放浪の、ノマドの,定住せず移動する遊牧民（nomad）を指し、現代では場所を選ばず働く「ノマドワーカー（digital nomad）」としても有名です。,,
3938,recoup,/rɪˈkuːp/,動詞,取り戻す、（損失などを）埋め合わせる,投資した資金や、過去の「損失を取り戻して回収する」際によく使われるビジネス・金融表現です（recoup losses）。,,
3939,strenuous,/ˈstrenjuəs/,形容詞,激しい、精力的な、多大の努力を要する,多大な体力や努力を必要とする活動を指します。激しい運動は strenuous exercise、懸命な努力は strenuous effort と表現します。,,
3940,meticulous,/məˈtɪkjələs/,形容詞,細心の注意を払った、極めて入念な、几帳面な,細部のチェックを一切怠らず、非常に完璧に、几帳面に仕事を遂行する態度を指します。,,
3941,acquaint,/əˈkweɪnt/,動詞,知らせる、伝える、知り合いにさせる,状況を説明して詳しく知ってもらう行為を指します（acquaint oneself with the facts = 事実を把握する）。,,
3942,treatise,/ˈtriːtɪs/,名詞,論文、学術論文、体系的な書物,特定の学術的なテーマに関して、専門的に深く体系的に論じたフォーマルな学術論文・専門書を指します。,,
3943,oust,/aʊst/,動詞,追い出す、失脚させる、奪う,政治的なライバルや、不祥事を起こした社長などを、ポジションから力ずくで「引きずり下ろして追放する」際に好んで使われる動詞です。,,
3944,confiscate,/ˈkɑːnfɪskeɪt/,動詞,没収する、差し押さえる,警察や税関、あるいは学校の先生がルール違反者の所有物を「没収する」際によく使われる言葉です。,,
3945,startling,/ˈstɑːrtlɪŋ/,形容詞,驚くべき、衝撃的な、意外な,動詞 startle（驚かせる）の現在分詞形容詞。予想外で人をギョッとさせるような事実や変化を指します（startling revelation = 衝撃的な暴露）。,,
3946,discrete,/dɪˈskriːt/,形容詞,別々の、不連続の、分離した,互いに繋がっておらず、個別に独立している要素を指します。発音が同じで「荒い・慎重な」を意味する discreet との混同に注意。,,
3947,termination,/ˌtɜːrmɪˈneɪʃn/,名詞,終了、終止、契約解除、解雇,雇用契約やサービスの「打ち切り・解除（contract termination）」、あるいは何らかのプロセスが最終的に終わることを意味します。,,
3948,mull,/mʌl/,動詞、名詞,【動】熟考する、よく考える、温めて香辛料を入れる【名】混乱,mull over の形で「特定の決定やアイデアについて、時間をかけてじっくり熟考する」という意味の口語として頻繁に使われます。,,
3949,obligate,/ˈɑːblɪɡeɪt/,動詞、形容詞,【動】義務づける、強制する【形】義務的な,法律、規則、あるいは道徳的な観点から特定の手続きや行動を行うことを「義務づける」という意味です。通常 be obligated to do の形で使われます。,,
3950,wretch,/retʃ/,名詞,不気味なやつ、気の毒な人、悪党,極めて不幸で惨めな境遇にある人や、道徳的に見下げ果てた嫌な奴を指す少し古風な表現です。,,
3951,ardent,/ˈɑːrdnt/,形容詞,熱烈な、激しい、情熱的な,特定の思想、人物、あるいは趣味などに対して、熱いパッションと忠誠心を燃やしている様子を指します（an ardent supporter）。,,
3952,innermost,/ˈɪnərmoʊst/,形容詞,最も深い、最も奥の、心の奥底の,物理的に最も中心部にある位置を指すほか、他人にめったに打ち明けない「心の奥底の感情・秘密」を表現する際によく使われます（innermost thoughts）。,,
3953,volatile,/ˈvɑːlətl/,形容詞,揮発性の、不安定な、激変しやすい,化学での「揮発性の（volatile liquid）」のほか、状況や価格、あるいは人の感情が急激に変わりやすい不安定さを表します（volatile market）。,,
3954,beguile,/bɪˈɡaɪl/,動詞,だます、魅了する、引きつける、楽しませる,魅力的な態度や言葉を使って、相手をうっとりさせて引きつける（あるいは油断させてだます）ことを意味します。,,
3955,impoverished,/ɪnˈpɑːvərɪʃt/,形容詞,貧困に喘ぐ、枯渇した、貧弱な,貧しい（poor）のよりフォーマルな表現で、経済的に困窮している地域や人々、または栄養・資源が失われた状態を指します（impoverished area）。,,
3956,veto,/ˈviːtoʊ/,名詞、動詞,【名】拒否権【動】（法案などを）拒否する、却下する,大統領や国連安保理常任理事国などが持つ、可決された法案を単独で阻止できる「拒否権（exercise a veto）」を意味します。,,
3957,arduous,/ˈɑːrdʒuəs/,形容詞,骨の折れる、大変な、努力を要する,非常に多くの肉体的・精神的なエネルギーと忍耐力を必要とする困難な道のりや作業を指します（arduous journey）。,,
3958,crafty,/ˈkræfti/,形容詞,悪賢い、ずる賢い、巧妙な,目的に向かって、他人を騙したり出し抜いたりする手段を巧妙に使う「抜け目のない」ずるさを指します。,,
3959,ferocious,/fəˈroʊʃəs/,形容詞,凶暴な、残忍な、猛烈な,野生動物などが極めて凶暴で危険な様子や、嵐や競争が「猛烈に激しい」状況を表現する形容詞です（ferocious beast / ferocious competition）。,,
3960,bureaucratic,/ˌbjʊrəˈkrætɪk/,形容詞,官僚的な、お役所仕事の、非効率な,お役所のように、細かすぎる規則（レッドテープ）に縛られて手続きが非常に非効率で融通が利かない様子を批判するのに使われます。,,
3961,construue,/kənˈstruː/,動詞,解釈する、理解する,他人の言動や法律の文言などを、特定の意図や意味として「解釈する」という硬い語彙です。通常 be construed as の形で「〜と受け取られる」と使われます。,,
3962,derivative,/dɪˈrɪvətɪv/,名詞、形容詞,【名】派生物、金融派生商品【形】派生的な、模倣した,既存の何かから生み出された「派生物」のほか、金融分野での「デリバティブ取引（financial derivatives）」として極めて有名です。,,
3963,mystic,/ˈmɪstɪk/,形容詞、名詞,【形】神秘的な、秘教の【名】神秘主義者,超自然的な力や宗教的な真理に触れるような、人間の理性を超えたミステリアスな性質を指します。,,
3964,impending,/ɪmˈpendɪŋ/,形容詞,間近に迫った、差し迫った、切迫した,主に悪い出来事（嵐、危機、あるいは死など）が、すぐ目の前まで避けることなく近づいている緊迫した状況を指します（impending disaster）。,,
3965,gallant,/ˈɡælənt/,形容詞、名詞,【形】勇敢な、たくましい、女性に親切な【名】おしゃれな若者,弱者を守るために危険を顧みず勇敢に立ち向かう態度や、女性に対して極めて紳士的で親切な振る舞いを指します。,,
3966,appease,/əˈpiːz/,動詞,宥める、和らげる、譲歩する,怒っている人や敵国に対して、要求をのんだり譲歩したりして「機嫌をとって静める」ことを意味します（歴史用語の「融和政策 = appeasement policy」）。,,
3967,reverberate,/rɪˈvɜːrbəreɪt/,動詞,反響する、響き渡る、大きな影響を及ぼす,大音量が壁などに反射して響き渡ること。また、大事件の衝撃が社会全体に「波紋を広げ、長く響き続ける」比喩的な状況にも使われます。,,
3968,groundless,/ˈɡraʊndləs/,形容詞,根拠のない、事実無根の,土台（ground）がない（-less）ことから、何の証拠や確たる理由もない噂や心配を指します（groundless rumor / groundless fears）。,,
3969,invincible,/ɪnˈvɪnsəbl/,形容詞,無敵の、征服できない、屈強な,どんな敵や困難にも決して負けない、圧倒的に強い状態を指します（invincible army）。,,
3970,deficient,/dɪˈfɪʃnt/,形容詞,不足している、欠陥のある、足りない,健康維持に必要なビタミンや栄養素、あるいはシステムを動かす要素が「足りていない」状態を表現します（be deficient in...）。,,
3971,devolve,/dɪˈvɑːlv/,動詞,（権限などを）委譲する、退化する、悪化する,中央政府の権力を地方に「委譲する（devolve power）」意味のほか、進化（evolve）の対義語として「退化・悪化する（devolve into chaos）」という意味もあります。,,
3972,emanate,/ˈeməneɪt/,動詞,発する、放射する、染み出る,光、熱、あるいは感情・雰囲気などが、特定の源から周囲へ「じわじわと発せられる、漂い出る」様子を表します（emanate confidence = 自信を放つ）。,,
3973,inconspicuous,/ˌɪnkənˈspɪkjuəs/,形容詞,目立たない、人目を引かない,派手さがなく、周囲の風景や環境に溶け込んでいて注意を引かない様子を指します（conspicuous = 目立つ の対義語）。,,
3974,pediatric,/ˌpiːdiˈætrɪk/,形容詞,小児科の,子供の医療に関する用語です。小児科医は pediatrician、小児科病棟は pediatric ward。,,
3975,wartime,/ˈwɔːrtaɪm/,名詞、形容詞,【名】戦時、戦時中【形】戦時の、戦争中の,平時（peacetime）の対義語。国家が他国と公式に交戦状態にある期間を指します。,,
3976,pristine,/ˈprɪstiːn/,形容詞,初期状態の、汚れのない、新品同様の,人間の手が全く入っていない大自然の美しさや（pristine nature）、購入直後のキズ一つないピカピカの状態を称える言葉です。,,
3977,incompetent,/ɪnˈkɑːmpɪtənt/,形容詞、名詞,【形】無能な、適性のない【名】無能な人,仕事を適切にこなす能力や資格（competence）が決定的に欠けていると厳しく批判する際に用いられます（incompetent manager）。,,
3978,bask,/bæsk/,動詞,日光浴をする、恵みにあずかる、心地よいぬくもりに浸る,暖かい太陽の光を浴びて気持ちよくリラックスする（bask in the sun）ほか、他人の賞賛や栄光を浴びて喜びに浸る（bask in the glory）という比喩にも使われます。,,
3979,definitive,/dɪˈfɪnətɪv/,形容詞、名詞,【形】決定的な、最終的な、完成された【名】限定詞,議論を終わらせる「決定的な解決（definitive solution）」や、その分野で最も権威があり決定版とされる書籍・研究（definitive guide）を指します。,,
3980,treachery,/ˈtretʃəri/,名詞,裏切り、反逆、不信行為,信じていた人や味方を騙して、重大な裏切り行為を働くことを意味します（act of treachery）。,,
3981,chide,/tʃaɪd/,動詞,叱る、たしなめる,子供や部下の不注意・マナー違反に対して、「そんなことをしてはダメだよ」と穏やかに、または少し不満げに注意する行為を指します。,,
3982,crackle,/ˈkrækl/,動詞、名詞,【動】パチパチ音を立てる【名】パチパチという音、ひび割れ,暖炉の薪がパチパチと燃える音（crankling fire）や、ポテトチップスなどを踏んだ時、またはラジオのノイズなどの乾いた高音を指します。,,
3983,peek,/piːk/,動詞、名詞,【動】（こっそり）のぞき見する、ちらっと見る【名】のぞき見、ちらっと見ること,他人に見つからないように、物陰やすき間から「こっそりのぞき見る」動作を指します（take a peek）。,,
3984,proportionate,/prəˈpɔːrʃənət/,形容詞、動詞,【形】比例した、釣り合った【動】比例させる,規模や重要性、リスクなどに応じて、それに見合った適切なバランスが保たれている状態を指します（proportionate response = 均衡の取れた対応）。,,
3985,grate,/ɡreɪt/,動詞、名詞,【動】（おろし金で）すりおろす、きしむ、神経に障る【名】火格子、格子,チーズや大根をおろし金ですりおろす動作（grate cheese）のほか、いやな不協和音が「耳・神経に障る」という意味でも使われます。,,
3986,neutralize,/ˈnuːtrəlaɪz/,動詞,無効化する、中和する、中立にする,化学で酸とアルカリを「中和する」意味のほか、敵の脅威や爆弾などの危険をあらかじめ取り除いて「無効化する・安全にする」意味でも使われます。,,
3987,graceful,/ˈɡreɪsfl/,形容詞,優雅な、上品な、しなやかな,身のこなしや動作、スタイルが非常に美しく、洗練されている様子を指します（graceful movement）。,,
3988,stingy,/ˈstɪndʒi/,形容詞,けちな、出し惜しみする,金銭や食べ物を分け与えるのを嫌がり、不必要なまでにケチケチしている様子を批判的に表現する言葉です（stingy person）。,,
3989,jab,/dʒæb/,動詞、名詞,【動】ツンツン突く、ジャブを打つ【名】突くこと、ジャブ、予防注射,ボクシングの軽いパンチ（ジャブ）のほか、イギリス英語などでは「予防注射（flu jab）」の口語表現として非常に一般的に使われます。,,
3990,dusky,/ˈdʌski/,形容詞,薄暗い、夕暮れの、浅黒い,日が沈みかけてあたりがぼんやりと暗くなっている様子や、肌や色が少し暗く黒みを帯びている様子を表します。,,
3991,subdivision,/ˈsʌbdɪvɪʒn/,名詞,細分化、さらに分けた部分、分譲地,大きな区分をさらに細かく分けること。また、広大な土地をいくつかに区切って住宅用に売り出す「分譲地」も意味します。,,
3992,focal,/ˈfoʊkl/,形容詞,焦点の、中心的な、重要な,レンズの「焦点の」という意味のほか、活動や注目の的となる最も重要なポイントを指します（focal point = 中心点、最重要点）。,,
3993,shun,/ʃʌn/,動詞,避ける、遠ざける、忌避する,意図的に、あるいは嫌悪感から特定の人物や社交活動、義務などを「頑なに避ける」ことを意味します（shun publicity = メディアを避ける）。,,
3994,wig,/wɪɡ/,名詞、動詞,【名】かつら、ウィッグ【動】かつらをかぶせる、激怒させる,頭にかぶる「かつら」を指します。また、スラングで wig out と言うと「パニックになる、興奮する」という意味になります。,,
3995,discernible,/dɪˈsɜːrnəbl/,形容詞,認識できる、見分けがつく,視覚や聴覚、あるいは思考によって、かすかに、またははっきりと「認識・識別できる」状態を指します（discernible difference = 認識できる違い）。,,
3996,exhilarate,/ɪɡˈzɪləreɪt/,動詞,陽気にさせる、元気づける、ワクワクさせる,ジェットコースターや大勝利などによって、心拍数が上がるような強烈な興奮や爽快感を与えることを指します。形容詞形は exhilarating。,,
3997,customary,/ˈkʌstəmeri/,形容詞、名詞,【形】習慣的な、いつもの、慣例の【名】慣例集,社会や個人の長年の習慣として、それが当然のルールとして行われている様子を表します（customary practice = 慣例）。,,
3998,stuffed,/stʌft/,形容詞,詰め物をした、（お腹が）いっぱいの、鼻が詰まった,ぬいぐるみの「詰め物をした動物（stuffed animal）」や、食事でお腹がポンポンに膨れている状態（I'm stuffed = 満腹だ）、鼻づまりに使われます。,,
3999,mince,/mɪns/,動詞、名詞,【動】細かく刻む、ひき肉にする、言葉を和らげる【名】ひき肉,お肉などを細かく切り刻むこと。言葉を和らげて言う表現として mince words があり、not to mince words で「包み隠さずはっきり言う」となります。,,
4000,statutory,/ˈstætʃutɔːri/,形容詞,法定の、法令で定められた,行政や議会が制定した法律（statute）によって定められている義務やルールを指します（statutory requirements）。,,
4001,stature,/ˈstætʃər/,名詞,身長、体格、名声、声望,物理的な「身長」のほか、社会的な実績や人徳に裏付けられた「名声、器の大きさ（intellectual stature）」を表現します。,,
4002,recurring,/rɪˈkɜːrɪŋ/,形容詞,繰り返し起こる、循環する,動詞 recur の現在分詞形容詞。同じエラーや悪夢などが「何度も繰り返し発生する」ことを指します（recurring dream）。,,
4003,ignite,/ɪɡˈnaɪt/,動詞,点火する、火をつける、感情を燃え上がらせる,物理的に火をつけるほか、大衆の怒りや情熱を一気に「爆発させる、火をつける」という比喩にも使われます（ignite passions）。,,
4004,vicar,/ˈvɪkər/,名詞,牧師、教区牧師,英国国教会（アングリカン）などの教区を管轄する聖職者「牧師」を指す、イギリスなどで非常に一般的な呼称です。,,
4005,collateral,/kəˈlætərəl/,名詞、形容詞,【名】担保、見返り【形】担保の、付随的な、並行する,銀行からお金を借りる際に入れる「担保（物的担保）」を指すほか、戦争での意図しない民間人巻き添え被害を collateral damage と呼びます。,,
4006,semantic,/sɪˈmæntɪk/,形容詞,意味論の、言葉の意味に関する,言葉そのものの定義や解釈に関する領域を指します。言葉尻だけの不毛な議論を「単なる言葉の定義の争い（semantic argument）」と皮肉ります。,,
4007,disquiet,/dɪsˈkwaɪət/,名詞、動詞,【名】不安、動揺、心配【動】不安にする、落ち着かなくさせる,静けさ（quiet）を取り去る（dis-）ことから、心の中に生じるモヤモヤとした落ち着かない不安や動揺を指します。,,
4008,hale,/heɪl/,形容詞、動詞,【形】（お年寄りが）頑健な、健やかで元気な【動】引っ張っていく,年配の人が驚くほど健康で元気な様子を hale and hearty というお決まりの決まり文句でよく表現します。,,
4009,muse,/mjuːz/,動詞、名詞,【動】物思いにふける、熟考する【名】ミューズ（芸術の女神）、ひらめきの源,解決策を求めて静かに物思いにふけること。また、芸術家にインスピレーションをくれる憧れの存在・女神を ミューズ（Muse）と呼びます。,,
4010,gloat,/ɡloʊt/,動詞、名詞,【動】（他人の不幸などを）満足げに眺める、ほくそ笑む【名】さも嬉しそうな様子,ライバルの失敗や不運を見て、「いい気味だ」と意地悪く、さも嬉しそうにほくそ笑む好ましくない態度を指します（gloat over someone's failure）。,,
4011,retaliate,/rɪˈtælieɪt/,動詞,報復する、仕返しをする,攻撃やひどい仕打ちを受けた際、同じような方法で「やり返す・報復する」行為を指します。名詞形は retaliation（報復）。,,
4012,relinquish,/rɪˈlɪŋkwɪʃ/,動詞,権利や立場などを放棄する、譲り渡す,自分が持っている権力、王位、所有権、あるいは計画などを、不本意ながら、あるいは自発的に「手放して他人に譲る」際に用いられます（relinquish power）。,,
4013,superfluous,/suːˈpɜːrfluəs/,形容詞,余分な、不必要な、過多の,必要な量を遥かに超えていて、これ以上あっても意味がなく「無駄である」状態を指します（superfluous details = 不要な詳細）。,,
4014,scoff,/skɔːf/,動詞、名詞,【動】鼻で笑う、嘲笑する、ガツガツ食べる【名】嘲笑,他人の真面目なアイデアや警告を「ばかばかしい」と軽蔑して、鼻であざ笑う態度を指します（scoff at...）。,,
4015,cringe,/krɪndʒ/,動詞、名詞,【動】身をすくめる、へつらう、恥ずかしさで悶絶する【名】身をすくめること、いたたまれなさ,恐怖で身をすくめる動作のほか、他人の非常にイタい言動を見て、こちらが恥ずかしくて「うわぁ…」といたたまれなくなる感情を表すネット流行語です。,,
4016,pissed,/pɪst/,形容詞,怒り狂った、とても腹を立てている、（英）酔っぱらった,アメリカ英語では「激怒している（pissed off）」、イギリス英語などでは「泥酔している」という意味でよく使われるカジュアルな表現です。,,
4017,inflammatory,/ɪnˈflæmətɔːri/,形容詞,怒りをあおる、炎症性の、扇動的な,人々の怒りや憎しみを意図的に燃え上がらせるような過激なスピーチのほか（inflammatory remarks）、医学用語の「炎症性の（inflammatory disease）」を意味します。,,
4018,wharf,/wɔːrf/,名詞、動詞,【名】埠頭、波止場、岸壁【動】埠頭に繋ぐ,船が接岸して、荷物の積み下ろしや乗客の乗り降りを行うための頑丈な「波止場・埠頭」を指します。,,
4019,shear,/ʃɪr/,動詞、名詞,【動】（羊の毛などを）刈る、大ハサミで切る【名】大ハサミ,羊の毛をバリカンや大ハサミでまとめて刈り取る（shear sheep）動作のほか、物理学での「せん断力・ズレ力」を指します。,,
4020,incumbent,/ɪnˈhʌmbənt/,名詞、形容詞,【名】現職者、在職者【形】現職の、義務として課せられた,選挙などで「現職の候補者（incumbent candidate）」を指すほか、It is incumbent on 人 to do で「〜することは人の義務である」という表現になります。,,
4021,wistful,/ˈwɪstfl/,形容詞,物欲しそうな、切ない、哀愁を帯びた、昔を懐かしむ,叶わない望みや、過去の失われた幸せな時間を思って、少し寂しく切ない気持ちで思いを馳せている表情や態度を表現します（wistful smile）。,,
4022,disgraceful,/dɪsˈɡreɪsfl/,形容詞,恥ずべき、見苦しい、不名誉な,常識や道徳から外れていて、社会的に非常に不名誉であり「実に恥ずかしい」行為を強く批判する際に使います（disgraceful behavior）。,,
4023,sprout,/spraʊt/,動詞、名詞,【動】芽が出る、急速に成長する【名】芽、新芽、スプラウト,植物の種から芽が出る物理的な動作のほか、髪の毛が急に生えてきたり、新しい店が街に次々と誕生する（sprout up）様子を表します。,,
4024,fraudulent,/ˈfɔːdʒələnt/,形容詞,詐欺的な、不正な、騙し取った,名詞 fraud（詐欺）の形容詞形。人を騙して金品を盗み取る意図のある、違法な行為や書類を指します（fraudulent transaction = 不正取引）。,,
4025,turnaround,/ˈtɜːrnəraʊnd/,名詞,方向転換、好転、（船などの）折り返し時間、納期,赤字から黒字への劇的な「業績回復・好転」のほか、仕事の依頼から納品までの所要時間（turnaround time）を指す際によく使われます。,,
4026,contentious,/kənˈtenʃəs/,形容詞,議論を呼ぶ、論争好きな、怒りっぽい,人々の意見が激しく対立し、物議を醸しやすいテーマを指します（contentious issue = 議論百出の課題）。,,
4027,sag,/sæɡ/,動詞、名詞,【動】たわむ、沈む、垂れ下がる、（物価が）下落する【名】たわみ、沈下,重みによって中央がぐにゃりと垂れ下がることや、年齢とともに皮膚がたるむ様子、あるいは市場の売り上げが低迷する状況を表します。,,
4028,jilt,/dʒɪlt/,動詞、名詞,【動】（恋人を）突然振る、捨てる【名】気まぐれに恋人を振る人,結婚直前や交際中に、なんの前触れもなく一方的に恋人との関係を絶って「冷酷に振る」行為を指します（be jilted at the altar = 結婚式直前に振られる）。,,
4029,entreat,/ɪnˈtriːt/,動詞,嘆願する、懇願する,他人に対して、非常に親身に、かつ必死に何かを頼み込むことを意味します（implore に近い硬い表現）。,,
4030,gastric,/ˈɡæstrɪk/,形容詞,胃の、胃に関する,医療や健康に関する用語。胃酸は gastric acid、胃潰瘍は gastric ulcer と言います。,,
4031,revoke,/rɪˈvoʊk/,動詞,取り消す、無効にする、剥奪する,ライセンス、ビザ、許可、あるいは特権などを、公式に「無効にして取り上げる」ことを指します（revoke a license = 免許取り消し）。,,
4032,coax,/koʊks/,動詞,なだめすかす、おだてて〜させる,嫌がっている子供や動物に対して、優しい言葉やご褒美をちらつかせて、機嫌を取りながら自分の望む行動を促すことです。,,
4033,illicit,/ɪˈlɪsɪt/,形容詞,不法な、禁じられた、社会道徳に反する,法律で厳しく禁止されている不法な取引や行為を指します（illicit drug trade = 違法薬物取引）。licit（合法的な）の対義語。,,
4034,briskly,/ˈbɪskli/,副詞,キビキビと、活発に、きびしく,動作に無駄がなく、スピード感を持ってキビキビと動く様子を表します（walk briskly = 早足で歩く）。,,
4035,languish,/ˈlæŋɡwɪʃ/,動詞,落ちぶれる、無視されて放置される、元気がなくなる,刑務所や貧困環境の中に、何の注目も浴びずに長いあいだ不遇な状態で「放置されて苦しむ」様子などを指します。,,
4036,avenge,/əˈvendʒ/,動詞,復讐する、仇を討つ,家族や友人が受けた不当な被害に対して、正義感や義務感に基づいて「仇を討つ」ことを指します。,,
4037,divisive,/dɪˈvaɪsɪv/,形容詞,対立を生む、分裂を招く,国民やグループの意見を真っ二つに引き裂き、激しい確執や分裂をもたらすような不和の要因を表現します（divisive issue）。,,
4038,diminutive,/dɪˈmɪnjətɪv/,形容詞、名詞,【形】極めて小さい、ちっぽけな【名】指小辞（愛称を作る語尾）,物理的なサイズが非常に小さく愛らしい様子を表します。また、文法用語では dog の指小辞 doggy のような「愛称形（diminutive）」を指します。,,
4039,beckon,/ˈbekən/,動詞、名詞,【動】手招きする、誘う【名】手招き,手をひらひらと動かして「こちらに来い」と人を招く動作のほか、明るい未来やチャンスが手招きして「誘っている」状況にも使われます。,,
4040,elude,/ɪˈluːd/,動詞,逃れる、かわす、理解をすり抜ける,警察の追跡をすり抜けて逃げることや、どうしてもアイデアや成功が「自分の手からすり抜けて掴めない」という際にも使われます（elude capture = 逮捕を免れる）。,,
4041,espouse,/ɪˈspaʊz/,動詞,支持する、信奉する、結婚する,政治的な信念、学説、あるいは特定の運動・理念を「自らの立場として公式に強く支持する」ことを意味します（espouse a cause）。,,
4042,imminent,/ˈɪmɪnənt/,形容詞,切迫した、今にも起こりそうな,嵐や戦争、災害などの大きな出来事が、まさに「一触即発・今すぐ発生しそうな」危険な状況を指します（imminent danger）。,,
4043,quash,/kwɑːʃ/,動詞,鎮圧する、無効にする、踏みつぶす,反乱や暴動を力ずくで「鎮圧する」こと、また裁判所が下位の判決や告発を「却下して無効にする」ことを指します。,,
4044,peddle,/ˈpedl/,動詞,行商する、売り歩く、うわさを広める,商品や特定のアイデア（ときには噂など）を、あちこち動き回って「売り歩く」ことを指します。,,
4045,relegate,/ˈrelɪɡeɪt/,動詞,降格させる、格下げする、退ける,サッカーなどのリーグ戦で下位のディビジョンに「降格される」ことや、重要でないポジションに「格下げする」行為を指します。,,
4046,warden,/ˈwɔːrdn/,名詞,刑務所長、管理人、監視員,刑務所の最高責任者（prison warden）や、公園、あるいは大学の寮の「管理人・監視員」を指します。,,
4047,mediocre,/ˌmiːdiˈoʊkər/,形容詞,平凡な、良くも悪くもない、二流の,特筆すべき優れた点や個性が全くなく、ごく並みか、期待を下回る「あまりパッとしない」レベルであることを少し冷ややかに表現する言葉です。,,
4048,derail,/dɪˈreɪl/,動詞、名詞,【動】脱線する、脱線させる、（計画などを）台無しにする【名】脱線,電車が線路から外れる「脱線」の意味から転じて、進めていた会議やプロジェクトを「中断させてぶち壊す」ことを指します。,,
4049,inflame,/ɪnˈfleɪm/,動詞,怒りをあおる、赤く腫れあがらせる、炎症を起こす,怒り、恐怖、情熱などの感情を「激しく刺激して燃え上がらせる」こと、また傷口などを細菌感染などで「炎症させる」ことを意味します。,,
4050,urine,/ˈjʊrɪn/,名詞,尿、おしっこ,体外に排出される老廃物としての「尿」を指すフォーマルな医学表現です（カジュアルには pee）。,,
4051,watershed,/ˈwɔːtərʃed/,名詞,分水嶺、分岐点、重要な画期となる出来事,川の流れを分ける境界山脈（分水嶺）の意味から、歴史や科学分野における重大な「転換期・大きな節目」を比喩的に指します（watershed moment）。,,
4052,intermediary,/ˌɪntərˈmiːdieri/,名詞、形容詞,【名】仲介者、橋渡し、中間物【形】仲介の、中間の,対立しあう二者の間に入って、情報や交渉を仲立ちする専門の「コーディネーター、代理人」を指します。,,
4053,wary,/ˈweri/,形容詞,用心深い、慎重な、警戒している,騙されたりケガをしたりしないように、相手や状況を疑い深く観察して「警戒している」状態を指します（be wary of strangers）。,,
4054,vigorously,/ˈvɪɡərəsli/,副詞,精力的に、活発に、力強く,強い力やエネルギー、信念を持って元気いっぱいに活動する様子を表します（shake vigorously = 激しく振る）。,,
4055,tint,/tɪnt/,名詞、動詞,【名】色合い、薄い色、淡い色彩【動】淡い色を付ける、染める,はっきりした濃い色ではなく、元の色をベースにわずかに混ぜ合わされた淡い色彩（a tint of green = わずかに緑がかった色）を指します。,,
4056,nudge,/nʌdʒ/,動詞、名詞,【動】肘で軽く突く、そっと促す【名】肘での軽い突き、そっと促すこと,注意を引くために肘でツンと軽く叩く動作のほか、行動経済学ではそっと選択を良い方向に促すことを「ナッジ（nudge）」と呼びます。,,
4057,quarrelsome,/ˈkwɔːrəlsəm/,形容詞,喧嘩早い、論争好きな,些細なことで他人に腹を立て、すぐに言い合いや口論（quarrel）を始めようとする面倒な性格を指します。,,
4058,creepy,/ˈkriːpi/,形容詞,気味が悪い、不気味な、身の毛のよだつ,虫が這い回るようなゾワゾワした不快感を与える場所や、生理的な不気味さを感じさせる人物を表現するカジュアルな語です（creepy guy）。,,
4059,fragmentary,/ˈfræɡmənteri/,形容詞,断片的な、断切れの,全体像がわからず、細切れになった情報や記憶の一部だけが残っている様子を指します（fragmentary evidence = 断片的な証拠）。,,
4060,sorely,/ˈsɔːrli/,副詞,痛切に、ひどく、どうしても,「ひどく痛んでいる」という意味から転じて、強い不足感や要望があることを強調するのに使われます（sorely missed = 非常に惜しまれる）。,,
4061,vocational,/voʊˈkeɪʃənl/,形容詞,職業の、職業訓練の,実務に直結する専門技術を学ぶ「職業学校（vocational school）」や、キャリアのための技能訓練を指す形容詞です。,,
4062,eschew,/ɪsˈtʃuː/,動詞,避ける、控える、慎む,道徳的な理由や信念、あるいは健康のために、特定の習慣（お酒、肉、暴力など）をあえて「遠ざけて行わない」ことを指す硬い言葉です。,,
4063,usher,/ˈʌʃər/,名詞、動詞,【名】案内係【動】案内する、（新時代を）先導して迎える,映画館や結婚式場などの座席「案内係」を指すほか、usher in... で「新しい時代の幕開けを先導して迎え入れる」という比喩で使われます。,,
4064,scattered,/ˈskætərd/,形容詞,散らばった、散乱した、まばらな,動詞 scatter（散らす）の過去分詞形容詞。広い範囲にバラバラと配置・散乱している状態を指します（scattered showers = 所により一時雨）。,,
4065,jumble,/ˈdʒʌmbl/,名詞、動詞,【名】ごちゃ混ぜ、混乱した集まり【動】ごちゃ混ぜにする,整理整頓されておらず、色々なものが乱雑にひとまとめに突っ込まれている状況を指します。,,
4066,crackdown,/ˈkrækdaʊn/,名詞,厳重な取り締まり、徹底した弾圧,警察や政府などが、違法駐車や薬物取引などの違法行為、あるいは反政府デモなどを一気に「厳しく取り締まる」ことを指します（crackdown on crime）。,,
4067,malaise,/mæˈleɪz/,名詞,不快感、不満、なんとなく漂う不安、倦怠感,特定の原因がはっきりしないものの、社会や体調にどことなく漂っているどんよりとした「重い不安・不調」を指します。,,
4068,bigotry,/ˈbɪɡətri/,名詞,偏屈、頑固な偏見、偏見による差別,他人の人種、宗教、あるいは性的指向を頑なに受け入れず、自分と異なる人々を不当に敵視・差別する強烈な偏見を指します。,,
4069,fanatic,/fəˈnætɪk/,名詞、形容詞,【名】狂信者、熱狂的なファン【形】熱狂的な、狂信的な,宗教や思想、あるいはアイドルなどに対して、理性を失うほど異常にのめり込んでいる「狂信的な」人を指します。,,
4070,stash,/stæʃ/,動詞、名詞,【動】（こっそり）隠す、ため込む【名】隠し場所、隠した物,他人に見つかりたくないお金や貴重品、または違法薬物などを安全な場所に「こっそり隠して保管する」ことを指します。,,
4071,reconnaissance,/rɪˈkɑːnəsəns/,名詞,偵察、下調べ、偵察隊,軍事用語で敵の配置や陣形を探る「偵察」を指すほか、ビジネスでの事前の周辺マーケット下調べにも使われます。,,
4072,proclamation,/ˌprɑːkləˈmeɪʃn/,名詞,宣言、声明、布告,大統領や国家の指導者が、重要な決定や建国記念などを広く公式に告知する行為を指します（Emancipation Proclamation = 奴隷解放宣言）。,,
4073,inhibitor,/ɪnˈhɪbɪtər/,名詞,阻害物質、抑制剤,化学反応やウイルスの増殖などを、邪魔してストップさせる「抑制物質」のこと。医療分野などで頻出します。,,
4074,rancor,/ˈræŋkər/,名詞,強い恨み、深い怨恨、憎しみ,過去のいざこざや不当な扱いをいつまでも根に持ち、心の中にずっと残っている強い憎しみを指す硬い言葉です。,,
4075,transcribe,/trænˈskraɪb/,動詞,記録を書き写す、文字に起こす、翻訳する,インタビューの録音を聞きながらテキストをタイピングして「文字に起こす（transcribe speech）」行為などに使われます。,,
4076,rift,/rɪft/,名詞、動詞,【名】裂け目、割れ目、仲たがい【動】裂く、割れる,岩石の割れ目の意味のほか、親しかった友人関係や政党間に生じる「亀裂、決定的な不和」の比喩としてよく使われます。,,
4077,chant,/tʃænt/,名詞、動詞,【名】唱え言葉、歌、チャント【動】繰り返し唱える、シュプレヒコールを上げる,デモ活動でスローガンを何度も大声で唱和する行為や、サポーターが競技場で一体となって応援歌（チャント）を歌うことを指します。,,
4078,edifice,/ˈedɪfɪs/,名詞,堂々たる大建造物、体系、組織,宮殿や大聖堂のような、物理的に非常に大きくて荘厳な建築物を指すほか、社会的な大制度や思想の「体系」を表現する際にも使われます。,,
4079,rectitude,/ˈrektɪtuːd/,名詞,正直さ、高潔、品行方正、正しさ,道徳的なブレがなく、常に正しいルールや正直さに従って高潔に振る舞う態度を指す格調高い言葉です。,,
4080,puddle,/ˈpʌdl/,名詞、動詞,【名】（雨上がりの）水たまり【動】どろをこねる、水たまりをつくる,雨が降った後に道路の凹みにできる、子供が飛び込んで遊ぶような「小さな水たまり」を指します（muddy puddle = 泥の水たまり）。,,
4081,flurry,/ˈflɜːri/,名詞、動詞,【名】突風、にわか雪、にわかの慌ただしさ、一時的な混乱【動】うろたえさせる,パラパラと舞い散るにわか雪（snow flurry）のほか、急に複数の問い合わせや注文が殺到する「一時的な忙しさ・ラッシュ」を指します。,,
4082,quartet,/kwɔːrˈtet/,名詞,4人組、4重奏、カルテット,音楽の4重奏（弦楽四重奏など）を指すほか、特定の4人からなる重要なチームやグループを意味します。,,
4083,prelude,/ˈpreljuːd/,名詞、動詞,【名】前奏曲、プレリュード、前触れ、序曲【動】前奏曲とする,音楽のイントロ（前奏曲）の意味のほか、より大きな事件や展開が起きる前の「前触れ、プロローグ」の意味で使われます。,,
4084,penchant,/ˈpentʃənt/,名詞,（～に対する）強い傾向、好み、偏愛,趣味や食べ物、行動様式に対して、特にそれを強く愛好している様子を表現します（have a penchant for spicy food）。,,
4085,skew,/skjuː/,動詞、名詞、形容詞,【動】斜めにする、歪める、偏らせる【名】傾斜、ゆがみ【形】斜めの,データを意図的に操作して「偏らせる・歪める」行為や（skew the results = 結果を歪める）、図形が斜めに歪んでいる状態を指します。,,
4086,ensemble,/ɑːnˈsɑːmbl/,名詞,合奏、合唱、アンサンブル、一揃いの衣装,複数の演奏者が一緒に奏でる「合奏団・重奏」のほか、上下がコーディネートされた「一揃いの洋服」を指すフランス語由来の単語です。,,
4087,rout,/raʊt/,名詞、動詞,【名】完敗、大敗【動】完敗させる、敗走させる,競争相手や敵軍を木っ端微塵に打ち負かし、パニックを起こして逃げ惑うほどの「完敗」に追い込むことを意味します。,,
4088,resurrection,/ˌrezəˈrekʃn/,名詞,復活、蘇生、再興,キリストの復活（The Resurrection）などの宗教的概念のほか、廃止された習慣や制度が「再び蘇ること」を指します。動詞は resurrect。,,
4089,frost,/frɔːst/,名詞、動詞,【名】霜、結氷【動】霜で覆う、ケーキに糖衣をかける,冬の寒い朝に草木や窓ガラスに付着する「霜」を指します。お菓子のケーキにデコレーションのクリームを塗ることも frosting/frost と呼びます。,,
4090,locus,/ˈloʊkəs/,名詞,場所、位置、軌跡、遺伝子座,ある出来事が集中する「中心的な場所（locus of control）」のほか、数学での「軌跡」、生物学での「遺伝子座（遺伝子の位置）」を指す学術用語です。,,
4091,fatality,/feɪˈtæləti/,名詞,死亡、死亡者、宿命、致命性,災害、交通事故、あるいは戦争などによって生じた「死者数」を指す際によく使われる言葉です（casualty と同様に、複数形 fatalities が頻出します）。,,
4092,pathology,/pəˈθɑːlədʒi/,名詞,病理学、病理、病変,病気の原因や組織の変化を顕微鏡などで分析して解明する学問「病理学」を指し、病院の診断部門でも重要な用語です。,,
4093,whirl,/wɜːrl/,動詞、名詞,【動】ぐるぐる回る、回転させる、めまいがする【名】回転、渦、混乱、試しにやってみること,風や水が渦を巻いてぐるぐる回る様子を指すほか、give it a whirl というイディオムで「試しに一回やってみる、挑戦してみる」という意味になります。,,
4094,evasion,/ɪˈveɪʒn/,名詞,回避、言い逃れ、脱税,税金をごまかして逃れる「脱税」を tax evasion、質問をはぐらかす「言い逃れ」を evasion と呼びます。,,
4095,marrow,/ˈmæroʊ/,名詞,骨髄、髄、ズッキーニ（英）,骨の内部にある「骨髄（bone marrow）」を指すほか、イギリス英語では大きなズッキーニに似たウリ科の野菜を指します。,,
4096,hiatus,/haɪˈeɪtəs/,名詞,（活動の）中断、隙間、ブランク,バンドの活動休止（go on hiatus）や、ドラマのシーズン間の放送休止期間などを指す際によく使われます。,,
4097,convergence,/kənˈvɜːrdʒəns/,名詞,収束、収斂、合流、統合,別々だった技術、産業、あるいは意見が1つの方向にまとまり合流すること（digital convergence = デジタル技術の統合）。,,
4098,rebuff,/rɪˈbʌf/,名詞、動詞,【名】（好意的な提案などの）冷たい拒絶【動】拒絶する、はねつける,相手の親切な申し出や援助の提案、あるいは恋愛のアプローチをにべもなく「冷たく拒絶する」ことを意味します。,,
4099,coffer,/ˈkɔːfər/,名詞、動詞,【名】（政府などの）金庫、資金【動】金庫に保管する,複数形の coffers で、政府や組織、大企業などの「財源、金庫（特に公的資金）」を指すことが多く、財政難などで頻出します。,,
4100,cohort,/ˈkoʊhɔːrt/,名詞,集団、コホート（統計での同一世代集団）、（悪だくみの）仲間、相棒,統計分析での「同一の属性や年代を持つ集団（birth cohort = 誕生年集団）」を指すほか、口語では特定の目的を共にする「仲間」も意味します。,,
4101,retaliation,/rɪˌtæliˈeɪʃn/,名詞,報復、仕返し,敵からの攻撃やひどい仕打ちに対するやり返しを指す、動詞 retaliate の名詞形です（fear of retaliation = 報復への恐れ）。,,
4102,hyperbole,/haɪˈpɜːrbəli/,名詞,誇張（法）、大げさな表現,事実を極端に大げさに表現する修辞技法を指します。アクセントが最初のeではなくeの前にあり、発音が難しい単語です。,,
4103,bower,/ˈbaʊər/,名詞、動詞,【名】（木陰の）あずまや、木陰、寝室【動】木陰で囲む,庭園などでツタや木々が生い茂ってできた「木陰のベンチ・あずまや」を指す少し詩的で古い表現です。,,
4104,pilgrimage,/ˈpɪlɡrɪmɪdʒ/,名詞、動詞,【名】巡礼、聖地巡拝【動】巡礼する,宗教的な聖地を訪ねる旅（四国お遍路やメッカ巡礼など）を指すほか、現代ではアニメの「聖地巡礼」などにも使われます。,,
4105,outskirt,/ˈaʊtskɜːrt/,名詞,郊外、町外れ、外縁,通常は複数形の outskirts で用いられ、都市の境界付近にあたる「町外れ・郊外」エリアを指します。,,
4106,wince,/wɪns/,動詞、名詞,【動】（痛みや恥ずかしさで）顔をしかめる、身を縮める【名】顔をしかめること,急な痛みを感じた時や、恥ずかしい過去の記憶を思い出した時に、思わず顔を「クッとしかめる」動作を指します。,,
4107,crate,/kreɪt/,名詞、動詞,【名】（木製などの）大型梱包箱、クレート【動】箱に詰める,ビール瓶や果物を運ぶための、格子状になった頑丈なプラスチックや木製の「輸送用箱・ケース」を指します。,,
4108,neutron,/ˈnuːtrɑːn/,名詞,中性子,原子の中心にある原子核を構成する粒子のうち、電気的に中性な（電荷を持たない）ものを指す物理用語です。,,
4109,testimonial,/ˌtestɪˈmoʊniəl/,名詞、形容詞,【名】（顧客の）推薦の声、証明書、感謝状【形】記念の、感謝を表す,広告などでよく使われる、実際に商品を使った「愛用者の推薦の言葉・お客様の声」を指すビジネス用語です。,,
4110,gala,/ˈgaye-lə/ -> /ˈɡeɪlə/,名詞、形容詞,【名】お祭り、特別公演、ガラ、祝祭【形】お祭りの、華やかな,非常に華やかで豪華なパーティーや特別な発表会（Met Galaなど）、スポーツの特別エキシビションを指します。,,
4111,clump,/klʌmp/,名詞、動詞,【名】（草木の）茂み、塊、ドサッという足音【動】群生する、塊にする、重い足取りで歩く,木や草が一箇所にまとまって生えている「茂み」のほか、泥などの固まった「土の塊」、さらにドスドスと重い足音を立てて歩く動作を表します。,,
4112,perimeter,/pəˈrɪmɪtər/,名詞,周囲、周辺、周囲の長さ,敷地、建物、あるいは軍事基地の「境界線・外周フェンス」を指し、セキュリティ対策の文脈でよく登場します。,,
4113,repository,/rɪˈpɑːzətɔːri/,名詞,保存容器、貯蔵庫、宝庫、リポジトリ,知識、情報、あるいは歴史的遺物を厳重に保管する場所を指し、IT分野ではデータやファイルを保管するサーバー「リポジトリ」としてお馴染みです。,,
4114,buffer,/ˈbʌfər/,名詞、動詞,【名】緩衝材、バッファ、一時記憶領域【動】バッファに蓄える、和らげる,衝撃を和らげる「緩衝材」のほか、スケジュールや予算に持たせる「精神的・時間的な余裕」や、ネット動画の読み込み待ち（buffering）を指します。,,
4115,courtship,/ˈcɔːrtʃɪp/,名詞,求愛、求婚期間、交際,交際に至るまでの男女、あるいは野生動物のオスがメスに対して行う「求愛行動・アピール期間」を意味します。,,
4116,shackle,/ˈʃækl/,名詞、動詞,【名】手枷、足枷、足金、束縛【動】拘束する、自由を奪う,囚人の手首や足首を繋ぐ「鉄製の枷（かせ）」のほか、自由な行動や創造力を妨げる「抑圧・束縛（shackles of tradition）」を指します。,,
4117,prank,/præŋk/,名詞、動詞,【名】いたずら、いたずら行為【動】いたずらする、飾る,悪意はなく、からかい目的で行われるちょっとした「悪ふざけ・ドッキリいたずら」を指します。度を超したものは嫌われます。,,
4118,antipathy,/ænˈtɪpəθi/,名詞,強い反感、嫌悪、反発,特定の習慣、人物、あるいは考え方に対して抱く、本能的で激しい生理的な「嫌悪感・反発心」を表す硬い言葉です。,,
4119,configure,/kənˈfɪɡjər/,動詞,構成する、設定する、配置する,コンピュータのシステムやソフトウェアなどを、目的に合わせて適切にセットアップ・設定する（configuration）意味でよく使われます。,,
4120,libel,/ˈlaɪbl/,名詞、動詞,【名】（文書による）名誉毀損、中傷文【動】中傷する,口頭での誹謗中傷（slander）とは区別され、新聞、書籍、SNSなどの「文字や印刷物による名誉毀損」を指す法的表現です。,,
4121,enactment,/ɪnˈæktmənt/,名詞,（法律の）制定、法律、法令、演出,議会で法案が可決されて正式に「法律として制定されること」、またはその成立した法律を指します。,,
4122,accreditation,/əˌkredɪˈteɪʃn/,名詞,（機関などの）公認、認定、認証、代表派遣,大学や病院などの教育・医療機関が、公的な第三者機関から品質・資格基準をクリアしていると「公式に認定・認証を受ける」ことです。,,
4123,invader,/ɪnˈveɪdər/,名詞,侵略者、侵入者、他国の侵攻軍,武力によって他国に侵入して領土を奪おうとする「侵略軍」のほか、生態系を乱す「外来種（invasive species）」に関連して使われます。,,
4124,caliber,/ˈkælɪbər/,名詞,口径、（人物などの）力量、優秀さ、品質,銃の弾丸や筒の「口径」のほか、人物の能力や組織の品質がどれほど優れているかという「水準・格（a man of high caliber）」を意味します。,,
4125,lighthouse,/ˈlaɪthaʊs/,名詞,灯台,暗い夜の海を航行する船に光を送り、座礁を防いだり航路をガイドしたりする海辺の「灯台」を指します。,,
4126,connoisseur,/ˌkɑːnəˈsɜːr/,名詞,玄人、目利き、鑑定家、（芸術・ワインなどの）第一人者,美術品、美術、ワイン、料理などの高い文化的・芸術的価値を正しく判断できる「審美眼を持った専門家、目利き」を指すフランス語由来の単語です。,,
4127,masculinity,/ˌmæskjəˈlɪnəti/,名詞,男らしさ、男気、男子的特質,一般に男性に期待される肉体的な「男らしさ、男性性」を指します。女性らしさは femininity。,,
4128,glee,/ɡliː/,名詞,歓喜、大喜び、勝ち誇った気分、グリー（男声合唱の一種）,成功やライバルの失脚などを見て、心から湧き上がるような「大喜び、満足感」を表現する少しカジュアルな言葉です（gleeful = 大喜びの）。,,
4129,pseudonym,/ˈsuːdənɪm/,名詞,ペンネーム、仮名、雅号、偽名,作家が本名を隠して活動するために用いる「筆名・ペンネーム（pen name）」や、仮の名前全般を指すフォーマルな表現です。,,
4130,bane,/beɪn/,名詞,破滅の元、悩みの種、猛毒,自らの人生や仕事、あるいは生活において、最大の障害やストレスの原因となる存在を指します（the bane of my existence = 私の悩みの種）。,,
4131,goad,/ɡoʊd/,動詞、名詞,【動】（牛などを）追い立てる、そそそそのかす、刺激する【名】（追い立て用の）突き棒、刺激,もともとは牛を動かすための尖った棒（goad）で、そこから「人を怒らせたり刺激したりして、無理やり行動を起こさせる」ことを意味します（goad someone into doing）。,,
4132,abbey,/ˈæbi/,名詞,大修道院、修道院の建物,伝統的なキリスト教カトリックの男女の修道院を指し、イギリスの有名な「ウェストミンスター寺院（Westminster Abbey）」にもこの語が入っています。,,
4133,wobble,/ˈwɑːbl/,動詞、名詞,【動】グラグラ揺れる、ぐらつく【名】ぐらつき、迷い,土台の悪いテーブルがグラグラすることや、自転車で不安定に走る動作、あるいは決意がフラフラと揺らぐ様子を指します（wobbly table）。,,
4134,opus,/ˈoʊpəs/,名詞,作品、著作、音楽作品（作品番号）,音楽や文学の作品全般を指し、特にその作家の最高傑作を「マグヌム・オプス（magnum opus）」と呼びます。クラシック音楽での作品番号「Op.」はこれの略です。,,
4135,quip,/kwɪp/,名詞、動詞,【名】気の利いた発言、皮肉、ユーモア【動】気の利いた皮肉を言う,その場でパッと発せられる、気の利いたユーモア交じりの「鋭いコメント・冗談」を指します。,,
4136,swoon,/swuːn/,動詞、名詞,【動】気絶する、うっとりする【名】失神、うっとりすること,暑さやショックで失神することのほか、憧れのスターや素敵な体験に対して「うっとりして胸がキュンとする」様子を表現します（swoon over a pop star）。,,
4137,hub,/hʌb/,名詞,中枢、中心、ハブ（自転車やネットワークの接続ハブ）,ホイールの中心部を指すほか、交通やネットワークの「中心拠点（hub airport）」や、特定の活動が最も盛んな中心地を意味します（financial hub）。,,
4138,plume,/pluːm/,名詞、動詞,【名】（煙や火山灰の）立ち上る煙、大きな羽飾り、羽毛【動】羽飾りで飾る、羽づくろいする,火事の煙突からモクモクと立ち上る長い煙の筋（plume of smoke）のほか、古い帽子の豪華なダチョウなどの「羽飾り」を指します。,,
4139,feud,/fjuːd/,名詞、動詞,【名】（長年にわたる）確執、一族間の血闘【動】確執を起こす、争う,単なる一時的な喧嘩ではなく、何年、あるいは何世代にもわたって特定の二者や家族・組織間で繰り広げられる「深刻な対立・泥沼の争い（family feud）」を意味します。,,
4140,cornerstone,/ˈcɔːrnərstoʊn/ -> /ˈkɔːrnərstoʊn/,名詞,礎石、定礎、最も重要な基礎,建物の隅に最初に置かれる重要な石「礎石（定礎）」の意味から、制度や組織、学問などの「最重要の基礎・柱」の比喩として頻出します（cornerstone of democracy）。,,
4141,petal,/ˈpetl/,名詞,花びら,花（flower）の個々の花弁を指します（rose petals = バラの花びら）。,,
4142,screech,/skriːtʃ/,動詞、名詞,【動】（金属音のような）鋭い悲鳴を上げる【名】鋭い悲鳴、キキーッという音,急ブレーキをかけた時にタイヤが路面とこすれる不快な金属音（screech of brakes）や、恐怖で出すキーキーした金切り声を指します。,,
4143,consolation,/ˌkɑːnsəˈleɪʃn/,名詞,慰め、慰めとなる人（物）,動詞 console（慰める）の名詞形。失意の底にある人にとっての救いや慰め。敗者復活戦や残念賞を consolation prize と言います。,,
4144,twitch,/twɪtʃ/,動詞、名詞,【動】ピクピク動く、引きつる、クッと引っ張る【名】ピクピクすること、痙攣,疲労やストレスでまぶたなどが「ピクピクと引きつる」動作や、ロープなどをクッと急に引っ張る動作を指します。,,
4145,affirmation,/ˌæfərˈmeɪʃn/,名詞,肯定、断言、確認、肯定的な自己暗示,動詞 affirm の名詞形。「その通りだ」と強く認め肯定することのほか、近年は自分を肯定する前向きな呪文「アファメーション」としても有名です。,,
4146,ramification,/ˌræmɪfɪˈkeɪʃn/,名詞,（複雑に派生する）影響、結果、枝分かれ、分岐,ある決定や出来事が、のちに四方に枝分かれするようにして引き起こす、予期せぬ複雑な「影響・波及効果」を指す際によく使われる高度な単語です。,,
4147,entrepreneurship,/ˌɑːntrəprəˈnɜːrʃɪp/,名詞,起業家精神、企業家精神,新しいビジネスや価値を創造するために、リスクを恐れずに挑戦する「起業家（entrepreneur）」としての情熱やマインドセットのことです。,,
4148,entourage,/ˌɑːntuˈrɑːʒ/,名詞,（VIPの）随行員、取り巻き、付き添い,セレブや有力政治家、大物アーティストが移動する際に同行する、専属ボディーガード、アシスタント、スタイリストなどの「同行チーム・取り巻き」のことです。,,
4149,heresy,/ˈherəsi/,名詞,異端、異端の教え、邪説,特定の宗教（キリスト教カトリックなど）の公式な教義から逸脱した解釈。現代では、特定のコミュニティの常識・定説に反する「異端な考え」も指します。,,
4150,precursor,/priːˈkɜːrsər/,名詞,先駆者、前兆、先触れ、前駆体（化学）,後の時代に現れる大きな変化や製品、アイデアの「先駆けとなった存在」を指すほか、特定の化学物質を作る前段階の「前駆物質」を指します。,,
4151,maverick,/ˈmævərɪk/,名詞、形容詞,【名】一匹狼、異端児、所有者表示のない牛【形】独立独歩の、型破りな,組織のルールに縛られず、自分の信念に従って型破りに行動する「一匹狼」のような強い個性を持った人物を指します。映画『トップガン』でも有名です。,,
4152,misgiving,/ˌmɪsˈɡɪvɪŋ/,名詞,疑念、不安、予感,特定の計画や決定に対して、何となく心の中で「本当にこれで大丈夫だろうか」と感じるモヤモヤした疑いや懸念を指します（have misgivings about...）。,,
4153,nausea,/ˈnɔːziə/,名詞,吐き気、悪心、むかつき,車酔いや食べ過ぎによって生じる、胃がムカムカする「吐き気・気分の悪さ」を意味する医学用語です。,,
4154,overture,/ˈoʊvərtʃʊr/,名詞,序曲、前奏曲、事前交渉、申し入れ,オペラや劇の最初に演奏される「序曲」の意味のほか、ビジネスや外交で本格的な交渉に入る前に送られる「打診、アプローチ・申し入れ（make overtures）」の意味もあります。,,
4155,abdomen,/ˈæbdəmən/,名詞,腹部、お腹、腹,胸部と骨盤の間のエリアを指す、医学的・生物学的な呼称です（日常的には stomach や belly）。昆虫の「腹部」も意味します。,,
4156,anemia,/əˈniːmiə/,名詞,貧血（症）,血液中の赤血球やヘモグロビンが不足し、立ちくらみや息切れが生じる「貧血」を指す医学用語です。,,
4157,contrition,/kənˈtrɪʃn/,名詞,悔恨、深い後悔、痛悔,犯してしまった過ちや罪に対して、自分の心から「本当に悪いことをした」と深く反省し、悔い改める神聖・道徳的な反省心を指します。,,
4158,specter,/ˈspecter/ -> /ˈspektər/,名詞,亡霊、妖怪、不穏な前兆、恐怖,暗闇に現れる恐ろしい「幽霊、亡霊」を指すほか、社会を脅かす抽象的な恐怖の比喩にも使われます（specter of war = 戦争の足音）。,,
4159,ferocity,/fəˈrɑːsəti/,名詞,凶暴さ、残忍さ、猛烈さ,野生動物などの恐ろしい狂暴さ、あるいは嵐や戦争のすさまじい「激しさ・猛烈さ」を指す、形容詞 ferocious の名詞形です。,,
4160,stitch,/stɪtʃ/,名詞、動詞,【名】（一針の）縫い目、ステッチ、わき腹の痛み【動】縫い合わせる,裁縫の1つの縫い目のほか、ケガの傷口を縫う医療用の針数を指し（get 5 stitches）、走った時に生じる「わき腹のツーンとした痛み（have a stitch）」も意味します。,,
4161,rigor,/ˈrɪɡər/,名詞,厳しさ、過酷さ、厳密さ、悪寒,規律やチェックの徹底した「厳しさ」や、厳しい冬の「過酷さ（rigors of winter）」のほか、医学用語として高熱の前に生じる「全身の激しい震え（悪寒）」を指します。,,
4162,tad,/tæd/,副詞、名詞,【副】（a tad で）少し、わずかに【名】少量、小さな男の子,日常会話で「ほんの少し、ちょっぴり」と言いたいときに a tad という形で形容詞の前に置いて使われるカジュアルな表現です（a tad expensive = 少し高い）。,,
4163,gall,/ɡɔːl/,名詞、動詞,【名】ずうずうしさ、厚かましさ、胆汁、苦痛【動】激怒させる、擦りむく,信じられないほどの失礼極まる「ずうずうしさ、厚かましさ」を指し、have the gall to do で「よくもまあ、そんな厚かましいことを…」と非難します。,,
4164,caveat,/ˈkæviɑːt/,名詞、動詞,【名】警告、注意事項、ただし書き【動】警告する,「～という注意点・ただし書きがある」という、取引や議論を成立させる前提としての「前提的な警告・留保」を指す重要なラテン語由来の単語です。,,
4165,fang,/fæŋ/,名詞、動詞,【名】（犬・ヘビなどの）鋭い犬歯、牙、毒牙【動】牙で刺す,肉食動物（犬、オオカミ）や、ドラキュラ、さらには毒蛇の注入用の「牙（きば）」を指します。,,
4166,mason,/ˈmeɪsn/,名詞、動詞,【名】石工、石屋、メイソン（フリーメイソン）【動】石で築く,石やレンガを使って建物を建てる職人「石工（いしく）」を指します。また、秘密結社フリーメイソンの会員の略称でもあります。,,
4167,sheen,/ʃiːn/,名詞、形容詞、動詞,【名】（磨き抜かれた表面の）美しいツヤ、光沢【形】美しい【動】光る,シルク、真珠、あるいは手入れの行き届いた髪の毛が、光を浴びてしっとりと柔らかく反射する「美しいツヤ、光沢」を指します。,,
4168,succumb,/səkˈkʌm/,動詞,屈する、負ける、倒れる、死ぬ,誘惑、圧力、あるいは病気に打ち勝てず、最終的に力尽きて「屈する・倒れる」ことを意味します（succumb to temptation / succumb to illness）。,,
4169,archipelago,/ˌɑːrkɪˈpeləɡoʊ/,名詞,列島、諸島、多島海,日本（Japanese archipelago）のように、海に多くの島々が連なって位置している島国やエリアの地形を指す専門的な用語です。,,
4170,trudge,/trʌdʒ/,動詞、名詞,【動】（トボトボ・ズリズリと）重い足取りで歩く、骨折って歩く【名】重い足取りでの歩行,疲労、雪道、あるいは重い荷物のせいで、足を一歩一歩重そうに引きずるようにして「トボトボと歩く」動作を表します（trudge through the snow）。,,
4171,incompetence,/ɪnˈkɑːmpɪtəns/,名詞,無能、適性の欠如、無資格,特定の任務や仕事を遂行するための能力や資質が、致命的に「欠けていること、力量不足」を指す強い非難の言葉です。,,
4172,broom,/bruːm/,名詞、動詞,【名】ほうき【動】ほうきで掃く,床を掃くための「ほうき」を指します。魔女が空を飛ぶ時に乗るお馴染みの掃除道具です。,,
4173,porcelain,/ˈpɔːrsəlɪn/,名詞、形容詞,【名】磁器、磁器製品【形】磁器製の、透き通るような,陶磁器の中でも、高温で焼き上げられて白く滑らかで光をわずかに通す高級な「磁器」を指します。美肌の表現としても使われます（porcelain skin）。,,
4174,torso,/ˈtɔːrsoʊ/,名詞,胴、胴体（頭部と手足を除いた部分）、トルソー（マネキンの一種）,人体の頭と手足を除いた「体幹・胴体」の部分を指します。洋服をディスプレイする頭や足のないマネキン（トルソー）の語源です。,,
4175,repercussion,/ˌriːpərˈkʌʃn/,名詞,（良くない）反響、好ましくない波及効果、跳ね返り,ある重大な決定や不祥事が、のちに引き起こす、ドミノ倒しのような「好ましくない悪影響・深刻な波及効果」を指す際によく使われる言葉です。,,
4176,slouch,/slaʊtʃ/,動詞、名詞,【動】（猫背で）だらしなく座る、うつむき加減で歩く【名】猫背、前かがみの姿勢、怠け者,背中を丸めてだらしなくソファーにへたり込む動作や、肩を落として「猫背・前かがみの姿勢」になっている様子を指します（Don't slouch = シャキッとしなさい）。,,
4177,milieu,/miːlˈjɜː/,名詞,（社会・文化的な）環境、周囲の状況、背景,単なる自然環境（environment）とは異なり、人が育ったり活動したりする「文化的・社会的な環境や背景」を指すフランス語由来の高度な言葉です。,,
4178,communique,/kəˈmjuːnɪkeɪ/,名詞,公式声明、共同声明、コミュニケ,国際会議の終了後などに、各国政府が合意した内容を外部に公式発表する「共同声明・コミュニケ」を意味します。,,
4179,homage,/ˈhɑːmɪdʒ/,名詞,敬意、臣従の誓い、オマージュ,映画や小説などで、偉大な過去作をリスペクトして似た演出を取り入れることを「オマージュ（pay homage to...）」と呼びます。,,
4180,hump,/hʌmp/,名詞、動詞,【名】（ラクダの）コブ、丸い突起、背を丸めること【動】背を丸める、背負って運ぶ,ラクダの背中にある特徴的な「コブ」のほか、道路に設置された減速用のなだらかな突起（speed hump）を指します。,,
4181,efficacy,/ˈefɪkəsi/,名詞,効力、有効性、効能,開発された医薬品やワクチン、治療法が、期待通りにピタリと病기에効果を発揮する「有効性（vaccine efficacy）」を指す学術用語です。,,
4182,ballpark,/ˈbɔːlpɑːrk/,名詞、形容詞,【名】野球場【形】（数値などが）およその、大体の,野球場のほか、ビジネスでは ballpark figure と言うと、正確ではないが当たらずとも遠からずの「大体の概算値、目安金額」を意味します。,,
4183,plaza,/ˈplæzə/,名詞,広場、プラザ、ショッピングセンター、料金所,都市の中心部にある人々が集まる屋外の「広場」を指すほか、高速道路のインターチェンジ近くの料金所（toll plaza）や大規模商業ビル名に使われます。,,
4184,clout,/klaʊt/,名詞、動詞,【名】（政治・社会的な）大きな影響力、発言権、手で強く叩くこと【動】手で叩く,政府、業界、あるいはメディアに対して持つ「絶大な政治的影響力・発言権（political clout）」を意味する重要な言葉です。,,
4185,hoax,/hoʊks/,名詞、動詞,【名】いたずら、でっち上げの嘘、騙し【動】騙す、かつぐ,世間を騙して大騒ぎを起こすことを目的とした「大がかりなでっち上げ・デマ、嘘ニュース」を指します。,,
4186,rapprochement,/ˌræproʊʃˈmɑːŋ/,名詞,（国家間の）関係改善、和解,長年対立していた二国間や勢力同士が、再び友好関係を取り戻し、親しく近づく「国交正常化・和解プロセス」を指すフランス語由来の外交用語です。,,
4187,vindicate,/ˈvɪndɪkeɪt/,動詞,無実を証明する、正しさを証明する、非難を晴らす,犯したとされる疑いや濡れ衣を晴らして「無実・潔白であることを証明する」こと、また自分の主張が正しかったと結果で証明する行為です。,,
4188,anesthesia,/ˌænəsˈθiːʒə/,名詞,麻酔（法）、感覚麻痺,手術などの痛みを感じないようにする「麻酔」を指す医学用語です。全身麻酔は general anesthesia、局所麻酔は local anesthesia。,,
4189,mourning,/ˈmɔːrnɪŋ/,名詞、形容詞,【名】哀悼、喪、喪服【形】哀悼の、喪に服している,亡くなった人への哀悼（mourn）の行為や、公式に国全体で喪に服す期間を指します（national day of mourning = 国民哀悼の日）。,,
4190,barracks,/ˈbærəks/,名詞,兵舎、宿舎,兵士たちが寝食を共にする軍の「兵舎」を指し、通常は複数形の barracks で使われます。,,
4191,wield,/wiːld/,動詞,（武器や権力を）巧みに用いる、振るう,刀や武器を実際に手で巧みに操って戦うことのほか、絶大な「権力や影響力を振るう（wield power）」という際にも非常によく使われます。,,
4192,crescent,/ˈkresnt/,名詞、形容詞,【名】三日月、三日月形【形】三日月形の、だんだん大きくなる,月が細く欠けた「三日月」を指します。パンのクロワッサン（croissant）の由来でもあり、イスラム教の象徴的なシンボルでもあります。,,
4193,fragmentation,/ˌfræɡmənˈteɪʃn/,名詞,分裂、崩壊、断片化、フラグメンテーション,1つにまとまっていた組織や国が、バラバラに分裂して力を失うことのほか、ITではPCのハードディスク内のデータが「断片化」する現象を指します。,,
4194,enigma,/ɪˈnɪɡmə/,名詞,謎、不可解な人物・出来事,何を考えているか全く分からずミステリアスな人物や、原因が解明できない難解な不可解さを表現します（mystery より難解）。第二次世界大戦でのドイツの暗号機の名前でも有名です。,,
4195,sabotage,/ˈsæbətɑːʒ/,名詞、動詞,【名】（破壊・サボタージュなどの）業務妨害、破壊行為【動】故意に邪魔する、破壊する,日本人の「サボる」の語源ですが、英語では単に仕事を怠けるのではなく、敵の施設や組織の計画を「故意に物理的・知的に破壊・妨害する犯罪行為」を指します。,,
4196,excavation,/ˌekskəˈveɪʃn/,名詞,発掘、掘削、遺跡発掘現場,考古学で遺跡や化石を掘り出す「発掘調査」を指すほか、土木工事での「地面の掘削」を意味します。動詞は excavate。,,
4197,gazette,/ɡəˈzet/,名詞、動詞,【名】官報、新聞、ガゼット【動】官報で告報する,政府が公式情報を国民に伝えるための「官報（government gazette）」や、古い新聞の名称、地域コミュニティ誌のタイトルによく用いられる単語です。,,
4198,casket,/ˈcæskɪt/,名詞,棺、ひつぎ、宝石箱,亡くなった人を納めて葬る「棺（ひつぎ = coffinにほぼ同様）」を指すアメリカ等で非常に一般的な表現のほか、小さな「装飾付き宝石箱」を指します。,,
4199,mirage,/məˈrɑːʒ/,名詞,蜃気楼、逃げ水、幻想、はかない夢,砂漠や夏の暑いアスファルトの上に見える物理的な「蜃気楼（しんきろう）」のほか、実際には手に入らない「はかない幻・夢」を比喩的に表現します。,,
4200,pantry,/ˈpæntri/,名詞,食品貯蔵室、食器室、パントリー,キッチンのすぐ近くに設置される、缶詰、乾物、調味料、あるいは食器などをストックしておくための「食品収納スペース・個室」を指します。,,
4201,psycho,/ˈsaɪkoʊ/,名詞、形容詞,【名】サイコ、精神異常者、サイコパス【形】精神異常の,精神に異常をきたし、他者に危害を加える危険な人物を指すスラング表現で、ヒッチコックの有名な映画タイトルでもあります。,,
4202,benefactor,/ˈbenɪfæktər/,名詞,恩人、後援者、寄付者,恵まれない子供、芸術家、あるいは研究機関に対して、惜しみなく多額の資金提供や経済援助をしてくれる「支援者・恩人」を指します。,,
4203,optics,/ˈɑːptɪks/,名詞,光学、外見、世間の見え方,光の性質を研究する「光学」という物理用語のほか、近年は政治・広報で「その行動が国民（大衆）からどう見られるかという印象・外見」を指す重要な口語です。,,
4204,assortment,/əˈsɔːrtmənt/,名詞,詰め合わせ、分類、各種の集まり,色々な種類の商品やお菓子を1つのパッケージにバランス良くまとめた「詰め合わせ（an assortment of chocolates）」を指します。,,
4205,garland,/ˈɡɑːrlənd/,名詞、動詞,【名】花輪、花冠【動】花輪で飾る,ハワイのレイや、クリスマスに飾る葉っぱを連ねたロープ状の「花輪・ガーランド」を指します。,,
4206,grid,/ɡrɪd/,名詞、動詞,【名】格子、グリッド、送電網【動】格子にする,格子状の模様や、F1レースなどのスタートグリッドのほか、都市の電力を網羅する「送電網（power grid）」の表現として極めて重要です。,,
4207,sabbath,/ˈsæbəθ/,名詞,安息日、サバト（魔女の集会）,ユダヤ教（土曜日）やキリスト教（日曜日）において、仕事を休み神に祈りを捧げるための「安息日（the Sabbath）」を指します。,,
4208,oracle,/ˈɔːrəkl/,名詞,神託（を聞く場所）、神託を告げる人、賢人、オラクル,古代ギリシャなどで神の言葉を告げた「神託（あるいは巫女）」を指すほか、ITでは世界最大級のデータベース企業「Oracle」でお馴染みの言葉です。,,
4209,corpus,/ˈkɔːrpəs/,名詞,コーパス（言語資料）、集成、死体,言語学において、実際の言葉の使われ方を分析するために大量に収集された電子的な「言語データ（text corpus）」を指します。,,
4210,median,/ˈmiːdiən/,名詞、形容詞,【名】中央値、メジアン、中央分離帯【形】中央の、中間の,統計学で数値を順に並べた際のぴったり真ん中にくる数値「中央値（median income = 所得の中央値）」や、道路の「中央分離帯（median strip）」を意味します。,,
4211,plagiarism,/ˈpleɪdʒərɪzəm/,名詞,盗作、剽窃（ひょうせつ）,他人の小説、論文、あるいは音楽を、あたかも自分が創作したかのように無断で丸コピーして発表する倫理に反する行為を指します。,,
4212,quagmire,/ˈkwæɡmaɪər/,名詞,泥沼、沼地、抜け出せない窮地,物理的なズブズブとした泥沼の意味から転じて、戦争の長期化や複雑なトラブルからどうしても抜け出せなくなっている「泥沼の窮地（economic quagmire）」を比喩的に表します。,,
4213,coercion,/koʊˈɜːrʒn/,名詞,強制、強要、威圧,暴力や脅迫、あるいは圧倒的な権力関係を背景にして、本人が嫌がっていることを「無理やり強制する」行為を指します。動詞は coerce。,,
4214,smirk,/smɜːrk/,名詞、動詞,【名】（にやにやした）気取った笑い、ニヤニヤ【動】にやにや笑う,自分の優越感を隠そうともせず、他人を小馬鹿にするようにして浮かべる不快な「ニヤニヤ笑い・ドヤ顔」を指します。,,
4215,carcass,/ˈkɑːrkəs/,名詞,（動物の）死骸、死体、（建物などの）残骸,野生動物が死んで残された「骨や皮などの死骸」を指すほか、事故でぐにゃりと大破した車などの不格好な残骸にも使われます。,,
4216,deterioration,/dɪˌtɪriəˈreɪʃn/,名詞,悪化、低下、退廃,動詞 deteriorate（悪化する）の名詞形。健康状態、治安、あるいはコンクリートなどの構造物の品質がじわじわと悪くなるプロセスを指します。,,
4217,ark,/ɑːrk/,名詞,方舟、避難場所、アーク（聖遺物を収める箱）,旧約聖書の「ノアの方舟（Noah's Ark）」を指すほか、失われたモーセの十戒の石板を収めた黄金の箱「聖櫃（Ark of the Covenant）」でもお馴染みの単語です。,,
4218,ovation,/oʊˈveɪʃn/,名詞,大喝采、大拍手,コンサートやスピーチなどで、観客が感動のあまり立ち上がって行う最大の拍手喝采を「スタンディングオベーション（standing ovation）」と呼びます。,,
4219,ailment,/ˈeɪlmənt/,名詞,軽い病気、不調、慢性疾患,頭痛や胃痛、あるいは腰痛などの「ちょっとした日常的な不調・軽い病気（minor ailment）」を指します。,,
4220,burglary,/ˈbɜːrɡləri/,名詞,住居侵入窃盗、空き巣、強盗,盗みを働く意図を持って、他人の住宅や建物内に不法に侵入する犯罪行為を指します（窃盗罪の一種）。,,
4221,jihad,/dʒɪˈhɑːd/,名詞,ジハード、聖戦、精神的努力,イスラム教において、神の道に従うための個人的な精神的葛藤や「内なる努力」、あるいは信仰を守るための社会的な「防衛闘争」を意味します。,,
4222,laureate,/ˈlɔːriət/,名詞、形容詞,【名】受賞者、名誉ある詩人【形】名誉を与えられた、月桂冠をかぶった,ノーベル賞の受賞者を「ノーベルローリエイト（Nobel laureate）」と呼ぶほか、国家を代表する宮廷詩人を「桂冠詩人（poet laureate）」と呼びます。,,
4223,stud,/stʌd/,名詞、動詞,【名】飾りボタン、スタッド、種馬、魅力的な男性【動】飾る、配置する,シャツの飾りボタンや、サッカーシューズのスパイクのピン（スタッド）を指すほか、繁殖用の「種馬」、およびスラングで「色気のあるイケメン」を意味します。,,
4224,annuity,/əˈnuːəti/,名詞,年金、年金型保険,個人が老後の備えとして毎年積み立て、のちに毎年一定額が支給される「個人年金（private annuity）」などの金融契約を指します。,,
4225,horde,/hɔːrd/,名詞、動詞,【名】（人や動物の）大群、群衆、遊牧民【動】群れをなす,大勢の人々や動物が一箇所に押し寄せてうじゃうじゃと動いている、統制の取れていない「大群」を指します（hordes of tourists = 観光客の大群）。,,
4226,bravado,/brəˈvɑːdoʊ/,名詞,虚勢、強がり、から威張り,実際には恐怖や不安を感じているにもかかわらず、自分を強く見せるために他人の前で取る不自然な「強がり・から威張り」を意味します（act of bravado）。,,
4227,orphanage,/ˈɔːrfənɪdʒ/,名詞,孤児院、児童養護施設,両親を亡くした子供（orphan）を預かり、養育するための「児童養護施設」を指します。,,
4228,surcharge,/ˈsɜːrtʃɑːrdʒ/,名詞、動詞,【名】追加料金、追徴金、サーチャージ【動】追加料金を課す,基本料金のほかに、燃料の高騰や深夜対応などの理由で上乗せされる「追加費用」を指します（fuel surcharge = 燃油サーチャージ）。,,
4229,stepfather,/ˈstepfɑːðər/,名詞,義理の父、継父,親の再婚によって新たに家族となった、血の繋がりのない母親の配偶者「義父」を指します。,,
4230,impunity,/ɪnˈpjuːnəti/,名詞,罰を免れること、免責,犯罪や不祥事を犯しても、政治的パワーなどによって「一切罰せられることなく逃げ切る」という、法治国家としてあるまじき不平等な免責状態を指します（with impunity）。,,
4231,patrician,/pəˈtrɪʃn/,名詞、形容詞,【名】貴族、名門の者【形】貴族の、高貴な,古代ローマの「貴族」を起源とし、現在では育ちが良く上品で、洗練された上流階級の雰囲気を持つ人物を指します。,,
4232,supremacy,/suːˈpreməsi/,名詞,最高位、優位、覇権、至上,他を圧倒して最も高い地位や権力、優位性を持っている状態を指します（white supremacy = 白人至上主義）。,,
4233,pulp,/pʌlp/,名詞、動詞,【名】パルプ（紙の原料）、果肉、どろどろの塊【動】パルプにする、粉砕する,紙を製造するための木材「パルプ」を指すほか、オレンジジュースなどの「果肉」、さらにはドロドロにすり潰された物質全般を指します。,,
4234,debtor,/ˈdetər/,名詞,債務者、借主,他人や銀行からお金を借りていて、返済する義務がある個人や会社を指します。債権者（貸主）は creditor。発音の b は黙字で読まないため注意。,,
4235,banquet,/ˈbæŋkwɪt/,名詞、動詞,【名】宴会、祝宴、バンケット【動】宴会を開く,結婚式の披露宴や受賞記念、公式な晩餐会など、大勢のゲストを招いて行われる豪華な「ごちそう付きパーティー・宴会」を指します。,,
4236,decency,/ˈdiːsnsi/,名詞,上品さ、マナー、世間体、良識,社会生活において、他人に不快感を与えないための最低限の「道徳的礼儀マナー・品位」を指します（have the decency to apologize = 謝るくらいの良識を持つ）。,,
4237,outage,/ˈaʊtɪdʒ/,名詞,（電気やシステムの）停止、停電、供給不能,落雷やサーバーの故障などによって、電力やインターネット、通信サービスが一時的にストップする状況を指します（power outage = 停電）。,,
4238,snag,/snæɡ/,名詞、動詞,【名】思わぬ障害、不意の不都合、突起【動】ひっかける、素早く手に入れる,順調に進んでいた計画を突然ストップさせるような、予想外の「ちょっとした不都合・トラブル」を指すカジュアルな語です（hit a snag）。,,
4239,furrow,/ˈfɜːroʊ/,名詞、動詞,【名】（畑の）畝（うね）、細い溝、しわ【動】畝を作る、眉をひそめる,畑に作物を植えるために掘られた細い土の「溝・畝」を指すほか、心配事で深く「額や眉間にしわを寄せる（furrow one's brow）」という際にも使われます。,,
4240,doctorate,/ˈdɑːktərət/,名詞,博士号、ドクターの学位,大学の大学院課程を修了して得られる最高位の学位「博士号（PhD）」を指します（earn a doctorate）。,,
4241,scourge,/skɜːrdʒ/,名詞、動詞,【名】（社会的な）天罰、災難の種、鞭【動】ひどく懲らしめる、鞭打つ,戦争、飢饉、あるいはウイルスなど、大勢の人々を苦しめ甚大な被害を与える「大きな災いの種」を指す文学的で重い単語です（scourge of war）。,,
4242,midday,/ˌmɪdˈdeɪ/,名詞、形容詞,【名】正午、真昼【形】正午の、真昼の,正確に12時（noon）を指すほか、午前と午後の境目あたりにあたる「お昼頃の時間帯」を幅広く指します。,,
4243,tenor,/ˈtenər/,名詞,テノール（男性の最高音域）、（話の）大意、趣旨、進路、継続,合唱などでの男性の最高音「テノール」のほか、議論や文章、方針全体に一貫して流れる「全体的な趣旨・論調・トーン」を意味する高度な言葉です。,,
4244,probation,/proʊˈbeɪʃn/,名詞,保護観察（処分）、執行猶予、見習い期間,保護観察のほか、新入社員の「見習い・試用期間（probationary period）」を指します。,,
4245,felon,/ˈfelən/,名詞,重罪犯、重罪犯人,殺人や強盗など、法律上の重罪（felony）を犯した犯罪者を指します。,,
4246,furor,/ˈfjʊrɔːr/,名詞,激怒、狂乱、大騒ぎ、熱狂,社会的に怒りや驚きが急激に広がり、激しい議論や大騒動を引き起こす状況を指します（cause a furor）。,,
4247,pigment,/ˈpɪɡmənt/,名詞、動詞,【名】顔料、色素【動】着色する,絵の具の「顔料」や、皮膚・植物などが持つ自然の「色素（melanin pigment = メラニン色素）」を指します。,,
4248,swagger,/ˈswæɡər/,動詞、名詞,【動】いばって歩く、肩で風を切って歩く【名】いばった歩き方、自信に満ちた態度,自信や自慢の気持ちを隠さず、いばって大柄に歩く動作を表します。現代では自信あふれる格好よさ（swag）の語源です。,,
4249,blackout,/ˈblækaʊt/,名詞、動詞,【名】大停電、一時的な意識喪失、報道管制【動】消灯する、隠す,地域一帯が真っ暗になる「大停電」のほか、お酒の飲みすぎで「一時的に記憶が飛ぶ・失神する」こと（have a blackout）も指します。,,
4250,graveyard,/ˈɡreɪvjɑːrd/,名詞,墓地、墓場、廃棄場,通常は教会に隣接した「墓地」を指すほか、深夜から早朝にかけての勤務シフトを「墓場シフト（graveyard shift）」と呼びます。,,
4251,protagonist,/proʊˈtæɡənɪst/,名詞,（小説や演劇などの）主人公、中心人物、主役,物語の展開を引っ張る「主役、主人公」を意味します。敵対する人物は antagonist。,,
4252,graft,/ɡræft/,名詞、動詞,【名】接ぎ木、移植（皮膚など）、（政治的な）汚職【動】接ぎ木する、移植する、汚職を行う,植物の「接ぎ木」や医療用の「皮膚移植（skin graft）」のほか、政治家が地位を利用して不正にお金を得る「汚職・収賄」も意味します。,,
4253,noun,/naʊn/,名詞,名詞,人、場所、物、あるいは概念を表す文法用語の「名詞」です。代名詞は pronoun。,,
4254,rodent,/ˈroʊdnt/,名詞、形容詞,【名】齧歯類（げっしるい = ネズミ・リスなど）【形】齧歯類の,物をかじるための頑丈な前歯を持つ哺乳類（ネズミ、リス、ハムスターなど）の分類を指します。,,
4255,relapse,/rɪˈlæps/,動詞、名詞,【動】（病気や悪い習慣が）逆戻りする、再発する【名】再発、逆戻り,病気が回復しかけた後に「ぶり返す」ことや、禁煙や禁薬をしていた人が再び元に戻って再開してしまうことを指します。,,
4256,conundrum,/kəˈnʌndrəm/,名詞,難問、謎、とんち、判じ物,解決が非常に難しく、人々を悩ませる「複雑な問題・難問（solve a conundrum）」を表現する高度な単語です。,,
4257,debacle,/dɪˈbɑːkl/,名詞,崩壊、大失敗、壊滅、敗走,期待外れの極めて悲惨な結果や、組織・市場などが完全に機能停止して「大破綻」に陥る状況を指します。,,
4258,phantom,/ˈfæntəm/,名詞、形容詞,【名】幽霊、幻影、幻【形】幻の、架空の,目に見えるが実体のない「亡霊・幻影」を指すほか、架空の売上や幽霊企業（phantom company）などの形容詞としても使われます。,,
4259,stagnation,/stæɡˈneɪʃn/,名詞,停滞、不振、沈滞,水が流れずに腐る状態から転じて、景気やビジネス活動が一切進歩・成長せず、どんよりと「停滞している状態（economic stagnation）」を指します。,,
4260,jeopardy,/ˈdʒepərdi/,名詞,危険、危機、危機的状況,主に in jeopardy の形で、「財産や地位、生命などが危機に瀕している」危険な状況を表現します。動詞は jeopardize（危険にさらす）。,,
4261,fetus,/ˈfiːtəs/,名詞,胎児,人間や哺乳類の、母親の胎内で成長中の「胎児」を指す医学的な言葉です。受精卵（embryo）からさらに成長した段階を指します。,,
4262,quantum,/ˈkwɑːntəm/,名詞、形容詞,【名】量子、画期的な量【形】量子の,物理学での最小エネルギー単位「量子（quantum physics = 量子物理学）」のほか、飛躍的な大進歩を「クァンタムリープ（quantum leap）」と呼びます。,,
4263,moth,/mɔːθ/,名詞,蛾（が）、衣服を食う虫,主に夜間に活動する「蛾（が）」を指すほか、クローゼットで衣類をかじる虫（衣蛾）も指します（mothball = 防虫剤）。,,
4264,incarceration,/ɪnˌkɑːrsəˈreɪʃn/,名詞,投獄、監禁、拘禁,犯罪者を刑務所に収容する「投獄・拘留」を指す、動詞 incarcerate（投獄する）のフォーマルな名詞形です。,,
4265,sling,/slɪŋ/,動詞、名詞,【動】（無造作に）投げ上げる、吊り下げる【名】三角巾、スリング、パチンコ（投石器）,肩からカバンなどをラフに引っ掛けて持つことや、ケガをした腕を首から吊るす「三角巾（arm sling）」、荷物を持ち上げるロープなどを指します。,,
4266,predicament,/prɪˈdɪkəmənt/,名詞,苦境、窮地、厄介な状況,どう解決してよいか分からず、立ち往生している「非常に厄介で厳しい状況（in a difficult predicament）」を表現します。,,
4267,magistrate,/ˈmædʒɪstreɪt/,名詞,治安判事、地方判事、行政官,軽微な犯罪を裁いたり、逮捕状を発付したりする地方の簡易裁判所の「治安判事（magistrate court = 簡易裁判所）」を指します。,,
4268,stealth,/stelθ/,名詞、形容詞,【名】ひそかに行うこと、こっそりした行動【形】ステルスの、目立たない,レーダーに探知されにくい「ステルス戦闘機（stealth fighter）」のほか、他人に気づかれないようにコッソリ静かに行動する性質を指します。,,
4269,borough,/ˈbɜːroʊ/,名詞,自治区、行政区、特別区,ニューヨーク市の5つの行政区（マンハッタンやブルックリンなど）や、ロンドンの特別区を指す自治体の区分呼称です。,,
4270,infringement,/ɪnˈfrɪndʒmənt/,名詞,（権利や特許などの）侵害、違反,著作権、商標、あるいは特許などを不正に利用して侵す行為を指します（copyright infringement = 著作権侵害）。,,
4271,arthritis,/ɑːrˈθraɪtɪs/,名詞,関節炎,関節が痛んで赤く腫れる慢性の病気（関節炎・リウマチなど）を指す医学用語です。,,
4272,squadron,/ˈskwɑːdrən/,名詞、動詞,【名】（飛行機・軍艦の）飛行中隊、艦隊、騎兵大隊【動】中隊を編成する,空軍や海軍、あるいは警察などで、特定の任務を遂行するために編成される飛行中隊などの部隊単位を指します。,,
4273,burrow,/ˈbɜːroʊ/,名詞、動詞,【名】（うさぎなどの）巣穴【動】穴を掘る、潜り込む、深く調べる,ウサギやキツネが地面に掘った「巣穴」のほか、布団や書類の山の中にモゾモゾと深く「潜り込む」動作を指します。,,
4274,heyday,/ˈheɪdeɪ/,名詞,全盛期、黄金期、全盛,人生のキャリアや、特定の産業、あるいは流行が「最も輝いていて成功を収めていた時期」を指します（in its heyday = 全盛期に）。,,
4275,coroner,/ˈcɔːrənər/,名詞,検死官、検屍官,不自然な死（事件や事故死など）の死因を、法的に医学的に調査して公式に特定・報告する政府の専門役職を指します。,,
4276,lookout,/ˈlʊkaʊt/,名詞,見張り（番）、見張り所、展望、関心事,敵や不審者が来ないか監視する「見張り番」を指し、be on the lookout for... で「〜を常に警戒・捜索している」という表現になります。,,
4277,dearth,/dɜːrθ/,名詞,不足、欠乏、飢饉,必要な人材、情報、あるいは物資が決定的に足りない「乏しい状態」を表す硬い言葉です（a dearth of evidence = 証拠の不足）。,,
4278,decor,/deɪˈkɔːr/,名詞,（室内の）装飾、インテリア、舞台装置,部屋、レストラン、あるいは劇の舞台などの、家具や色彩を調和させた全体の「インテリア・室内装飾スタイル」を指します。,,
4279,hypertension,/ˌhaɪpərˈtenʃn/,名詞,高血圧（症）,血圧が正常値を上回っている状態を示す医学用語です（high blood pressure の正式な表現）。,,
4280,rationale,/ˌræʃəˈnæl/,名詞,論理的根拠、理由づけ、根本原理,特定の決定、政策、あるいは行動をとるに至った、筋の通った「論理的な理由・背景」を説明する際に使われる言葉です。,,
4281,reflex,/ˈriːfleks/,名詞、形容詞、動詞,【名】反射作用、反射神経【形】反射的な【動】曲げる、反射する,膝を叩くと足がピクッと動く「反射動作（reflex action）」のほか、スポーツなどで素早く動ける「反射神経（reflexes）」を意味します。,,
4282,mounting,/ˈmaʊntɪŋ/,形容詞、名詞,【形】（不満・圧力などが）徐々に増大する、高まる【名】取り付け、台紙,不満、借金、不安、あるいは圧力がジワジワと積み重なって大きくなる様子を表します（mounting pressure）。,,
4283,renegade,/ˈrenɪɡeɪd/,名詞、形容詞,【名】裏切り者、改宗者、反逆者【形】裏切った、反逆の,所属していた組織、政党、あるいは宗教を裏切って脱退し、敵対する側に走った「裏切り者・ならず者」を指します。,,
4284,defamation,/ˌdefəˈmeɪʃn/,名詞,名誉毀損、中傷,他人の評判を傷つける目的で、デマや悪意のある噂を流す「名誉毀損」の総称です（defamation of character）。,,
4285,incest,/ˈɪnsest/,名詞,近親相姦,法律的・倫理的に禁止されている、極めて近い血縁関係（親子、兄弟など）の間で行われる性交渉を指す言葉です。,,
4286,swoop,/swuːp/,動詞、名詞,【動】（鳥などが）急降下して襲う、急に掴み取る【名】急降下、突然の襲撃,タカやワシが獲物を狙って上空から急行降下して襲いかかる動作を指し、in one fell swoop で「一挙に、一度にまとめて」という重要フレーズになります。,,
4287,roster,/ˈrɑːstər/,名詞、動詞,【名】勤務表、名簿、登録メンバー【動】名簿に載せる,職場の週ごとの「シフト勤務表」のほか、スポーツチームの「公式登録選手名簿（team roster）」を意味します。,,
4288,biopsy,/ˈbaɪɑːpsi/,名詞、動詞,【名】生検（生体組織検査）【動】生検を行う,がんなどの病気の診断のために、患者の体から組織の一部を切り取って顕微鏡で検査・分析する医学用語です。,,
4289,paramedic,/ˌpærəˈmedɪk/,名詞,救急救命士,救急車などで事故現場や搬送中に、高度な応急処置や救命措置を行う資格を持つ「救急救命士」を指します。,,
4290,breadth,/bredθ/,名詞,幅、横幅、広さ、度量、知識の広さ,形容詞 broad（広い）の名詞形。物理的な幅のほか、知識や経験が多岐にわたる「幅広さ（breadth of knowledge）」を意味します。,,
4291,firearm,/ˈfaɪərɑːrm/,名詞,火器、銃、小火器,ピストルやライフルなど、火薬を使って弾丸を発射する「すべての銃・火器類」を指す硬い法律・公的表現です。,,
4292,foreground,/ˈfɔːrɡraʊnd/,名詞、動詞,【名】前景、最前面【動】前景化する、目立たせる,写真や絵画で、背景（background）の対義語として、最も手前に写っている「前景（手前の人物や物）」を指します。,,
4293,scar,/skɑːr/,名詞、動詞,【名】（傷や火傷の）跡、傷跡、心の傷【動】傷跡を残す,ケガが治ったあとに残る皮膚の「傷跡」のほか、つらい体験によって心に負った「深いトラウマ・精神的な傷（emotional scar）」も指します。,,
4294,acquittal,/əˈkwɪtl/,名詞,無罪判決、釈放、義務の履行,裁判において、被告人に罪を証明する十分な証拠がないとして裁判官や陪審員が下す公式な「無罪判決」を指します。,,
4295,adultery,/əˈdʌltəri/,名詞,姦通、不倫、不貞行為,結婚している人物が、配偶者以外の異性と性的関係を持つ「不倫行為」を指すフォーマル・法律的な表現です。,,
4296,rampart,/ˈræmpɑːrt/,名詞、動詞,【名】城壁、塁【動】城壁で囲む,敵の攻撃を防ぐために、城の周囲に築かれた頑丈な土手や石造りの「城壁・防壁」を指す少し古風な言葉です。,,
4297,sire,/ˈsaɪər/,名詞、動詞,【名】（家畜の）父親、先祖、陛下【動】（動物の）父親になる,競走馬などのオス親を指す（母親は dam）ほか、古い物語で国王や貴族に「陛下、旦那様」と呼びかける際に使われました。,,
4298,jug,/dʒʌɡ/,名詞、動詞,【名】水差し、ジャグ、取っ手付き瓶、刑務所（英口語）【動】入れる、投獄する,飲み水や牛乳を入れるための、取っ手と注ぎ口がついた深めの「水差し・ピッチャー」を指します。,,
4299,intolerance,/ɪnˈtɑːlərəns/,名詞,不寛容、許容できないこと、過敏症,自分と異なる意見や宗教を敵視する「不寛容（religious intolerance）」のほか、特定の食品を受け付けない「乳糖不耐症（lactose intolerance）」などに使われます。,,
4300,axe,/æks/,名詞、動詞,【名】斧（おの）、（予算・人員の）大幅削減【動】斧で切る、クビにする、大幅カットする,薪割り用の「斧（axとも表記）」のほか、ビジネスや政治でプロジェクトや予算を「バッサリと打ち切る・クビにする（get the axe = クビになる）」という比喩でも多用されます。,,
4301,larva,/ˈlɑːrvə/,名詞,幼虫、幼生,昆虫が卵からかえって成虫（adult）になる前の成長段階である「幼虫（イモムシなど）」を指す生物用語です。複数形は larvae。,,
4302,rendezvous,/ˈrɑːndeɪvuː/,名詞、動詞,【名】ランデブー、待ち合わせ、約束、集合場所【動】待ち合わせる、会合する,事前に時間と場所を決めて行う「待ち合わせ・デート」を指すほか、宇宙船が軌道上で合流する際にも使われるフランス語由来の言葉です。,,
4303,caravan,/ˈkærəvæn/,名詞、動詞,【名】隊商、キャラバン、（英）キャンピングカー【動】隊を組んで進む,砂漠などをラクダに乗って集団で旅する「商人の隊（隊商）」のほか、イギリスでは乗用車で引っ張る居住用トレーラー（キャンピングカー）を指します。,,
4304,thug,/θʌɡ/,名詞,悪党、暴漢、チンピラ,暴力を使って他人を脅したり強盗を働いたりする「チンピラ・凶暴な男」を指します。,,
4305,cultivation,/ˌkʌltɪˈveɪʃn/,名詞,耕作、栽培、育成、教養を高めること,土地を耕して作物を育てる「栽培（cultivation of crops）」のほか、能力や人間関係などをじっくり育てる「育成」にも使われます。,,
4306,stronghold,/ˈstrɔːŋhoʊld/,名詞,要塞、砦、拠点、支配的な地域,物理的な「要塞・砦」のほか、特定の政党の支持者が圧倒的に多い「地盤・金城湯池（political stronghold = 票田・地盤）」を意味します。,,
4307,leash,/liːʃ/,名詞、動詞,【名】（犬用の）引き紐、リード、拘束【動】紐で繋ぐ、抑制する,犬の散歩の時に首輪につける「引き紐（リード）」を指します。keep on a tight leash で「厳しくコントロール・監視する」という比喩になります。,,
4308,atheism,/ˈeɪθiɪzəm/,名詞,無神論,神の存在を一切信じない思想・立場のことです。無神論者は atheist。神がいるかいないか分からないとする立場は agnosticism（不可知論）と呼びます。,,
4309,fluke,/fluːk/,名詞、動詞,【名】まぐれ当たり、フロック、偶然の幸運【動】まぐれで当てる,実力ではなく、全くの偶然や奇跡によって良い結果が出たことを指します（by a fluke = まぐれで）。,,
4310,guise,/ɡaɪz/,名詞、動詞,【名】うわべ、外観、見かけ、装い【動】仮装する,意図を隠すためのうわべの格好を指し、under the guise of...（〜を装って・〜のふりをして）のフレーズでよく使われます。,,
4311,propensity,/prəˈpensəti/,名詞,（～の）傾向、好む性質,特定の好ましくない行動（ギャンブルや浪費など）に流されやすい「生まれつきの悪い癖・傾向」を指す際によく使われる言葉です（propensity for violence = 暴力傾向）。,,
4312,squeal,/snarl/ -> /skwiːl/,動詞、名詞,【動】キーキー悲鳴を上げる、密告する【名】金切り声、悲鳴、チクリ,豚が怖がって発するようなキーキーした高音の悲鳴を表すほか、スラングで警察などに秘密を暴露する「密告（チクる）」行為も意味します。,,
4313,homicide,/ˈhɑːmɪsaɪd/,名詞,殺人、殺人罪、殺人事件,人を殺す行為全般を指す、警察や裁判などのオフィシャルな専門法律用語です（homicide department = 殺人課）。,,
4314,thyroid,/ˈθaɪrɔɪd/,名詞、形容詞,【名】甲状腺【形】甲状腺の,首の前部にあるホルモンを分泌する重要な器官「甲状腺」を指す医学用語です（thyroid gland）。,,
4315,cache,/kæʃ/,名詞、動詞,【名】隠し場所、隠し資産、キャッシュ（PCの一時データ）【動】隠す、一時保存する,武器や食料を隠しておく「秘密の隠し場所」の意味のほか、IT用語としてネットの読み込みを速くするためにブラウザなどに残す一時データ「キャッシュ」を指します。,,
4316,moderation,/ˌmɑːdəˈreɪʃn/,名詞、動詞,【名】適度、中庸、自制【動】司会をする、緩和する,極端にならず、適度なバランスを保つこと。in moderation（適度に・ほどほどに）の形で飲酒や甘いものの摂取によく使われます。,,
4317,stockpile,/ˈstɑːkpaɪl/,名詞、動詞,【名】備蓄（量）、備蓄物資【動】備蓄する、ため込む,災害や戦争、資源不足などの緊急事態に備えて、燃料や医療物資、食料などを大量に「備蓄する（またはその物資）」を意味します。,,
4318,flagship,/ˈflæɡʃɪp/,名詞、形容詞,【名】旗艦、最も重要なもの、主力商品【形】最高峰の、主要な,艦隊の指揮官が乗るシンボルの船（旗艦）から転じて、ブランドを象徴する最も豪華な「旗艦店（flagship store）」や「主力製品」を指します。,,
4319,hypocrite,/ˈhɪpəkrɪt/,名詞,偽善者、猫をかぶる人,口では立派なモラルを説きながら、自分自身は全く逆の不正を行っているような、言動が不一致な「偽善者」を指す批判的な言葉です。,,
4320,battalion,/bəˈtæliən/,名詞,大隊、戦闘部隊、大群,軍隊における複数の会社（company）からなる「大隊」を指す部隊構成用語です。,,
4321,informant,/ɪnˈfɔːrmənt/,名詞,情報提供者、インフォーマント（言語調査の協力者）、スパイ,警察に内部告発や捜査の裏情報をくれる「内通者・情報提供者」のほか、言語調査で母国語の発音を教えてくれる協力者を指します。,,
4322,retina,/ˈretənə/,名詞,網膜,目の中の、光を感じて映像を結ぶスクリーンである「網膜（retina）」を指す医学用語です。高画質な Retina ディスプレイの語源です。,,
4323,abduction,/æbˈdʌkʃn/,名詞,誘拐、拉致、（筋肉の）外転,力ずくで行われる「誘拐・拉致（abduct）」のほか、解剖学で腕や足を体の中心から外側に開く動作「外転」を指します。,,
4324,cliche,/kliˈʃeɪ/,名詞、形容詞,【名】決まり文句、ありきたりな表現、陳腐なアイデア【形】ありきたりな,何度も使い古されてオリジナリティが一切感じられない「お決まりの常套句・ありきたりな展開」を指します（It's a cliché）。,,
4325,kinship,/ˈkɪnʃɪp/,名詞,親族関係、血縁関係、親近感、類似,家族や血縁としてのつながりを指すほか、価値観や体験が非常に似ている他者に対して抱く「深い親近感（feel a kinship with...）」も表します。,,
4326,respite,/ˈrespɪt/,名詞、動詞,【名】一時的な休息、息抜き、執行猶予【動】一時的に休止する,激しい労働や苦痛、困難から一時的に解放されてホッと息を抜く「小休止」を意味します（a brief respite）。,,
4327,snarl,/snɑːrl/,動詞、名詞,【動】（犬が牙をむいて）うなる、怒鳴りつける、（交通が）絡まる【名】うなり声、混乱,犬などが威嚇のためにガルルと「うなる」動作のほか、交通がぐちゃぐちゃに絡まって渋滞している状態を「交通の絡まり（traffic snarl）」と呼びます。,,
4328,gloom,/ɡluːm/,名詞、動詞,【名】暗がり、憂鬱、どんよりした気分【動】暗くなる、憂鬱になる,物理的な薄暗さのほか、失敗や悪いニュースでどんよりと暗く沈み込んでいる「憂鬱・気が重い精神状態（feelings of gloom）」を指します。,,
4329,centerpiece,/ˈsentərpiːs/,名詞,テーブル中央の飾り、最も重要な部分、目玉商品,パーティーテーブルの真ん中に置く豪華な花瓶などの装飾の意味から、イベントや政策、計画の中核をなす「最も重要な目玉部分」を指します。,,
4330,platoon,/pləˈtuːn/,名詞,小隊、集団,軍隊において、中隊（company）を構成する数十人の「小隊」を指す部隊用語です。オリバー・ストーン監督の有名な映画タイトルでもあります。,,
4331,inception,/ɪnˈsepʃn/,名詞,開始、発端、創業、初め,組織、プロジェクト、あるいは事業が公式にスタートした「発端・始まりの時期」を指す硬い言葉です（since its inception = 創業以来）。,,
4332,genealogy,/ˌdʒiːniˈælədʒi/,名詞,家系、系図、系統学,先祖代々のつながりを明らかにする「家系図」や、それを研究する系統学。比喩的に特定のアイデアの歴史的ルーツを探ることも指します。,,
4333,insurgency,/ɪnˈsɜːrdʒənsi/,名詞,反乱、反政府運動、暴動,政府や支配勢力に対抗して展開される、組織的な「反乱・武装蜂起」活動を指す政治・軍事用語です（insurgent = 反乱兵）。,,
4334,plaster,/ˈplæstər/,名詞、動詞,【名】漆喰、プラスター、ギプス（英）、絆創膏（英）【動】漆喰を塗る、一面に貼りつける,壁に塗る「漆喰（しっくい）」のほか、イギリス英語ではケガに貼る「絆創膏（elastoplast / plaster）」を意味します。,,
4335,remorse,/rɪˈmɔːrs/,名詞,深い悔恨、強い罪悪感、自責の念,自分がしでかしてしまった過ちや悪事に対して、激しく良心の呵責にさいなまれる「深い自責の念」を指します（feel remorse for...）。,,
4336,cupboard,/ˈkʌbərd/,名詞、動詞,【名】食器棚、戸棚、物入れ【動】戸棚にしまう,キッチンやリビングにあり、扉がついた「食器棚・収納棚」を指します。発音の p は読まないため注意。,,
4337,curator,/ˈkjʊreɪtər/,名詞、動詞,【名】キュレーター、学芸員、館長【動】キュレートする,美術館や博物館で、展示品を専門的に収集・管理・研究し、展示イベントを企画する専門スタッフ「学芸員」を指します。,,
4338,paste,/peɪst/,名詞、動詞,【名】ペースト、のり、練り物【動】貼り付ける、ペーストにする,トマトペーストや練り歯磨きなどの「粘土状の練り物」のほか、PCでテキストをコピーして貼り付ける動作（copy and paste）でお馴染みです。,,
4339,refinery,/rɪˈfaɪnəri/,名詞,精製所、精練所,原油からガソリンを作る「製油所（oil refinery）」や、砂糖、金属の不純物を取り除く精製工場を指します。,,
4340,iceberg,/ˈaɪsbɜːrɡ/,名詞,氷山,海を漂う巨大な氷の塊。「氷山の一角（the tip of the iceberg）」の比喩フレーズで非常によく使われます。,,
4341,savior,/ˈsavior/ -> /ˈseɪvjər/,名詞,救世主、救い主、救助者,危機から人々を救い出す「救世主」のこと。キリスト教での救世主（イエス・キリスト）は大文字で The Savior と表記されます。,,
4342,prostitution,/ˌprɑːstəˈtuːʃn/,名詞,売春、売春行為,金銭の授受を伴う性的行為を仕事として行う「売春」を指す法・社会用語です。,,
4343,crap,/kræp/,名詞、動詞、形容詞,【名】たわごと、クソ、ゴミ【動】うんちをする【形】質の悪い,日常会話で「くだらないこと・ゴミ・クソ」を指す、非常にカジュアル（やや下品）な表現です。ひどい製品を crap と言ったりします。,,
4344,hive,/haɪv/,名詞、動詞,【名】ミツバチの巣、ミツバチの群れ、賑やかな場所【動】巣箱に入れる,ハチが住む「巣（beehive）」そのもののほか、大勢の人が忙しそうに動き回って賑わっている「活気あふれる拠点」の比喩に使われます（a hive of activity）。,,
4345,pediatrician,/ˌpiːdiəˈtrɪʃn/,名詞,小児科医,乳幼児や子供の医療を専門とするドクター「小児科医」を指します。小児科は pediatrics。,,
4346,decipher,/dɪˈsaɪfər/,動詞、名詞,【動】（暗号などを）解読する、判読する【名】解読,難解な暗号、古い古代文字、あるいは汚くて読めない他人の手書き文字（bad handwriting）を苦労して「読み解く・判読する」ことを指します。,,
4347,exhort,/ɪɡˈzɔːrt/,動詞,熱心に勧める、説得する、忠告する,他人に対して、正しい行動をとるように熱意を持って「強く勧める、熱心に促す」ことを意味します（exhort someone to do）。,,
4348,hearten,/ˈhɑːrtn/,動詞,元気づける、鼓舞する、勇気づける,落ち込んでいる人を励まし、心（heart）を温めて「勇気づける・元気づける」行為を表します（feel heartened = 勇気づけられる）。,,
4349,shitty,/ˈshitty/ -> /ˈʃɪti/,形容詞,最低の、くだらない、クソみたいな,非常たつまらない、質の悪い製品、あるいはひどい扱いを受けた際に使う、かなり下品でカジュアルなスラングです（shitty weather / feel shitty）。,,
4350,intractable,/ɪnˈtræktəbl/,形容詞,手に負えない、難治性の、頑固な,規則に従わない「頑固な子供」のほか、医学では治療が非常に困難な「難治性の病気（intractable disease）」、あるいは解決不能な複雑な問題を指します。,,
4351,negate,/nɪˈɡeɪt/,動詞,無効にする、否定する、相殺する,せっかくの努力や成果を、他方の要因が帳消しにして「完全に無効にする・打ち消す」ことを意味します。,,
4352,murky,/ˈmɜːrki/,形容詞,（水などが）濁った、薄暗い、怪しい、不透明な,川の水が泥で濁っている様子（murky river）のほか、政治やビジネスなどの「怪しげで不透明な」人間関係を指します（murky waters）。,,
4353,whiff,/wɪf/,名詞、動詞,【名】かすかな香り、一吹き、漂う気配【動】ふわっと香る、空振り三振する,風に乗って一瞬だけ鼻をかすめる「かすかな匂い（a whiff of perfume）」のほか、事件などの「かすかな兆候・気配」を指します。,,
4354,analogous,/əˈnæləɡəs/,形容詞,類似した、相似の、対応する,二つの全く異なる事物や状況のあいだに、構造上の本質的な共通点・類似性がある様子を表します（analogous to...）。名詞は analogy。,,
4355,disgruntled,/dɪsˈɡrʌntld/,形容詞,不満を抱いた、不機嫌な、不満げな,会社や雇用主などの対応、待遇に対して、面白くなさそうに「不満をブツブツ抱いてイライラしている」人物の態度を指します（disgruntled employee）。,,
4356,idyllic,/aɪˈdɪlɪk/,形容詞,牧歌的な、のどかな、理想的な,都会の喧騒がなく、自然が豊かで静かで完璧に平和な「理想郷のような田園風景・生活」を表現する形容詞です（idyllic childhood = 平和な子供時代）。,,
4357,receptive,/rɪˈseptɪv/,形容詞,受け入れる、受け入れが良い、受容的な,他人の新しいアイデア、提案、あるいは批判に対して、頑なにならず心を開いて「素直に受け入れようとする」好意的な態度を指します（be receptive to ideas）。,,
4358,laud,/lɔːd/,動詞、名詞,【動】（公式に）称賛する、褒めちぎる【名】称賛、賛美,praise や commend と同様に、優れた功績や勇気ある行動を公に高く「称える」ことを意味する、報道などで好まれる硬い動詞です。,,
4359,perennial,/pəˈreniəl/,形容詞、名詞,【形】多年生の、永続する、年中絶えない【名】多年生植物,冬に枯れずに毎年花を咲かせる「多年草（perennial plants）」のほか、年中解決しない「終わりのない、永続的な課題（perennial favorite = 不動の人気商品）」を意味します。,,
4360,fraternal,/frəˈtɜːrnl/,形容詞,兄弟の、友愛の、二卵性の,兄弟のような親密なつながりを指す（fraternal twin = 二卵性双生児）ほか、大学の「男子学生クラブ（fraternity）」に関連する語です。,,
4361,overt,/oʊˈvɜːrt/,形容詞,明白な、公然の、隠さない,秘密にせず、誰もが気づくように堂々と「公然と行われている」様子を指します（overt hostility = 露骨な敵意）。対義語は covert（秘密の）。,,
4362,precocious,/prɪˈkoʊʃəs/,形容詞,早熟な、大人びた、おませな,年齢に比べて、知能や話し方、才能が驚くほど進んでいる「おませな、精神的成長の早い」子供を指します（precocious child）。,,
4363,utilization,/ˌjuːtələˈzeɪʃn/,名詞,利用、活用、稼働率,動詞 utilize（活用する）の名詞形。資源、空間、あるいは設備などを特定の目的のために効率よく「使うこと・実用」を指します。,,
4364,conjure,/ˈcɑːndʒər/,動詞,（魔法で）呼び出す、手品で出す、心に呼び起こす,魔法使いが呪文で何かをパッと出現させる意味のほか、conjure up で「過去の記憶や特定のイメージを鮮明に頭の中に呼び起こす」際にも多用されます。,,
4365,galvanize,/ˈɡælvənaɪz/,動詞,刺激して（急に行動を）起こさせる、活気づける、亜鉛メッキする,停滞している集団をショック療法的に刺激し、一気に「団結させて行動に駆り立てる」ことを意味します（galvanize action）。,,
4366,garnish,/ˈɡɑːrnɪʃ/,動詞、名詞,【動】（料理に）添え物をする、飾る、（給料などを）差し押さえる【名】（料理の）飾り、つま,料理の仕上げにパセリなどをそっと添えて「飾る」意味のほか、法律用語として負債返済のために他人の「給料や資産を差し押さえる（garnish wages）」意味もあります。,,
4367,existential,/ˌeɡzɪˈstenʃl/,形容詞,存在に関する、実存主義の、生存を脅かす,人間の生きる意味を問う「実存主義」のほか、近年は人類や国家の存亡に直結するような「生存に関わる脅威・重大事態」を指すのに使われます（existential threat）。,,
4368,vengeance,/ˈvendʒəns/,名詞,復讐、復讐心、仕返し,他人に受けた侮辱や被害に対する、激しいやり返しを指す文語的な言葉です。with a vengeance で「激しく、猛烈な勢いで」というイディオムになります。,,
4369,brash,/bræʃ/,形容詞、名詞,【形】生意気な、軽率な、あつかましい、派手派手しい【名】破片、にわか雨,自信過剰で、他者への配慮を欠いた「生意気でずうずうしい」若者などの態度を批判的に指します。,,
4370,goofy,/ˈɡuːfi/,形容詞,間の抜けた、おどけた、バカバカしい,ちょっとドジで愛嬌があり、親しみやすい「おどけた、ひょうきんな」様子を表現する口語です。ディズニーキャラクターのグーフィーの語源です。,,
4371,implacable,/ɪmˈplækəbl/,形容詞,宥めがたい、執念深い、和解できない、断固とした,怒りや憎しみが強すぎて、謝罪や説得をいくら受けても絶対に機嫌を直さない「冷酷で執念深い」敵や態度を指します（implacable enemy）。,,
4372,poignant,/ˈpɔɪnjənt/,形容詞,心に強く訴える、胸を刺すような、切ない、痛烈な,悲しみや哀愁の感情がとても強く、胸をキュンと締め付けるような切なさを表現します（poignant memory = 切ない思い出）。発音の g は読まないため注意。,,
4373,punitive,/ˈpjuːnətɪv/,形容詞,罰の、処罰のための、過酷な,違反者に対する「懲罰的な」措置を指します（punitive damages = 懲罰的損害賠償 / punitive measures = 処罰措置）。,,
4374,disband,/dɪsˈbænd/,動詞,（組織やグループを）解散する、解散させる,軍隊、バンド、政党、あるいは臨時のプロジェクトチームが活動を終えて、組織を「正式に解散する」ことを意味します（disband the band）。,,
4375,lofty,/ˈlɔːfti/,形容詞,非常に高い、高尚な、崇高な、お高くとまった,物理的な山の高さのほか、精神的な志や目標が極めて高いことを指します（lofty ideal = 崇高な理想）。また、高慢にお高くとまった態度も意味します。,,
4376,glowing,/ˈɡloʊɪŋ/,形容詞,赤々と燃える、白熱した、熱烈に褒めちぎる,暗闇で温かく光を放つ様子（glowing embers）のほか、他人やサービスを心から大絶賛する「熱烈に褒めるレビューや評価」を指します（glowing review）。,,
4377,therein,/ˌðerˈɪn/,副詞,その中に、その点で,書類や文章、あるいは特定の状況を指して「その記述の中に・その事実の内部に」という意味を表すフォーマルな文語です。,,
4378,cerebral,/səˈriːbrəl/,形容詞,脳の、大脳の、知的な、理知的な,医療用語の「大脳の（cerebral cortex = 大脳皮質）」のほか、感情に流されず極めて知的に物事を考える「理知的な、頭脳派の」性質を指します。,,
4379,abet,/əˈbet/,動詞,そそそそのかす、扇動する、加担する、手伝う,法律用語として、他人が犯罪や悪事を働くのを手伝ったりそそのかしたりする行為を指します。aid and abet（犯罪への幇助）のイディオムでよく使われます。,,
4380,vanguard,/ˈvænɡɑːrd/,名詞,先駆、先鋒、指導的立場、ヴァンガード（軍の前衛）,戦闘における最前列の部隊「前衛」の意味から転じて、新技術や社会運動を誰よりも早くリードする「先駆的なグループ・立場」を指します（be in the vanguard of...）。,,
4381,adjoining,/əˈdʒɔɪnɪŋ/,形容詞,隣接する、隣り合う,壁や境界線を1つ共有している隣の部屋や土地を指します（adjoining rooms = コネクティングルーム、隣同士の部屋）。,,
4382,eerie,/ˈɪri/,形容詞,不気味な、怪しい、身の毛のよだつような,物理的な説明がつかないような、奇妙でミステリアスな、背筋がゾクゾクするような不気味な状況や音を指します（eerie silence = 不気味な静けさ）。,,
4383,stagnant,/ˈstæɡnənt/,形容詞,停滞している、流れのない、活気のない,水たまりなどの流れがなくて濁った水（stagnant water）のほか、成長が完全に止まって「どんよりと停滞している景気や市場」を指します（stagnant economy）。,,
4384,contingent,/kənˈtɪndʒənt/,形容詞、名詞,【形】（～に）左右される、条件とする、不測の【名】（代表・派遣などの）分遣隊、グループ,ある決定やイベントが別の要因に「左右される、〜次第である（contingent on...）」という意味のほか、国際会議等に送られる公式の「代表派遣団」を指します。,,
4385,latent,/ˈleɪtnt/,形容詞、名詞,【形】潜在的な、潜伏している【名】潜在的な特徴,今はまだ表面化していないものの、内部に確実に隠されているポテンシャルやウイルスの「潜在・潜伏」状態を指します（latent ability = 潜在能力）。,,
4386,prescribed,/prɪˈskraɪbd/,形容詞,規定された、処方された、指示された,医者によって公式に「処方された薬（prescribed medicine）」のほか、あらかじめルールや法律でピタリと決められている「既定のルール」を指します。,,
4387,staggering,/ˈstæɡərɪŋ/,形容詞,驚くべき、圧倒的な、唖然とさせる、よろめくような,あまりにも数値や規模が大きすぎて、頭をガツンと殴られて千鳥足でよろめくほど「圧倒され、唖然とする」様子を表します（staggering cost = 途方もない金額）。,,
4388,wreckage,/ˈrekɪdʒ/,名詞,残骸、大破した跡,飛行機事故や自動車衝突、あるいは嵐などの激しいクラッシュによって、粉々に大破した後に残された「無残な残骸」を指します。,,
4389,flop,/flɑːp/,動詞、名詞,【動】ドサッと落ちる、へたり込む、大失敗する【名】ドサッと落ちること、大失敗,疲労でベッドにドサッとへたり込む動作のほか、期待されていた映画や製品が商業的に記録的な「大コケ・大失敗（box office flop）」に終わることを意味します。,,
4390,incite,/ɪnˈsaɪt/,動詞,扇動する、あおる、引き起こす,人々の怒りや憎しみの感情を意図的にあおって、暴動や抗議活動を「引き起こさせる・扇動する」行為を指します（incite violence = 暴力を扇動する）。,,
4391,pursuant,/pərˈsuːənt/,副詞、形容詞,【副】（pursuant to で）〜に従って、〜に基づいて【形】追跡する,主に法律やビジネスの書類で pursuant to... の形で、「〜の条項に従って・〜に基づいて」という前提を示す際に使われる極めて硬い契約表現です。,,
4392,warhead,/ˈwɔːrhed/,名詞,（ミサイルなどの）弾頭,ミサイルやロケットの先端に搭載される、爆薬（核兵器など）が詰められた「弾頭（nuclear warhead = 核弾頭）」を指します。,,
4393,interdisciplinary,/ˌɪntərˈdɪsəpləneri/,形容詞,学際的な、複数の学問分野にまたがる,1つの学問（学科 = discipline）だけに閉じこもらず、複数の異なる学問分野を横断・融合して研究やアプローチを行う様子を指します（interdisciplinary research）。,,
4394,scathing,/ˈskeɪðɪŋ/,形容詞,（批判などが）痛烈な、辛辣な,相手を厳しく非難・痛評するレビューやコメントを scathing review と呼びます。,,
4395,tyrant,/ˈtaɪrənt/,名詞,暴君、専制君主、横暴な人,絶対的な権力を持ち、残酷に人々を支配する歴史的な独裁者のほか、ワンマンで横暴なリーダーの比喩にも使われます。,,
4396,astute,/əˈstuːt/,形容詞,機敏な、抜け目のない、状況判断の的確な,ビジネスや政治などで、状況を即座に正しく見抜き、自分に有利な行動をとれる極めて「賢い・賢明な」様子を指します（astute businessman）。,,
4397,orbital,/ˈɔːrbɪtl/,形容詞、名詞,【形】軌道の、眼窩（がんか）の【名】軌道、環状道路,地球などの惑星や衛星が描く「軌道に関する」性質を指します（orbital flight = 軌道飛行）。,,
4398,alias,/ˈeɪliəs/,名詞、副詞,【名】別名、偽名【副】別名〜とも呼ばれる,本名を隠すための「偽名・通称」のほか、IT分野ではフォルダやファイルのリンク・ショートカット（エイリアス）を意味します。,,
4399,fumble,/ˈfʌmbl/,動詞、名詞,【動】（手元が狂って）もたつく、手探りする、ファンブルする【名】手もつれ、ファンブル,カバンの中で鍵を探して「手探りでゴソゴソする」こと（fumble for keys）や、アメフトなどでキャッチミスして落とすことを指します。,,
4400,whirlwind,/ˈwɜːrlwɪnd/,名詞、形容詞,【名】旋風、つむじ風【形】電撃的な、猛烈な,強い風の渦「つむじ風」の意味から転じて、極めて短い期間に猛烈な勢いで進む物事を形容します（whirlwind romance = 電撃結婚・電撃的な恋）。,,
4401,unjust,/ˌʌnˈdʒʌst/,形容詞,不公平な、不当な、正義に反する,正当な（just）の対義語。ルールや判決、あるいは扱いが不条理で道徳的・法的に偏っている状態を指します（unjust laws）。,,
4402,textual,/ˈtekstʃuəl/,形容詞,原文の、テキストの、文章の,本の原文や、データ内の「テキスト・テキスト情報に関連する」性質を指します（textual analysis = テキスト分析）。,,
4403,sleek,/sliːk/,形容詞、動詞,【形】艶のある、滑らかな、流線型の、洗練された【動】なでつける、ツヤをだす,毛並みがツヤツヤしている様子や、スポーツカーやガジェットのデザインがスマートで「無駄なく洗練された流線型である」様子を褒める表現です。,,
4404,amply,/ˈæmpli/,副詞,十分に、豊かに、たっぷり,形容詞 ample の副詞形。量や程度が、要求を満たすのに有り余るほど「たっぷり・十分に」備わっていることを示します（amply rewarded = 十分に報われる）。,,
4405,makeshift,/ˈmeɪkʃɪft/,形容詞、名詞,【形】間に合わせの、仮の、その場しのぎの【名】間に合わせ、代用品,正式な道具がないため、その場にある材料で取り急ぎ作った一時的なものを指します（makeshift shelter = 臨時の避難所）。,,
4406,unconventional,/ˌʌnkənˈvenʃənl/,形容詞,型破りな、因習にとらわれない、一風変わった,社会の常識や従来の形式（conventional）に従わず、極めてオリジナルで「独特・ユニークな」アプローチをとる様子を指します（unconventional methods）。,,
4407,writ,/rɪt/,名詞、動詞,【名】（裁判所などの）公式命令書、令状【動】古い write の過去分詞,裁判所や政府が正式に発行する、何かを命じる法的拘束力を持った「令状・命令書」を指します（writ of habeas corpus = 人身保護令状）。,,
4408,introspective,/ˌɪntrəˈspektɪv/,形容詞,内省的な、自己反省の,外部の出来事よりも、自分自身の心の内や感情を静かにじっくりと見つめ直す気質や状態を指します。名詞形は introspection。,,
4409,obscene,/əbˈsiːn/,形容詞,わいせつな、ひどく無作法な、法外な,性的で不快な「わいせつ行為」のほか、常識を超えて多額すぎる不平等な金額などを非難して「法外な・醜い」と表現します。,,
4410,apprehend,/ˌæprɪˈhend/,動詞,逮捕する、理解する、懸念する,警察が逃亡犯を「逮捕・拘束する（arrestにほぼ同様）」意味のほか、意味を完全に「理解する」、将来を「懸念する」という古い文学的意味もあります。,,
4411,gasp,/ɡæsp/,動詞、名詞,【動】（驚きなどで）ハッと息をのむ、あえぐ【名】息をのむこと、あえぎ,驚き、恐怖、あるいは冷たい水を浴びたショックで思わず「ハッと息を大きく吸い込む」動作を表します。,,
4412,expatriate,/ekˈspeɪtrieɪt/,名詞、動詞、形容詞,【名】海外在住者、国外追放された人【動】国外に追放する、祖国を捨てる【形】国籍を離脱した、海外に住む,ビジネスなどで祖国を離れ、数年間海外の現地オフィスに赴任して暮らしている専門職「海外駐在員（通称 expat）」を指します。,,
4413,heterosexual,/ˌhetərəˈsekʃuəl/,形容詞、名詞,【形】異性愛の、ノンケの【名】異性愛者,自分とは異なる性別の人に惹かれる「異性愛者（いわゆるストレート）」を指す学術・フォーマルな表現です。同性愛は homosexual。,,
4414,exult,/ɪɡˈzʌlt/,動詞,大喜びする、勝ち誇る,大勝利や悲願の達成、ライバルの敗北などを見て、心から狂喜乱舞して「大はしゃぎする・勝ち誇る」ことを表す文語的な言葉です。,,
4415,coy,/coy/ -> /kɔɪ/,形容詞,恥ずかしそうな、恥ずかしがって詳細を言いたがらない、猫をかぶった,恥ずかしがって（あるいは男の気を引くために意図的に）内気な態度を取る「もったいぶった、はにかんだ」様子を指します。,,
4416,heady,/ˈhedi/,形容詞,（お酒などが）酔わせる、興奮させる、刺激的な、向こう見ずな,アルコールの度数が強くてクラクラする感覚や、大成功や熱狂的な恋によって理性を失うほど「興奮してクラクラする」スリリングな興奮状態を表現します（heady mix）。,,
4417,embroil,/ɪnˈbrɔɪl/,動詞,（争いや面倒に）巻き込む、引き入れる,自分には直接関係がないはずの激しい口論、スキャンダル、あるいは戦争の泥沼に「深く巻き込まれてしまう」状況を表します（be embroiled in controversy）。,,
4418,affective,/əˈfektɪv/,形容詞,感情の、情緒的な,心理学用語で、認知や理性的ではなく人間の「感情や情緒、気分に関する」領域を指します（affective disorder = 気分障害）。効果的な effective との発音・スペル混同に注意。,,
4419,bipolar,/ˌbaɪˈpoʊlər/,形容詞、名詞,【形】極端に異なる2極を持つ、双極性の【名】双極性障害の人,北極と南極のように対照的な2つの極（磁極）があること。医学では躁（テンション高）と鬱（ロー）を繰り返す「双極性障害（bipolar disorder）」を意味します。,,
4420,bullish,/ˈbʊlɪʃ/,形容詞,（株価などが）強気の、上昇傾向の、強情な,金融市場において、猛牛（bull）が角を下から上に突き上げる動作に由来し、株価の先行きを楽観・期待する「強気の（上昇トレンドの）」姿勢を指します。弱気は bearish。,,
4421,adrift,/əˈdrɪft/,形容詞、副詞,【形】（船などが）漂流して、当てもなくさまよって【副】漂流して、迷って,動力や錨を失った船が海をプカプカと「漂流している」状態を指すほか、人生の目的を失って「当てもなくさまよっている」精神状態を表します（feel adrift）。,,
4422,overblown,/ˌoʊvərˈbloʊn/,形容詞,大げさな、誇張された、満開を過ぎた,実際よりも過剰に誇張され、騒がれすぎているニュースや危機を指します（overblown scandal / overblown reaction = 過剰反応）。,,
4423,aforementioned,/əˈfɔːrmenʃənd/,形容詞,前述の、前述した、前記の,契約書、法律文書、あるいは学術論文などで、「上記にすでに述べられた・前に言及した」事物を指すのに使われる極めてフォーマルな文語です。,,
4424,glean,/ɡliːn/,動詞,（情報などを苦労して）集める、拾い集める、落ち穂拾いをする,本来は刈り取り後の畑から麦の「落ち穂を拾い集める」意味から転じて、あちこちのソースを当たって、役立つ情報や事実を「少しずつ苦労して拾い集める」ことを意味します（glean information）。,,
4425,brandish,/ˈbrændɪʃ/,動詞、名詞,【動】（武器などを）これ見よがしに振り回す【名】振り回すこと,他人を脅したり自慢したりするために、ナイフ、刀、あるいはピストルなどの武器を手で「ぶんぶんと振り回す」危険な行為を指します。,,
4426,abdominal,/æbˈdɑːmɪnl/,形容詞、名詞,【形】腹部の、腹の【名】（abdominals で）腹筋,名詞 abdomen（腹部）の形容詞形。腹部の痛みを abdominal pain と呼びます。また、フィットネスでは複数形 abs / abdominals で「腹筋」を指します。,,
4427,curt,/kɜːrt/,形容詞,（態度や返事が）ぶっきらぼうな、簡短すぎて不躾な,返信や挨拶が極端に短く、冷淡で「ぶっきらぼうな・愛想がない」様子を指します（curt email / curt reply）。,,
4428,annul,/əˈnʌl/,動詞,無効にする、取り消す,法律、合意、あるいは「結婚（annulment = 婚姻無効）」を、最初から存在しなかったかのように法的に「完全に無効にする・取り消す」ことを指します。,,
4429,forlorn,/fərˈlɔːrn/,形容詞,孤独でみじめな、見捨てられた、絶望的な,誰も助けてくれる人がおらず、寂しそうにポツンと放置されて悲しんでいる様子を指します（forlorn child）。また、叶う見込みが極めて低い「はかない期待」を forlorn hope と言います。,,
4430,annex,/əˈneks/,動詞、名詞,【動】（領土などを）併合する、追加する【名】別館、ハナレ、付録,武力や条約によって他国の領土を強引に自国に「併合する（annexation）」という歴史・政治表現のほか、ホテルの「別館・アネックス」を指します。,,
4431,tawdry,/ˈtɔːdri/,形容詞、名詞,【形】安っぽくて派手な、けばけばしい、下品な【名】安物,見た目はギラギラと派手だが、実際には極めて低品質で安っぽく、センスのない「けばけばしい、品のない」事物やスキャンダルを指します。,,
4432,terrestrial,/təˈrestriəl/,形容詞、名詞,【形】地球の、陸上の、地上波の【名】地球の住人,宇宙や天体に対して「地球の」を指すほか、陸上で生きる「陸生生物（terrestrial animals）」、および「地上波テレビ放送（terrestrial TV）」を意味します。E.T.は「地球外生命体」の略です。,,
4433,whim,/wɪm/,名詞,気まぐれ、一時的な思いつき,深い考えがなく、その時の気分で思いついた「気まぐれな思いつき」を指します（on a whim = 気まぐれで、ふと思い立って）。,,
4434,rampant,/ˈræmpənt/,形容詞,蔓延している、（病気などが）猛威を振るう、はびこる,犯罪、病気、不正、あるいはインフレなどが、一切コントロールされることなく社会に「猛威を振るって蔓延している」不穏な状態を指します（inflation runs rampant）。,,
4435,devious,/ˈdiːviəs/,形容詞,曲がりくねった、ずる賢い、不誠実な,正直に行動せず、人をだまして裏工作をする「ずる賢い・二枚舌の」態度を指します（devious plan = 巧妙な企み）。,,
4436,quirky,/ˈkwɜːrki/,形容詞,風変わりな、癖のある、独自の魅力がある,普通とは少しズレていて「一風変わった、少し変わった癖のある」様子を、親しみや魅力を込めて肯定的に表現する際によく使われる言葉です。,,
4437,sardonic,/sɑːrˈdɑːnɪk/,形容詞,（冷笑的な）あざ笑う、冷ややかな、冷笑に満ちた,他人をバカにしたり、世間を斜めから見て浮かべる、不快で冷ややかな皮肉交じりの「あざ笑い」を指します（sardonic grin = 冷笑）。,,
4438,corroborate,/kəˈrɑːbəreɪt/,動詞,裏付ける、確証する,他人の証言や仮説を、新たな別の証拠やデータによって、間違いなく正しいと「裏付ける」ことを意味する裁判・学術用語です（corroborating evidence）。,,
4439,intestinal,/ɪnˈtestənl/,形容詞,腸の、腸内の,消化器官である「腸」に関する医学・健康用語です。腸内細菌は intestinal bacteria、腸管は intestinal tract。名詞は intestine（腸）。,,
4440,retrospective,/ˌretrəˈspektɪv/,形容詞、名詞,【形】回顧的な、過去を振り返る、遡及（そきゅう）する【名】回顧展,過去を振り返る「回顧」のほか、法律が過去に遡って適用される「遡及的効果（retrospective effect）」、および芸術家の長年の作品を集めた「回顧展」を指します。,,
4441,sleazy,/ˈsliːzi/,形容詞,安っぽい、だらしない、怪しい、不道徳な,衣服などがペラペラで安っぽいのほか、モラルが低くて「うさんくさく、だらしない、いかがわしい」人物やビジネスを指す軽蔑的な表現です。,,
4442,forestall,/fɔːrˈstɔːl/,動詞,先手を打って防ぐ、未然に防ぐ、出し抜く,敵の攻撃や、予期せぬトラブルを、相手より先に素早く行動を起こすことで「未然に防いで封じる」ことを意味します。,,
4443,forgo,/fɔːrˈɡoʊ/,動詞,（楽しみなどを）見送る、あきらめる、控える,予算不足や特定の目的のために、今回の旅行やご馳走などの楽しみをあえて「諦める・見送る」ことを指します（forgo a vacation）。,,
4444,canine,/ˈkeɪnaɪn/,形容詞、名詞,【形】犬の、イヌ科の【名】イヌ科の動物、犬歯,学術的に「イヌ科の動物」を指すほか、人間の鋭い「犬歯（糸切り歯）」も物理的に canine と呼びます。猫は feline、馬は equine。,,
4445,savvy,/ˈsævi/,名詞、動詞、形容詞,【名】実際的な知識、常識、理解力【動】理解する【形】経験豊富な、事情に精通した,会話やビジネスシーンで、特定の分野に極めて精通して「抜け目のない・実践的なノウハウを持っている」ことを意味します（tech-savvy = ITに強い）。,,
4446,antiquated,/ˈæntɪkweɪtɪd/,形容詞,古臭い、時代遅れの、旧式の,現代の技術や考え方には全く適合しなくなっている、化石のような「旧式の」システムやルールを少し批判的に表現します（antiquated system）。,,
4447,audacious,/ɔːˈdeɪʃəs/,形容詞,大胆不敵な、不敵な、無礼な,危険や失敗を全く恐れずに大勝負に出る「大胆不敵な」姿勢を称賛する意味と、常識やマナーに反してあまりにも「ずうずうしくて無礼な」態度を指す意味があります。,,
4448,austere,/ɔːˈstɪr/,形容詞,飾り気のない、質素な、厳しい、緊縮の,贅沢や無駄を一切排除した「質素な・ミニマリズムな」ライフスタイルのほか、国家の財政再建のための「緊縮財政（austere budget）」に使われます。,,
4449,fluorescent,/flɔːˈresnt/,形容詞、名詞,【形】蛍光（性）の、蛍光を発する【名】蛍光灯,オフィスなどの「蛍光灯（fluorescent lamp）」や、暗闇でまぶしく光る「蛍光塗料（fluorescent paint / neon colors）」を指します。,,
4450,outstrip,/ˌaʊtˈstrɪp/,動詞,追い越す、〜に勝る、凌駕する,ライバルのスピードを追い越すだけでなく、需要が供給をはるかに「上回る・凌駕する」というような規模の逆転を表現する高度な言葉です。,,
4451,hum,/hʌm/,動詞、名詞,【動】ハミングする、鼻歌を歌う、羽音を立てる、活気にあふれる【名】鼻歌、ハミング音、活気,口を閉じたままメロディを歌う「ハミング」のほか、パソコンのファンなどが発するブーンという不快な低い作動音を「ハム音」と呼びます。,,
4452,whimsical,/ˈwɪmzɪkl/,形容詞,気まぐれな、奇抜な、遊び心のある,名詞 whim（気まぐれ）の形容詞形。おとぎ話のように「ファンタジックで遊び心あふれる独特な世界観」を称える表現でもあります。,,
4453,extol,/ɪkˈstoʊl/,動詞,激賛する、褒めちぎる、賛美する,人物、功績、あるいは製品を、これ以上ないほど「熱烈に、最大級 of 賛辞を贈って称える」ことを意味する文語表現です（extol the virtues of...）。,,
4454,drizzle,/ˈdrɪzl/,名詞、動詞,【名】にわか雨、霧雨【動】霧雨が降る、ソースなどを細くかける,パラパラと降る細かい「霧雨（きりさめ）」のほか、料理の仕上げにオリーブオイルやチョコレートソースを、上から細く糸のように均一にタラーッとかけることも指します。,,
4455,vandalism,/ˈvændəlɪzəm/,名詞,（公共物などの）破壊行為、文化財破壊,公園のベンチ、駅の落書き、あるいは美術館の絵画などを、悪意やいたずら目的で不当に「破壊・損壊する犯罪行為」を意味します。,,
4456,retarded,/rɪˈtɑːrdɪd/,形容詞、名詞,【形】発達が遅れた、知的発達に障害のある【名】知能発達遅滞者（差別表現になるため注意）,成長や知能の発達が遅れている状態。現代では人を侮辱するスラング（「バカ」など）として使われることが多いため、他者への使用は避けるべき言葉です。,,
4457,abrupt,/əˈbrʌpt/,形容詞,突然の、不意の、無愛想な,何の前触れもなく、急に発生して驚かせるような「突然の変化」を指します（abrupt change = 突然の変化 / abrupt end = 突然の中止）。,,
4458,arcane,/ar-cane/ -> /ɑːrˈkeɪn/,形容詞,深遠な、秘密の、秘伝の、難解な,一部の専門家や選ばれた人だけが知っており、一般人には全く理解できない「難解でミステリアスな、秘密主義の」知識や手続きを指します。,,
4459,neural,/ˈnʊrəl/,形容詞,神経の、神経系の,人体や生物の「神経に関する」専門的な医学用語で、IT分野での脳の構造を模したAI技術「ニューラルネットワーク（neural network）」で有名です。,,
4460,vile,/vaɪl/,形容詞,極めて不快な、卑劣な、下品な,物理的に気分が悪くなるほどひどい匂いや味のほか、人間の道徳的に「実に卑劣で許しがたい」悪行を強く非難する強い形容詞です。,,
4461,translucent,/trænzˈluːsnt/,形容詞,半透明の、光を通す,透明（transparent）ではなく、すりガラスのように、光は通すが向こう側の輪郭がぼやけてクッキリ見えない「半透明の」状態を指します。,,
4462,degenerate,/dɪˈdʒenəreɪt/,動詞、形容詞、名詞,【動】退化する、堕落する、悪化する【形】退化した、堕落した【名】堕落した人、変質者,道徳的な水準、あるいは状況や病気が、時間の経過とともに「悪化して堕落・退化する」プロセスを意味します（degenerate into violence = 暴徒化する）。,,
4463,obliterate,/əˈblɪtəreɪt/,動詞,跡形もなく消し去る、抹殺する、滅ぼす,記憶、文章の文字、あるいは都市の痕跡などを、完全に粉砕して「跡形を残さず、綺麗に消し去る」ことを意味する強い動詞です（obliterate the memory）。,,
4464,falter,/ˈfɔːltər/,動詞、名詞,【動】よろめく、ためらう、口ごもる、鈍る【名】よろめき、ためらい,自信がなくなって決意が鈍ったり、疲れ果ててスピードが落ちて「息切れ・足踏みし始める」様子を指します（the economy faltered）。,,
4465,brazen,/ˈbreɪzn/,形容詞、動詞,【形】真鍮製の、ずうずうしい、厚かましい【動】ずうずうしく振る舞う,悪いことをしている自覚があるにもかかわらず、全く恥ずかしがらずに平気な顔をして堂々と居直っている「極めて厚かましい」態度を非難します（brazen lie = 白々しい嘘）。,,
4466,fluffy,/ˈflʌfi/,形容詞,ふわふわした、柔らかい,ひよこ、子猫、毛布、あるいは焼きたてのパンやオムレツが、空気を含んで「ふんわり、もこもこと柔らかい」状態を表す心地良い言葉です。,,
4467,faded,/ˈfeɪdɪd/,形容詞,色あせた、しなびた、衰えた,動詞 fade（色あせる）の過去分詞形容詞。太陽の光を浴びて色が薄くなった古着や、時間が経って「色あせた・薄れた」記憶を指します（faded memory）。,,
4468,inundate,/ˈɪnʌndeɪt/,動詞,殺到させる、水浸しにする、氾濫させる,洪水などで土地を「水浸しにする」物理的意味のほか、仕事の依頼や苦情、メールなどが一度に「殺到する」という比喩で多用されます（be inundated with emails）。,,
4469,meander,/ˈmiːændər/,動詞、名詞,【動】（川などが）蛇行する、あてもなくさまよう【名】蛇行、曲がりくねり,川や道がぐにゃぐにゃと左右に「曲がりくねって進む」様子や、目的地を決めずに「あてもなくのんびり歩き回る」様子を表します。,,
4470,luxurious,/lʌɡˈʒʊriəs/,形容詞,豪華な、贅沢な、高級な,名詞 luxury（贅沢）の形容詞形。高級ホテルの部屋や大理石のインテリアなど、非常に高額で快適・ゴージャスな様子を表します（luxurious hotel）。,,
4471,putative,/ˈpjuːtətɪv/,形容詞,推定上の、〜と信じられている、うわさの,確たる証明はないものの、一般に世間で「〜であると広く推定され、信じられている」状況を指します（putative father = 認知されていない推定上の父親）。,,
4472,sanguine,/ˈsæŋɡwɪn/,形容詞、名詞,【形】極めて楽観的な、自信に満ちた、血色の良い【名】赤褐色、血色,困難な状況にあっても、未来に対して明るい見通しを抱き、非常に「楽観的で前向きである」態度を指す高度な言葉です（be optimistic に同様）。,,
4473,entrench,/ɪnˈtrentʃ/,動詞,（習慣などを）強固にする、定着させる、塹壕で囲む,陣地（塹壕）を掘ってしっかり守ることから転じて、特定の古い習慣、価値観、あるいは既得権益を簡単に動かないように「強固に定着させる」ことを指します（deeply entrenched beliefs）。,,
4474,deride,/dɪˈraɪd/,動詞,鼻で笑う、嘲笑する、嘲る,他人のまじめな努力やアイデアを「ばかばかしい」と嘲笑し、軽蔑しておとしめる行為を指す硬い言葉です（ridicule に同様）。,,
4475,volatility,/ˌvɑːləˈtɪləti/,名詞,揮発性、ボラティリティ（価格変動の激しさ）、激変しやすさ,金融取引において、株価や為替の価格変動がどれだけ激しく乱高下しているかという「変動リスク・価格の不安定さ（high volatility）」を表す超重要語です。,,
4476,flinch,/flɪntʃ/,動詞、名詞,【動】（痛みや恐怖で）身をすくめる、たじろぐ、ひるむ【名】身をすくめること,飛んできたボールに対して、防衛本能的に「クッと身をすくめてのけぞる」動作を表します。また、困難にひるむことなく立ち向かうことを without flinching と言います。,,
4477,vindication,/ˌvɪndɪˈkeɪʃn/,名詞,無実の証明、正しさの立証、名誉挽回,濡れ衣や疑いを晴らして無罪であることを「完全に証明すること」、あるいは自分のこれまでの主張や行動が間違いなく正しかったと結果で示すこと（立証）です。,,
4478,diabetic,/ˌdaɪəˈbetɪk/,形容詞、名詞,【形】糖尿病の【名】糖尿病患者,血糖値のコントロールが難しくなる「糖尿病（diabetes）」に関する医学用語です。,,
4479,incendiary,/ɪnˈsendieri/,形容詞、名詞,【形】放火の、発火性の、扇動的な【名】放火魔、焼夷弾,爆発物などの「発火性の（incendiary bomb = 焼夷弾）」のほか、人々の怒りに火をつける「扇動的な、過激な」スピーチや文書を指します。,,
4480,vernacular,/vərˈnækjələr/,名詞、形容詞,【名】日常語、俗語、現地語、地方独自の建築【形】日常の、現地の,外国語や標準的な文語ではなく、特定の地域の人々が日常会話で当たり前に使っている「その土地ならではの日常語・方言」を指します。,,
4481,adjacent,/əˈdʒeɪsnt/,形容詞,隣接する、隣り合った、近くの,隣り合っている部屋（adjacent room）や、境界線を共有しているすぐ隣の土地・建物を指す少し硬い地理・不動産用語です。,,
4482,nominal,/ˈnɑːmɪnl/,形容詞,名目上の、ごくわずかな、名詞の,肩書きだけで実権のない「名目上のリーダー」のほか、金額がタダ同然でごくわずかであることを指します（nominal fee = 名目だけのわずかな手数料）。,,
4483,opaque,/oʊˈpeɪk/,形容詞、名詞,【形】不透明な、分かりにくい、くすんだ【名】不透明体,ガラスなどが光を全く通さず向こうが見えない「不透明な」状態を指すほか、企業の意思決定プロセスや取引内容が怪しくて「不透明である」ことを意味します（opaque process）。,,
4484,scrupulous,/ˈskruːpjələs/,形容詞,几帳面な、細心の注意を払った、良心的な、誠実な,ルールや道徳に従って寸分の抜け漏れもなく几帳面に物事を行う様子（scrupulous attention to detail）や、嘘をつかない「良心的な・誠実な」態度を指します。,,
4485,crappy,/ˈkræpi/,形容詞,最低の、くだらない、質の悪い,shitty や lousy と同様に、サービスや製品、あるいは体調や天気が「最悪である・クソみたいな」状態を非難するカジュアルなスラングです。,,
4486,drench,/drentʃ/,動詞、名詞,【動】ずぶ濡れにする、びしょ濡れにする【名】ずぶ濡れ、浸液,土砂降りの雨などに降られて、衣類や髪の毛が水をたっぷり吸って重くなるほど「びしょ濡れになる」ことを意味します（be drenched to the skin）。,,
4487,overstate,/ˌoʊvərˈsteɪt/,動詞,誇張する、大げさに言う,事実を誇張する（exaggerateにほぼ同様）ことを意味し、ビジネスなどでの業績や影響力を「実態より大げさにアピールする」際によく使われます。対義語は understate。,,
4488,insidious,/ɪnˈsɪdiəs/,形容詞,陰険な、潜伏性の、知らないうちに進行する、悪辣な,急激にではなく、本人が全く気づかないうちに裏でジワジワと進行し、気づいた時には深刻なダメージを与えている病気や害悪を指します（insidious disease）。,,
4489,lush,/lʌʃ/,形容詞、名詞、動詞,【形】（草木が）青々と生い茂った、豊かな、豪華な【名】大酒飲み【動】酒を飲む,雨の多い森のように、植物が水分を含んでみずみずしく、こんもりと「青々と生い茂っている」美しい様子を表します（lush green forest）。,,
4490,condone,/kənˈdoʊn/,動詞,容認する、許す、黙認する,悪い行為やルール違反に対して、厳しく罰せず、大目に見て「見て見ぬふりをする（黙認する）」ことを意味します（We do not condone violence = 暴力を一切容認しない）。,,
4491,arid,/ˈærɪd/,形容詞,乾燥した、不毛な、砂漠の、退屈な,年間降水量が極端に少なく、砂漠のようにカラカラに「乾燥して草木が育ちにくい」気候や土地を指します（arid climate = 乾燥気候）。,,
4492,deft,/deft/,形容詞,器用な、巧みな、すばやい,手先や体の動き、あるいは問題への対応が、無駄なく「器用で、洗練されて素早い」様子を称賛する言葉です（deft handling of the situation = 巧みな対処）。,,
4493,nimble,/ˈnɪmbl/,形容詞,素早い、俊敏な、身軽な、（頭の回転が）速い,体が軽々とすばしっこく動く「俊敏な（nimble fingers = 器用な指先）」様子や、頭の回転が非常にはやい様子を指します。,,
4494,auditory,/ˈɔːdɪtɔːri/,形容詞,聴覚の、耳の,視覚（visual）や触覚（tactile）に対して、音を感知する「耳・聴覚に関連する」医学・認知用語です（auditory cortex = 聴覚野）。,,
4495,accrue,/əˈkruː/,動詞,（利息などが）生じる、蓄積する、増える,時間の経過とともに、銀行の利息、マイル、あるいは利益・権利などが「自然にジワジワと発生して積み重なる」ことを意味するビジネス・金融用語です。,,
4496,dearly,/ˈdɪrli/,副詞,心から、痛切に、（代償が）極めて高く,「心から深く愛している（love someone dearly）」という意味のほか、失敗によって「極めて高い代償を払わされる（pay dearly for the mistake）」という際にも使われます。,,
4497,ostensibly,/ɑːˈstensəbli/,副詞,表向きは、うわべは,建前や表向きはそう発表・表示されているが、実際の本心や裏の事情は全く別である、というニュアンスを含めて説明する際に便利な副詞です（apparentlyに同様）。,,
4498,incompatible,/ˌɪnkəmˈpætəbl/,形容詞,相容れない、両立しない、互換性のない,意見や性格が衝突してどうしても「両立しない」関係を指すほか、IT分野でソフトウェアがOSと合わず起動しない「互換性がない」状態を指します。,,
4499,obsessive,/əbˈsesɪv/,形容詞、名詞,【形】取り憑かれたような、過剰な、脅迫的な【名】執念深い人,特定のこだわり、清潔さ、あるいは人物に対して、異常なほど執着し、自分をコントロールできなくなっている様子を指します（obsessive behavior）。,,
4500,prodigious,/prəˈdɪdʒəs/,形容詞,巨大な、並外れた、驚異的な,才能、量、金額、あるいは胃袋のキャパシティなどが、通常の基準をはるかに超越して「驚異的に大きい」ことを称賛する少し格調高い言葉です（prodigious talent）。,,
4501,fickle,/ˈfɪkl/,形容詞,気まぐれな、移り気な、変わりやすい,意見や好みがコロコロと変わり、信用しにくい人の気質や、変わりやすい山の天候などを指します（fickle weather）。,,
4502,inscribe,/ɪnˈskraɪb/,動詞,（文字などを）刻む、記す、登録する,石碑やプレゼントの指輪などの表面に、記念の文字や名前を「クッキリと刻み込む・書き入れる」ことを意味します（inscribe names）。,,
4503,canny,/ˈkæni/,形容詞,抜け目のない、慎重な、賢い、うまい,主にビジネスや金銭的な判断において、騙されることなく自分に有利にやりくりする、非常に「抜け目のない、賢明な」様子を指します。,,
4504,deplete,/dɪˈpliːt/,動詞,使い果たす、激減させる、枯渇させる,資源、資金、貯蓄、あるいはエネルギーを、消費によって底をつく寸前まで「激減させる、枯渇させる」ことを意味します。,,
4505,charred,/tʃɑːrd/,形容詞,黒焦げになった、炭化した,動詞 char（炭化させる）の過去分詞形容詞。火災の後の木材や、焼きすぎて真っ黒になったお肉などを指して「黒焦げの」と表現します。,,
4506,disparate,/ˈdɪspərət/,形容詞、名詞,【形】全く異なる、異質の、共通点のない【名】異質のもの,単に違う（different）というだけでなく、性質があまりにもかけ離れていて、比較のしようがない「本質的に異質な」複数の要素を指します（disparate groups）。,,
4507,hideous,/ˈhɪdiəs/,形容詞,恐ろしく醜い、ゾッとするような、ひどく嫌な,容姿や建物のデザインが極めて「醜い」ことや、凄惨な事件などを聞いて「ゾッとするような・おぞましい」不快感を強く抱く状況を表します（hideous crime）。,,
4508,irate,/aɪˈreɪt/,形容詞,激怒した、怒り狂った,企業のひどい不手際などに対して、頭から湯気を立てて烈火のごとく「激怒している」顧客や人々を指すのに使われる言葉です（irate customer）。,,
4509,capitulate,/kəˈpɪtʃuleɪt/,動詞,降伏する、条件付きで降伏する、屈する,敵軍や強い交渉圧力に対して、これ以上抗うことができずに最終的に「降伏して降参する」ことを意味する、外交・歴史などの硬い言葉です。,,
4510,cull,/cull/ -> /kʌl/,動詞、名詞,【動】（数を減らすために）間引く、選び集める、処分する【名】間引き、淘汰,野生動物の過剰繁殖を防ぐために特定の数を公的に駆除・「間引く」ことや、散らばった資料から必要なものだけを「選び抜いてまとめる」ことを指します。,,
4511,speculative,/ˈspeculative/ -> /ˈspekjələtɪv/,形容詞,投機的な、不確かな、思索的な、推測に基づく,確たる証拠なしにあれこれ考える「推測に基づく」のほか、短期的な一攫千金を狙うハイリスクな株式・不動産投資を「投機的な（speculative investment）」と呼びます。,,
4512,vet,/vet/,動詞、名詞,【動】（適性などを）厳しく審査する、調査する、治療する【名】獣医、退役軍人（veteranの略）,雇用する前に、身元や経歴、過去の不祥事がないかを「厳密に審査する」ことを指す重要なビジネス口語です（fully vetted candidate）。また、獣医（veterinarian）の略でもあります。,,
4513,frigid,/ˈfrɪdʒɪd/,形容詞,極寒の、ひどく冷たい、冷淡な、性的に不感症の,北極のように凍りつくような「極寒の」気候を指す（frigid weather）ほか、人間関係での「ひどく冷ややかな」態度を指します。,,
4514,flounder,/ˈflaʊndər/,動詞、名詞,【動】（泥沼などで）もがく、まごつく、混迷する【名】もがき、かれ（魚の一種）,深い泥や雪に足をとられてもがく動作のほか、ビジネスや経済が方向性を見失って泥沼の中で「混迷する、もたつく」様子を表します。,,
4515,leisurely,/ˈliːʒərli/,形容詞、副詞,【形】のんびりした、急がない【副】のんびりと、急がずに,時間に追われることなく、リラックスして楽しむ「のんびりとした」動作を表します（leisurely stroll = のんびりとした散歩）。,,
4516,affiliated,/əˈfɪlieɪtɪd/,形容詞,提携している、系列の、加入している,親会社やメインの団体と正式にパートナー契約を結び、ぶら下がっている「提携会社・系列グループ」を指します（affiliated company）。,,
4517,gild,/gild/ -> /ɡɪld/,動詞、名詞,【動】金メッキする、金箔を貼る、うわべを飾る【名】（中世の）ギルド、同業者組合,物体の表面に本物の金を薄く「金メッキする」こと。また、比喩的に余計な美辞麗句を並べて「うわべを飾り立てる」こと（gild the lily）にも使われます。同業者組合「ギルド」と同じ発音です。,,
4518,contemplative,/kənˈtemplətɪv/,形容詞,瞑想的な、沈思黙考する、物思いにふける,静かに深く考えをめぐらせている状態や気質を指します。動詞は contemplate（深く考える）。,,
4519,dissipate,/ˈdɪsɪpeɪt/,動詞,（煙や雲が）消散する、散らす、浪費する,霧やタバコの煙が空気中にふわっと「消えてなくなる」こと、あるいは財産やエネルギーをくだらないことに「無駄に使い果たす・浪費する」ことを意味します。,,
4520,hasten,/ˈheɪsn/,動詞,急がせる、早める、急いで行く,手続きや回復を「スピードアップさせて早める（hasten recovery）」ことや、目的地に向かって急いで移動することを意味します。,,
4521,amidst,/əˈmɪdst/,前置詞,〜の最中に、〜の渦中に、〜に囲まれて,混乱や騒ぎなどの「真っ最中に・渦中に（amidst chaos）」、あるいは何かに囲まれて位置する状態を表す少し古風・文語的な前置詞です。,,
4522,trinity,/ˈtrɪnəti/,名詞,三位一体、3つからなるもの,キリスト教の「三位一体」を指す宗教用語のほか、3つの異なる要素が完璧に調和して1つにまとまっている状態を意味します。,,
4523,infringe,/ɪnˈfrɪndʒ/,動詞,侵害する、違反する,他人の権利、特許、プライバシーを不当に侵す（infringe on someone's rights）こと、または法律に違反することを意味します。,,
4524,wrath,/ræθ/,名詞、動詞,【名】激怒、憤怒、神の怒り【動】怒る,anger より激しく、かつ厳かで神聖な「激しい怒り、憤怒」を表現する格調高い言葉です（wrath of God = 神の怒り）。,,
4525,dazzling,/ˈdæzlɪŋ/,形容詞,目をくらませるような、まばゆい、極めて素晴らしい,強い太陽光で目が眩む（dazzle）ほど明るい光のほか、並外れた美貌、あるいは見事な才能に圧倒される様子を称賛します（dazzling smile）。,,
4526,ghastly,/ˈɡæstli/,形容詞、副詞,【形】恐ろしい、青ざめた、ぞっとするような、ひどく不快な【副】恐ろしく,凄惨な事件現場などの「背筋が凍るほどおぞましい」様子や、事故を知って顔が「真っ青にこわばっている」外見、最悪な天気・経験を表現します（ghastly accident）。,,
4527,intimately,/ˈɪntəmətli/,副詞,親密に、詳細に、緊密に、個人的に,人間関係が極めて親しく深い様子のほか、特定のビジネスや分野の中身について「知り尽くしている・熟知している」ことを意味します（be intimately acquainted with...）。,,
4528,genteel,/dʒenˈtiːl/,形容詞,育ちが良い、上品な、洗練された、気気取った,上流階級のように、話し方や立ち振る舞いが優雅で「上品・洗練されている」様子を指しますが、時に「上品ぶって気取っている」と揶揄するニュアンスも持ちます。,,
4529,addictive,/əˈdɪktɪv/,形容詞、名詞,【形】中毒性の、やみつきになる【名】依存性の物質,アルコールやギャンブルなどの「依存症を誘発する・やみつきになる」性質を指し、ポテトチップスなどを「ついつい何度もやってしまう」カジュアルなやみつきにも使われます。,,
4530,rabid,/ˈræbɪd/,形容詞,狂犬病にかかった、猛烈な、過激な、狂信的な,狂犬病（rabies）にかかって狂暴化している犬を指すほか、特定の主義やファンとしての熱量が常軌を逸して「過激・狂信的である」様子を表します（rabid fan）。,,
4531,clinch,/klɪntʃ/,動詞、名詞,【動】（勝利や取引を）決定づける、確実にする、ボクシングでクリンチする【名】クリンチ、決定打,最終決戦で勝利を掴み取ること（clinch the title）や、長引いた交渉でついに「取引を成立・確定させる（clinch the deal）」ことを意味します。,,
4532,malign,/məˈlaɪn/,動詞、形容詞,【動】悪口を言う、中傷する【形】悪意のある、有害な,他人の名誉を傷つけるために、事実無根の「悪口・中傷を公然と言いふらす」行為を指します（speak ill of の硬い表現）。,,
4533,quintessential,/ˌkwɪntɪˈsenʃl/,形容詞,典型的な、神髄を示す、代表的な,あるジャンルや文化の特徴を完璧に体現している「これぞ、最も代表的な・典型例である」という事物を称賛する表現です（quintessential English cottage = 典型的な英国コテージ）。,,
4534,loot,/luːt/,動詞、名詞,【動】（暴動などの混乱に乗じて）略奪する、盗む【名】略奪品、盗品、戦利品,戦争や大規模な暴動、自然災害のパニックに乗じて、無人になった商店から商品を力ずくで「強奪・略奪する」犯罪行為を指します。,,
4535,martian,/ˈmɑːrʃn/,名詞、形容詞,【名】火星人【形】火星の、火星人の,火星（Mars）の住人、あるいは火星に関する事物。通常は頭文字を大文字にして Martian と表記します。,,
4536,womb,/wuːm/,名詞,子宮、発生の地,女性やメス動物の「子宮（uterusに同様、より日常的）」を指す言葉です。発音の b は黙字で読まないため注意。,,
4537,acquit,/əˈkwɪt/,動詞,無罪を言い渡す、放免する、（責務を）果たす,裁判で、被告人が無実であると公式に「無罪判決を下す（acquit of the charges）」ことを意味します。名詞形は acquittal。,,
4538,fret,/fret/,動詞、名詞,【動】思い悩む、やきもきする、いらいらする、すり減る【名】いらいら、焦り、フレット（ギターの指板にある突起）,自分でどうにもできない小さな心配事について、クヨクヨと「やきもき・思い悩む」動作を指します（Don't fret about it = 気に病むな）。,,
4539,fervent,/ˈfervent/ -> /ˈfɜːrvənt/,形容詞,熱烈な、強烈な、パッションあふれる,特定の信念、平和への願い、あるいはファンとしての熱意が、非常に真剣で「熱烈である」様子を指します（fervent hope = 切なる願い）。,,
4540,touchy,/ˈtʌtʃi/,形容詞,怒りっぽい、神経質な、（テーマなどが）デリケートで扱いが難しい,些細なことでパッと腹を立てる「ピリピリして怒りっぽい」人の性格のほか、気軽に触れてはいけない「非常にデリケートで扱いが難しいテーマ」を指します（touchy subject）。,,
4541,humiliating,/hjuːˈmɪlieɪtɪŋ/,形容詞,屈辱的な、恥をかかせるような,動詞 humiliate（恥をかかせる）の現在分詞形容詞。人前で大失敗したり惨めな負け方をして、ひどく「プライドを傷つけられ屈辱的である」様子を表します（humiliating defeat = 屈辱的な敗北）。,,
4542,lavish,/ˈlævɪʃ/,形容詞、動詞,【形】豪華な、贅沢な、気前の良い【動】惜しみなく与える,お金を湯水のように使った「超豪華な」パーティーや（lavish lifestyle）、他人に賛辞や贈り物を「惜しみなくたっぷりと与える（lavish praise on...）」行為を指します。,,
4543,disposable,/dɪˈspoʊzəbl/,形容詞、名詞,【形】使い捨ての、自由に使える【名】使い捨て製品,1回きりで捨てる「使い捨てカメラ（disposable camera）」や「使い捨てコップ」のほか、自由に使えるお金を「可処分所得（disposable income）」と呼びます。,,
4544,grope,/ɡroʊp/,動詞、名詞,【動】手探りする、暗中模索する、痴漢行為をする【名】手探り、痴漢行為,暗闇の中で壁や物を「手探りする」動作のほか、他人の体を不当に触る「痴漢（性的嫌がらせ）」の意味でも使われます。,,
4545,collegiate,/kəˈliːdʒiət/,形容詞、名詞,【形】大学（生）の、大学風の【名】大学生,大学や大学生に関連する事物を表す形容詞です（collegiate sports = 大学スポーツ）。,,
4546,insatiable,/ɪnˈseɪʃəbl/,形容詞,飽くなき、貪欲な、満たされない,知識、富、あるいは食欲などへの欲求が強すぎて、いくら与えられても決して満足しない様子を指します（insatiable appetite）。,,
4547,err,/ɜːr/,動詞,過ちを犯す、間違える、それる,動詞 error の語源にあたる古典的な言葉。To err is human.（過ちを犯すのは人間）という有名な格言でお馴染みです。,,
4548,motley,/ˈmɑːtli/,形容詞、名詞,【形】雑多な、寄せ集めの、斑（まだら）の【名】まだらの衣服、寄せ集め,共通点のない異質な人々や物が集まっている「寄せ集めの」様子を少し皮肉を込めて表現します（motley crew）。,,
4549,noteworthy,/ˈnoʊtwɜːrði/,形容詞,注目に値する、顕著な、価値ある,非常に重要、あるいはユニークで「メモを取る（note）に値する（worthy）」興味深い事象を指します（noteworthy achievement）。,,
4550,lunge,/lʌndʒ/,動詞、名詞,【動】急に突進する、飛びかかる【名】突進、突き、ランジ（筋トレ）,攻撃や獲物を捕らえるために、体を前方にクッと「急激に投げ出す・突進する」動作を指します（lunge forward）。,,
4551,brutally,/ˈbruːtəli/,副詞,野蛮に、容赦なく、冷酷に、痛烈に,暴力の残酷さを指すほか、会話では「お世辞抜きで耳の痛い真実を率直に言う」ことを brutally honest と呼びます。,,
4552,detonate,/ˈdetəneɪt/,動詞,爆発させる、点火する、爆発する,ダイナマイトや爆弾などの火薬を「急激に爆破・点火させる」ことを意味する専門的な動詞です。名詞形は detonation。,,
4553,raucous,/ˈrɔːkəs/,形容詞,騒々しい、騒がしい、（声が）ハスキーな・耳障りな,居酒屋などの客が酔っ払って大声で「ガヤガヤと騒がしく騒いでいる」騒々しい様子や、ダミ声を指します（raucous crowd）。,,
4554,mortify,/ˈmɔːrtɪfaɪ/,動詞,屈辱を感じさせる、ひどく恥をかかせる、（肉欲などを）抑制する,人前でひどい恥をかかされ、穴があったら入りたいほど「強烈な屈辱やきまずさを感じさせる」ことを意味します（feel mortified）。,,
4555,infest,/ɪnˈfest/,動詞,（害虫・害獣が）はびこる、横行する、大挙して出没する,シロアリ、ネズミ、ゴキブリ、あるいは泥棒などの不快な存在が、特定の場所に「大量に発生してはびこる」ことを意味します（be infested with rats）。,,
4556,tuberculosis,/tuːˌbɜːrkjəˈloʊsɪs/,名詞,結核,結核菌によって主に肺が侵される、かつて死病と恐れられた感染症「結核」を指す正式な医学用語です（通称 TB）。,,
4557,coronary,/ˈcɔːrəneri/,形容詞、名詞,【形】冠状（動脈）の【名】冠状動脈、心臓発作,心臓を覆う重要な血管「冠状動脈」に関する医学用語です。冠状動脈疾患（coronary artery disease）などで頻出します。,,
4558,exacerbate,/ɪɡˈzæsərbeɪt/,動詞,悪化させる、さらに怒らせる、こじらせる,すでに悪い状態（病気の症状、人間関係、あるいは問題など）を、さらに深刻にして「悪化させる」ことを意味する高度な単語です。,,
4559,horribly,/ˈhɔːrəbli/,副詞,恐ろしく、ひどく、ものすごく,形容詞 horrible の副詞形。結果や状況が極めて悪くて不快な様子や、程度が「恐ろしく・もの凄く」激しいことを強調します。,,
4560,momentarily,/ˌmoʊmənˈterəli/,副詞,一時的に、ほんの一瞬、まもなく（米）,「ほんの一瞬だけ」という意味のほか、アメリカ英語の口語では「まもなく、すぐに（soon）」という意味でもよく使われます。,,
4561,loom,/luːm/,動詞、名詞,【動】ぼんやり現れる、迫り来る【名】織機、織り機,霧の中から、巨大な建物や危機が、ぬうっと「不気味にぼんやり現れて迫り来る」様子を指します（The deadline is looming = 締め切りが迫っている）。,,
4562,nibble,/ˈnɪbl/,動詞、名詞,【動】（少しずつ）かじる、一口かじる【名】ひとかじり、少量のおつまみ,リスやウサギが食べ物をちびちびと「少しずつかじる」動作を表します。,,
4563,verification,/ˌverɪfɪˈkeɪʃn/,名詞,検証、証明、実証、確認,データや身元、仮説が間違いなく正しいかどうかを「裏付け・検証する」プロセスを指します（2-step verification = 2段階認証）。,,
4564,deserving,/dɪˈzɜːrvɪŋ/,形容詞,価値がある、〜に値する、報われるべき,動詞 deserve（値する）の現在分詞形容詞。支援や高い評価を受けるだけの「資格・価値がある」状態を指します。,,
4565,impromptu,/ɪmˈprɑːmptuː/,形容詞、副詞、名詞,【形】即興の、準備なしの【副】即興で【名】即興曲,事前の準備や練習を全く行わず、その場のノリや流れで急遽実施するスピーチや演奏などを指します（impromptu speech）。,,
4566,insofar,/ˌɪnsoʊˈfɑːr/,副詞,（insofar as で）〜する限りにおいて、〜の範囲では,接続詞的に insofar as... の形で、「～する限りでは、～の範囲においては」という条件や限界を示す際に使われる硬い表現です。,,
4567,ooze,/uːz/,動詞、名詞,【動】にじみ出る、したたる、じわじわ漂わせる【名】にじみ出ること、ドロ、粘土,血液や膿がにじみ出る動作のほか、人物が自信などを「じわじわと体中から漂わせる（ooze confidence）」という比喩表現にもよく使われます。,,
4568,ballistic,/bəˈlɪstɪk/,形容詞,弾道の、弾道学の,投射物が重力に従って飛ぶ性質を指し、「弾道ミサイル（ballistic missile）」でお馴染みです。,,
4569,greasy,/ˈɡriːsi/,形容詞,油っこい、ぎとぎとした、お世辞たらたらの,ポテトなどの「油っぽい食べ物（greasy food）」を指すほか、態度がうさんくさく「お世辞たらたら・調子が良い」人物を非難します。,,
4570,engulf,/ɪnˈɡʌlf/,動詞,飲み込む、巻き込む、包み込む,巨大な波、大火災、あるいは戦争や不安が、対象を丸ごとすっぽりと「飲み込む、包み込んで壊滅させる」ことを意味します（engulfed in flames）。,,
4571,ceremonial,/ˌserɪˈmoʊniəl/,形容詞、名詞,【形】儀式（用）の、儀式的な、公式の【名】儀式、礼法,名詞 ceremony の形容詞形。実用ではなく、公式な式典や伝統的な形式のために用いられる事物や服を指します。,,
4572,prodigy,/ˈprɑːdədʒi/,名詞,神童、天才児、驚異的なもの,幼い頃からモーツァルトのように並外れた芸術や数学の才能を発揮する子供を「神童（child prodigy）」と呼びます。,,
4573,provisional,/prəˈvɪʒənl/,形容詞、名詞,【形】仮の、暫定的な、条件付きの【名】仮の取り決め,正式な決定が下されるまでのあいだ、とりあえず一時的に設ける「暫定的な」計画や予算などを指します（provisional license = 仮免許）。,,
4574,extremist,/ɪkˈstriːmɪst/,名詞、形容詞,【名】過激派、極端主義者【形】過激な,思想や宗教において、自らの極端な理念を押し通すために、時にテロや暴力すら辞さない「過激な活動家・極端主義者」を指します。,,
4575,wee,/wee/ -> /wiː/,形容詞、名詞、動詞,【形】極めて小さい、ちっちゃな、ちびちびした【名】おしっこ【動】おしっこをする,スコットランド英語などで very small の口語として好まれる、ちっちゃくて可愛いものを指す言葉です（a wee bit = ほんのちょっぴり）。,,
4576,worthy,/ˈwɜːrði/,形容詞、名詞,【形】〜に値する、ふさわしい、尊敬すべき【名】著名人、立派な人,ある評価や報酬を受けるだけの十分な価値がある状態を指します（worthy cause = 支援に値する価値ある活動）。,,
4577,aggregate,/ˈæɡrɪɡət/,名詞、形容詞、動詞,【名】総計、集合体、骨材【形】総計の、集まった【動】集める、総計する,バラバラのデータを1つにまとめて集計した「総計・集計データ（aggregate data）」を指す、データ分析や経済学の重要用語です。,,
4578,nightly,/ˈnaɪtli/,形容詞、副詞,【形】夜ごとの、毎夜の、夜間の【副】夜ごとに、毎晩,daily（毎日の）や weekly（毎週の）の夜版で、「毎晩行われる」テレビニュースやルーティンなどに使われます（nightly news）。,,
4579,warren,/ˈwɔːrən/,名詞,繁殖地、過密住宅街、迷路のような場所,ウサギの巣穴が地中で複雑に繋がり合っている場所の意味から転じて、狭い小道やアパートが密集して「迷路のように入り組んだ場所」を比喩的に指します。,,
4580,lurch,/lɜːrtʃ/,動詞、名詞,【動】急に傾く、よろめく【名】急な傾き、よろめき、苦境,乗り物が急な衝撃などでガクンと「急に傾く」動作を表します。leave someone in the lurch で「人を苦境に置き去りにする、見捨てる」となります。,,
4581,spooky,/ˈspuːki/,形容詞,不気味な、お化けが出そうな、怖がりの,お化け屋敷や古い洋館のような、不気味でちょっとおどろおどろしい雰囲気を表現するカジュアルな語です（spooky house）。,,
4582,apprehensive,/ˌæprɪˈhensɪv/,形容詞,不安な、心配している、気遣っている,将来起こるかもしれない悪い出来事に対して、ビクビクと「不安や懸念を抱いている」状態を表現します（be apprehensive about...）。,,
4583,classy,/ˈklæsi/,形容詞,高級な、上品な、格好いい、一流の,洋服、インテリア、あるいは立ち振る舞いがスタイリッシュで、クラス（格・品位）が高い「上品でセンスが抜群な」様子を褒めるカジュアルな表現です。,,
4584,consummate,/ˈcɑːnsəmət/ -> /ˈkɑːnsəmət/,形容詞、動詞,【形】完璧な、至高の、極上の【動】完成させる、極める、結婚を完了させる,技術や芸術が完璧に極まっており、これ以上のレベルはないという「最高の、一流の」熟練度を指します（consummate professional）。,,
4585,glib,/ɡlɪb/,形容詞,口達者な、軽薄な、うわべだけの、ペラペラしゃべる,喋りは非常に流暢で口がうまいものの、誠実さが欠けていて「うわべだけの、軽薄で信用しにくい」お調子者の話し方を指します。,,
4586,demur,/dɪˈmɜːr/,動詞、名詞,【動】異議を唱える、反対する、ためらう【名】反対、ためらい,他人の提案や指示に対して、控えめながら「それはちょっと…」と不満を示して「異議を唱える、難色を示す」ことを表す少し硬い言葉です。,,
4587,inadvertently,/ˌɪnədˈvɜːrtəntli/,副詞,うっかり、不注意に、知らずに、意図せず,悪意や意図があったわけではなく、単なる不注意やうっかりミスによって行動を起こしてしまった状況を指します（inadvertently deleted = うっかり消去した）。,,
4588,burly,/ˈbɜːrli/,形容詞,たくましい、がっしりした、大柄な,ラグビー選手やガードマンのように、体格が非常に大きくて筋肉質、男らしく「がっしりとたくましい」人物の体を指します。,,
4589,ragged,/ˈræɡɪd/,形容詞,ぼろぼろの、衣服がすり切れた、ギザギザの、不揃いな,長年着古して糸がほつれたり破れたりしている「ボロボロの（ragged clothes）」のほか、息が激しく乱れている状態（breath is ragged）を指します。,,
4590,clueless,/ˈkluːləs/,形容詞,手がかりのない、全く知らない、無知な、途方に暮れた,手がかり（clue）がない（-less）ことから、周囲の状況を全く分かっておらず、完全に「チンプンカンプンで困惑している」様子を表します（be clueless about...）。,,
4591,fetal,/ˈfiːtl/,形容詞,胎児の、胎児に関する,お腹の中の赤ちゃんに例えて、寒さや腹痛で体を丸める姿勢を「胎児の姿勢（fetal position）」と呼びます。,,
4592,rife,/raɪf/,形容詞,はびこっている、蔓延している、〜に満ちている,好ましくない不祥事、噂、あるいは不正行為などが、社会やコミュニティ全体に「はびこって満ちあふれている」不穏な様子を指します（corruption was rife）。,,
4593,depose,/dɪˈpoʊz/,動詞,免職する、退位させる、失脚させる、証言する,国王や大統領などの権力者を、その高い地位から強引に「引きずり下ろして退位・失脚させる」ことを意味します。,,
4594,indelible,/ɪnˈdeləbl/,形容詞,消せない、洗い落とせない、いつまでも残る,油性ペン（indelible ink）のほか、つらい体験が心に「生涯消えない深い印象を残す（indelible impression）」という際にも使われます。,,
4595,proprietary,/prəˈpraɪəteri/,形容詞、名詞,【形】独自の、所有（権）のある、秘密の【名】所有者、専売薬,企業が特許や独占権を持っており、ライバルが真似できない「独自の・独占的な」規格や技術を指します（proprietary software）。,,
4596,impeach,/ɪmˈpiːtʃ/,動詞,弾劾（だんがい）する、告発する、疑惑を呈する,大統領や裁判官などの公的な高位職が不正を働いた際、議会が公式に罷免を求めて「弾劾・告発手続き（impeachment）」にかけることを意味します。,,
4597,glossy,/ˈɡlɔːsi/,形容詞、名詞,【形】光沢のある、艶やかな【名】艶出し写真、光沢紙,写真の印刷紙やパンフレットがピカピカと光を反射する「光沢のある（glossy paper）」のほか、手入れの行き届いた髪の毛を指します。,,
4598,leach,/liːtʃ/,動詞、名詞,【動】にじみ出る、浸出する、濾過する【名】浸出、濾過器,土壌に雨水が染み込むことで、そこに含まれる農薬やミネラル成分が地下水へと「にじみ出て流される」自然の浸出プロセスを指します。,,
4599,disparage,/dɪˈspærɪdʒ/,動詞,見下す、過小評価する、けなす,他人の仕事や意見を、大した価値はないと軽蔑的に「けなす、価値をおとしめて表現する」行為を指します。,,
4600,glut,/ɡlʌt/,名詞、動詞,【名】過剰、供給過剰【動】過剰供給する、食べ飽きさせる,需要を大幅に超えて、市場にモノが溢れかえっている「供給過剰」を指します（a glut of oil = 石油の供給過剰）。対義語は shortage。,,
4601,sumptuous,/ˈsʌmptʃuəs/,形容詞,豪華な、贅沢な、高価な,お金を惜しみなくかけ、きらびやかで極めて上質なご馳走やインテリアを指す格調高い言葉です（sumptuous feast = 豪華なごちそう）。,,
4602,abrasive,/əˈbreɪsɪv/,形容詞、名詞,【形】不快な、耳障りな、研磨用の【名】研磨剤,ザラザラして研磨する物理的意味のほか、人の態度が角々しくて他人に衝突・不快感を与える「刺々しく失礼な」態度を非難します（abrasive personality）。,,
4603,debase,/dɪˈbeɪs/,動詞,（品質や価値などを）低下させる、落とす、品位を傷つける,通貨や言葉、あるいは人格の「価値や品位を著しくおとしめる、劣化させる」ことを意味します（debase the currency = 通貨価値を下げる）。,,
4604,stunned,/stʌnd/,形容詞,呆然とした、びっくり仰天した、ショックを受けた,動詞 stun（驚嘆させる）の過去分詞形容詞。あまりの驚きやショックに、頭が真っ白になって動けない様子を指します（be stunned by the news）。,,
4605,equitable,/ˈekwɪtəbl/,形容詞,公平な、公正な、妥当な,誰に対しても偏りがなく、ルールや事情を考慮して「完全にフェアで妥当である」状態を意味する、equal より実践的な語です（equitable distribution）。,,
4606,contraceptive,/ˌcɑːntrəˈseptɪv/ -> /ˌgayer-tra-sep-tiv/ -> /ˌkeyer-tra-sep-tiv/ -> /ˌkɑːntrəˈseptɪv/,名詞、形容詞,【名】避妊器具、避妊薬【形】避妊用の,コンドームや避妊ピルなどの「避妊手段・アイテム」を指す専門的な用語です。,,
4607,salient,/ˈseɪliənt/,形容詞、名詞,【形】最も重要な、際立った、目立つ【名】突出部,特徴や論点の中で、最も目立っており、まず最初に注目すべき「核心となる、重要な」要素を指します（salient feature = 際立った特徴）。,,
4608,vantage,/ˈvæntɪdʒ/,名詞,有利な地位、見晴らし、強み,周囲がよく見渡せる高い場所を vantage point（展望地点）と呼ぶほか、自分の考え方の土台（視点）を比喩的に vantage point と表現します。,,
4609,clandestine,/klænˈdestɪn/,形容詞,秘密の、闇の、不法な、隠密の,主に不法な目的（スパイ活動や闇取引など）のために、周囲に絶対にバレないように裏でコッソリ行われている様子を指します（clandestine operation）。,,
4610,cobble,/ˈkɑːbl/,名詞、動詞,【名】コブル石（丸い小石）、石畳【動】（あり合わせの材料で）不器用に作り上げる、靴を補修する,中世の町並みに残る「石畳の小石（cobblestone）」を指すほか、cobble together で「あり合わせの材料で急いで作り上げる」という意味でもよく使われます。,,
4611,candid,/ˈkændɪd/,形容詞、名詞,【形】率直な、ありのままの、公平な【名】スナップ写真,嘘を交えず、自分の意見をハッキリと打ち明ける「率直な」態度を指します（candid opinion = 率直な意見）。,,
4612,insurgent,/ɪnˈsɜːrdʒənt/,名詞、形容詞,【名】反乱兵、暴徒、造反者【形】反乱を起こした、従順でない,政府や正規軍に対抗して武装闘争を展開する、ゲリラや「反乱分子・反乱軍」を指します。,,
4613,hurtle,/ˈhɜːrtl/,動詞、名詞,【動】（恐ろしいスピードで）突進する、飛んでいく【名】衝突、突進,制御を失った車や、隕石などが、凄まじいスピードと音を立てて前方に「突進する、突っ込んでいく」様子を表します（hurtle down the road）。,,
4614,optic,/ˈɑːptɪk/,形容詞、名詞,【形】目の、視覚の、光学の【名】光学,目や視覚に関連する用語。目の神経は「視神経（optic nerve）」、光を通す繊維は「光ファイバー（fiber optics）」と呼ばれます。,,
4615,serpent,/ˈsɜːrpənt/,名詞,ヘビ、大蛇、悪魔、冷酷な人,通常の snake より大きく、不気味で毒々しいヘビを指す文学的・聖書的な言葉です。アダムとイブをだましたヘビの象徴でもあります。,,
4616,garrison,/ˈɡærɪsn/,名詞、動詞,【名】駐屯地、守備隊【動】駐屯させる、警備する,都市や要塞を警備するために配置され、常駐している軍の「守備隊・駐屯地」を指します。,,
4617,injunction,/ɪnˈdʒʌŋkʃn/,名詞,（裁判所の）差し止め命令、禁止命令、命令,裁判所が、特定の企業や個人に対して特定の行為を公式にストップさせる法的拘束力のある「差し止め命令」を意味します。,,
4618,contaminant,/kənˈtæmɪnənt/,名詞,汚染物質、不純物,水、食品、あるいは空気の中に誤って混ざり込んで品質を損なう、ウイルスや化学物質などの「汚染原因物質」を指します。動詞は contaminate。,,
4619,quarry,/ˈkwɔːri/,名詞、動詞,【名】石切り場、採石場、獲物、追い求める対象【動】切り出す、探し出す,大理石などを切り出す「採石場（石切り場）」の意味のほか、タカが追いかける小動物や、探偵が追跡する「ターゲット（獲物）」の意味も持ちます。,,
4620,infusion,/ɪnˈfjuːʒn/,名詞,注入、吹き込み、煎じ薬、点滴,新しい資金や活力を組織に「吹き込む・注入する」意味のほか、お茶の葉をじっくりお湯に浸して成分を出す「ハーブティなどの煎じ薬」を指します。,,
4621,realtor,/ˈriːəltər/,名詞,不動産業者、リアルター、不動産屋,家や土地の売買・賃貸の仲介を行う「不動産仲介業者」を指す、アメリカ等で極めて一般的な名称です（不動産会社は real estate agency）。,,
4622,barrage,/bəˈrɑːʒ/,名詞、動詞,【名】（批判や質問などの）集中攻勢、一斉砲撃、弾幕【動】一斉砲撃する,記者会見などで、不祥事を起こした人に大量の質問を容赦なく浴びせる「質問の集中豪雨（a barrage of questions）」を指します。,,
4623,defection,/dɪˈfekʃn/,名詞,亡命、離脱、反逆、寝返り,国家や所属軍から裏切って、敵側や他国へ公式に「亡命する・寝返る」重い行為を意味します。動詞は defect（亡命する）。,,
4624,spate,/speɪt/,名詞,（好ましくないことの）頻発、連続、急増、大雨,短期間に悪い事件、空き巣被害、あるいは不祥事が相次いで「連続・頻発すること」を指して使われます（a spate of burglaries = 空き巣の急増）。,,
4625,brethren,/ˈbreðrən/,名詞,同胞、同信の徒、兄弟たち,名詞 brother の古い複数形。現代では宗教的なコミュニティの仲間や、苦楽を共にする「同胞・兄弟たち」への呼びかけで用いられる文学的な言葉です。,,
4626,clutter,/ˈclutter/ -> /ˈclutter/ -> /ˈklʌtər/,名詞、動詞,【名】散らかったもの、乱雑な山、ガラクタ【動】散らかす、乱雑にする,部屋のテーブルや床に、片付けられずにごちゃごちゃと散乱している「ガラクタ・散らかった書類」を指します（clutter-free = すっきりした）。,,
4627,thump,/θʌmp/,動詞、名詞,【動】ドスドス叩く、心臓がドキドキ波打つ、完敗させる【名】ドスンという重い音、強打,テーブルを手でドンと叩く鈍い音や、階段をドスドス歩く音、さらに緊張で「心臓がドクドク激しく波打つ（heart thumps）」状態を表します。,,
4628,civility,/səˈvɪləti/,名詞,礼儀正しさ、丁寧な行為、市民生活,形容詞 civil（礼儀正しい）の名詞形。社会生活を円滑に進めるための最低限の「礼儀マナー・他者への敬意」を指します。,,
4629,moss,/mɔːs/,名詞、動詞,【名】コケ（苔）、泥炭地【動】コケで覆う,日陰の湿った地面や木肌に青々と生える「コケ（苔）」を指します。A rolling stone gathers no moss.（転石苔を生ぜず）の諺が有名です。,,
4630,ordinance,/ˈɔːrdɪnəns/,名詞,（地方自治体の）条例、法令、規則,国が制定する法律（law）とは区別され、市や自治体が独自に制定する「条例・規則（local ordinance）」を意味します。,,
4631,buyout,/ˈby-out/ -> /ˈbaɪaʊt/,名詞,買収、バイアウト、全株買収,企業の経営権を完全に握るために、すべての株式を買い取る「企業買収（MBO = management buyout など）」を意味するビジネス用語です。,,
4632,leukemia,/luːˈkiːmiə/,名詞,白血病,血液細胞ががん化して異常に増殖する深刻な病気「白血病」を指す医学用語です。,,
4633,oxide,/ˈɑːksaɪd/,名詞,酸化物,酸素が他の元素と結びついてできた化学物質「酸化物」を指します。鉄サビは iron oxide、一酸化炭素は carbon monoxide。,,
4634,pore,/pɔːr/,名詞、動詞,【名】毛穴、気孔【動】（pore over で）熟読する、見入る,皮膚の「毛穴（pores）」のほか、pore over の形で、本や資料などを「じっくり読み込んで研究・熟読する」という動詞として非常に有名です。,,
4635,negligence,/ˈnegligence/ -> /ˈneɡlɪdʒəns/,名詞,怠慢、不注意、過失,やるべき義務や安全確認を怠ったことによる「怠慢・過失」を指す法律・ビジネス用語です（medical negligence = 医療ミス・医療過失）。,,
4636,braille,/breɪl/,名詞、動詞,【名】点字【動】点字で表す,視覚障がい者が指で触って文字を読むための「点字」システムを指します。発明者のルイ・ブライユにちなむため、通常は大文字で Braille と表記します。,,
4637,tamper,/ˈtæmpər/,動詞、名詞,【動】勝手にいじる、改ざんする、買収する【名】粘土を固める道具,tamper with の形で、他人のパソコン、電子メーター、あるいは証拠を「無断で勝手にいじって細工・改ざんする」犯罪行為を意味します。,,
4638,lexicon,/ˈlex-i-con/ -> /ˈleksɪkən/,名詞,語彙（集）、辞書、独自の言葉づかい,特定の言語や専門分野の「全語彙・辞書」、あるいは特定の業界や個人の「独自の言葉づかい体系」を指す言語学用語です。,,
4639,perjury,/ˈpɜːrdʒəri/,名詞,偽証（罪）、嘘の証言,裁判所で、嘘の証言をしないと厳粛に誓約（宣誓）したにもかかわらず、故意に嘘をつく重い犯罪「偽証罪」を意味します。,,
4640,diarrhea,/ˌdaɪəˈriːə/,名詞,下痢（げり）,胃腸の不調などによって、便が水っぽくなる「下痢」を指す正式な医学用語です（カジュアルには loose stomach など）。,,
4641,berth,/bɜːrθ/,名詞、動詞,【名】（船などの）寝台、停泊位置、特定のポジション【動】停泊させる,寝台列車の「ベッド（寝台）」や、港での船の「停泊位置（バース）」のほか、スポーツなどで本戦への出場枠を「獲得する（secure a berth）」という際にも使われます。,,
4642,perpetrate,/ˈpɜːrpətreɪt/,動詞,（罪などを）犯す、しでかす,詐欺、暴力犯罪、あるいは重大な不祥事を「自らしでかす・実行する」ことを意味する、好ましくない文脈で使われる動詞です（perpetrator = 加害者・犯人）。,,
4643,purport,/pərˈpɔːrt/,動詞、名詞,【動】〜と称する、主張する、〜を意味する【名】主旨、大意,確固たる証拠や資格はないものの、表向きは「〜であると自称する・主張する」という際によく使われます（purport to be an expert）。,,
4644,luncheon,/ˈlʌntʃən/,名詞、動詞,【名】（公式な）昼食会、ランチョン【動】昼食会に出る,単なる昼食（lunch）のフォーマルな表現で、イベントやビジネス会議に付随する「公式な昼食会（charity luncheon）」を指します。,,
4645,espionage,/ˈespjənɑːʒ/,名詞,スパイ活動、間諜行為,政府やライバル企業の軍事・産業機密をコッソリ盗み出す「スパイ活動（corporate espionage = 産業スパイ）」を意味します。,,
4646,genesis,/ˈdʒenəsɪs/,名詞,起源、発生、創世記,物語や歴史、特定のアイデアが最初に形作られた「発端・ルーツ（起源）」を指す硬い言葉です。旧約聖書の最初の書「創世記」も大文字で Genesis と表記されます。,,
4647,alumnus,/əˈlʌmnəs/,名詞,卒業生、OB、OG,特定の大学や学校を卒業した「卒業生（主に男性の単数形）」を指します。通常、男女を問わない複数形は alumni（アラムナイ）と呼びます。,,
4648,antidote,/ˈæntidoʊt/,名詞、動詞,【名】解毒剤、対抗手段、救済策【動】毒を中和する,ヘビ毒などを無毒化する「解毒剤」のほか、現代社会のストレスや不安に対する「解消法・対抗薬」の比喩としてよく使われます（an antidote to stress）。,,
4649,commandment,/kəˈmændmənt/,名詞,戒律、命令、指令,神が定めた厳格なルール「戒律」を指し、旧約聖書の「モーセの十戒」は The Ten Commandments と呼ばれます。,,
4650,booty,/ˈbuːti/,名詞,戦利品、略奪品、獲得物、（スラングで）お尻,海賊や軍隊が戦いで強奪した「戦利品・お宝」を指すほか、アメリカの若者スラングでは「お尻」を指す非常にポピュラーな表現でもあります。,,
4651,abyss,/əˈbɪs/,名詞,深淵、どん底、地獄、底なしの深み,深海の底や崖の真っ暗な裂け目など、終わりが見えない「底なしの深み」を指すほか、絶望や破産の「奈落の底（abyss of despair）」を比喩的に表します。,,
4652,subvert,/səbˈvɜːrt/,動詞,転覆させる、破壊する、覆す,既存の政府、社会システム、あるいは道徳的な価値観を、裏からこっそり揺るがして「根底からひっくり返す、転覆させる」ことを意味します（subvert democracy）。,,
4653,cynic,/ˈcɪnɪk/,名詞、形容詞,【名】皮肉屋、冷笑家【形】皮肉的な,他人の善意や立派な行動を、「どうせ裏があるに違いない」と斜めから見てあざ笑う「ひ肉屋・冷笑的な人」を指します。形容詞は cynical。,,
4654,electrode,/ɪˈlektroʊd/,名詞,電極,電流を出入させるための、金属などの電気伝導体を指す理化学用語です（positive electrode = 正極、陰極など）。,,
4655,sexist,/ˈseksɪst/,名詞、形容詞,【名】性差別主義者【形】性差別的な,性別を理由に他人の能力を不当におとしめたり、ステレオタイプを押し付ける「性差別を行う人（あるいはその言動）」を指します。,,
4656,choreographer,/ˌcɔːriˈɑːɡrəfər/ -> /ˌkɔːriˈɑːɡrəfər/,名詞,振付師、コレオグラファー,ダンス、フィギュアスケート、あるいはミュージカル劇などのダンスのステップや動きをトータルで設計・指導する「振付師」のことです。,,
4657,collusion,/kəˈluːʒn/,名詞,共謀、談合、裏取引,複数の企業や政治家が、裏で密かに手を組んで不当な利益を得る「共謀・談合・裏取引」を意味する、法律・ビジネス用語です（act in collusion）。,,
4658,gradient,/ˈɡreɪdiənt/,名詞、形容詞,【名】傾斜度、勾配、グラデーション、温度変化率【形】傾斜した,道路や鉄道の坂の「傾斜度・勾配（slopeに同様）」を指すほか、ITでは色彩が少しずつ変化する「グラデーション」の意味でよく使われます。,,
4659,proffer,/ˈprɑːfər/,動詞、名詞,【動】（好意的に）差し出す、提供する【名】提供、申し出,手助けやアドバイス、あるいは自分の意見を、相手が受け取れるように丁寧に「差し出す、提示する（offerのフォーマル表現）」を意味します。,,
4660,stutter,/ˈstʌtər/,動詞、名詞,【動】吃音（どもり）になる、口ごもる【名】どもり、吃音,緊張などのために、言葉の最初の文字を何度も繰り返して「どもる、口ごもる」状態や癖を指します。,,
4661,lore,/lɔːr/,名詞,知識、教え、伝承、民間伝承,特定の地域やジャンル（神話やファンタジー世界など）で、長年口伝で伝えられてきた歴史背景や「言い伝え・裏設定」を指す言葉です（folklore = 民間伝承）。,,
4662,culmination,/ˌkʌlmɪˈneɪʃn/,名詞,最高点、極致、集大成、最高潮,長年の努力やプロセスの末に、ついにたどり着いた最高の成果や「最高潮・集大成」となる瞬間を表現します（culmination of years of hard work）。,,
4663,attrition,/əˈtrɪʃn/,名詞,摩擦、すり減り、自然減（退職など）、消耗,摩擦で擦り減る物理的意味のほか、ビジネスでは定年退職などを補充せずそのままにしておく「自然減（natural attrition）」や、泥沼の「消耗戦（war of attrition）」に使われます。,,
4664,combustion,/kəmˈbʌstʃən/,名詞,燃焼、酸化、激動,物質が酸素と激しく結びついて熱と光を放つ「燃焼」を指す化学用語です。エンジンの「燃焼室（combustion chamber）」などで使われます。,,
4665,permeate,/ˈpɜːrmieɪt/,動詞,染み渡る、浸透する、満ちる,液体がスポンジなどに「染み込む」物理的意味のほか、特定のアイデアや不安の感情が社会の隅々まで「じわじわと浸透して行き渡る」ことを指します。,,
4666,glitch,/ɡlɪtʃ/,名詞、動詞,【名】（システムなどの）一時的なバグ、軽微な不具合【動】不具合を起こす,パソコンやゲームなどで、一時的に発生する「ちょっとしたバグ・画面のちらつき・不具合」を指す、現代的なカジュアルIT表現です。,,
4667,levee,/ˈlevi/,名詞、動詞,【名】堤防、土手、朝の公式参賀【動】堤防を築く,川が氾濫して水が溢れるのを防ぐために、川沿いに築かれた頑丈な「土手・堤防（dikeやdamに近い）」を指します。,,
4668,sanctity,/ˈsæŋktəti/,名詞,神聖さ、厳かさ、尊厳,教会などの宗教的な「神聖さ」のほか、人間の命が持つ侵してはならない「絶対の尊厳（sanctity of life）」を表すのによく使われます。,,
4669,wreak,/riːk/,動詞,（被害や怒りを）引き起こす、ぶつける,嵐や戦争などが、社会に甚大な被害を「もたらす・引き起こす（wreak havoc）」というフレーズで圧倒的に多く使われる動詞です。,,
4670,wilt,/wɪlt/,動詞、名詞,【動】（植物が水不足で）しおれる、元気がなくなる、しなびる【名】しおれ、植物の病気,花や葉っぱが、水分を失ってぐにゃりと「しおれる」物理的な動作のほか、暑さや疲労、叱責などで人がガックリと「元気を失う・意気消沈する」様子を表します。,,
4671,paralysis,/pəˈræləsɪs/,名詞,麻痺（まひ）、完全なマヒ状態,手足が動かなくなる病的な「麻痺」のほか、大雪などのために都市機能が完全にストップする「マヒ状態（traffic paralysis）」を指します。,,
4672,reprimand,/ˈreprɪmænd/,名詞、動詞,【名】公式な譴責（けんせき）、叱責【動】叱責する、厳重注意する,上司が、部下の重大なルール違反やミスを、公式の記録に残す形で厳しく「叱責する・懲戒注意する」ことを意味する硬い言葉です。,,
4673,rapport,/ræˈpɔːr/,名詞,信頼関係、ラポール、心が通い合うこと,カウンセラーとクライアント、あるいは先生と生徒の間に築かれる、心理的に安心してお互いの意思がすんなり通じ合う「良好な信頼関係」を指します（build rapport）。,,
4674,plywood,/ˈplaɪwʊd/,名詞、動詞,【名】合板（ベニヤ板）【動】合板をはる,薄い木の板（ベニヤ）を、繊維が直交するように何枚も接着剤で重ね合わせて作った、変形しにくい頑丈な「合板」を指す建設・DIY用語です。,,
4675,raider,/ˈreɪdər/,名詞,急襲者、侵入者、企業買収者,敵地を急襲する戦闘員のほか、他社の経営権を強引に奪うために敵対的買収を行う人を「コーポレート・レイダー（corporate raider = 企業乗っ取り屋）」と呼びます。,,
4676,nook,/nʊk/,名詞、動詞,【名】（部屋などの）隅っこ、こぢんまりとした引っ込んだ場所、へこみ【動】隅に追いやる,部屋の隅の、プライベートで居心地の良い小さく引っ込んだスペースを指します。また、every nook and cranny で「至る所、隅から隅まで」という定番イディオムになります。,,
4677,genus,/ˈdʒiːnəs/,名詞,（生物の分類の）属（ぞく）、種類、部類,生物学の分類体系において、科（family）の下、種（species）の上に位置する「属（ぞく）」を指す学術用語です。複数形は genera。,,
4678,secession,/sɪˈseʃn/,名詞,（同盟・国家などからの）脱退、分離独立,特定の国（アメリカの州など）や同盟関係から、正式に「分離して独立・脱退すること」を指す、歴史・政治用語です。動詞は secede。,,
4679,peter,/ˈpiːtər/,動詞、名詞,【動】（peter out で）次第に消えてなくなる、尻すぼみになる【名】ピーター（人名）,peter out の句動詞として非常に有名で、最初は勢いが良かった計画、資金、あるいは熱量が、徐々にフェードアウトして「尻すぼみに終わる」ことを意味します（The energy petered out）。,,
4680,relive,/ˌriːˈlɪv/,動詞,（過去の体験などを）追体験する、再び心の中で生きる,過去のつらい、あるいは素晴らしい思い出を、まるで今起きているかのように鮮明に「脳内で追体験する・再び体験する」ことを意味します（relive the trauma）。,,
4681,scurry,/ˈskɜːri/,動詞、名詞,【動】（小動物などが）あわててチョコチョコ走る、小走りする【名】小走り、あわてた動き,ネズミやリスが、人間の姿を見て危険を感じ、あわてて短い足でチョコチョコと「逃げ走る」かわいらしい動作を表します（scurry away）。,,
4682,reverence,/ˈrevərəns/,名詞、動詞,【名】深い尊敬、敬意、崇拝【動】崇拝する、敬う,歴史的な偉人、宗教的指導者、あるいは神の神聖さに対して抱く、これ以上ないほど「深い尊敬、畏敬の念」を指します（respectよりさらに深い）。,,
4683,shortfall,/ˈʃɔːrtfɔːl/,名詞,不足、不足額,予定していた予算、目標、あるいは収穫に対して、実際の数字が足りておらず「下回っている不足分」を指します（budget shortfall = 予算の不足額）。,,
4684,ex-husband,/eksˈhʌzbənd/,名詞,前の夫、前夫、元夫,離婚した「元旦那・前の配偶者」を指します。元妻は ex-wife。,,
4685,preoccupation,/priːˌɑːkjuˈpeɪʃn/,名詞,没頭、専念、最大の関心事、先入観,ほかのことが全く目に入らないほど、頭がそのことだけで「いっぱいで没頭している状態」や、その人を常に夢中にさせている「関心事」を意味します。動詞は preoccupy。,,
4686,luster,/ˈlʌstər/,名詞、動詞,【名】（真珠や絹などの）光沢、ツヤ、名声、輝き【動】光らせる、光る,手入れの行き届いた髪の毛や、宝石（特に真珠）が放つ、ギラギラしない上品な「光沢・ツヤ・輝き」を指します（lose its luster = 輝きを失う）。,,
4687,notation,/noʊˈteɪʃn/,名詞,表記法、記号法、記録,数学の公式、化学式、楽譜、あるいはプログラミングなどで用いられる、特定のルールに基づいた「記号による表記法」を指します（musical notation = 楽譜の表記）。,,
4688,patronage,/ˈpætrənɪdʒ/,名詞,後援、パトロンとしての支援、（店への）愛顧、引き立て,芸術家への金銭的支援のほか、店舗が顧客から受ける長年の「ひいき・ご愛顧」を意味します。Thank you for your patronage.（いつもご愛顧いただきありがとうございます）はビジネスの定番挨拶です。,,
4689,penetration,/ˌpenəˈtreɪʃn/,名詞,浸透、貫通、侵入、進出、理解力,弾丸が壁を突き抜ける「貫通」のほか、ビジネスでは新しい市場に製品を売り込んでいく「市場浸透（market penetration）」を意味します。,,
4690,proprietor,/prəˈpraɪətər/,名詞,所有者、経営者、店主,個人経営の小さなお店、レストラン、あるいは特許権の「正式な所有者・オーナー」を意味する、owner より少し硬いビジネス表現です。,,
4691,sinus,/ˈsaɪnəs/,名詞,鼻腔、副鼻腔、湾曲部,鼻の奥にある空洞「副鼻腔（sinus cavity）」を指し、花粉症や風邪でここが詰まって炎症を起こす「副鼻腔炎」は sinusitis / sinus infection と呼ばれます。,,
4692,clamor,/ˈklæmər/,名詞、動詞,【名】大声での要求、叫び声、大騒ぎ【動】大声で要求する,大勢の人々が、怒りや切実な要望によって同時に大声を上げて「熱烈に要求・アピールする」大騒ぎを指します（clamor for change = 変化を大声で求める）。,,
4693,acronym,/ˈækrənɪm/,名詞,頭字語、アクロニム（かしら文字を繋いだ言葉）,NATO や NASA、AIDS のように、複数の単語の頭文字を繋ぎ、1つの単語として発音する略語を指します。各文字をアルファベット順に読む「FBI」などは一般に initialism と呼ばれます。,,
4694,resonant,/ˈrezənənt/,形容詞,（声や音が）響き渡る、反響する、深く響く、共鳴する,音が豊かに響く様子（resonant voice）のほか、特定の言葉が「人の心に深く響く」という際にも使われます。,,
4695,bandit,/ˈbændɪt/,名詞,山賊、強盗、無法者,主に荒野や山中で旅人を襲う「山賊・強盗」を指す古典的な言葉です。,,
4696,unearth,/u-nerth/ -> /ʌnˈɜːrθ/,動詞,掘り出す、発掘する、暴く、発見する,土の中に埋まっていた骨や遺物を「掘り出す」物理的意味のほか、隠されていた過去の秘密や事実を「暴き出す」という比喩で多用されます。,,
4697,replenish,/rɪˈplenɪʃ/,動詞,補充する、再び満たす,減ってしまった食料、在庫、あるいは体力などを、元の十分な量まで「しっかり補充する」ことを意味します（replenish supplies）。,,
4698,skirmish,/ˈskɜːrmɪʃ/,名詞、動詞,【名】小競り合い、前哨戦【動】小競り合いをする,本格的な大戦争や衝突ではなく、小部隊同士で行われる「ちょっとした小競り合い」や、議会などでのささいな言い争いを指します。,,
4699,gust,/ɡʌst/,名詞、動詞,【名】突風、一吹きの風【動】突風が吹く,台風などで急にフワッと吹く強い「突風（gust of wind）」を指します。また、怒りや感情の突発的な噴出にも使われます。,,
4700,handcuff,/ˈhændkʌf/,名詞、動詞,【名】手錠【動】手錠をかける、束縛する,警察が容疑者の手首にかける「手錠」を指し、通常は複数形の handcuffs で使われます。,,
4701,hoof,/hʊf/,名詞、動詞,【名】（馬や牛などの）ひづめ【動】歩く、蹴る,馬、牛、シカ、ヤギなどの脚の先にある硬い爪「ひづめ」を指します。複数形は hoofs または hooves。,,
4702,revel,/ˈrevl/,動詞、名詞,【動】大いに楽しむ、大騒ぎする、お祭り騒ぎをする【名】お祭り騒ぎ、どんちゃん騒ぎ,パーティーなどで大いにはしゃぎ楽しむこと。また、revel in... の形で「（勝利などを）心から喜んで浸る」という意味でも使われます。,,
4703,citation,/saɪˈteɪʃn/,名詞,引用、召喚状、表彰、交通違反切符,論文などでの「引用・参考文献の明記（citation）」のほか、裁判所からの「出頭命令（召喚状）」、さらには警察からの「交通違反切符」を意味する法的な単語です。,,
4704,complexion,/kəmˈplekʃn/,名詞,顔色、肌の血色、外観、情勢,顔の皮膚の色や状態（complexion）を指すほか、事態の「全体的な様相・局面・情勢」が変わることを指すのにも使われます。,,
4705,tout,/taʊt/,動詞、名詞,【動】（うるさく）押し売りする、褒めちぎる、客を引く【名】ダフ屋、客引き,自分の製品やアイデアを、うるさく熱烈にアピールして「売り込む」ことや、イギリス英語ではチケットを不当な高値で転売する「ダフ屋（ticket tout）」を指します。,,
4706,fiat,/ˈfiːæt/,名詞,法令、命令、厳命,独裁者や政府などが、法律の正式な議論を経ずに下す絶対的な「一方的命令・布告」を指します。また、国が価値を保証する「法定通貨」を fiat currency と呼びます。,,
4707,quell,/kwel/,動詞,鎮める、抑える、和らげる、鎮圧する,暴動や反乱を力ずくで「鎮圧する」意味のほか、心の中に生じる恐怖、不安、あるいは怒りを「静めて抑え込む」際にも使われます（quell fears = 不安を静める）。,,
4708,envoy,/ˈenvɔɪ/,名詞,外交使節、特使、公使,政府を代表して他国に派遣される臨時の「特使（special envoy）」や、大使館で働く外交官「公使」を指します。,,
4709,fodder,/ˈfɑːdər/,名詞、動詞,【名】（家畜の）飼料、干し草、素材、引き立て役【動】飼料をやる,家畜の食べ物「飼料（特に干し草など）」のほか、メディアの「格好のネタ（gossip fodder = ゴシップのネタ）」や、使い捨てにされる兵士などの比喩に使われます。,,
4710,comptroller,/kənˈtroʊlər/,名詞,会計監査役、監査官,企業や自治体において、予算の支出や会計を厳しく管理する「最高財務責任者・監査官」を指すオフィシャルな専門用語です。,,
4711,excise,/ˈeksaɪz/,名詞、動詞,【名】物品税、内国消費税【動】（腫瘍などを）切り取る、削除する,国内で製造・消費される特定の嗜好品（酒やタバコなど）に課される「物品税」を指すほか、外科手術で「切除する」という動詞の意味も持ちます。,,
4712,punctuate,/ˈpʌŋktʃueɪt/,動詞,句読点を打つ、強調する、（〜によって）時々中断される,文章にコンマやピリオドなどの「句読点を入れる」意味のほか、単調なスピーチの中に拍手やどよめきが時折入ることを be punctuated by... と表現します。,,
4713,continuum,/kənˈtɪnjuəm/,名詞,連続（体）、継続、連続した繋がり,明確な境界線がなく、一端から他端までジワジワと連続して変化している繋がりのことです（space-time continuum = 時空連続体）。,,
4714,diaper,/ˈdaɪpər/,名詞、動詞,【名】おむつ【動】おむつをあてる,赤ちゃん用の「おむつ」を指すアメリカ等で極めて一般的な語です（イギリス英語では nappy ）。,,
4715,ferment,/fərˈment/,動詞、名詞,【動】発酵させる、発酵する、興奮させる【名】発酵、酵母、動揺、混乱,ビールやキムチ、ヨーグルトなどが微生物の働きで「発酵する」こと。また、社会的な「動揺・動乱・混乱状態」を意味することもあります。,,
4716,pleading,/ˈpliːdɪŋ/,名詞、形容詞,【名】哀願、弁護、訴答【形】懇願するような、哀願する,必死になって「どうかお願いします」と助けや許しを求める、懇願するような表情や目を指します（pleading look）。,,
4717,scum,/scum/ -> /skʌm/,名詞、動詞,【名】（液体の表面に浮く）泡、アク、クズ、下衆（げす）なやつ【動】泡（アク）を取り除く,スープを煮た時に表面に浮く不純物の「アク」のほか、人間のクズを指す非常に汚い侮辱的なスラングです（scum of the earth = 人間のクズ）。,,
4718,fledgling,/ˈfledʒlɪŋ/,名詞、形容詞,【名】（巣立ちしたばかりの）雛鳥、新米、駆け出し【形】駆け出しの、新米の,巣立ったばかりの「ひな鳥」の意味から転じて、ビジネスなどの新しい分野での「駆け出しの・新参の」状態を表現します（fledgling company = 新興の駆け出し企業）。,,
4719,patriarch,/ˈpeɪtriɑːrk/,名詞,家長、家督、長老、宗主教（東方教会）,家族や一族の中で最高の実権を持つ男性の「家長・長老」を指します。男性優位の社会構造を patriarchy（家長制度）と呼びます。,,
4720,mower,/ˈmoʊər/,名詞,芝刈り機、草刈り人,庭の芝を刈るための機械「芝刈り機（lawnmower）」の省略形です。,,
4721,iteration,/ˌɪtəˈreɪʃn/,名詞,繰り返し、反復、イテレーション（設計開発の反復プロセス）,同じ手順や計算を何度も「反復する」こと。IT分野やシステム開発では、テストと改善を短いサイクルで繰り返す単位（イテレーション）を指します。,,
4722,paraphrase,/ˈpærəfreɪz/,動詞、名詞,【動】（分かりやすく）言い換える、言い換えて説明する【名】言い換え,引用元の文章を丸写しせず、自分の言葉を使って同じ意味を「分かりやすく言い換える」ことを意味し、英語学習や学術論文で極めて重要です。,,
4723,revulsion,/rɪˈvʌlʃn/,名詞,激しい嫌悪、強い不快感、感情の急変,凄惨な光景やひどい裏切りに対して、胸が悪くなるような激しいショックと「強い嫌悪感・不快感」を抱くことを指します（feel revulsion）。,,
4724,beacon,/ˈbiːkən/,名詞、動詞,【名】灯台、かがり火、ビーコン（位置情報発信機）、希望の星【動】照らす、導く,かがり火や灯台の光の意味から、人々を導く「希望の星（beacon of hope）」を指すほか、位置情報を特定する発信端末「ビーコン」を指します。,,
4725,rectangle,/ˈrect-an-gle/ -> /ˈrektæŋɡl/,名詞,長方形、矩形,すべての角が90度で、隣り合う辺の長さが異なる「長方形」を指す幾何学用語です。正方形は square。,,
4726,tarnish,/ˈtɑːrnɪʃ/,動詞、名詞,【動】（金属などが）曇る、錆びる、評判を傷つける【名】曇り、さび,食器などが空気中で酸化して「曇る・黒ずむ」意味のほか、不祥事などで個人の名声や評判に泥を塗る・「傷つける」という際にも使われます（tarnish her reputation）。,,
4727,defiance,/dɪˈfaɪəns/,名詞,挑戦的な態度、反抗、無視,ルールや敵に対して、全く恐れることなく「反抗する・公然と立ち向かう」強い態度を指します。in defiance of... で「〜を無視して、敵に立ち向かって」となります。,,
4728,conflagration,/ˌcon-fla-gra-tion/ -> /ˌcon-fla-gra-tion/ -> /ˌkɑːnfləˈɡreɪʃn/,名詞,大火災、大火、大紛争,広い地域を焼き尽くす、大空襲などの「大火災・大火」を意味する格調高い言葉です。比喩的に世界を巻き込む「大戦争・大紛争」も指します。,,
4729,sham,/sham/ -> /ʃæm/,名詞、形容詞、動詞,【名】偽物、騙し、ペテン【形】偽の、見せかけの【動】〜のふりをする、ごまかす,うわべだけは立派に見えるが、実際には全くの中身のない「でっち上げ・偽物、見せかけ」を指します（The election was a sham = その選挙は茶番劇だった）。,,
4730,glimmer,/ˈɡlɪmər/,動詞、名詞,【動】ちらちら光る、微かに光る【名】微かな光、かすかな兆候,暗闇で星やロウソクの火が小さく「ゆらゆら・ちらちら光る」様子を指すほか、a glimmer of hope で「かすかな希望の光」というお決まりの表現になります。,,
4731,onslaught,/ˈɑːnslɔːt/,名詞,猛攻撃、激襲、突撃,敵軍やライバルから浴びせられる、一切容赦のない「激しい猛攻撃・ラッシュ」を意味します（withstand the onslaught = 猛攻撃に耐える）。,,
4732,arson,/ˈɑːrsn/,名詞,放火、放火罪,故意に建物や財産に火をつける重大な犯罪「放火」を指す正式な法律用語です。放火魔は arsonist。,,
4733,euphemism,/ˈjuːfəmɪzəm/,名詞,婉曲表現、上品な言い換え,直接言うと不快感を与える言葉（死ぬ、トイレなど）を、柔らかくオブラートに包んで「上品に言い換える言葉」を指します（例：die に対する pass away など）。,,
4734,overdose,/ˈoʊvərdoʊs/,名詞、動詞,【名】薬の過剰摂取、オーバードーズ【動】薬を過剰摂取する,医薬品や薬物を、一度に安全な規定量を超えて大量に飲み過ぎてしまう危険な「過剰摂取」を意味します（通称 OD ）。,,
4735,enclave,/ˈenkleɪv/,名詞,飛び地、他国領土内の自国領,地理的に他国の領土にすっぽりと四方を囲まれている、特定の国や民族の「飛び地エリア」を意味する政治・地理用語です。,,
4736,endemic,/enˈdemɪk/,形容詞、名詞,【形】（特定の地域に）特有の、地方病の【名】特定地域の病気,感染症が世界的に大流行する pandemic ではなく、特定の地域で常に一定の割合で発生している「固有の地方病・特有の現象」を指す専門的な用語です。,,
4737,splice,/splaɪs/,動詞、名詞,【動】（ロープやフィルムなどを）繋ぎ合わせる、結合する【名】接合、繋ぎ目,2つのロープの端を編み込んで1つに繋ぐことや、映画のフィルム、あるいはDNAの遺伝子を切り貼りして「繋ぎ合わせる（gene splicing）」ことを指します。,,
4738,emblem,/ˈembləm/,名詞、動詞,【名】象徴、紋章、エンブレム【動】紋章で表す,組織、チーム、あるいは国家をシンボリックに表現した「紋章・バッジ、エンブレム」を指します。,,
4739,farce,/fɑːrs/,名詞、動詞,【名】道化芝居、ファルス、茶番劇【動】茶番劇にする、詰め物をする,滑稽で大げさなドタバタ喜劇の意味から転じて、あまりにも不条理で馬鹿げた状況やイベントを「茶番劇・お笑い草」と非難する際によく使われます。,,
4740,foray,/ˈfɔːreɪ/,名詞、動詞,【名】進出、急襲、ちょっとした進出【動】侵略する,本来は敵陣への略奪目的の「急襲」を指しますが、現代ビジネスでは、他社が新しい事業領域や市場へ「初めて進出・チャレンジする」という際によく使われます。,,
4741,finesse,/fɪˈnes/,名詞、動詞,【名】（洗練された）巧みな処理、技巧、手際【動】巧みに処理する、うまく立ち回る,困難でデリケートな問題や人間関係を、荒立てることなく、知性と「抜群の手際・スキルでスマートに解決する」ことを意味します。,,
4742,fume,/fjuːm/,名詞、動詞,【名】（有害な）ガス、排気ガス、激しい怒り【動】ガスを出す、イライラ怒る,ガソリンなどの強い不快・有害な匂いや「煙（fumes）」を指すほか、怒りで頭から湯気を立てて「心の中でイライラと怒り狂っている」状態を表現します。,,
4743,squander,/ˈskwɑːndər/,動詞,浪費する、無駄にする,お金、時間、あるいはまたとない絶好のチャンスを、計画性なくくだらないことに「無駄遣いして失ってしまう」ことを指す強い動詞です（squander an opportunity）。,,
4744,absurdity,/əbˈsɜːrdəti/,名詞,不条理、ばかばかしさ、滑稽さ,常識から完全に逸脱しており、あまりにも非現実的で「ばかばかしく、滑稽であること（またはその事実）」を意味します。形容詞は absurd。,,
4745,smite,/smaɪt/,動詞、名詞,【動】打ちのめす、激しく叩く、（神が）罰を与える、魅了する【名】強打,手や武器で強く引っぱたくこと。また、神が人間を罰するために天罰を下すことを指す古い聖書・文学表現です。過去形は smote、過去分詞は smitten。,,
4746,lobe,/loʊb/,名詞,葉（よう）、丸い突出部、耳たぶ,脳や肺、肝臓などの丸く区切られた構造の単位（frontal lobe = 前頭葉）のほか、耳の下の柔らかい「耳たぶ（earlobe）」を指します。,,
4747,scribble,/ˈskrɪbl/,動詞、名詞,【動】なぐり書きする、落書きする【名】落書き、なぐり書き,急いで汚い字で紙に「なぐり書きする」ことや、子供が壁にペンでめちゃくちゃに描く「落書き」を指します。,,
4748,banter,/ˈbæntər/,名詞、動詞,【名】（悪意のない）冗談の言い合い、からかい【動】冗談を言い合う、からかう,仲の良い友人同士が、冗談を言い合って、お互いに和気あいあいと「からかい合う・雑談を楽しむ」フレンドリーな雰囲気を指します（playful banter）。,,
4749,tangle,/ˈtæŋɡl/,動詞、名詞,【動】（糸などが）絡まる、もつれる、紛糾する【名】もつれ、絡まり,イヤホンコードや髪の毛が、ぐちゃぐちゃに「絡まり合ってもつれている」状態を指します（tangled cords）。また、厄介な人物とトラブルに絡み合うことも意味します。,,
4750,grudge,/ɡrʌdʒ/,名詞、動詞,【名】恨み、怨恨【動】出し惜しみする、ジレンマを抱く,過去に受けたひどい仕打ちをいつまでも忘れずに、心の中で執念深く抱き続ける「恨み」を指します（hold a grudge against... = 〜を恨む）。,,
4751,slick,/slɪk/,形容詞、名詞、動詞,【形】滑りやすい、要領が良い、口のうまい、洗練された【名】（海面の）油膜【動】滑らかにする,表面がすべすべして滑りやすいこと。また、ビジネスや会話において、口が達者で非常に「要領がよく抜け目のない」少し怪しげなスマートさを指します（slick salesman）。,,
4752,revile,/rɪˈvaɪl/,動詞,罵倒する、悪口を浴びせる、酷評する,他人の尊厳を激しく傷つけるために、公然とひどい言葉で「ののしる、激しく批判する」ことを意味する文語表現です。,,
4753,ambush,/ˈæmbʊʃ/,名詞、動詞,【名】待ち伏せ、伏兵【動】待ち伏せして襲う,敵が油断して通過するのを物陰に隠れて待ち、突然飛びかかって急襲する「待ち伏せ（攻撃）」を指します（lie in ambush = 待ち伏せする）。,,
4754,parity,/ˈpærəti/,名詞,同等、均等、パリティ（為替レートの等価）、出産歴,地位や条件、給与水準などが二者間で「完全に等しく、均等である」状態を指します（gender parity = 男女共同参画、男女均等）。,,
4755,strew,/struː/,動詞,ばら撒く、散らかす、まき散らす,部屋の床に服やおもちゃをバラバラに散らかすことや、風で道に落ち葉が「散乱している（be strewn with leaves）」様子を表します。過去分詞は strewn。,,
4756,bastion,/ˈbæstiən/,名詞,砦、要塞、守護者、最後の牙城,要塞の突出部の意味から転じて、伝統や思想を最後まで必死に守り続けている「最後の砦・牙城」を比喩的に表現します（bastion of free speech）。,,
4757,complicity,/kəˈmplɪsəti/,名詞,共謀、加担、共同謀議,犯罪、悪だくみ、あるいは不正行為に対して、直接手を下すか、裏で手伝って「共謀・加担していること」を意味する法律・道徳用語です。,,
4758,renounce,/rɪˈnaʊns/,動詞,放棄する、棄権する、関係を断つ,自分が持っている権利、王位、市民権（国籍）、あるいはこれまでの自らの信念を、公式かつ永遠に「手放して放棄する・決別する」ことを意味する格調高い動詞です（renounce citizenship）。,,
4759,extradition,/ˌekstrəˈdɪʃn/,名詞,（逃亡犯罪人の）引き渡し、身柄引き渡し,海外へ逃亡した指名手配犯の身柄を、条約に基づいて自国に正式に送還・「引き渡してもらう」法的手続きを指します（extradition treaty = 犯罪人引き渡し条約）。,,
4760,brawl,/brɔːl/,名詞、動詞,【名】（公共の場での）大喧嘩、乱闘【動】殴り合いの喧嘩をする,居酒屋やストリートなどで、複数の大人が殴り合いや大声で怒鳴りあう「大衆の乱闘・大喧嘩」を意味します。,,
4761,clientele,/ˌklaɪənˈtel/,名詞,顧客、常連客（全体）,単なる個々の客（customer）ではなく、特定の法律事務所、ブティック、あるいはホテルを愛顧して通ってくれる「常連・顧客の層、顧客ベース全体」を指す高尚な集合名詞です。,,
4762,reinstate,/ˌriːɪnˈsteɪt/,動詞,復職させる、復権させる、元の状態に戻す,誤って解雇された人を再び元の役職に戻す「復職（reinstate an employee）」や、一度廃止された規則・アカウントを「再び有効にする」ことを意味します。,,
4763,ascent,/əˈsent/,名詞,登ること、上昇、上り坂、向上,山登りの登坂や、気球の上昇のほか、地位や権力が一気に上がっていくプロセス（ascent to power = 権力への登りつめ）を意味します。同音の assent（同意）との混同に注意。,,
4764,gorge,/ɡɔːrdʒ/,名詞、動詞,【名】峡谷、渓谷【動】詰め込む、満腹になるまで食べる,切り立った深い「渓谷」の意味のほか、動詞として gorge oneself on... の形で、「お腹が破裂するほど美味しいものをたらふく貪り食う」という際にも使われます。,,
4765,solace,/ˈsɑːləs/,名詞、動詞,【名】慰め、慰めるもの【動】慰める,悲しみや逆境の最中にある人にとって、唯一の心の救いや癒しとなるもの（またはその慰め）を指す、詩的で美しい単語です（find solace in music = 音楽に慰めを見出す）。,,
4766,knack,/næk/,名詞,技巧、コツ、妙技,練習を重ねて、理屈抜きで体で覚えた特定の技術や「コツ・秘訣」を指す口語表現です（have a knack for languages = 語学の才能・コツがある）。,,
4767,retribution,/ˌretrɪˈbjuːʃn/,名詞,報い、天罰、因果応報、厳しい報復,自分が犯した悪事に対して、宇宙の法則や正義の審判から下される過酷な「自業自得の報い・天罰」を指す格調高い言葉です。,,
4768,sludge,/slʌdʒ/,名詞,泥、ヘドロ、汚泥、沈殿物,工場の排水や下水処理場の底に溜まる、黒くて不快な匂いを放つ「汚泥・ヘドロ」を指す環境・産業用語です。,,
4769,contingency,/kənˈtɪndʒənsi/,名詞,不測の事態、緊急事態、偶然性、偶発事項,将来起こるかもしれない、予期せぬトラブルや「不測の事態」を指します。あらかじめ想定して用意しておく予算を contingency budget（予備費・緊急用予算）と呼びます。,,
4770,registry,/ˈredʒɪstri/,名詞,登録（簿）、登記所、登録機関,資格、結婚、あるいは出生などの公的情報を公式に保管しておく「登録簿」のほか、パソコンのシステム設定データベース（レジストリ）を指します。,,
4771,acumen,/əˈkjuːmən/,名詞,鋭さ、洞察力、商才、的確な判断力,特に特定の専門分野において、物事の価値や先行きを即座に見抜く極めて高い「鋭い判断力・ビジネスセンス」を称える表現です（business acumen = ビジネスセンス）。,,
4772,wrangle,/ˈræŋɡl/,動詞、名詞,【動】（長くうるさく）論争する、言い争う、まとめる【名】長引く論争,些細なルールや利害をめぐって、当事者同士がいつまでも結論が出ずにブツブツと言い争う「泥沼の口論・長くうるさい論争」を意味します。,,
4773,labyrinth,/ˈlæbərɪnθ/,名詞,迷宮、迷路、複雑な関係,神話のミノタウロスの迷宮が語源で、一度迷い込むと簡単に出口が見つからない複雑な「迷路」や「超複雑な手続き」を指します。,,
4774,smother,/ˈsmʌðər/,動詞、名詞,【動】窒息させる、（火を）消す、感情を抑える、たっぷり覆う【名】息苦しさ,顔を覆って息を止める「窒息死させる」物理的意味のほか、自分の涙や怒りの感情を「グッと押し殺して耐える」際にも使われます。,,
4775,diffusion,/dɪˈfjuːʒn/,名詞,拡散、普及、伝播、散布,液体にインクを落とした際、じわじわと全体に「拡散」する物理現象を指すほか、新しい技術や噂が社会に広く「行き渡って普及する」ことを指します。,,
4776,blight,/blaɪt/,名詞、動詞,【名】（植物の）枯れ病、害毒、破滅の要因【動】枯らす、台無しにする,植物が細菌で急速にしおれて枯れる病気のほか、街の美観を損なうスラムを「都市の害毒（urban blight）」と呼び、夢を完全に「台無しにする」動詞としても使われます。,,
4777,foyer,/ˈfɔɪər/,名詞,ロビー、フォワイエ、玄関、エントランス,劇場、ホテル、あるいはアパートの正面入り口を入ったすぐのところにある、人々が待機したり歓談したりするための広々とした「エントランスホール・ロビー」を指すフランス語由来の語です。,,
4778,subversive,/səbˈvɜːrsɪv/,形容詞、名詞,【形】破壊的な、体制転覆を図る【名】破壊分子、反逆者,既存の政治体制や社会システム、道徳観を、裏からこっそりと揺るがして「転覆させようとする」不穏な活動や思想を指します（subversive activities）。動詞は subvert。,,
4779,impediment,/ɪmˈpedɪmənt/,名詞,障害、妨げ、身体障害、言葉の障害,進んでいる活動を遮る「重大な障害・足枷」のほか、医学で吃音などの発音のハンディキャップを「言語障害（speech impediment）」と表現します。,,
4780,pawn,/pɔːn/,名詞、動詞,【名】ポーン（チェスの最弱の駒）、人質、手先【動】質に入れる,チェスの最も価値の低い「歩兵の駒（pawn）」から、権力者に都合よく使い捨てにされる「手先」を指すほか、品物を「質に入れる」ことを意味します（pawnshop = 質屋）。,,
4781,payroll,/ˈpeɪroʊl/,名詞,給与（総額）、従業員名簿、給与支払い管理,会社に雇われているすべての従業員の名簿（on the payroll = 雇用されている）を指すほか、毎月会社が支払う「給与の総額」を意味します。,,
4782,quirk,/kwɜːrk/,名詞、動詞,【名】（奇妙な）癖、奇癖、偶然のいたずら【動】ねじる,人物の一風変わった「独自のちょっとしたおかしな癖」のほか、人生における予想外の「奇妙な偶然のいたずら（a quirk of fate = 運命のいたずら）」を指します。,,
4783,curfew,/ˈkɜːrfjuː/,名詞,門限、夜間外出禁止令、消灯,家庭での子供の「門限」のほか、災害や暴動の際に政府が発令する「夜間外出禁止令（impose a curfew）」を意味します。,,
4784,pamper,/ˈpæmpər/,動詞、名詞,【動】甘やかす、十分に甘やかす【名】甘やかすこと,子供やペットを甘やかして育てる意味のほか、スパなどで「自分自身に最高のご褒美・快適さを与えて存分にもてなす」というポジティブな意味でも使われます（pamper yourself）。,,
4785,stoke,/stoʊk/,動詞、名詞,【動】（火に薪などを）くべる、感情をあおる、お腹いっぱい食べる【名】ひとくべ,暖炉の火に薪をくべて火力を強くする動作から転じて、大衆の怒り、恐怖、あるいは期待の感情を「激しくあおって燃え上がらせる」ことを意味します（stoke fears = 不安をあおる）。,,
4786,disintegration,/dɪsˌɪntɪˈɡreɪʃn/,名詞,分裂、崩壊、風化、分解、放射性崩壊,1つにまとまっていた組織や国、あるいは物質が、時間の経過とともにバラバラになって「完全に形を失って崩壊・消滅する」プロセスを意味します。動詞は disintegrate。,,
4787,impasse,/ˈimpasse/ -> /ˈɪmpæs/,名詞,行き詰まり、袋小路、デッドロック,交渉や議論において、双方が一切意見を譲らず、これ以上前に進みようがない完全にフリーズした「行き詰まり状態」を指します（reach an impasse = デッドロックに乗り上げる）。,,
4788,rendition,/renˈdɪʃn/,名詞,演奏、表現、解釈、翻訳、犯罪者引き渡し,音楽や演劇において、特定のアーティストが独自の感性で楽曲を「カバー演奏・パフォーマンスすること」を指すほか、法律では容疑者を他国に極秘送還する「身柄引き渡し」を意味します。,,
4789,persecute,/ˈpɜːrsɪkjuːt/,動詞,迫害する、虐げる、執拗に悩ませる,人種や宗教、政治的信念を理由に、特定のマイノリティ集団に対して不当な権利侵害や嫌がらせをして「迫害する」ことを意味します。名詞形は persecution。,,
4790,bounty,/ˈbaʊnti/,名詞,賞金、報奨金、寛大さ、豊かな恵み,指名手配犯の逮捕につながる「懸賞金（bounty hunter = 賞金稼ぎ）」のほか、大自然がもたらす「豊かな恵み（bounty of nature）」という意味もあります。,,
4791,hindsight,/ˈhaɪndsaɪt/,名詞,あと知恵、事後の判断、振り返ってみての理解,"すべてが起こり終わった後になって「あの時こうしておけばよかった」と振り返ることを指します。In hindsight, ...（今にして思えば、振り返ってみると）の形で非常によく使われます。",,
4792,avatar,/ˈævətɑːr/,名詞,アバター、化身、ネット上の分身,ヒンドゥー教の神の「化身」を起源とし、インターネットやゲームの仮想空間における自分自身のキャラクター「アバター」として現代社会に定着した単語です。,,
4793,brat,/bræt/,名詞,ガキ、おてんば、生意気な子供,わがままで言うことを聞かない、うざったい「ガキ・うるさい子供」を指して使われるカジュアル（少々侮辱的）な表現です（spoiled brat = わがままな甘えん坊のガキ）。,,
4794,jettison,/ˈdʒetɪsn/,動詞、名詞,【動】（船や飛行機から重い荷物を）投げ捨てる、見送る、切り捨てる【名】投げ捨てること,重い貨物を海に「投げ捨てる」物理的意味のほか、不要になった古い計画やメンバーを「バッサリと切り捨てて見送る」ことを意味します。,,
4795,taunt,/tɔːnt/,動詞、名詞,【動】（悪意を持って）あざける、嘲笑する、からかう【名】あざけり、冷やかし,相手の失敗や欠点をしつこく取り上げて、相手を怒らせるために大声で「あざ笑う・冷やかす」行為を指します（jeer や mock に並ぶ語）。,,
4796,wiggle,/ˈwɪɡl/,動詞、名詞,【動】（お尻や尾などを）小刻みに揺らす、もぞもぞ動かす【名】小刻みな揺れ,しっぽを「フリフリと小刻みに揺らす」様子や、靴の中でつま先を「もぞもぞ動かす（wiggle toes）」動作を表します。,,
4797,allusion,/əˈluːʒn/,名詞,ほのめかし、暗示、暗喩、引用,直接明言することなく、文学作品や歴史的出来事などを遠回しに「ほのめかして引き合いに出す」行為を指します。動詞は allude。,,
4798,procurement,/prəˈkjʊrmənt/,名詞,調達、入手,企業や政府が、事業に必要な物資やサービスを公式に調達・買い付ける業務を指すフォーマルなビジネス・公的用語です。,,
4799,aberration,/ˌæbəˈreɪʃn/,名詞,逸脱、異常な現象、心の迷い、収差（光学）,通常の予測や基準から一時的に著しく逸脱した、極めて珍しい「異常な現象・特異な出来事」を指す高度な単語です。,,
4800,backlash,/ˈbæklæʃ/,名詞、動詞,【名】（世間の激しい）逆風、反発、反動【動】激しい反発を受ける,政府の政策や企業の決定に対して、大衆や国民から浴びせられる「激しい批判の嵐・逆風・バックラッシュ」を意味します（face a massive backlash）。,,
4801,euphoria,/juːˈfɔːriə/,名詞,多幸感、極度の興奮、陶酔,精神的な幸福感が頂点に達し、頭がフワフワと舞い上がるような「最高の喜び・陶酔状態」を指す、少し医学・心理学的な響きを持つ言葉です。,,
4802,eligibility,/ˌelɪdʒəˈbɪləti/,名詞,適格性、資格のあること、被選挙権,特定のサービスを受けたり選挙に立候補したりするための「公式な資格・適格性」を指します（test of eligibility）。,,
4803,dictum,/ˈdɪktəm/,名詞,言明、格言、最高裁判官の意見,著名な学者や指導者が残した、真理をピシャリと言い当てている「格言・名言」を指す高尚な言葉です。,,
4804,manure,/məˈnʊr/,名詞、動詞,【名】（家畜の）堆肥、肥料【動】肥料を施す,牛や馬のフンを乾燥させて作った、畑の作物を育てるための天然の「堆肥・有機肥料」を指します。,,
4805,populace,/ˈpɑːpjələs/,名詞,（国や特定の場所の）全住民、大衆、庶民,特定の地域や国に暮らす「全一般大衆・市民層全体」を指す、population（人口）より社会的なニュアンスを含む集合名詞です。,,
4806,bedrock,/ˈbedrɑːk/,名詞,基盤、基礎、土台、岩盤,地面の最下層にある固い「岩盤」の意味から転じて、制度や法律、あるいは道徳の「最も重要なゆるぎない基礎・土台」を指す比喩として多用されます（bedrock of society）。,,
4807,centennial,/senˈteniəl/,名詞、形容詞,【名】100周年、100周年記念祭【形】100周年の、100年ごとの,創立や誕生から100年目にあたる「100周年記念（anniversaryの100年版）」を指します。200周年は bicentennial。,,
4808,stint,/stɪnt/,名詞、動詞,【名】（割り当てられた）勤務期間、一定の仕事、制限【動】出し惜しみする,特定のポジションや海外赴任、あるいは軍の任務などで過ごした「一定の活動・派遣勤務期間」を指します（after a two-year stint in Tokyo）。,,
4809,omen,/ˈoʊmən/,名詞、動詞,【名】前兆、予兆、お告げ【動】前兆となる,将来何か重大なことが起きることを暗に示す不気味な、あるいは良い「前兆・予兆」を指します（good omen = 吉兆 / bad omen = 凶兆）。,,
4810,teem,/tiːm/,動詞,（人や動物が）満ち溢れている、うじゃうじゃいる、（雨が）激しく降る,teem with... の形で、魚、昆虫、あるいは大衆が特定の場所に「うじゃうじゃと大量に満ちあふれている」状態を表します（The river teemed with fish）。,,
4811,picket,/ˈpɪkɪt/,名詞、動詞,【名】ピケ、抗議監視員、杭【動】ピケを張って抗議する、杭で囲む,ストライキを行う労働者が、職場の前に立って代替要員の侵入を防いだりアピールする「ピケ（監視員・抗議行動）」を指します（picket line）。,,
4812,acknowledgement,/əkˈnɑːlɪdʒmənt/,名詞,承認、承認通知、感謝の言葉、謝辞,動詞 acknowledge（認める、受け取る）の名詞形。メールなどを「確かに受け取りましたという通知」や、論文の巻末に載せる協力者への「感謝の言葉（acknowledgements）」を指します。,,
4813,straddle,/ˈstrædl/,動詞、名詞,【動】（馬などに）またがる、両側にまたがる、どっちつかずの態度をとる【名】またがること、またがった姿勢,馬やオートバイのほか、二つの国や分野、あるいは川の両側に「またがって位置する」様子を表します。,,
4814,chasm,/ˈkæzəm/,名詞,（地面の）深い裂け目、大峡谷、大きな意見の隔たり,地面の深く真っ暗な「裂け目（谷）」を指すほか、二者間の埋めようのない「決定的な意見や価値観の隔たり・深い溝」を比喩的に指します（chasm between the rich and the poor）。,,
4815,complacency,/kəmˈpleɪsnsi/,名詞,自己満足、現状に満足しきって油断すること,現在が順調であるために、一切の危機感を持たず、現状にぬるま湯で満足して「完全に油断している状態」を警告する言葉です（danger of complacency）。,,
4816,pedigree,/ˈpedɪɡriː/,名詞、形容詞,【名】血統、系図、由緒、家柄【形】純血種の、由緒ある,犬や馬の血統書「血統」を指すほか、歴史の長い優れた「由緒・素晴らしい実績のルーツ」を表現します。,,
4817,adversity,/ədˈvɜːrsəti/,名詞,逆境、苦難、不運,人生やプロジェクトを阻む、深刻な「逆境や不運なトラブル」を指します（triumph over adversity = 逆境に打ち勝つ）。,,
4818,rationality,/ˌræʃəˈnæləti/,名詞,合理性、理性,感情に流されず、論理的（rational）に最も正しい筋道を追究する「理性、合理的な性質」を指します。,,
4819,philanthropy,/fɪˈlænθrəpi/,名詞,慈善活動、フィランソロピー、博愛,富豪や企業が、利益目的ではなく、人類の福祉や社会貢献のために巨額の寄付を行う「大規模な慈善活動」を意味します。慈善活動家は philanthropist。,,
4820,cynicism,/ˈsɪnɪsɪzəm/,名詞,冷笑主義、皮肉、シニシズム,他人の道徳的行動をあざ笑い、すべてのものに裏があると冷ややかに捉える「シニシズム・皮肉な世界観」を指します。,,
4821,mitigation,/ˌmɪtɪˈɡeɪʃn/,名詞,緩和、軽減,動詞 mitigate（和らげる）の名詞形。地球温暖化の被害軽減（climate change mitigation）や、リスク、苦痛を「和らげて小さくすること」を指します。,,
4822,morgue,/mɔːrɡ/,名詞,死体公示所、死体置場、（新聞社などの）資料保管室,病院や警察署などに設置された、身元不明や事件関係者の遺体を一時的に保管しておく「死体置き場（モルグ）」を指す言葉です。,,
4823,pod,/pɑːd/,名詞、動詞,【名】（エンドウなどの）さや、ポッド（小型の脱出カプセルや個室）【動】さやを取る,えんどう豆などの「さや」を指すほか、飛行機の「補助燃料タンク」、宇宙船の「小型カプセル」、さらに近未来の「カプセルホテル型個室（sleeping pod）」を指します。,,
4824,alienation,/ˌeɪliəˈneɪʃn/,名詞,疎外感、孤立、遠ざけること,動詞 alienate の名詞形。自分が社会からハブにされ、誰も自分を相手にしてくれないと感じる「ひどい孤独感・疎外感」を指します。,,
4825,corporal,/ˈcɔːrpərəl/,名詞、形容詞,【名】伍長、コーポラル（軍の階級）【形】肉体の、身体の,陸軍などで働く軍の下士官「伍長」を指すほか、かつて学校などで行われた体罰を「肉体刑罰（corporal punishment = 体罰）」と呼びます。,,
4826,funk,/fʌŋk/,名詞、動詞,【名】ファンク（音楽）、（in a funk で）ひどい憂鬱、恐怖、臆病【動】怖気づく,黒人音楽の「ファンク」のほか、口語で in a funk と言うと、心がどんよりと深く沈んで何もやる気が起きない「ひどい憂鬱・スランプ状態」を意味します。,,
4827,deluge,/ˈdeljuːdʒ/,名詞、動詞,【名】大洪水、豪雨、（苦情・注文などの）殺到【動】水浸しにする、殺到させる,大洪水などの物理的意味のほか、大量のメールや書類が一度にドサッと「殺到する」際にも使われます（a deluge of complaints）。,,
4828,intestine,/ɪnˈtestɪn/,名詞、形容詞,【名】（通例sで）腸、内臓【形】内部の、国内の,胃の先にある消化器官「腸」を指し、小腸は small intestine、大腸は large intestine と呼びます。形容詞は intestinal。,,
4829,liturgy,/ˈlɪtərdʒi/,名詞,典礼、礼拝式、教会の儀式体系,キリスト教などの教会において、定められた公式な手順に従って厳粛に行われる「礼拝式・典礼・儀式のプログラム」を指します。,,
4830,sarcasm,/ˈsɑːrkæzəm/,名詞,皮肉、あてこすり、嫌み,相手を傷つけるために、意図的に本心とは真逆のことを言う「辛辣な嫌み・嫌がらせの皮肉」を指します（例：失敗した人への「さすが天才、お見事！」など）。,,
4831,anthem,/ˈænθəm/,名詞、動詞,【名】賛歌、国歌、聖歌【動】賛歌を歌う,国を代表する歌「国歌（national anthem）」のほか、特定のグループや世代を代表するお決まりの大ヒット応援歌などを指します。,,
4832,demolition,/ˌdeməˈlɪʃn/,名詞,取り壊し、解体、完全な破壊,古くなったアパートやビルを重機などで物理的に粉砕して「取り壊す・解体する」ことを意味する建築用語です。動詞は demolish。,,
4833,propagate,/ˈprɑːpəɡeɪt/,動詞,（動植物を）繁殖させる、増やす、（噂や主義を）広める、伝える,植物を「繁殖させて増やす」意味のほか、インターネットなどで主義、主張、または噂を世界中に「広く拡散させて普及させる」ことを指します。,,
4834,romp,/rɑːmp/,動詞、名詞,【動】（子供・動物が）はしゃぎ回る、楽勝する【名】大はしゃぎ、陽気な遊び、楽勝,楽しそうに飛び跳ねて遊ぶのほか、競馬や選挙などで他を圧倒して「軽々と楽勝する（romp home = 楽勝でゴールする）」ことを意味します。,,
4835,obituary,/oʊˈbɪtʃuəri/,名詞、形容詞,【名】（新聞の）死亡記事、お悔やみ欄【形】死亡の、お悔やみの,新聞やニュースサイトに掲載される、著名な亡くなった人の功績や生涯をまとめた公式な「死亡記事」を指します。,,
4836,adjunct,/ˈædʒʌŋkt/,名詞、形容詞,【名】付加物、付属物、（大学の）非常勤講師【形】付属の、臨時の、非常勤の,付属物のほか、大学で週に数時間だけ講義を担当する「非常勤教員（adjunct professor / adjunct faculty）」を意味します。,,
4837,crusader,/kruːˈseɪdər/,名詞,十字軍の戦士、（社会改革などの）社会運動家、闘士,歴史上の「十字軍戦士」のほか、悪弊の打破や正義の実現を掲げて熱心に立ち上がる「社会運動の闘士・改革運動家（crusader against corruption）」を指します。,,
4838,seminary,/ˈsemɪneri/,名詞,神学校、専門学校,キリスト教の牧師や神父を養成するための専門の高等教育機関「神学校（theological seminary）」を意味します。,,
4839,exaggeration,/ɪɡˌzædʒəˈreɪʃn/,名詞,誇張、大げさに表現すること,動詞 exaggerate の名詞形。事実を実際よりも過剰に大きくアピールして大げさに言うことです（without exaggeration = 誇張なしに言うと）。,,
4840,impetus,/ˈharness/ -> /ˈɪmpɪtəs/,名詞,弾み、推進力、きっかけ、原動力,停滞していたプロジェクトや変化を一気に進めるための「強力なきっかけ・原動力・弾み」を指す重要な言葉です（give impetus to... = 〜に弾みをつける）。,,
4841,compilation,/ˌkɑːmpɪˈleɪʃn/,名詞,編集（物）、編集された本、ベストアルバム、コンピレーション,様々な情報を1箇所に集めてまとめる行為。ヒット曲を集めた「コンピレーション・アルバム（compilation album）」などで馴染みがあります。,,
4842,semiconductor,/ˌsemikənˈdʌktər/,名詞,半導体,電気を通す導体と通さない絶縁体の中間の性質を持つ物質「半導体」のことで、PCやスマホに不可欠な精密電子部品です。,,
4843,measles,/ˈmiːzlz/,名詞,麻疹（はしか）,高熱と全身の赤い発疹を特徴とする、非常に感染力の強いウイルス性の病気「はしか」を指す医学用語です。単数として扱われます。,,
4844,smuggler,/ˈsmʌɡlər/,名詞,密輸業者、密輸船,麻薬や武器、あるいは関税を逃れるための品物を違法に国境を越えて持ち込む「密輸人」を指します。動詞は smuggle。,,
4845,miscarriage,/mɪsˈkærɪdʒ/,名詞,流産、（計画などの）失敗、誤り,妊娠途中で赤ちゃんを失う「流産」を指すほか、司法の重大な間違いによる冤罪などを「司法の誤審（miscarriage of justice）」と呼びます。,,
4846,epicenter,/ˈepɪsentər/,名詞,震央、震源地、活動の中心地,地震の発生源の直上にあたる地表の点「震央（震源地）」のほか、感染拡大やトレンドの「最も激しい中心地」を指します（epicenter of the outbreak）。,,
4847,improvisation,/ˌɪmprəvaɪˈzeɪʃn/,名詞,即興、即興演奏、アドリブ,事前の準備なしに、その場でアイデアをひねり出してパフォーマンスする「即興・アドリブ（jazz improvisation）」を指します。,,
4848,lineage,/ˈlɪniɪdʒ/,名詞,血統、家系、系統,祖先から子孫へと代々受け継がれてきた「血筋・家系」を指すほか、ウイルスの変異株の系統を指す際にも使われます。,,
4849,recourse,/ˈriːkɔːrs/,名詞,（～に）頼ること、不満の解決手段、訴えること,困ったときに助けを求める「最後の手段・解決方法」を指します。have no recourse to... で「〜に頼る手段がほかにない」となります。,,
4850,foreman,/ˈfɔːrmən/,名詞,（工場の）職長、現場監督、陪審員長,建設現場や工場で作業員を直接指揮・指導する「現場監督」のほか、裁判で陪審員グループを代表する「陪審員長」を指します。,,
4851,rupture,/ˈrʌptʃər/,名詞、動詞,【名】破裂、決裂、疝痛【動】破裂する、決裂させる、断絶する,血管やパイプが急激に「破裂する（rupture of an artery）」こと、あるいは国交や人間関係が完全に「決裂・破綻する」ことを指します。,,
4852,spurn,/spɜːrn/,動詞、名詞,【動】（～を）はねつける、冷たく拒絶する、踏みつける【名】拒絶,相手の好意や提案、あるいはアドバイスを、軽蔑の念を込めてにべもなく「冷たくはねつける」ことを意味します（rebuffに同様）。,,
4853,hepatitis,/ˌhepəˈtaɪtɪs/,名詞,肝炎,ウイルス感染などによって肝臓に炎症が起こる病気「肝炎」を指す医学用語です（A型肝炎、B型肝炎など）。,,
4854,pun,/pʌn/,名詞、動詞,【名】だじゃれ、言葉遊び、駄洒落【動】だじゃれを言う,同じ発音や似た音の異なる言葉をかけて笑いを誘う「だじゃれ、オヤジギャグ、言葉遊び」を指します（make a pun）。,,
4855,hallucination,/həˌluːsɪˈneɪʃn/,名詞,幻覚、幻聴、錯覚,実際には存在しないものが、病気や薬物の影響で本当に見えたり聞こえたりする「幻覚」を指します。,,
4856,stunt,/stʌnt/,名詞、動詞,【名】スタント、危険なアクロバット、人目を引くための行為【動】成長を妨げる,映画での危険なアクションや、注目を引くための「売名行為（publicity stunt）」を指すほか、動詞として「子供や植物の成長を阻害する」意味もあります。,,
4857,menopause,/ˈmenəpɔːz/,名詞,閉経、更年期,女性の月経が永久に停止する「閉経」の時期を指す医学用語です。更年期障害に伴う体調不良の時期を指すこともあります。,,
4858,inhibition,/ˌɪnhɪˈbɪʃn/,名詞,抑制、抑制の欠如、引っ込み思案、心のブレーキ,感情や欲求を抑え込む「抑制」のほか、心理学で人前でリラックスできなくなる「心のブレーキ・引っ込み思案」を指します。,,
4859,litigation,/ˌlɪtɪˈɡeɪʃn/,名詞,訴訟、起訴、裁判手続き,紛争を解決するために、裁判所に公式に訴えを起こして争う「訴訟手続き」を意味する法的な単語です（civil litigation = 民事訴訟）。,,
4860,hull,/hʌl/,名詞、動詞,【名】（船の）船体、（種や大豆などの）外皮【動】皮をむく,船の機関やマストを除いた、水に浮くベースの部分である「船体」を指すほか、豆の「外皮、殻」を意味します。,,
4861,exposition,/ˌekspəˈzɪʃn/,名詞,博覧会、展示会、詳細な説明、提示,大規模な「博覧会・エキスポ」の意味のほか、理論や計画をわかりやすく詳細に述べる「詳しい解説・解説」を意味します。,,
4862,euthanasia,/ˌjuːθəˈneɪʒə/,名詞,安楽死,難治性の病気で激しい苦痛を伴う患者に対して、本人の意思に基づいて医師が苦痛なく死に至らせる「安楽死」を指す倫理・医学用語です。,,
4863,lunatic,/ˈluːnətɪk/,名詞、形容詞,【名】狂人、変人、まともでない人【形】狂気じみた、ばかげた,常軌を逸した「狂気的な・頭のおかしい」人物や行為を指します（lunatic fringe = 極端な過激派グループ）。,,
4864,obscenity,/əbˈsenəti/,名詞,わいせつ、卑猥、下品な言動,形容詞 obscene の名詞形。テレビや公の場で禁止される「わいせつな言葉や卑猥な表現」を指します。,,
4865,manifesto,/ˌmænɪˈfestoʊ/,名詞,（政党などの）マニフェスト、宣言書、声明,選挙の際に政党が有権者に約束する「政権公約」のほか、自らの理念を表明する「公式な宣言書（Communist Manifesto = 共産党宣言）」を指します。,,
4866,absentee,/ˌæbsənˈtiː/,名詞、形容詞,【名】欠席者、不在者【形】不在の、欠席の,学校や職場、あるいは会議を休んでいる「欠席者」を指します。郵便で行う不在者投票を absentee ballot と呼びます。,,
4867,locale,/loʊˈkæl/,名詞,（小説や映画などの）舞台、現場、場所,単なる物理的な場所（location）とは異なり、物語や事件が展開する「特有の雰囲気を持ったシーン、現場・舞台」を指します。,,
4868,manslaughter,/ˈmænslɔːtər/,名詞,（意図しない）過失致死、殺人（謀殺でないもの）,殺意を持って計画的に人を殺す謀殺（murder）とは区別され、過失や衝動によって引き起こされた「計画性のない殺人・過失致死」を指す法律用語です。,,
4869,insurrection,/ˌɪnsəˈrekʃn/,名詞,反乱、暴動、武装蜂起,国家の政府や権力に対して、市民や集団が武力を持って立ち上がる「反乱・武装蜂起（rebellionに近い）」を意味します。,,
4870,enclosure,/ɪnˈkloʊʒər/,名詞,囲い、囲い地、同封物,動物園のフェンスで囲まれた「飼育スペース」や、ビジネスメールに書類を同封した際の「同封ファイル・同封物（enclosure）」を意味します。,,
4871,placate,/ˈpleɪkeɪt/,動詞,なだめる、怒りを静める、和らげる,怒っている顧客、配偶者、あるいは他国の要求を聞き入れ、機嫌を損ねないように「なだめて静める」ことを意味します（appeaseに同様）。,,
4872,funnel,/ˈfʌnl/,名詞、動詞,【名】じょうご（漏斗）、（船の）煙突【動】じょうごで注ぐ、（資金などを）集中させる,液体を瓶に移すための「じょうご（漏斗）」のほか、資金・情報を特定のルートに「集中させて流し込む」という動詞としてもよく使われます。,,
4873,kettle,/ˈketl/,名詞、動詞,【名】やかん、ケトル【動】（警察がデモ隊などを）包囲監禁する,お湯を沸かすための「やかん（ケトル）」を指します。また、イギリスの警察用語で、デモ隊を特定の狭いエリアに囲い込むことも意味します。,,
4874,pertain,/pərˈteɪn/,動詞,（〜に）適する、関係する、付属する,特定の話題、ルール、あるいは書類に「関連する・関わる」ことを示す少し硬い表現です（pertain to the issue）。,,
4875,malpractice,/mælˈpræktɪs/,名詞、動詞,【名】不法行為、治療ミス、職務怠慢【動】不正を行う,医師、弁護士、あるいは会計士などの専門職が、職務上の義務を怠ったり犯した「重大なミス・業務過失・不法行為」を指します。,,
4876,outpatient,/ˈaʊtpeɪʃnt/,名詞、形容詞,【名】外来患者【形】外来（患者）の,入院（inpatient）せず、診察や薬の処方のために通院する「外来患者・外来治療」を指す医学用語です。,,
4877,secede,/sɪˈsiːd/,動詞,正式に脱退する、分離独立する,国家、同盟、あるいは宗教団体から、正式に「分離して独立・脱退する」ことを意味する政治・歴史の硬い言葉です。,,
4878,whack,/wæk/,動詞、名詞,【動】ピシャリと叩く、強く殴る、台無しにする【名】強打、分け前、試み,平手や平たい板などで強くドンと「ひっぱたく・叩く」動作のほか、have a whack at で「試しにやってみる」というスラングになります。,,
4879,calculus,/ˈkælkjələs/,名詞,微積分、微積分学、結石、計算、石灰沈着,数学の「微積分学」を指すほか、歯にたまる「歯石（dental calculus）」や、体内の「結石（kidney stone）」を意味する専門用語です。,,
4880,inoculation,/ɪˌnɑːkjuˈleɪʃn/,名詞,予防接種、ワクチン接種、植え付け,病気の感染を防ぐためにワクチンを注射する「予防接種（vaccinationに同様、やや学術的）」を指す言葉です。動詞は inoculate。,,
4881,piracy,/ˈpaɪrəsi/,名詞,海賊行為、著作権侵害、海賊版作成,海での船の襲撃「海賊行為」のほか、映画やソフトウェアを無断で違法にコピー・配布する「著作権侵害」を意味します。,,
4882,truce,/truːs/,名詞、動詞,【名】休戦（協定）、一時的中止【動】休戦する,戦争や激しい論争を、一時的にストップさせるための「休戦協定・一時休止」を意味します（call a truce）。,,
4883,ruckus,/ˈrʌkəs/,名詞,大騒ぎ、騒動、大喧嘩,意見の衝突や不満によって発生する、うるさくて騒々しい「大騒ぎ・大喧嘩」を指すカジュアルな口語です（raise a ruckus = 大騒ぎを起こす）。,,
4884,cardiovascular,/ˌkɑːrdioʊˈvæskjələr/,形容詞,心臓血管の、循環器の,心臓（cardio）と血管（vascular）に関する専門的な医学用語です（cardiovascular disease = 心臓血管疾患・循環器病）。,,
4885,surrogate,/ˈsɜːrəɡət/,名詞、形容詞、動詞,【名】代理人、代用品、代理母【形】代理の、身代わりの【動】代理とする,代理を務める人や代替物を指し、他人の代わりに子供を出産する「代理母」を surrogate mother と呼びます。,,
4886,vial,/ˈvaɪəl/,名詞,バイアル、小瓶、（薬液などを入れる）ガラス瓶,液体の医薬品、ワクチン、あるいは化学実験のサンプルなどを入れるための、ゴム栓のついた「小さなガラス製の密閉瓶（バイアル）」を指します。,,
4887,conglomerate,/kənˈɡlɑːmərət/,名詞、形容詞、動詞,【名】複合企業、コングロマリット、礫岩【形】寄せ集まった【動】丸くまとまる、合併する,M&Aを繰り返して、互いに関係のない多種多様な業界の企業を傘下に抱える超巨大な「複合企業（コングロマリット）」を指すビジネス用語です。,,
4888,palatable,/ˈpælətəbl/,形容詞,口に合う、美味しい、許容できる、好ましい,料理が「口に合って美味しい」という意味のほか、提案やアイデアが関係者にとって「受け入れやすい、妥当である」という比喩表現にもよく使われます（palatable solution）。,,
4889,tepid,/ˈtepɪd/,形容詞,ぬるい、なまぬるい、熱意のない,お風呂やスープの温度が熱くも冷たくもない「なまぬるい（lukewarmに近い）」状態を指すほか、提案などに対する大衆の「熱意のない、冷ややかな」反応を表現します。,,
4890,annihilate,/əˈnaɪəleɪt/,動詞,絶滅させる、全滅させる、無効にする,敵軍、都市、あるいは種の人口を完全に「全滅させて跡形もなく滅ぼす」ことを意味する、極めて強い動詞です（annihilate the enemy）。,,
4891,gruesome,/ˈɡruːsəm/,形容詞,恐ろしい、ぞっとするような、凄惨な,凄惨な事件現場や殺人事件など、血なまぐさくて「目に見えておぞましく、ぞっとするような」ひどい様子を表現します（gruesome murder）。,,
4892,precarious,/prɪˈkeriəs/,形容詞,不安定な、不確かな、危険な、他者次第の,土台が悪く今にも崩れ落ちそうな物理的状況や、いつ失業・破産してもおかしくない「非常に危うく不安定な」状況を指します（precarious position）。,,
4893,cervical,/ˈsɜːrvɪkl/,形容詞,頸部の、首の、子宮頸部の,首に関する医学用語で、首の骨を「頸椎（cervical spine）」、女性特有の病気である子宮の入り口のがんを「子宮頸がん（cervical cancer）」と呼びます。,,
4894,treasurer,/ˈtreʒərər/,名詞,会計担当者、財務責任者、会計係,クラブ、自治体、あるいは企業において、お金の管理、出納、予算執行を担当する責任者「会計・財務担当」を指します。,,
4895,mural,/ˈmjʊrəl/,名詞、形容詞,【名】壁画、壁画装飾【形】壁の、壁面の,建物の外壁や公共の壁に描かれた巨大な「壁画」を指します。ストリートアートなどの分野でもよく使われます。,,
4896,consecrate,/ˈkɑːnsɪkreɪt/,動詞、形容詞,【動】神聖にする、聖別する、神に捧げる【形】神聖な,教会を建てる際や、儀式の品を神の用のために「聖別して神聖にする」という宗教的意味のほか、自分の生涯を研究や特定の活動に「捧げる」ことも意味します。,,
4897,bloated,/ˈbloʊtɪd/,形容詞,膨張した、むくんだ、お腹が張った、肥大化した,水を吸ってぶよぶよに「膨らんでいる」死骸や、食べ過ぎてお腹が張って苦しい状態（feel bloated）のほか、組織や役所が不必要に「肥大化している」様子を指します。,,
4898,extradite,/ˈekstrədaɪt/,動詞,（逃亡犯を）引き渡す、送還する,自国から他国へ逃亡した容疑者や、他国から自国へ身柄の「送還・引き渡し（extradition）」を求めることを意味します。,,
4899,muffle,/ˈmʌfl/,動詞、名詞,【動】（消音のために）覆う、包む、音を和らげる【名】消音マフラー、覆うもの,マフラーや防音材で覆って、大きな音や声を「小さく和らげる・消音する」ことを意味します（muffled voice = こもった声）。,,
4900,generalized,/ˈdʒenrəlaɪzd/,形容詞,一般化された、広範囲に及ぶ、全身の,特定の事例だけでなく、幅広く適用できるように「一般化された」説明や、医学で体の一部ではなく「全身に及ぶ（generalized pain = 全身の痛み）」症状を指します。,,
4901,tinge,/tɪndʒ/,名詞、動詞,【名】（わずかな）色合い、気配、風味【動】わずかに色づける、少し含ませる,ベースとなる色や感情に、ほんの少し混ざり込んでいる「かすかな色合いや気配」を指します（a tinge of sadness = わずかな悲哀の気配）。,,
4902,glisten,/ˈɡlɪsn/,動詞、名詞,【動】（濡れた表面が）きらきら光る、きらめく【名】光沢、きらめき,雨で濡れたアスファルト、あるいは涙などが、光を反射して「うるうると輝く・きらめく」様子を表します。,,
4903,exacting,/ɪɡˈzæktɪŋ/,形容詞,厳しい、骨の折れる、厳格な要求を伴う,ミスを一切許さず極めて完璧なクオリティを要求する仕事や上司の態度を指します（exacting boss / exacting standards = 厳しい基準）。,,
4904,flagrant,/ˈfleɪɡrənt/,形容詞,目に余る、露骨な、ひどい、極悪な,ルール違反や不法行為、あるいは嘘を、隠そうともせず平然と行っている「目に余る、言語道断な」ひどい様子を批判します（flagrant violation = 露骨な違反）。,,
4905,nuptial,/ˈnʌpʃl/,形容詞、名詞,【形】結婚（式）の、婚礼の【名】結婚式、婚礼,結婚に関連するフォーマルな形容詞です。結婚式の誓いは nuptial vows と言います。,,
4906,predatory,/ˈpredətɔːri/,形容詞,捕食性の、略奪的な、他者を食い物にする,肉食動物の「捕食性の」という意味のほか、立場が弱い人を金銭的・性的に騙して「食い物にする」悪質な他者の態度を指します（predatory lending = 悪質な高利貸し）。,,
4907,obnoxious,/əbˈnɑːkʃəs/,形容詞,極めて不快な、非常に感じの悪い、鼻持ちならない,レストランで大声で騒ぐ客や、自慢話ばかりする鼻持ちならない人物など、周囲を「非常に不快にさせる、感じが悪い」様子を批判する一般的な語です。,,
4908,stalwart,/ˈstɔːlwərt/,形容詞、名詞,【形】頑強な、揺るぎない、頼りになる【名】忠実な支持者、頑強な人,体格が非常に頑強であることや、信念や支持がブレることなく「極めて頼りになる・忠実である」仲間を指します（stalwart supporter = 筋金入りの支持者）。,,
4909,stately,/ˈsteɪtli/,形容詞、副詞,【形】威厳のある、堂々たる、格式の高い【副】堂々と,歴史ある古い宮殿や、大邸宅（stately home）、あるいはゆっくりと優雅に進むパレードなどの「堂々たる、威厳に満ちた」素晴らしい様子を指します。,,
4910,shoddy,/ˈshod-dy/ -> /ˈʃɑːdi/,形容詞,安かろう悪かろうの、粗悪な、だらしない,手抜き工事の住宅や、すぐに壊れる安物の製品を指す「粗悪な・手抜きの」を意味する口語的な形容詞です（shoddy workmanship = 手抜き作業）。,,
4911,radiant,/ˈreɪdiənt/,形容詞、名詞,【形】光り輝く、晴れやかな、放射される【名】放射源,強い光を放つ太陽のほか、幸せいっぱいで笑顔が「晴れやかにキラキラ輝いている」人物の表情を称賛します（radiant smile = 輝くばかりの笑顔）。,,
4912,glint,/ɡlɪnt/,名詞、動詞,【名】（キラッとした）きらめき、反射光【動】キラッと光る,ナイフの刃、ガラス、あるいは人の目が、一瞬だけ鋭く「キラリと反射して光る」様子を指します（a glint of light）。,,
4913,infrared,/ˌɪnfrəˈred/,形容詞、名詞,【形】赤外線の【名】赤外線,可視光線の赤色の外側にある、目に見えないが熱作用の強い光「赤外線」を指す物理用語です（infrared camera = 赤外線カメラ）。紫外線は ultraviolet。,,
4914,requisite,/ˈrekwəzɪt/,形容詞、名詞,【形】必要な、必須の、欠くことのできない【名】必需品,特定の手続きや資格、活動を行うために、事前に絶対に必要とされる「不可欠な要件・条件」を指します（requisite skills）。,,
4915,autistic,/ɔːˈtɪstɪk/,形容詞、名詞,【形】自閉症の、自閉的な【名】自閉症の人,他者とのコミュニケーションや社会的相互作用に独自の特性を持つ、脳の発達障害「自閉症（autism）」に関する医学用語です。,,
4916,flit,/flɪt/,動詞、名詞,【動】軽快に飛び回る、すばやく移動する、引っ越す【名】ひらひら飛ぶこと、引っ越し,小鳥や蝶が、花から花へと軽快に「ひらひらと飛び回る」動作を指すほか、視点や関心が次々と移り変わる様子を表現します（flit from topic to topic）。,,
4917,gregarious,/ɡrɪˈɡeriəs/,形容詞,社交的な、群れるのを好む、群生の,一人でいるよりも、大勢の仲間と一緒に過ごすことや社交を好む「社交的で明るい」気質の人、または群れをなして生活する動物を指します。,,
4918,majestic,/məˈdʒestɪk/,形容詞,荘厳な、堂々たる、雄大な、素晴らしい,富士山や大宮殿のような、見る人を圧倒する気高さを湛えた「雄大で、美しく荘厳な」事物や動物を表現します（majestic eagle = 威風堂々たるワシ）。,,
4919,exuberant,/ɪɡˈzuːbərənt/,形容詞,（元気などが）溢れんばかりの、活気あふれる、生い茂った,人々のエネルギー、笑顔、あるいは創造力が「今にも溢れそうに活発で、生命感に満ちている」陽気な様子を称賛する言葉です（exuberant personality）。,,
4920,elucidate,/ɪˈluːsɪdeɪt/,動詞,（難解なことを）明快に説明する、解明する、明らかにする,複雑で誰もが混乱しているルールや理論を、分かりやすい言葉を使って「スッキリと明確に解説・説明する」ことを意味する高度な言葉です。,,
4921,waiver,/ˈweɪvər/,名詞,（権利などの）放棄、免除、権利放棄証書、免責合意書,自分の権利や要求を公式に手放すこと。また、スポーツなどで怪我をしても自己責任とする「免責同意書」や、支払いの「免除」を指します。,,
4922,ailing,/ˈeɪlɪŋ/,形容詞,病んでいる、患っている、不調な、経営不振の,動詞 ail の現在分詞形容詞。慢性的に体調が優れないお年寄りを指すほか、倒産寸前で低迷している企業や経済を表現します（ailing company = 経営不振の企業）。,,
4923,perverse,/pərˈvɜːrs/,形容詞,つむじ曲がりの、へそ曲がりの、不条理な、邪悪な,人の意見にわざと逆らったり、不当に反対ばかりする「ひねくれた・つむじ曲がりの」あまのじゃくな性格や、常識に反する不条理な決定を指します。,,
4924,vogue,/voʊɡ/,名詞、形容詞、動詞,【名】流行、人気【形】流行の【動】流行にのる、ポーズを取る,特定のファッションやスタイルが世間で大流行していることを指します（in vogue = 流行している）。有名なファッション誌のタイトルでもあります。,,
4925,venom,/ˈvenəm/,名詞,（ヘビやクモなどの）分泌毒、悪意、強い恨み,ヘビやサソリが自ら注入する「分泌毒」のほか、他人に向ける「言葉の毒・激しい悪意」を意味します。,,
4926,ethereal,/ɪˈθɪriəl/,形容詞,この世のものとは思えないほど美しい、極めて優美な、霊妙な、エーテルの,天使や朝霧に包まれた風景のように、地上の泥臭さが全くなく、「非常に繊細で、優美で神秘的な美しさ」を湛えている様子を表現する美しい言葉です。,,
4927,interpretive,/ɪnˈtɜːrprətɪv/,形容詞,解釈上の、説明を施した、解釈の,物事の「解釈や翻訳に関連する」性質を指します。博物館などで、歴史をわかりやすく解説する看板などを interpretive sign と呼びます。,,
4928,ultimatum,/ˌʌltɪˈmeɪtəm/,名詞,最後通牒、最終要件,外交や緊迫した交渉において、相手に対して「これをのまなければ交渉を決裂させ、実力行使に出る」という最終期限付きの「最後通牒」を意味します（issue an ultimatum）。,,
4929,cardiac,/ˈkɑːrdiæk/,形容詞、名詞,【形】心臓の、心臓病の【名】心臓病患者,心臓に関する専門的な医学用語です（cardiac arrest = 心停止 / cardiac surgeon = 心臓外科医）。,,
4930,zest,/zest/,名詞、動詞,【名】強い熱意、やる気、おかしみ、レモンなどの皮のすりおろし【動】皮をすりおろす,人生や活動に対するみなぎる「強い情熱・やる気・スパイス（zest for life = 生きる歓び）」を指すほか、料理に風味を加えるレモンの皮のすりおろしを指します。,,
4931,posh,/pɑːʃ/,形容詞,豪華な、お高くとまった、上品な、一流の,イギリス英語で非常によく使われる言葉で、富裕層が好むような「上流階級向けの、ハイソで豪華な、上品ぶった」スタイルやお店を指します（posh restaurant）。,,
4932,appellate,/əˈpelət/,形容詞,上訴の、控訴の、控訴を処理する,裁判において、一審の判決に不服がある場合の控訴（上訴）を専門に扱う裁判所を「控訴裁判所（appellate court）」と呼びます。,,
4933,boldly,/ˈboʊldli/,副詞,大胆に、不敵に、堂々と,形容詞 bold の副詞形。失敗や批判を恐れず、自信に満ちて「堂々と・大胆に行動する」様子を表します（boldly go where no one has gone before）。,,
4934,atone,/əˈtoʊn/,動詞,償う、罪滅ぼしをする,自分がしでかしてしまった過去の過ちや罪に対して、善行や謝罪、代償を払うことで「埋め合わせをして償う」ことを意味します（atone for my sins）。,,
4935,defunct,/dɪˈfʌŋkt/,形容詞、名詞,【形】（企業・制度などが）現存しない、廃止された、活動を終えた【名】故人,かつては存在して活動していたが、現在は「完全に廃業・倒産・廃止されて機能していない」事物や組織を指します（defunct company）。,,
4936,incarcerate,/ɪnˈkɑːrsəreɪt/,動詞,投獄する、監禁する、拘禁する,犯罪者を刑務所に収容して身柄を「拘束・投獄する（imprisonにほぼ同様）」ことを意味する、公的・法的な動詞です。,,
4937,lax,/læks/,形容詞、名詞,【形】（規律・管理などが）緩い、だらしない、怠慢な【名】緩み,セキュリティ対策やオフィスの規律、管理などが「非常に甘く、だらしない」状態を指します（lax security = 緩い防犯体制）。,,
4938,grueling,/ˈɡruːəlɪŋ/,形容詞、名詞,【形】極めて過酷な、へとへとに疲れさせる【名】厳しいお仕置き,マラソンや長時間労働のように、肉体・精神の限界まで力を使い果たし、「へとへとになるほど過酷な」活動を指します（grueling schedule）。,,
4939,supple,/ˈsʌpl/,形容詞、動詞,【形】（体や革などが）しなやかな、柔軟な、変わりやすい【動】しなやかにする,体操選手の体のように「しなやかで柔らかい」筋肉や、手入れされて柔らかくなった本革製品を褒める言葉です（supple skin = ハリとしなやかさのある肌）。,,
4940,idiosyncratic,/ˌɪdioʊsɪŋˈkrætɪk/,形容詞,独特な、特異な、一風変わった個性的な,人物の思考様式や習慣、あるいはシステムが、他と全く違っていて「極めて独自の、風変わりな個性を持った」様子を表現する高度な単語です。,,
4941,perceptual,/pərˈseptʃuəl/,形容詞,知覚の、知覚に関する、知覚力のある,人間の五感を通して外部の情報を脳で受け取る「知覚に関連する」専門的な心理・科学用語です（perceptual skills = 知覚能力）。,,
4942,sparse,/spɑːrs/,形容詞,まばらな、希薄な、過疎の、不十分な,密集しておらず、広い範囲にポツンポツンと「まばらに散らばっている」様子や、人口が少ない状態を指します（sparsely populated = 人口がまばらな、過疎の）。,,
4943,sectarian,/sekˈteriən/,形容詞、名詞,【形】宗派の、党派心の強い、狭量な【名】分派の信徒,宗教の特定の宗派、あるいは政治的派閥の利益に強く固執し、他方を敵視する「宗派対立的な・狭量な」様子を指します（sectarian violence = 宗派間の暴力対立）。,,
4944,tenuous,/ˈtenjuəs/,形容詞,（関係などが）希薄な、薄い、弱々しい、根拠の薄い,つながりや根拠が非常に弱く、今にも千切れそうに「危うい・希薄な」状態を表現します（tenuous connection = かすかな繋がり / tenuous grasp = 曖昧な理解）。,,
4945,stalemate,/ˈsteɪlmeɪt/,名詞、動詞,【名】膠着状態、スタレメイト（チェスの引き分け手）【動】膠着状態に陥らせる,チェスで互いに動けなくなる「ステイルメイト」から、交渉、戦争、あるいは法廷闘争において、双方が手詰まりになり前に進めなくなった「膠着状態」を指します（reach a stalemate）。,,
4946,whereabouts,/ˈwerəbaʊts/,名詞、副詞,【名】（人や物の）行方、居場所、所在【副】どの辺に,容疑者や行方不明者が、今世界の「どの辺に隠れているかという現在の所在・行方」を指します（unknown whereabouts = 行方不明）。,,
4947,antagonize,/ænˈtæɡənaɪz/,動詞,敵に回す、反感を抱かせる、対立する,自分の不躾な発言や失礼な態度によって、他人の機嫌を損ね、「意図的に敵に回して対立する」状況を作ってしまう行為を指します（antagonize voters = 有権者を敵に回す）。,,
4948,gobble,/ˈɡɑːbl/,動詞、名詞,【動】ガツガツ食べる、七面鳥がゴロゴロ鳴く【名】七面鳥の鳴き声、ガツガツ食べること,gobble up の形で、お腹が空いていて食べ物を「急いでガツガツと平らげる」動作のほか、大企業が小さなライバル会社を一気に「飲み込んで乗っ取る」という際にも使われます。,,
4949,belligerent,/bəˈlɪdʒərənt/,形容詞、名詞,【形】好戦的な、喧嘩腰の、交戦中の【名】交戦国,すぐに喧嘩を吹っかけたり暴力を振るおうとする「極めて好戦的・トゲトゲしい」態度を非難するほか、戦争を行っている「交戦国（belligerent nations）」を指します。,,
4950,lubricate,/ˈluːbrɪkeɪt/,動詞,潤滑油を差す、滑らかにする,自転車のチェーンやドアのヒンジなどの摩擦を減らすために「オイル（潤滑油）を差す」物理的意味のほか、人間関係をスムーズにする潤滑油の役割を指すこともあります。,,
4951,vigilant,/ˈvɪdʒɪlənt/,形容詞,油断のない、警戒を怠らない、注意深く監視している,泥棒や危険を避けるために、五感を研ぎ澄まして「常に油断なく警戒・監視している」様子を表します（stay vigilant against... = 〜を警戒する）。,,
4952,distraught,/dɪˈstrɔːt/,形容詞,気が狂わんばかりの、ひどく取り乱した、苦悩に満ちた,大切な人を失ったり、凄惨な事故に遭うなどのあまりにも大きなショックで、泣き叫んで「ひどく動揺し、パニックで取り乱している」精神状態を指します（distraught parents）。,,
4953,exorcise,/ˈeksɔːrsaɪz/,動詞,（悪霊などを）退散させる、追い払う、お祓いする,取り憑いた悪霊や悪魔を、宗教的な祈りによって「お祓いして追い払う」意味のほか、心に巣食う悪いトラウマを「克服して追い出す」という意味でも使われます。,,
4954,synonymous,/sɪˈnɑːnɪməs/,形容詞,同義の、類義の、～の代名詞である,言葉の意味が全く同じであることを指すほか、比喩的に「そのブランドは高品質の代名詞だ」と表現する際にも使われます（The brand is synonymous with quality）。,,
4955,sporadic,/spəˈrædɪk/,形容詞,散発的な、時々起こる、まばらな,一定のルールや定期的な周期がなく、時々思い出したように「散発的に、ときどきパラパラと発生する」様子を表します（sporadic rain = 散発的な雨 / sporadic outbreaks = 散発的なアウトブレイク）。,,
4956,bode,/boʊd/,動詞,前兆となる、兆しを示す,bode well/ill for... のお決まりフレーズで圧倒的に多く使われ、「〜にとって良い（あるいは悪い）前兆である、～の兆しを示す」という意味になります（This does not bode well for the future = これは将来にとって良くない前兆だ）。,,
4957,zinc,/zɪŋk/,名詞、動詞,【名】亜鉛【動】亜鉛メッキする,免疫力や新陳代謝に不可欠な必須ミネラルのひとつ、金属元素の「亜鉛」を指します。,,
4958,dogged,/ˈdɔːɡɪd/,形容詞,粘り強い、頑固な、執念深い,猟犬が執拗に獲物を追跡する様子に由来し、どんな困難があっても絶対に諦めずに一歩一歩食らいつく、極めて「粘り強く、執念深い」努力を称賛します（dogged determination = 不屈の決意）。,,
4959,inept,/ɪnˈept/,形容詞,不適切な、不条理な、不器用な、下手な,手際やスキルが致命的に悪く、動作や対応が完全に「下手くそで不器用である」様子を指します（inept handling of the crisis = 危機への下手な対処）。,,
4960,ventilation,/ˌventɪˈleɪʃn/,名詞,換気、送風、人工呼吸（医学）,窓を開けたりファンを回して部屋の空気を新鮮なものに入れ替える「換気」のほか、医学では人工呼吸器による「呼吸管理」を指します。,,
4961,taut,/tɔːt/,形容詞,（ロープなどが）ピンと張った、張り詰めた、緊迫した,緩み（slack）がなく、ロープなどが「ピンと張り詰めている」状態を指すほか、緊張で張り詰めたお腹の筋肉や、緊迫した会議室の空気を表現します。,,
4962,jostle,/ˈdʒɑːsl/,動詞、名詞,【動】押し合う、押し分けて進む、ぶつかり合う【名】押し合い,満員電車や混雑した駅で、周囲の人と肩や体を小突くようにして「押し合う、押し分けて進む」動作を表します（jostle each other）。,,
4963,stellar,/ˈstelər/,形容詞,星の、恒星の、素晴らしい、並外れた,天文学での「星に関する」意味のほか、会話では「並外れて優秀な、素晴らしい、超一流の」大活躍を褒める際によく使われます（stellar performance = 素晴らしい演技・実績）。,,
4964,exude,/ɪɡˈzuːd/,動詞,染み出る、にじみ出る、あふれ出させる,傷口などから液体がじわじわ「染み出る」物理的意味のほか、人物が自信やカリスマ性を全身から「あふれ出させる、漂わせる」様子を表します（exude confidence = 自信をみなぎらせる）。,,
4965,thorn,/θɔːrn/,名詞、動詞,【名】（植物の）刺（とげ）、イバラ、悩みの種【動】刺で刺す,バラなどの植物の鋭い「刺（とげ）」を指します。a thorn in my side で「常に自分を悩ませる、目障りで鬱陶しい存在」という比喩表現になります。,,
4966,outwit,/ˌaʊtˈwɪt/,動詞,知恵で勝る、出し抜く、裏をかく,相手より一枚上手な知恵や賢い計画を使って、ライバルを「見事に出し抜く・裏をかく」ことを意味します（outwit the opponent）。,,
4967,blurt,/blɜːrt/,動詞、名詞,【動】（blurt out で）うっかり口を滑らせる、秘密を漏らす【名】突発的な発言,blurt out の形で、言うべきではない秘密や本音を、緊張や興奮から深く考えずに「うっかり口を滑らせて言ってしまう」動作を指します（blurt out the secret）。,,
4968,encroach,/ɪnˈkroʊtʃ/,動詞,侵入する、侵害する、静かに浸食する,他人の私有地、あるいは権利やプライバシーの領域に対して、一気にではなく、じわじわと境界線を越えて「侵害・侵入する」ことを意味します（encroach on someone's privacy）。,,
4969,engender,/ɪnˈdʒendər/,動詞,生じさせる、引き起こす、発生させる,特定の感情（信頼、不安など）や状況を「引き起こす・生み出す」ことを意味する、cause のフォーマルな類義語です（engender trust = 信頼を生む）。,,
4970,condescend,/ˌkɑːndɪˈsend/,動詞,恩着せがましい態度を取る、へりくだる、腰を低くする,自分が優位に立っていることを鼻にかけ、「上から目線で恩着せがましく親切にする」不快な態度（condescending）を指すほか、へりくだって一般人に合わせることを意味します。,,
4971,pulmonary,/ˈpʌlməneri/,形容詞,肺の、肺に関する,呼吸器系である「肺」に関する専門的な医学用語です（pulmonary disease = 肺疾患 / pulmonary artery = 肺動脈）。,,
4972,notoriously,/noʊˈtɔːriəsli/,副詞,悪名高く、ひどく悪いことで有名な、かねて悪名高い,悪い評判や難解さにおいて「ひどいことで誰もがよく知っている」状態を指します（notoriously difficult = 悪名高く難しい、極めて難しい）。,,
4973,detract,/dɪˈtrækt/,動詞,（価値や評判などを）損なう、減じる、そらす,全体の美しさや価値を、一部の欠点が損ねて「価値を引き下げる」こと（detract from the overall beauty）や、他人の注意をそらすことを意味します。,,
4974,remedial,/rɪˈmiːdiəl/,形容詞,補習の、治療上の、改善のための、補正の,遅れている生徒の学力を底上げするための「補習授業（remedial class）」や、状況を改善するための「救済・是正措置（remedial action）」を指します。,,
4975,trivia,/ˈtrɪviə/,名詞,トリビア、雑学、些細なこと、つまらない事実,日常生活のちょっとした「雑学・トリビア」を指すほか、本質的ではなくどうでもいい「ささいなこと、つまらない事実」を指します。,,
4976,discretionary,/dɪˈskreʃəneri/,形容詞,裁量による、任意の、自由選択の,自分の判断・裁量で決定できることを指します。自由に使えるお金を「可処分所得（discretionary income）」、自分で働く時間を管理する労働形態を「裁量労働」と呼びます。,,
4977,pseudo,/ˈsuːdoʊ/,形容詞、接頭辞,【形】偽の、模造の【接頭】偽の、擬似的な,本物ではない「偽の、エセの」状態を皮肉る口語のほか、接頭辞として「疑似科学（pseudo-science）」などの語を構成します。,,
4978,antecedent,/ˌæntɪˈsiːdnt/,名詞、形容詞,【名】前身、前例、先祖、（文法の）先行詞【形】先行する、以前の,物理的・歴史的に「先立つもの、前例」を指すほか、文法用語で関係代名詞が修飾する前の名詞「先行詞（antecedent）」を指します。,,
4979,fleeting,/ˈfliːtɪŋ/,形容詞,つかの間の、一瞬の、儚い,動詞 fleet（急速に過ぎ去る）の形容詞形。長く留まることなく、あっと言う間に消え去ってしまう「つかの間の、儚い時間・瞬間」を指します（fleeting moment = つかの間の瞬間）。,,
4980,harrowing,/ˈhæroʊɪŋ/,形容詞,悲惨な、心を掻き乱すような、痛ましい,見じているだけで胸が引き裂かれ、精神的ショックで「ひどく心を掻き乱されるような」過酷で痛ましい経験や光景を指します（harrowing experience）。,,
4981,tantalizing,/ˈtæntəlaɪzɪŋ/,形容詞,じらして焦らせる、うずうずさせる、じれったい、魅力的な,魅力的なものを目の前にぶら下げて、焦らすように「じりじりさせて焦らせる」様子を表します。,,
4982,culinary,/ˈkʌlɪneri/,形容詞,料理の、台所の、料理用の,食事や料理の技術に関連する高度な言葉です。プロの料理技術を「料理技術（culinary skills）」、一流の美食ツアーを「グルメ旅行（culinary tour）」と呼びます。,,
4983,accentuate,/ækˈsentʃueɪt/,動詞,強調する、目立たせる、アクセントを置く,特定の魅力的なパーツや主張を「よりはっきりと際立たせて目立たせる（emphasizeに同様）」ことを意味します（accentuate the positive = 良い面を強調する）。,,
4984,sordid,/ˈsɔːrdɪd/,形容詞,不潔な、さもしい、汚い、卑劣な、不道徳な,物理的な場所がひどく不潔で汚い意味のほか、動機がさもしく、スキャンダラスで「不道徳・卑劣である」状況を強く非難する形容詞です（sordid affair = 泥沼不倫）。,,
4985,pilfer,/ˈpɪlfər/,動詞、名詞,【動】（些細なものを）小盗みする、こそ泥する、くすねる【名】こそ泥、小盗み,銀行を襲うような大きな強盗ではなく、職場の文房具やお店の商品などの安価なものを「コッソリくすねる・こそ泥する」行為を指します。,,
4986,assail,/əˈseɪl/,動詞,（激しく）襲撃する、非難を浴びせる、苦しめる,物理的に敵を激しく「襲撃する」ことのほか、世間やライバルから激しい言葉の「集中非難を浴びる」、あるいは強い不安や痛みに「心身を苛まれ苦しめられる」状況を指します。,,
4987,airborne,/ˈerbɔːrn/,形容詞,浮遊している、空気伝染の、空中の、空輸の,飛行機が離陸して「空中にある」状態を指すほか、ウイルスなどが空気中を漂って伝染する「空気感染の（airborne virus）」を意味する重要な医療・物理用語です。,,
4988,fragrant,/ˈfreɪɡrənt/,形容詞,香りの良い、芳しい、うっとりする香りがある,花や香水などの、心地よくてうっとりするような「良い香りがする・芳しい」様子を表現する上品な言葉です。名詞は fragrance。,,
4989,innocuous,/ɪˈnɑːkjuəs/,形容詞,無害な、毒のない、悪気のない、退屈な,薬品や生物に毒がなく「完全に無害である」意味のほか、ちょっとした冗談やコメントに「全く他意や悪気がない」状況を指します（innocuous joke = 悪気のないジョーク）。,,
4990,eclectic,/ɪˈklektɪk/,形容詞、名詞,【形】折衷的な、多方面にわたる、色々なものを取り入れた【名】折衷主義,1つのスタイルに固執せず、多種多様な異なるジャンルの良い部分を柔軟に取り入れる様子を指します（eclectic taste in music = 幅広い音楽の趣味）。,,
4991,trajectory,/trəˈdʒektəri/,名詞,軌道、放物線、軌跡、経歴,ロケットや弾丸が描く「飛行軌道」のほか、個人の人生やキャリアが辿る「軌跡・方向性（career trajectory）」を意味します。,,
4992,jut,/dʒʌt/,動詞、名詞,【動】（jut out で）突き出る、突出する【名】突起、突出部,崖の一部や岩、あるいは建物の角が、外側に向けて「グッと突き出ている」様子を表します（jut out over the sea）。,,
4993,relentlessly,/rɪˈlentləsli/,副詞,容容赦なく、絶え間なく、粘り強く,一切の妥協や躊躇がなく、同じ強い勢いでずっと「絶え間なく、容赦なく」物事をやり続ける様子を指します（work relentlessly = 休むことなく働き続ける）。,,
4994,distorted,/dɪˈstɔːrtɪd/,形容詞,歪んだ、歪められた、偏った,動詞 distort の過去分詞形容詞。物理的に音や画像がぐにゃりと「歪んでいる」状態や、事実が「ねじ曲げられて伝わっている」様子を指します（distorted view = 偏った見方）。,,
4995,tumultuous,/tuːˈmʌltʃuəs/,形容詞,騒がしい、激動の、大混乱の、荒れ狂う,大衆の叫び声で激しくざわつく様子や、激しい変化やトラブルが相次ぐ「波乱万丈な・激動の」日々・歴史を表現します（tumultuous history）。,,
4996,accede,/ækˈsiːd/,動詞,（要求などに）同意する、応じる、（王位などに）就く,他者からの粘り強い要求や条約に対して、最終的に「同意して応じる（accede to demands）」ことや、歴史上で「王位に就く（accede to the throne）」ことを意味します。,,
4997,markedly,/ˈmɑːrkɪdli/,副詞,著しく、著しく目立って、明確に,以前と比べて、あるいは他と比較して、違いが誰の目にもはっきりと「著しく目立つ」様子を表します（markedly improved = 著しく改善された）。,,
4998,hilarious,/hɪˈleriəs/,形容詞,とても面白い、大笑いさせる、陽気な,funny（面白い）の最上級に近いニュアンスで、あまりのおかしさに涙が出るほど「めちゃくちゃ面白い・爆笑を誘う」様子を指します。,,
4999,veritable,/ˈverɪtəbl/,形容詞,真実の、本物の、文字通りの、名実ともに,比喩的な表現を強調する際に、「まさに本物の、文字通りの」という意味を込めて使われる少し誇張を含んだ言葉です（a veritable goldmine = まさに宝の山）。,,
5000,jeer,/dʒɪr/,動詞、名詞,【動】（ブーイングなどで）あざける、野次を飛ばす【名】あざけり、野次,競技場やスピーチ会場などで、不満や軽蔑を示すために大声で「ブーイングする、野次を浴びせる」行為を指します（mock に並ぶ語）。,,
5001,comatose,/ˈkoʊmətoʊs/,形容詞,昏睡状態の、ぐっすり眠った、無気力な,怪我や病気によって完全に意識を失っている医学的な「昏睡状態の」意味のほか、疲れすぎて泥のように「ぐっすり爆睡している」様子をユーモラスに表現します。,,
5002,lewd,/luːd/,形容詞,わいせつな、みだらな、下品な,社会道徳に反して、性的に極めて「みだらで、下品・不快な」言動や態度を指す、批判的な形容詞です（lewd comments）。,,
5003,spontaneously,/spɑːnˈteɪniəsli/,副詞,自発的に、自然に、計画なしに、突発的に,あらかじめ綿密な計画を立てていたわけではなく、その場の感情や状況の変化に反応して「自然に、自発的に」行動が起こる様子を表します。,,
5004,vigil,/ˈvɪdʒɪl/,名詞,（病人の見舞いや祈りのための）徹夜、不眠の監視、お通夜,重病の家族の枕元で回復を祈って一晩中起きている「徹夜の付き添い」や、抗議・平和を祈るために夜間に静かに集まる「キャンドル集会（candlelight vigil）」を指します。,,
5005,contravene,/ˌkɑːntrəˈviːn/,動詞,（法律や規則などに）違反する、反論する、否定する,公式に定められている法律、契約、あるいはルールに「真っ向から違反する・抵触する」ことを意味する、極めてフォーマルな法的表現です（contravene the regulations）。,,
5006,impeccable,/ɪmˈpekəbl/,形容詞,非の打ち所がない、非の打ちどころのない、完璧な、無謬の,マナー、服装、あるいは外国語の文法などが、一切のミスや欠陥がなく「完璧で非の打ち所がない」完璧さを大絶賛する言葉です（impeccable manners）。,,
5007,laudable,/ˈlɔːdəbl/,形容詞,称賛に値する、立派な、見事な,結果が100%完璧とはいかなくても、その高い志や必死の努力そのものが「本当に立派で、大いに称えられて当然である」という評価を指します（laudable goal）。,,
5008,patriarchal,/ˌpeɪtriˈɑːrkl/,形容詞,家長制の、男性優位の、家長の,男性が社会や家族の支配権を握る「家長制度の、男性優位の」構造を指す社会・歴史用語です（patriarchal society）。名詞は patriarch。,,
5009,dour,/daʊər/,形容詞,（態度が）気難しい、不機嫌な、頑固な、陰気な,めったに笑顔を見せず、厳格で「気難しく、とっつきにくい」冷ややかな他人の態度や表情を表現します（dour face）。,,
5010,tangled,/ˈtæŋɡld/,形容詞,絡まった、もつれた、複雑に紛求した,動詞 tangle（絡まる）の過去分詞形容詞。糸やコードが「絡まり合っている」状態のほか、問題や人間関係が「複雑に入り組んでこじれている」様子を表します。,,
5011,headlong,/ˈhedlɔːŋ/,副詞、形容詞,【副】真っ逆さまに、頭から、大急ぎで、無鉄砲に【形】無鉄砲な、真っ逆さまの,状況を深く考えることなく、衝動的に「無鉄砲に突っ走る」様子や、物理的に頭から真っ逆さまに落下・突進する動きを指します（rush headlong into...）。,,
5012,corrode,/kəˈroʊd/,動詞,腐食する、錆びる、じわじわ損なう,酸や水分によって、鉄などの金属がじわじわ「錆びて腐食する」物理的意味のほか、不信感が信頼関係を「裏から少しずつ蝕んで台無しにする」比喩にも使われます。,,
5013,speck,/spek/,名詞、動詞,【名】（かすかな）斑点、小さなシミ、微塵（みじん）、ごくわずか【動】斑点をつける,テーブルの上の「ほんの小さなチリ・ゴミ」や、夜空の「かすかな光の点」を指します。a speck of dust で「一粒のチリ」を意味します。,,
5014,transmitter,/ˈtrænzmɪtər/,名詞,送信機、伝達者、媒介物,電波や通信信号を遠くに発信する「送信機（トランスミッター）」のほか、蚊などの感染症を媒介・「伝達するもの」を意味します。動詞は transmit。,,
5015,spree,/spriː/,名詞、動詞,【名】（お祭り騒ぎの）やり放題、爆買い、どんちゃん騒ぎ【動】はしゃぎ回る,短期間に特定の衝動をコントロールせず派手に行うことで、買い物を一気にしまくる「爆買い（shopping spree）」や「やけ食い（eating spree）」として頻出します。,,
5016,outspoken,/aʊtˈspoʊkən/,形容詞,率直に意見を言う、遠慮なく話す、物言う,周囲の目や批判を恐れず、自分の信念や不満を「ハッキリと率直に口にする」強い態度を指します（outspoken critic = 物言う批評家）。,,
5017,hark,/hɑːrk/,動詞、間投詞,【動】（hark back で）立ち戻る、起源とする【間】聞け！、耳を澄ませ！,hark back to... のお決まりフレーズでよく使われ、「昔の習慣やルーツに立ち戻る・起源とする」という意味になります。,,
5018,tarp,/tɑːrp/,名詞,タープ、防水シート,キャンプなどで日よけや雨よけとして張る、ポリエステル製などの「防水シート・タープ（tarpaulinの略）」を指します。,,
5019,germinate,/ˈdʒɜːrmɪneɪt/,動詞,発芽する、芽吹く、芽生える,植物の種が水分を吸って「芽を出す」物理的な意味のほか、頭の中で特定の斬新なアイデアが「芽生えて育ち始める」という比喩にも使われます。,,
5020,quadruple,/kwɑːˈdruːpl/,動詞、形容詞、名詞,【動】4倍にする、4倍になる【形】4倍の、4重の【名】4倍の数,倍にする double、3倍にする triple に続き、数や量を「4倍に拡大・増加させる（あるいは4倍になる）」ことを指します。,,
5021,scant,/skænt/,形容詞、動詞,【形】不十分な、乏しい、わずかな【動】制限する、出し惜しみする,必要な量や配慮が決定的に足りておらず「極めて乏しい」様子を指します。pay scant attention to... で「〜にほとんど注意を払わない」となります。,,
5022,instigate,/ɪnˈstɪɡeɪt/,動詞,（争いなどを）あおる、扇動する、開始する,暴動やストライキ、あるいは不正行為を裏で「扇動して引き起こす・開始させる」行為を指します（inciteに同様）。,,
5023,affable,/ˈæfəbl/,形容詞,愛想の良い、親しみやすい、人当たりの良い,いつも笑顔で、威圧感がなく、他人が気軽に声をかけて話しやすい「人当たりの良い」人柄を褒める言葉です（affable gentleman）。,,
5024,cumbersome,/ˈkʌmbərsəm/,形容詞,（重くて）扱いづらい、邪魔になる、面倒な、非効率な,カバンや機械が大きくて重く、持ち運びが「著しく不便で扱いづらい」物理的意味のほか、手続きやシステムが非常に「面倒で非効率である」状況を指します。,,
5025,strident,/ˈstraɪdnt/,形容詞,（声などが）甲高い、耳障りな、耳障りで攻撃的な,キキキーという不快な「甲高い金属音」のような音のほか、自分の意見をうるさく、トゲトゲしく他人に強要する「攻撃的で容赦のない」他人の態度を非難します。,,
5026,flawless,/flɔːləs/,形容詞,欠点のない、完璧な、キズのない,キズ（flaw）がない（-less）ことから、ダイヤモンドなどの宝石にキズ一つない状態のほか、演技やスピーチが「完全に完璧でノーミスである」様子を称賛します。,,
5027,glitter,/ˈɡlɪtər/,動詞、名詞,【動】きらきら光る、きらめく【名】きらめき、グリッター（化粧などのラメ）,ダイヤモンドやゴールドなどの硬い表面が、鋭く「チカチカ・きらきらと光を反射する」様子を表します。名詞で、デコレーションに使うラメ粉（グリッター）も指します。,,
5028,intrepid,/ɪnˈtrepɪd/,形容詞,大胆不敵な、勇敢な、不屈の,どんな危険や恐怖を前にしても、一切おびえることなく立ち向かう「勇敢な」探検家や戦士を称える格調高い言葉です（intrepid explorer）。,,
5029,impersonate,/ɪmˈpɜːrsəneɪt/,動詞,（だます意図などで）～になりすます、人の真似をする,警察官や大統領、あるいは別人のふりをして他人を騙す「なりすまし行為（impersonation）」を働くことを意味する犯罪・公的表現です。,,
5030,lisp,/lɪsp/,名詞、動詞,【名】舌足らずな発音、リスプ【動】舌足らずに発音する,サ行（sやz）の音が、舌足らずなためにタ行（thなど）に聞こえてしまう話し方・特徴を指します。,,
5031,taint,/teɪnt/,動詞、名詞,【動】汚す、汚染する、（名声などを）傷つける【名】汚れ、汚点,化学物質で環境を「汚染する」意味のほか、不祥事によって築き上げた美しい評判やブランド価値に一生消えない「泥を塗る・汚点を残す」ことを指します（tainted reputation）。,,
5032,contextual,/kənˈtekstʃuəl/,形容詞,文脈上の、状況的な,単語や事実単体ではなく、その周辺のストーリーや環境を考慮する「文脈・文脈に関連する」性質を指します（contextual analysis = 文脈分析）。,,
5033,grandiose,/ˌɡrændiˈoʊs/,形容詞,大がかりな、壮大すぎる、気取った、大言壮語の,一見すると非常に「壮大で大がかりな」計画や建物に見えるが、実際には中身が伴っておらず「身の程知らず・大言壮語な」という批判的・皮肉的なニュアンスを込めて使われます（grandiose plans）。,,
5034,meager,/ˈmiːɡər/,形容詞,（量や質が）貧弱な、わずかな、不十分な,給料や食料の量が非常に少なく、生きていくのに「極めて不十分で寂しい」状況を表す言葉です（meager salary = わずかな給料）。,,
5035,anew,/əˈnuː/,副詞,新たに、最初から、改めて,過去の失敗やこれまでの手順をすべて一旦クリアにし、心機一転して「最初から新しくやり直す」という際に使われます（start anew = 新しく再出発する）。,,
5036,conceivable,/kənˈsiːvəbl/,形容詞,考えられる、想像できる、信じられる,「考え得るすべての可能性（every conceivable option）」などの形で、頭の中で論理的に「想像・想定することが十分に可能である」状態を指します。,,
5037,verbally,/ˈvɜːrbəli/,副詞,口頭で、言葉で、言葉を使って,書面（written）ではなく、口から発せられる「言葉を使って直接伝える」様子（verbally agree = 口頭で合意する）のほか、言葉の暴力（verbally abuse）などに使われます。,,
5038,pacify,/ˈpæsɪfaɪ/,動詞,なだめる、平和にする、静める,泣き叫ぶ赤ちゃんや、激怒している群衆、あるいは不満を抱く地域を「穏やかにして静める」ことを意味します（赤ちゃんのおしゃぶりを pacifier と呼びます）。,,
5039,turbulent,/ˈtɜːrbjələnt/,形容詞,大荒れの、荒れ狂う、激動の,飛行機が激しく揺れる乱気流のような大荒れの天候のほか、政治や人生の「激動の・荒れ狂う（turbulent times = 激動の時代）」様子を指します。,,
5040,peruse,/pəˈruːz/,動詞、名詞,【動】（注意深く）熟読する、精読する【名】熟読,単にパラパラとめくる（browse）のではなく、書類や本の中身を細部までミスがないように「注意深くしっかりと読み込む（熟読する）」ことを意味します。,,
5041,erratic,/ɪˈrætɪk/,形容詞、名詞,【形】不規則な、一貫性のない、風変わりな【名】不規則なもの,一定のルールや周期に従わず、あちこちへフラフラと「予測不能に激しく変化する」様子を指します（erratic behavior = 不規則な行動）。,,
5042,smug,/smʌɡ/,形容詞,自己満足した、うぬぼれた、どや顔の,自分のちょっとした成功や所有物を鼻にかけ、他人の前で「どうだ、いいだろう」と不快な得意顔をしている様子を指します（smug smile = どや顔、ニヤニヤしたドヤ顔）。,,
5043,congregate,/ˈkɑːŋɡrɪɡeɪt/,動詞、形容詞,【動】集まる、群がる【形】集まった,人々が広場や特定の場所に、自発的に「集まって群れをつくる」ことを指します。教会で礼拝に集まる人々を congregation と呼びます。,,
5044,cower,/ˈkaʊər/,動詞,（恐怖などで）身をすくめる、おののく、縮こまる,飛んでくる暴力や雷、あるいは恐ろしい上司の怒鳴り声を前にして、ブルブルと震えて「身をすくめてすくみ上がる」怯えた動作を指します（cower in fear）。,,
5045,torrent,/ˈtɔːrənt/,名詞、動詞,【名】急流、激流、（言葉や雨などの）奔流【動】激流となって流れる,大雨で激しく流れる「濁流・川の激しい流れ」のほか、他人に浴びせる「激しい怒りの言葉の奔流（a torrent of abuse）」や、ネットのファイル共有技術（Torrent）を指します。,,
5046,uncanny,/ʌnˈkæni/,形容詞,奇妙な、不可解な、超人的な、不気味な,説明がつかないほど完璧な直感や、誰かと顔が瓜二つであることなど、奇跡的でどこか「奇妙で少し不気味なほどよく当たる（または似ている）」様子を表現します（uncanny ability = 超人的な能力）。,,
5047,abhor,/əbˈhɔːr/,動詞,忌み嫌う、嫌悪する、大嫌いである,道徳的にひどい不正行為や暴力を、心から「生理的に激しく憎み、忌み嫌う」ことを意味する、hate より格段に強い動詞です。,,
5048,moot,/muːt/,形容詞、名詞、動詞,【形】議論の余地のある、考慮する価値のない【名】討論会【動】議論する,特に a moot point のイディオムで多用され、「状況がすでに変わりすぎていて、いまさら議論を戦わせても全く無意味な（考慮する価値のない）論点」を指します。,,
5049,tremor,/ˈtremər/,名詞、動詞,【名】（微小な）震え、微震、身震い【動】震える,寒さや興奮で手足が小さく「ブルブルと震える（手元の震えなど）」ことや、体に感じる程度の小さな地震（earthquakeの一歩手前）を「微震」と呼びます。,,
5050,squabble,/ˈskwɑːbl/,名詞、動詞,【名】（つまらない）口論、口げんか【動】ささいなことで口げんかをする,子供同士や夫婦が、おやつの分け前などのどうでもいい「つまらない些細なことでピーチクパーチクと言い争う口げんか」を指します（wrangledに同様、より軽微なもの）。,,
5051,wand,/wɑːnd/,名詞,（魔法の）杖、バトン、指揮棒,魔法使いが呪文を唱えながら一振りする「魔法の杖（magic wand）」を指すほか、指揮者が持つ「タクト（指揮棒）」を意味します。,,
5052,hydraulic,/haɪˈdrɔːlɪk/,形容詞,水力（両）の、油圧の、液圧の,液体（油や水）の圧力を利用して重いものを動かす「油圧式の」技術を指す工業用語です（hydraulic brakes = 油圧ブレーキ）。,,
5053,buoyant,/ˈbɔɪənt/,形容詞,浮力のある、浮いている、（景気・気分が）弾む、活気のある,水にプカプカとよく浮く「浮力がある」物理的意味のほか、株価や景気が力強く上昇して「活気にあふれている」様子や、心がウキウキと弾んでいる精神状態を指します（buoyant mood）。,,
5054,dissect,/daɪˈsekt/,動詞,解剖する、詳しく分析する、切り分ける,理科の実験でカエルや死体をメスで「解剖・解体する」物理的意味のほか、小説のプロットやデータを徹底的に細部まで「細かく切り分けて精査・分析する」ことを意味します（dissect the data）。,,
5055,seductive,/sɪˈdʌktɪv/,形容詞,魅惑的な、誘惑的な、セクシーな,人を一瞬で虜にしてしまうようなセクシーな魅力（seductive smile = 誘惑的な微笑み）や、抗いがたい美味しい儲け話などの「魅力的な誘惑」を指します。,,
5056,stringent,/ˈstraɪndʒənt/,形容詞,（ルールなどが）厳格な、厳しい、緊迫した,法律、安全基準、あるいは資格要件などが、極めてミスを許さないほど「厳格で厳しい」状態を指します（stringent safety regulations = 厳しい安全基準）。,,
5057,ablaze,/əˈbleɪz/,形容詞、副詞,【形】燃え立って、火の海になって、輝いて【副】燃え立って,建物全体が炎に包まれて「真っ赤に激しく燃えている」様子を指す（the house was ablaze）ほか、クリスマスのイルミネーションで街が美しくキラキラ輝いている様子を表します。,,
5058,aggrieved,/əˈɡriːvd/,形容詞,（不当な扱いに）権利を侵害された、腹を立てた、傷ついた,会社や裁判から不当に冷遇されたりして、心に深い「不満や怒り、悲しみを抱いてピリピリしている」傷ついた当事者の精神状態を指します（aggrieved party = 被害者、異議申立人）。,,
5059,jagged,/ˈdʒæɡɪd/,形容詞,ギザギザの、ノコギリの刃のような、ギザギザした,割れたガラスや切り立った岩山の端のように、表面が滑らかではなく鋭い角をむき出しにして「不規則にギザギザしている」危うい外見を指します（jagged rocks）。,,
5060,rustic,/ˈrʌstɪk/,形容詞、名詞,【形】素朴な、田舎風の、不細工な【名】田舎者,都会的で洗練された高級感とは対照的に、木のぬくもりを活かした温かみのある「田舎ならではの、素朴でシンプルな」インテリアや家具のスタイルを褒める表現です（rustic charm）。,,
5061,gritty,/ˈɡrɪti/,形容詞,砂利だらけの、ザラザラした、不屈の、現実を赤裸々に描いた,砂が混ざってザラザラしている物理的意味のほか、泥臭いスラムの過酷な現実を一切隠さずに赤裸々に描いた映画などを「骨太な、ザラついた」と称賛します（gritty drama）。,,
5062,flimsy,/ˈflɪmzi/,形容詞、名詞,【形】薄っぺらな、壊れやすい、根拠の薄い、見え透いた【名】薄紙,100円ショップのプラスチックケースのようにすぐに壊れそうな「安っぽくて壊れやすい」作りのほか、嘘が見え透いていて「根拠が極めて頼りない」状況を批判します（flimsy excuse = 見え透いた言い訳）。,,
5063,heartfelt,/ˈhɑːrtfelt/,形容詞,心からの、心底からの、誠実な,うわべのお世辞ではなく、胸の奥底から本当にそう思っている「心からの、誠実な」感謝や謝罪を表現する美しい言葉です（heartfelt apology = 心からの謝罪）。,,
5064,boisterous,/ˈbɔɪstərəs/,形容詞,（子供などが）大はしゃぎする、騒がしい、活気あふれる,子供たちが公園で大声を上げながら元気に「ドタバタとはしゃぎ回って騒がしい」様子や、にぎやかな群衆を指します（boisterous kids）。,,
5065,whore,/hɔːr/,名詞、動詞,【名】売春婦、やり手、娼婦【動】売春する,売春を行う女性を指す極めて軽蔑的な単語です。他者に向けて使うと強い侮辱になるため、使用は避けるべき汚い罵り言葉です（prostitute の品のない表現）。,,
5066,enunciate,/ɪˈnʌnsieɪt/,動詞,（言葉を）はっきりと発音する、明確に述べる,口をしっかり動かして、一文字一文字を相手に聞き取りやすいように「明瞭に・はっきりと発音する」ことを意味する発音指導の用語です（pronounce より明瞭さを強調）。,,
5067,conciliate,/ˈpæsɪfaɪ/ -> /ˈpæsɪfaɪ/ -> /kənˈsɪlieɪt/,動詞,なだめる、和解させる、不満を和らげる,怒っている人の機嫌をとり、対立していた二者を仲良くさせて「和解に導く」ことを意味します（appease に同様）。名詞形は conciliation（調停、和解）。,,
5068,sulfur,/ˈsʌlfər/,名詞,硫黄（いおう）,温泉などで独特な卵の腐ったような不快な匂い（硫黄臭）を放つ、黄色の非金属元素「硫黄」を指す化学用語です（sulphurとも表記されます）。,,
5069,mashed,/mæʃt/,形容詞,（ジャガイモなどが）つぶされた、すりつぶした,動詞 mash（すりつぶす）の過去分詞形容詞。お馴染みのジャガイモ料理「マッシュポテト（mashed potatoes）」などで使われます。,,
5070,prolific,/prəˈlɪfɪk/,形容詞,（作家などが）多作の、多産の、豊かな、実りの多い,小説家や芸術家が、信じられないほどのハイペースで大量の素晴らしい作品を世に送り出す「多作な」才能を指します（prolific writer）。,,
5071,ashore,/əˈʃɔːr/,副詞,岸に、陸上に、浜に,船や海中から、陸地の砂浜や岸壁へ向けて「陸地へ上がる」動きを表します（go ashore = 上陸する / wash ashore = 浜辺に漂着する）。,,
5072,insulate,/ˈɪnsəleɪt/,動詞,絶縁する、遮断する、防音（断熱）する、隔離する,外部からの急激な冷気や騒音を防ぐために、壁に「断熱材・防音材を施す（insulation）」ことのほか、ストレスから自分を隔離して守ることを意味します。,,
5073,concerted,/kənˈsɜːrtɪd/,形容詞,協調した、一致協力した、連携した,バラバラに動くのではなく、複数のメンバーや国家が目標に向かって心を一つにして「足並みを揃えて一丸となって努力する」様子を指します（make a concerted effort = 一致団結して努力する）。,,
5074,dilate,/daɪˈleɪt/,動詞、名詞,【動】（瞳孔などが）膨らむ、広がる、拡張する【名】拡張,暗い場所に行くと、より多くの光を取り込もうとして「瞳孔が大きく広がる・拡張する（eyes dilate）」物理現象を指す医学・生物用語です。,,
5075,munch,/mʌntʃ/,動詞、名詞,【動】ムシャムシャ食べる、音を立ててかじる【名】むしゃむしゃ食べること,お煎餅やリンゴなどを、バリバリ・ムシャムシャと気持ちの良い「音を立てて美味しそうにかじる・食べる」動作を表す擬音語的な動詞です。,,
5076,terse,/tɜːrs/,形容詞,（返事などが）簡潔な、そっけない、引き締まった,余計な無駄話を一切排除し、極めて短くピシャリと「簡潔な・そっけない」言葉で返答する様子を指します（terse reply = そっけない返事）。,,
5077,wayward,/ˈweɪwərd/,形容詞,我儘な、強情な、気まぐれな、コントロールしにくい,親や大人のコントロールに従わず、自分の気まぐれで言うことを聞かない「反抗的でわがままな」若者や子供の態度を指します（wayward child）。,,
5078,transient,/ˈtrænʒnt/,形容詞、名詞,【形】つかの間の、一時的な、短期滞在の【名】短期滞在者、渡り鳥,一箇所に長く定住・永続せず、あっと言う間に過ぎ去ってしまう「一時的な、つかの間の」現象や、季節ごとに移動する労働者を指します。,,
5079,nonpartisan,/ˌnɑːnˈpɑːrtəzn/,形容詞、名詞,【形】超党派の、偏らない【名】支持政党なしの人,特定の政党の利害やイデオロギー（党利党略）に縛られることなく、客観的にフェアな立場を貫く「超党派の、中立な」姿勢を意味します。,,
5080,inexorable,/ɪnˈeksərəbl/,形容詞,避けられない、容赦のない、冷酷な、動かしがたい,時間の経過や老いのように、人間の力では絶対にストップさせることができない「冷酷で避けられない、容赦なく進む」運命のプロセスを指します（inexorable progress of time）。,,
5081,intently,/ɪnˈtentli/,副詞,一心に、熱心に、じっと、穴のあくほど,他のことに一切注意をそらさず、五感を集中させて「じっと熱心に」見つめたり聞き入ったりする様子を表します（listen intently = 一心に耳を傾ける）。,,
5082,zealot,/ˈzelət/,名詞,熱狂者、狂信者、ジーロット,特定の思想、宗教、あるいはファンとしての熱意が、理性を超えて極端に走りすぎている「熱狂的な信者・狂信者」を指します（fanaticに並ぶ語）。,,
5083,preposterous,/prɪˈpɑːstərəs/,形容詞,ばかげた、途方もない、常識外れの,常識からあまりにもかけ離れていて、到底信じることのできない「理不尽で、極めてばかばかしい」主張や価格を批判的に一蹴する言葉です（preposterous idea = ばかばかしいアイデア）。,,
5084,unanimously,/juˈnænɪməsli/,副詞,満場一致で、全員一致で,会議の投票などで、誰一人として反対することなく「満場一致で、全員が100%賛成して」法案が可決される状況を指します（approved unanimously）。,,
5085,tenet,/ˈtenət/,名詞,教義、信条、基本原則,宗教、政党、あるいは学問のコミュニティが、絶対に正しいとして固く共有している「基本原則・もっとも重要な教え・信条」を指します（basic tenets of democracy）。,,
5086,tier,/tɪr/,名詞、動詞,【名】（階段状の）段、層、階層【動】段に並べる、層にする,サッカースタジアムの階段状になった観客席（tiers of seats）のほか、ピラミッド型のランクや「階層（top-tier = トップクラスの一流）」を意味します。,,
5087,moribund,/ˈmɔːrɪbʌnd/,形容詞,瀕死の、消滅しかけている、廃れた,病気が深刻で死にかけている「瀕死の」状態のほか、古い業界や時代遅れの組織がエネルギーを失って「衰退・消滅寸前である」様子を指す硬い言葉です（moribund economy）。,,
5088,ludicrous,/ˈluːdɪkrəs/,形容詞,滑稽な、ばかげた、あほらしい,あまりにも的外れでバカバカしく、あざ笑うしかないようなおかしな行動やアイデアを指します（ridiculous や preposterous に同様、滑稽さを強調）。,,
5089,squint,/skwɪnt/,動詞、名詞、形容詞,【動】目を細めて見る、斜視である【名】目を細めること、斜視【形】斜めの,まぶしい太陽の光を浴びた際や、視力が悪くて文字が読みにくい時に、思わず「目をクッと細めて見つめる」動作を表します。,,
5090,intravenous,/ˌɪntrəˈviːnəs/,形容詞、名詞,【形】静脈内の、静脈注射の【名】静脈注射,医療において、薬液や水分を血管の静脈へ直接流し込む「静脈注射・点滴（intravenous drip、通称 IV）」を指す専門的な用語です。,,
5091,sedative,/ˈsedətɪv/,名詞、形容詞,【名】鎮静剤、睡眠薬【形】鎮静作用のある、痛みを和らげる,興奮や不眠を和らげるために処方される、神経を落ち着かせる「鎮静剤・安定剤・睡眠薬」を指す医学用語です。,,
5092,divergent,/daɪˈvɜːrdʒənt/,形容詞,分岐する、異なっている、食い違う,最初は同じ出発点だったにもかかわらず、進むにつれて意見や方針がどんどん「枝分かれして食い違っていく」様子を指します（divergent opinions = 異なる意見）。対義語は convergent。,,
5093,prenatal,/ˌpriːˈneɪtl/,形容詞,出生前の、胎児期の、妊婦用の,赤ちゃんが生まれる前の「出生前の」時期を指し、妊婦向けの定期検診を prenatal care、お腹の子供向けのビタミンサプリを prenatal vitamins と呼びます。,,
5094,recalcitrant,/rɪˈkælsɪtrənt/,形容詞、名詞,【形】頑強に反抗する、手に負えない、従順でない【名】反抗的な人,会社、学校、あるいは親からの指示・命令に対して、頑なに言うことを拒み、従順になろうとしない「手に負えない・極めて反抗的な」態度を指します。,,
5095,avid,/ˈævɪd/,形容詞,熱心な、貪欲な、渇望している,特定の趣味（読書、ゴルフなど）に強い情熱を燃やし、熱心に没頭している様子を表します（an avid reader = 熱心な読書家）。,,
5096,glum,/ɡlʌm/,形容詞,憂鬱な、不機嫌な、どんよりした、沈んだ,失敗や悪い知らせのあと、口数が少なくなってがっくりと「元気を失い、どんよりと暗く沈み込んでいる」表情や態度を指します（look glum）。,,
5097,daunt,/dɔːnt/,動詞,威圧する、怯ませる、意気消沈させる,直面する課題が巨大すぎて、立ち向かう前から相手の心をポキッと折って「怯ませる、やる気を奪う」ことを意味します（nothing daunted = 少しも怯まない / daunting task = 非常に大変な課題）。,,
5098,beget,/bɪˈɡet/,動詞,（子供を）生む、（結果などを）生じさせる、引き起こす,父親が子供を設ける古い意味のほか、比喩的に「暴力が暴力を生む（Violence begets violence）」のように、あるネガティブな状況が次の同じ状況を連鎖的に引き起こすという際によく使われる言葉です。,,
5099,acclaim,/əˈkleɪm/,動詞、名詞,【動】喝采を送る、大絶賛する【名】喝采、絶賛,優れた映画、書籍、あるいは芸術作品を、世間や評論家が声を揃えて「最大級の拍手で大絶賛する」ことを意味します（critically acclaimed = 評論家絶賛の）。,,
5100,evocative,/ɪˈvɑːkətɪv/,形容詞,（記憶や感情を）呼び起こす、喚起する、連想させる,特定の音楽、香り、あるいは風景が、過去の懐かしい記憶やノスタルジックな感情を「鮮明に心に呼び起こす」素晴らしい表現力・性質を持っている様子を指します（evocative music）。,,
5101,hapless,/ˈhæpləs/,形容詞,不運な、不幸な、不吉な,自分の力ではどうにもできない不条理な不運や災難に、何度も見舞われ続けている「気の毒でかわいそうな」人物を指す、少し文学的な言葉です（hapless victim = 不運な被害者）。,,
5102,suspense,/ˈsʌspens/,名詞,サスペンス、不安、ハラハラする状態、宙ぶらりん,映画などで次に何が起きるかハラハラドキドキする「緊迫感」を指すほか、決定が出ずに心が宙ぶらりんのまま落ち着かない焦りを意味します（keep in suspense = じらす）。,,
5103,exploratory,/ɪkˈsplɔːrətɔːri/,形容詞,探検の、実地踏査の、予備的な、調査用の,本腰を入れて投資や決定をする前に、まずは現地の事情や可能性を探るために行う「事前の予備的な・調査目的の」お試し活動を指します（exploratory meeting = 打診のための予備会議）。,,
5104,delusional,/dɪˈluːʒənl/,形容詞,妄想の、妄想的な、現実離れした、誇大妄想の,現実を冷静に見ることができず、自分に都合の良いあり得ない仮定や「誇大妄想・都合の良い幻想にしがみついている」様子を冷ややかに批判する言葉です。,,
5105,bequeath,/bɪˈkwiːθ/,動詞,遺言で譲る、（後世に）遺す、伝える,自分が死んだあと、遺言によって財産や不動産を特定の他人に「法的に遺贈する」ことや、伝統・思想を次の世代に「引き継いで遺す」ことを意味する格調高い動詞です。,,
5106,genital,/ˈdʒenɪtl/,形容詞、名詞,【形】生殖の、生殖器の【名】（genitals で）生殖器,人間の生命活動における繁殖・「生殖器官に関連する」解剖学用語で、通常は複数形 genitals でデリケートな「生殖器・プライベートパーツ」を指します。,,
5107,drab,/dræb/,形容詞、名詞,【形】どんよりした暗い色の、単調でつまらない、活気のない【名】どんよりした茶褐色、だらしない女性,カラフルな明るさが一切なく、グレーや茶色一色で包まれた「どんよりと活気のない、退屈でつまらない」風景や衣服、生活を表現します（drab environment）。,,
5108,confederate,/kənˈfedərət/,名詞、形容詞、動詞,【名】同盟国、南部連合（米）、共犯者【形】同盟した、南部連合の【動】同盟を結ぶ,複数の組織や国が手を組んだ「同盟・連合」を指すほか、アメリカの歴史では南北戦争期の「南部連合（the Confederacy / Confederate States）」を意味する超重要歴史用語です。,,
5109,apiece,/əˈpiːs/,副詞,各自に、一人につき、1個につき,複数のお菓子や切符などを分配する際、「1個につき（eachにほぼ同様、文末に置いて使われます）」いくらであるかを示す日常的な表現です（They cost $5 apiece = 1個5ドルです）。,,
5110,gush,/ɡʌʃ/,動詞、名詞,【動】（液体が）激しく噴き出る、ほとばしる、熱く語る【名】噴出、ほとばしり、あふれる感情,破裂した水道管から水が勢いよく「ドッと噴き出る」物理的な動作のほか、好きな歌手などについて感情を抑えきれずに「興奮して熱くまくし立てる・語りまくる」様子を指します。,,
5111,dislodge,/dɪsˈlɑːdʒ/,動詞,（固定された場所から）退かせる、追い出す、取り除く,すき間に挟まって固まっていた石やゴミを、衝撃を与えて「隙間から外して取り除く」物理的意味のほか、ライバルを有利なポジションから「引きずり下ろして追い出す」ことを指します。,,
5112,oscillate,/ˈɑːsɪleɪt/,動詞,振り子のように揺れる、振動する、迷う、ためらう,振り子のようにつま先やメーターが左右に「規則的に行ったり来たり揺れる」物理現象のほか、二つの決意の間で心がフラフラと「揺れ動く・迷い続ける」様子を指します。,,
5113,douse,/daʊs/,動詞,（火を消すために水を）浴びせる、ぶっかける、消灯する,燃え盛る火を消すために、上からバケツの水をドバッと「浴びせかける・一気に濡らす（douse the fire with water）」ことを指します。,,
5114,unilateral,/ˌjuːnɪˈlætərəl/,形容詞,一方的な、単独の、片側だけの,他者との相談や合意を経ずに、一つの当事者や国家が単独で勝手に決定を下す「一方的な」行動を意味する政治・外交の重要語です（unilateral decision = 一方的な決定）。対義語は bilateral。,,
5115,extricate,/ˈekstrɪkeɪt/,動詞,（困難などから）救い出す、解放する、切り抜ける,倒壊した建物に挟まれた人を「苦労して救出する」物理的意味のほか、複雑な契約トラブルや泥沼の関係から自分を「何とか引き剥がして切り抜ける」ことを意味します（extricate oneself from the situation）。,,
5116,idiotic,/ˌɪdiˈɑːtɪk/,形容詞,極めて愚かな、バカバカしい,名詞 idiot（バカ、愚か者）の形容詞形。あまりにも常識がなく、バカげている他人の行いや決定を痛烈にバカにする際の言葉です（idiotic mistake = 非常にマヌケなミス）。,,
5117,dissident,/ˈdɪsɪdənt/,名詞、形容詞,【名】反体制派、異見を持つ人【形】反体制の、意見を異にする,独裁政権や共産党政府の言論弾圧に屈せず、命がけで公式に政府の方針に反対する意思を貫く「反体制活動家・異見の士」を指す重要な政治・社会用語です。,,
5118,expound,/ɪkˈspaʊnd/,動詞,（理論などを）詳細に説く、解説する、明らかにする,特定の高度なアイデア、学説、あるいは計画を、他人が理解できるように順を追って「体系的に分かりやすく詳しく解説する」ことを指す少し硬い言葉です。,,
5119,alluring,/əˈlʊrɪŋ/,形容詞,魅力的な、うっとりさせる、誘惑的な,人の視線や心をぐっと奪って惹きつけるような、ミステリアスで「うっとりさせるほど魅力的な」美しさや儲け話を表現する言葉です（alluring smile）。,,
5120,manageable,/ˈmænɪdʒəbl/,形容詞,扱いやすい、管理できる、なんとかこなせる,動詞 manage（何とかやり遂げる、管理する）の形容詞形。直面するタスクや困難の規模が、手に負えないほど大きくなく「自分たちの力で十分にコントロール可能である」状態を指します。,,
5121,rowdy,/ˈraʊdi/,形容詞、名詞,【形】騒々しい、乱暴な、ガヤガヤした【名】乱暴な人、ならず者,スタジアムのサポーターや酔っ払いが、大声を上げて乱暴に大はしゃぎしている「騒々しくて他人の迷惑になる」様子を指します（rowdy behavior）。,,
5122,cede,/siːd/,動詞,（領土や権利などを）割譲する、譲渡する、認める,戦争での敗戦などを理由に、条約によって正式に自国の領土や法的な権利を他国に「割譲・譲り渡す」ことを意味する歴史・外交の硬い動詞です（cede territory）。,,
5123,impinge,/ɪmˈpɪndʒ/,動詞,侵害する、悪影響を及ぼす、突き当たる,impinge on... の形で、他人の自由、権利、あるいはプライバシーを不当に制限して「侵害する・マイナスの影響を与える」ことを意味します（impinge on freedom）。,,
5124,varsity,/ˈvɑːrsəti/,名詞、形容詞,【名】（大学や高校の）代表チーム【形】代表チームの,アメリカの高校や大学における、最も高いレベルの公式な「第一代表チーム（varsity team）」を指すスポーツ用語です。,,
5125,stained,/steɪnd/,形容詞,汚れのついた、シミのある、ステンドグラスの,動詞 stain（汚す）の過去分詞形容詞。コーヒーやインクのシミがついて汚れている衣服を指すほか、色ガラスを組み合わせた「ステンドグラス（stained glass）」としてお馴染みです。,,
5126,horrendous,/hɔːˈrendəs/,形容詞,恐ろしい、極めてひどい、おぞましい,terrible や awful、dreadful と同様に、事故の悲惨さ、渋滞のひどさ、あるいは天気が「極めて最悪で、おぞましい」状態を強く強調します（horrendous traffic = 最悪の渋滞）。,,
5127,improbable,/ɪmˈprɑːbəbl/,形容詞,起こりそうにない、ありそうもない、本当とは思えない,確率的に可能性が極めて低く、「そんなことはまず起きないだろう」という不確実な状況を指します（improbable event）。対義語は probable。,,
5128,pernicious,/pərˈnɪʃəs/,形容詞,極めて有害な、致命的な、悪質な、知らないうちに蝕む,がんの進行やフェイクニュースの拡散のように、裏でジワジワと進行し、気付かないうちに周囲に「極めて壊滅的で、有害・致命的なダメージを与える」おぞましい性質を指します（pernicious influence = 悪質極まりない影響）。,,
5129,constrict,/kənˈstrɪkt/,動詞,締め付ける、収縮させる、制限する,ゴムバンドやヘビが獲物の首を「ギューッと細く締め付ける」動作のほか、法律などで人々の自由な活動を「制限する」ことを指します。,,
5130,circumscribe,/ˌsɜːrkəmˈskraɪb/,動詞,境界線を引く、制限する、円を外接させる,周囲（circum）に線（scribe）を書くことから転じて、特定の活動範囲や自由をこれ以上広げられないように「厳しく制限する、境界線の枠内に閉じ込める」ことを意味します（liberties are circumscribed）。,,
5131,swollen,/ˈswoʊlən/,形容詞,（腫れて）膨らんだ、むくんだ、増水した,動詞 swell（膨らむ）の過去分詞形容詞。ケガやアレルギーのために顔や足が赤く「パンパンに腫れている」状態（swollen eye = 腫れあがった目）や、大雨で川の水が「増水している（swollen river）」様子を表します。,,
5132,blare,/bler/,動詞、名詞,【動】（ラジオなどが）大音量で鳴り響く、けたたましく鳴る【名】けたたましい大音量,サイレン、車のクラクション、あるいは深夜のスピーカーなどが、耳障りでけたたましく「ガンガン大音量で鳴り響く」様子を表します（music blaring out）。,,
5133,abiding,/əˈbaɪdɪŋ/,形容詞,永続的な、いつまでも続く、不変の,動詞 abide（留まる）の現在分詞形容詞。一時的な流行ではなく、何年経っても心の中に変わらずずっと残り続ける深い愛情や関心を指します（abiding love = 永遠の愛 / law-abiding citizen = 法律をしっかり守る市民）。,,
5134,back-to-back,/ˌbæk.təˈbæk/,形容詞、副詞,【形】背中合わせの、連続した、相次ぐ【副】連続して,スケジュールにおいて、前の会議が終わった直後に次の会議が息つく暇もなく「連続してびっしり入っている」様子を表します（back-to-back meetings）。,,
5135,regal,/ˈriːɡl/,形容詞,王の、王にふさわしい、堂々たる、豪華な,宮殿、あるいは王族を思わせる、この上なく上品でエレガント、かつ「堂々として格式高い」素晴らしい様子を表現する言葉です（regal bearing = 王族らしい佇まい）。,,
5136,tally,/ˈtæli/,名詞、動詞,【名】勘定、計算、得点、集計【動】（勘定などが）一致する、集計する,投票や売り上げの点数を「集計する」ことのほか、他人の証言と事実、あるいは複数のデータが「ぴったりと整合・一致する（tally with the facts）」ことを意味します。,,
5137,flamboyant,/flæmˈbɔɪənt/,形容詞,派手な、きらびやかな、誇示する、自己アピールが強い,衣装、言動、あるいはライフスタイルが非常にカラフルで目立ち、「自己アピールが強く派手できらびやかである」様子を指します（flamboyant designer）。,,
5138,nostalgic,/nəˈstældʒɪk/,形容詞,郷愁に満ちた、懐かしむ、ノスタルジックな,昔過ごした幸せな日々や、古い音楽、子供時代のおもちゃを思い出して、心の中がキュンと温かくも寂しく「懐かしさで満ちあふれている」状態を表します。,,
5139,tenacious,/təˈneɪʃəs/,形容詞,粘り強い、頑固な、執念深い、しっかり掴んで離さない,困難を前にしても、諦めずに目標に喰らいついて絶対に手を離さない「粘り強い、諦めの悪い」不屈の根性を称える表現です（tenacious negotiator = 粘り強い交渉人）。,,
5140,lurid,/ˈlʊrɪd/,形容詞,ぞっとするような、不気味な、けばけばしい,「ショッキングな」という意味合いや、色彩が派手で不快な様子を表します。,,
5141,sluggish,/ˈslʌɡɪʃ/,形容詞,停滞した、怠惰な、動きの遅い,「sluggish economy（停滞する経済）」などの表現でよく使われます。,,
5142,profane,/prəˈfeɪn/,形容詞、動詞,【形容】不敬な、世俗的な<br>【動】（神聖なものを）汚す,「sacred（神聖な）」の対義語として使われることが多いです。,,
5143,intertwine,/ˌɪntərˈtwaɪn/,動詞,絡み合わせる、密接に関連する,二つのものが互いに絡み合う状態を指し、比喩的にも使われます。,,
5144,devout,/dɪˈvaʊt/,形容詞,信心深い、敬虔な、熱心な,宗教的な信仰心が厚いことや、特定の活動への熱心さを表します。,,
5145,supernova,/ˌsuːpərˈnoʊvə/,名詞,超新星,大質量星が一生の終わりに起こす大規模な爆発現象を指します。,,
5146,null（セルが空白ってわけじゃないよ）,/nʌl/,形容詞,無効の、ゼロの、存在しない,プログラミングやデータサイエンスにおいて「値がない状態」として広く使われます。,,
5147,rueful,/ˈruːfəl/,形容詞,後悔している、悲しそうな、気の毒な,少し苦笑いを浮かべながら後悔や反省を示す表情（rueful smile）によく使われます。,,
5148,insolvent,/ɪnˈsɑːlvənt/,形容詞,破産した、債務超過の,債務を支払う能力がない状態を指し、法律やビジネスで使われます。,,
5149,whine,/waɪn/,動詞、名詞,【動】哀れな声で泣く、愚痴をこぼす<br>【名】泣き言,子供や犬が鼻を鳴らして不満を言うような、弱々しい泣き言のニュアンスがあります。,,
5150,forthright,/ˈfɔːrθraɪt/,形容詞,率直な、真っ直ぐな,他人に遠慮せず、意見や真実を率直に述べる誠実な態度を表します。,,
5151,gleam,/ɡliːm/,名詞、動詞,【名】微かな光、きらめき<br>【動】きらめく,暗闇の中で一瞬きらりと光る様子や、目に希望の光が宿る（a gleam of hope）などに使われます。,,
5152,wellness,/ˈwel.nəs/,名詞,ウェルネス、健康、良好な状態,単に病気でないだけでなく、肉体的・精神的・社会的に良好な状態を目指すことを指します。,,
5153,disproportionate,/ˌdɪsprəˈpɔːrʃənət/,形容詞,不釣り合いな、不均衡な,全体の規模や基準に対して、特定の要素が大きすぎたり小さすぎたりすることを表します。,,
5154,edify,/ˈedɪfaɪ/,動詞,（教えを授けて）高める、啓発する,道徳的、精神的、知的な向上を促すような良い影響を与えるという意味です。,,
5155,efface,/ɪˈfeɪs/,動詞,消し去る、目立たなくする,記憶や文字などを完全に消すこと、または「self-effacing（控えめな）」のように自分を目立たなくすることを意味します。,,
5156,plump,/plʌmp/,形容詞、動詞,【形容】ふくよかな、丸々とした<br>【動】丸く膨らませる,太っていることを肯定的に、または可愛らしく表現する言葉です。,,
5157,hemorrhage,/ˈhemərɪdʒ/,名詞、動詞,【名】出血、大出血<br>【動】出血する、大きな損失を出す,医学的な多量出血のほか、人材や資金が急速に流出する比喩表現としても使われます。,,
5158,incinerator,/ɪnˈsɪnəreɪtər/,名詞,焼却炉,ゴミなどを高温で燃やして処理するための設備や装置を指します。,,
5159,javelin,/ˈdʒævlɪn/,名詞,投げ槍、やり投げ,陸上競技の種目である「やり投げ」や、その競技で使用される槍を指します。,,
5160,outlay,/ˈaʊtleɪ/,名詞,支出、経費、初期費用,事業やプロジェクトを開始・運営するために必要な資金の「支出」を指します。,,
5161,deterrence,/dɪˈtɜːrəns/,名詞,抑止、制止、抑止力,相手に思いとどまらせるための力を指し、特に「nuclear deterrence（核抑止力）」などの軍事用語でよく使われます。,,
5162,prowess,/ˈpraʊəs/,名詞,優れた能力、武勇、腕前,スポーツや学術、戦闘などで示す卓越したスキルや技術を指します。,,
5163,conduit,/ˈkɑːnduɪt/,名詞,導管、水路、媒介（伝達）経路,水やケーブルを通す管のほかに、情報や資金を伝えるルート（a conduit for information）を指します。,,
5164,forte,/ˈfɔːrteɪ/,名詞,長所、得意なこと,個人の最も得意とする分野や特技を表します。,,
5165,pomp,/pɑːmp/,名詞,華麗さ、壮麗、厳かな儀式,「pomp and circumstance（威風堂々、厳かな式典）」というフレーズでよく知られます。,,
5166,mane,/meɪn/,名詞,たてがみ,ライオンや馬の首の周りにある長い毛を指し、比喩的に人の豊かで長い髪を指すこともあります。,,
5167,approximation,/əˌprɑːksɪˈmeɪʃn/,名詞,近似値、概算、近づくこと,数学や統計における「およその計算値」や、目標に対して非常に近い状態にあることを表します。,,
5168,kudos,/ˈkuːdoʊz/,名詞,賞賛、栄誉、お褒めの言葉,「Kudos to you!（よくやった！）」のように、カジュアルな賞賛の表現としてよく使われます。,,
5169,swindle,/ˈswɪndl/,動詞、名詞,【動】だまし取る、詐取する<br>【名】詐欺、ペテン,不正な方法でお金や財産を騙し取る行為を指します。,,
5170,rostrum,/ˈrɑːstrəm/,名詞,演壇、演台、表彰台,演説を行うための台や、スポーツの表彰台（特に1位〜3位が乗る台）を指します。,,
5171,ruffle,/ˈrʌfl/,動詞、名詞,【動】波立たせる、かき乱す、髪をくしゃくしゃにする<br>【名】ひだ飾り,水面を風で波立たせたり、他人の心をかき乱して不機嫌にさせたりする動作を表します。,,
5172,exasperation,/ɪɡˌzæspəˈreɪʃn/,名詞,憤慨、激怒、ひどい苛立ち,度重なる困難や不満に耐えかねて、イライラが頂点に達した状態を表します。,,
5173,gusto,/ˈɡʌstoʊ/,名詞,心からの楽しみ、熱意、熱中,「with gusto（旺盛な意欲を持って）」のように、何かを熱心に、また楽しそうに行う様子を表します。,,
5174,abstinence,/ˈæbstɪnəns/,名詞,節制、禁欲、禁酒,アルコール、食べ物、その他の快楽を自発的に我慢することを指します。,,
5175,fiasco,/fiˈæskoʊ/,名詞,大失敗、大醜態,計画やイベントが完全に失敗し、みじめな結果に終わることを指します（a complete fiasco）。,,
5176,merriment,/ˈmerɪmənt/,名詞,歓喜、陽気な騒ぎ、楽しむこと,人々が集まって笑ったり楽しんだりする、にぎやかで楽しげな雰囲気を指します。,,
5177,cadence,/ˈkeɪdns/,名詞,リズム、拍子、抑揚,声や音楽の調子、リズム、または歩行や走行のペースを指します。,,
5178,drudgery,/ˈdrʌdʒəri/,名詞,退屈なつらい仕事、単調な雑用,創造性がなく、体力的・精神的に疲れ果てるような単調な労働を指します。,,
5179,eddy,/ˈedi/,名詞、動詞,【名】渦、逆流<br>【動】渦を巻く,水流や気流が障害物によって円を描くように回転する現象を指します。,,
5180,totter,/ˈtɑːtər/,動詞,よろめく、よちよち歩く、崩壊しそうになる,足元がふらついて倒れそうになる様子や、組織・政権などが崩壊寸前である状態を表します。,,
5181,atheist,/ˈeɪθiɪst/,名詞,無神論者,神やいかなる超自然的な創造主の存在も信じない人を指します。,,
5182,cordon,/ˈkɔːrdn/,名詞、動詞,【名】非常線、警戒線<br>【動】非常線を張って封鎖する,事件現場や危険エリアを警察などがロープや警官で封鎖する際によく使われます（cordon off）。,,
5183,superimpose,/ˌsuːpərɪmˈpoʊz/,動詞,重ね合わせる、上乗せする,ある画像や文字を別のものの上に重ねて表示する技術や、異なる概念を重ねることを指します。,,
5184,rejuvenate,/rɪˈdʒuːvəneɪt/,動詞,若返らせる、活力を取り戻させる,肌を若々しくすることのほか、組織や都市、計画に新たな息吹を吹き込む際にも使われます。,,
5185,sequester,/sɪˈkwestər/,動詞,隔離する、没収する,陪審員を裁判中に外部から隔離すること（sequester a jury）や、財産を差し押さえることを意味します。,,
5186,carousel,/ˌkærəˈsel/,名詞,回転木馬、カルーセル、手荷物用回転コンベア,遊園地のメリーゴーランドのほか、空港のバゲージクレーム（手荷物受取所）の回転台も指します。,,
5187,mortuary,/ˈmɔːrtʃueri/,名詞,遺体安置所、葬儀場,遺体を一時的に安置しておく場所や、葬儀を行う施設を指します。,,
5188,armpit,/ˈɑːrmpɪt/,名詞,脇の下、不快な場所,体の一部分である「わき」を指すほか、比喩的に「最も汚く不快な場所」を意味する口語表現としても使われます。,,
5189,pillage,/ˈpɪlɪdʒ/,動詞、名詞,【動】略奪する、略奪して荒らす<br>【名】略奪（物）,戦争や暴動の際、武力によって都市や店から財産を暴力的に奪い去る行為を指します。,,
5190,rudder,/ˈrʌdər/,名詞,舵（かじ）、方向舵,船や航空機の進む方向を制御するための可動式の板を指し、組織の方向性を示す比喩としても使われます。,,
5191,parchment,/ˈpɑːrtʃmənt/,名詞,羊皮紙、パピルス状の紙,中世などに羊や山羊の皮を加工して筆記用として用いた頑丈な素材を指します。,,
5192,pedagogy,/ˈpedəɡoʊdʒi/,名詞,教育学、指導法,教師が子供や学生を効果的に指導・教育するための理論や教授方法を指します。,,
5193,brevity,/ˈbrevəti/,名詞,簡潔さ、短いこと,"文章やスピーチが短く簡潔であること、または人生や時間の短さを表します（""Brevity is the soul of wit""）。",,
5194,saliva,/səˈlaɪvə/,名詞,唾液、つば,口の中に分泌される消化液（唾液）を指す学術・フォーマルな表現です。,,
5195,secrete,/sɪˈkriːt/,動詞,分泌する、隠す,【医学】ホルモンなどを分泌するという意味のほか、財産や物をこっそり隠すという意味もあります。,,
5196,brunt,/brʌn/,名詞,矛先、攻撃の主眼、最も強い衝撃,「bear the brunt of（〜の矛先をまともに受ける）」というフレーズで、批判や攻撃の最も激しい部分に直面する際によく使われます。,,
5197,dame,/deɪm/,名詞,貴婦人、ダム（女性のナイト爵位）,イギリスの勲爵士（Knight）の女性版に与えられる称号、または女性に対するやや古い表現です。,,
5198,ruminate,/ˈruːmɪneɪt/,動詞,反芻する、深く考える、思いめぐらす,牛などが一度飲み込んだ食べ物を口に戻して噛み直すこと、または一つの問題について何度も熟考することを指します。,,
5199,muck,/mʌk/,名詞、動詞,【名】堆肥、汚物、泥<br>【動】汚す、台無しにする,家畜の糞尿が混じった泥や、不快な汚れを指します。「muck up」で「台無しにする」という口語表現になります。,,
5200,convalescence,/ˌkɑːnvəˈlesns/,名詞,回復期、療養、病後療養,病気やケガの治療後、完全に健康を取り戻すまでのリハビリ・療養期間を指します。,,
5201,restitution,/ˌrestɪˈtuːʃn/,名詞,返還、賠償、損害賠償,盗まれた財産を所有者に返したり、引き起こした損害に対して金銭的に補償したりすることを指します。,,
5202,insecticide,/ɪnˈsektɪsaɪd/,名詞,殺虫剤,害虫を駆除・殺滅するための化学薬品を指します（herbicide は除草剤）。,,
5203,physiology,/ˌfɪziˈɑːlədʒi/,名詞,生理学、生理機能,生物の体や器官がどのように機能し、活動しているかを研究する生物学の一分野です。,,
5204,cubicle,/ˈkjuːbɪkl/,名詞,個別ブース、小個室、間仕切り部屋,オフィスでのパーティションで区切られた作業スペースや、公衆トイレなどの小部屋を指します。,,
5205,acne,/ˈækni/,名詞,にきび、吹き出物,主に顔や体にできる皮脂詰まりによる皮膚の炎症（にきび）を指す医学的な言葉です。,,
5206,froth,/frɔːθ/,名詞、動詞,【名】（液体の表面の）泡<br>【動】泡立つ,ビールの泡や、コーヒー（カプチーノなど）の表面にできる軽くて細かい泡を指します。,,
5207,roost,/ruːst/,動詞、名詞,【動】（鳥が）ねぐらにつく、止まり木にとまる<br>【名】鳥のねぐら、止まり木,鳥が休息や睡眠のために止まる場所を指します。「rule the roost」で「実権を握る」という慣用句があります。,,
5208,anteroom,/ˈæntiruːm/,名詞,控室、待合室、前室,本室（会議室や診察室など）に入る手前にある、入り口付近の小さな部屋や待合室を指します。,,
5209,antic,/ˈæntɪk/,名詞,（おどけた・奇妙な）仕草、いたずら、おどけ,人々を笑わせるための滑稽な行動や、子供や動物の可愛らしい悪ふざけを指します（通常 antics と複数形）。,,
5210,offshoot,/ˈɔːfʃuːt/,名詞,派生物、分派、新芽,本源となる植物の枝から伸びた新芽や、大組織から枝分かれしてできた子会社や派生グループを指します。,,
5211,trample,/ˈtræmpl/,動詞,踏みつける、蹂躙（じゅうりん）する、踏みにじる,足で激しく踏みつぶす動作のほか、他人の権利や尊厳を無視して踏みにじる（trample on human rights）際にも使います。,,
5212,ovary,/ˈoʊvəri/,名詞,卵巣、子房,雌性動物の生殖器官である「卵巣」や、植物の花の中で種子ができる「子房」を指します。,,
5213,snip,/snɪp/,動詞、名詞,【動】はさみでチョキチョキ切る<br>【名】切り取る動作、端切れ,はさみなどを使って小さな動作で素早く切り取ることを指します。,,
5214,ploy,/plɔɪ/,名詞,策略、策謀、計略,有利な立場を得るため、または人をだますために用いられる巧妙な手段や作戦を指します。,,
5215,destitution,/ˌdestɪˈtuːʃn/,名詞,極貧、赤貧、困窮,食べ物や住む場所すら欠くほどの、極度の貧困状態を指します（poverty よりもさらに深刻な状態）。,,
5216,pang,/pæŋ/,名詞,激痛、一時的な激しい苦痛,肉体的な突発的な痛み（pangs of childbirth）や、精神的な強い苦痛・罪悪感（a pang of guilt）を指します。,,
5217,pendulum,/ˈpendʒələm/,名詞,振り子、ゆれる情勢,掛け時計などの振り子を指すほか、世論や人気が二極間を行ったり来たりする状況の比喩としても使われます。,,
5218,waft,/wɑːft/,動詞、名詞,【動】漂う、ふわりと運ぶ<br>【名】（匂いや音の）一吹き、漂い,風に乗って香ばしい匂いや心地よい音楽がフワッと漂ってくる様子を表現する際に使われます。,,
5219,condolence,/kənˈdoʊləns/,名詞,哀悼、悔やみ,大切な人を亡くした人に対する同情や慰めの言葉を指し、通常は「offer my condolences」のように複数形で用います。,,
5220,ointment,/ˈɔɪntmənt/,名詞,軟膏、塗り薬,"皮膚に塗る半固形上の医薬品（軟膏）を指します（""an ointment for burns""）。",,
5221,cant,/kænt/,名詞,偽善的な言葉、隠語,宗教的・道徳的に上辺だけを取り繕った発言、あるいは特定の犯罪グループや仲間内だけで通じる専門用語を指します。,,
5222,bran,/bræn/,名詞,ふすま、米ぬか、穀皮,小麦やその他の穀物の外皮（繊維質が豊富な部分）を指し、健康食品（ブランフレークなど）でよく見かけます。,,
5223,assailant,/əˈseɪlənt/,名詞,襲撃者、加害者,他人に対して肉体的な攻撃や不意打ちを行った人物を指します。,,
5224,frugality,/fruːˈɡæləti/,名詞,倹約、質素、節約,お金や資源を無駄にせず、節約して生活する性質や心がけを意味します。,,
5225,repellent,/rɪˈpelənt/,名詞、形容詞,【名】忌避剤、防虫剤<br>【形容】不快な、撥水性の,虫を寄せ付けない「insect repellent」のほか、道徳的に強い嫌悪感を抱かせる性質（repellent behavior）を指します。,,
5226,thrash,/θræʃ/,動詞,激しく打つ、のたうち回る、大敗させる,棒などで激しく叩くこと、苦痛で手足をバタバタさせること、またはスポーツなどで相手を圧倒的に打ち負かすことを意味します。,,
5227,vouch,/vaʊtʃ/,動詞,保証する、請け合う,「vouch for 人/物」の形で、ある人の人物像や、ある事柄が真実であることを自分の信用を担保に保証することを意味します。,,
5228,carnage,/ˈkɑːrnɪdʒ/,名詞,大虐殺、大殺戮、無残な光景,戦争や大きな事故、テロなどによって、多くの人々が命を落とした極めて無残な虐殺現場を指します。,,
5229,naught,/nɔːt/,名詞,ゼロ、無、台無し,「come to naught（無に帰す、台無しになる）」という慣用表現でよく使われる、古い・文学的な語彙です。,,
5230,quay,/kiː/,名詞,波止場、岸壁、埠頭,船が接岸して荷役や乗降を行うために、コンクリートや石で築かれた人工の突堤・岸壁を指します。,,
5231,haphazard,/hæpˈhæzərd/,形容詞,計画性のない、行き当たりばったりの、偶然の,事前の計画や秩序がなく、その場しのぎで物事が行われている様子を表します。,,
5232,buttocks,/ˈbʌtəks/,名詞,臀部、お尻,人間の体のお尻（肉の部分）を指す、医学的・解剖学的な表現です（通常は左右一対で複数形）。,,
5233,reiterate,/riˈɪtəreɪt/,動詞,（何度も）繰り返す、強調する,自分の主張や指示を、相手に明確に理解させるために何度も繰り返し述べることを表します。,,
5234,angst,/ɑːŋst/,名詞,（人生や将来に対する）強い不安、葛藤,単なる一時的な心配事ではなく、人間の存在、将来、アイデンティティに関わる深刻な精神的不安を指します。,,
5235,cadre,/ˈkædri/,名詞,幹部、中核グループ、中堅メンバー,政党、軍隊、企業などでリーダーシップを発揮する、特別に訓練されたエリート中核グループやそのメンバーを指します。,,
5236,reimburse,/ˌriːɪmˈbɜːrs/,動詞,払い戻す、返済する、費用を補填する,仕事などで個人が一時的に立て替えた費用（出張費など）を、会社が後から払い戻す際によく使われます。,,
5237,twirl,/twɜːrl/,動詞、名詞,【動】くるくる回す、すばやく回転する<br>【名】回転,バトンを回したり、ダンスで体を軽快にスピンさせたりする動作を指します。,,
5238,insomnia,/ɪnˈsɑːmniə/,名詞,不眠症,夜十分に眠ることができず、日常生活に支障をきたす睡眠障害（不眠症）の医学的名称です。,,
5239,decadence,/ˈdekədəns/,名詞,退廃、堕落、衰退,道徳や社会的基準が崩れ、快楽への耽溺や贅沢によって健全さが失われていく様子を表します。,,
5240,incongruity,/ˌɪnkəŋˈɡruːəti/,名詞,不調和、不一致、場違いなこと,周囲の環境や常識と調和せず、ちぐはぐで場違いな印象を与える状態や事柄を指します。,,
5241,colitis,/koʊˈlaɪtɪs/,名詞,大腸炎,【医学】大腸の粘膜に炎症が起こる病気を指します。,,
5242,protrude,/proʊˈtruːd/,動詞,突き出る、突き出す,表面や境界線から外側へぷっくりと、または鋭くはみ出して伸びている状態を表します。,,
5243,squirt,/skwɜːrt/,動詞、名詞,【動】（液体を）噴き出させる、ほとばしる<br>【名】噴出、水鉄砲,細い管や小さな穴から液体が勢いよく飛び出す様子を指します（水鉄砲を撃つなど）。,,
5244,interlude,/ˈɪntərluːd/,名詞,合間、幕間、挿入曲,演劇やコンサートの幕間の短い休憩や、ある出来事と出来事の間の平穏な一時を指します。,,
5245,pounce,/paʊns/,動詞,急に襲いかかる、飛びかかる,猫がネズミに、または猛獣が獲物に向かって、一気に飛びかかる動作を指します（pounce on）。,,
5246,premonition,/ˌpriːməˈnɪʃn/,名詞,予感、虫の知らせ,特に「何か悪いことが起こりそうだ」という、根拠のない直感的な予感を指すことが多いです。,,
5247,doldrums,/ˈdoʊldrəmz/,名詞,沈滞、無風状態、憂鬱,気象学における赤道無風帯（doldrums）から転じて、ビジネスや気分の「低迷状態、スランプ」を指します。,,
5248,ostracism,/ˈɑːstrəsɪzəm/,名詞,排斥、仲間外れ、社会的孤立,集団や社会から、特定の人物を無視したり追い出したりして孤立させる行為を指します（古代ギリシャの貝殻追放が語源）。,,
5249,domicile,/ˈdɑːmɪsaɪl/,名詞,住所、居住地、本拠地,法律上の正規の住所や永住地を指すフォーマルな言葉です（日常会話では home や address が好まれます）。,,
5250,hemp,/hemp/,名詞,麻、大麻草,ロープや衣服の繊維として使われる麻の一種を指します。また、薬用・嗜好用の植物を指すこともあります。,,
5251,bromide,/ˈbroʊmaɪd/,名詞,臭化物、ありきたりな言葉,化学物質の「臭化物」（かつて鎮静剤として使われた）のほか、比喩的に「人々の警戒を解くための、退屈でありきたりな決まり文句」を指します。,,
5252,bronchitis,/brɑːŋˈkaɪtɪs/,名詞,気管支炎,【医学】気管支の粘膜に炎症が生じ、激しい咳や痰が出る呼吸器系の疾患です。,,
5253,osteoporosis,/ˌɑːstioʊpəˈroʊsɪs/,名詞,骨粗鬆症,【医学】骨密度が低下して骨がスカスカになり、折れやすくなる病気です。,,
5254,boon,/buːn/,名詞,恩恵、ありがたいもの、贈り物,「〜にとって大変な恩恵である（a boon to ~）」のように、生活を便利にしたり助けになったりする素晴らしい贈り物を指します。,,
5255,confetti,/kənˈfeti/,名詞,紙吹雪,お祝いやパレードなどで空中に撒き散らす、細かく切った色紙（紙吹雪）を指します。,,
5256,articulation,/ɑːrˌtɪkjuˈleɪʃn/,名詞,明確な発音、言葉の明瞭さ、関節（結合）,考えを言葉にしてはっきりと表現すること、言語音の明瞭な発声、または骨などの接合部分（関節）を意味します。,,
5257,stow,/stoʊ/,動詞,（荷物を）詰め込む、収納する、しまい込む,飛行機や船などで、荷物を所定の収納スペースに安全に収める動作を表します。,,
5258,debit,/ˈdebɪt/,名詞、動詞,【名】引落し、借方（かりかた）<br>【動】（口座から）引き落とす,クレジットカードの対となる「debit card（即時決済カード）」や、会計用語の「借方」として使われます。,,
5259,recompense,/ˈrekəmpens/,名詞、動詞,【名】報酬、補償、恩返し<br>【動】報いる、補償する,努力や損失、サービスに対して、金銭を支払ったり恩返しをしたりする行為を指します。,,
5260,altercation,/ˌɔːltərˈkeɪʃn/,名詞,口論、論争、口げんか,人々の間で怒りや興奮を伴って行われる、激しい言葉での言い争いを指します。,,
5261,chaff,/tʃæf/,名詞、動詞,【名】もみがら、冷やかし、くだらないもの<br>【動】冷やかす,穀物の外皮（もみがら）や価値のないゴミのほかに、親しい間柄での「軽口やからかい」を意味することもあります。,,
5262,profusion,/prəˈfjuːʒn/,名詞,豊富、おびただしい量、大盤振る舞い,「in profusion（おびただしく、豊かに）」のように、花や果物などが非常にたくさん、あふれるほど存在している状態を表します。,,
5263,decorum,/dɪˈkɔːrəm/,名詞,礼儀正しさ、品位、適切な作法,社会的・フォーマルな場において求められる、ふさわしい言動や上品なマナーを指します。,,
5264,fiddle,/ˈfɪdl/,名詞、動詞,【名】バイオリン、ごまかし<br>【動】いじる、時間を無駄にする,バイオリンの俗称のほか、手持ち無沙汰で何かをいじる動作（fiddle with）、帳簿をごまかすなどの意味があります。,,
5265,gaunt,/ɡɔːnt/,形容詞,やつれた、痩せこけた、荒涼とした,病気や飢え、激務によって顔や体が極度に痩せて骨ばっている様子を表します。,,
5266,periscope,/ˈperɪskoʊp/,名詞,潜望鏡,潜水艦や戦闘の塹壕などから、身を隠したまま外部の様子を観察するための反射鏡付きの筒（潜望鏡）を指します。,,
5267,plod,/plɑːd/,動詞,重い足取りで歩く、コツコツ働く,足が重い、または疲れている状態でトボトボと歩くこと、また単調な仕事を黙々と辛抱強くこなすことを意味します。,,
5268,plethora,/ˈpleθərə/,名詞,過多、過剰、おびただしい数,「a plethora of information（過剰な情報）」のように、必要以上の量が圧倒的に多く存在している状態を指します。,,
5269,prognosis,/prɑːɡˈnoʊsɪs/,名詞,（病気の）予後、見通し、予測,医師による病気の経過や回復見込みの診断（予後）、または将来の経済や情勢の見通しを意味します（diagnosis は診断）。,,
5270,immersion,/ɪˈmɜːrʒn/,名詞,浸すこと、没頭、イマージョン,液体の中にすっぽり沈めることや、特定の言語環境に身を浸して学ぶ教育手法（immersion education）などを指します。,,
5271,unfurl,/ʌnˈfɜːrl/,動詞,（旗や傘を）広げる、展開する,丸めたり畳んだりしていた旗、セイル（帆）、傘などをパッと広げる動作を指します。,,
5272,chauvinism,/ˈʃoʊvɪnɪzəm/,名詞,盲目的愛国主義、排他的主義,自分の属する国家や性別（male chauvinism：男性至上主義など）が絶対に優れていると盲信する排他的な態度を指します。,,
5273,plumb,/plʌm/,動詞、副詞、名詞,【動】測る、徹底的に調査する<br>【副】完全に、ちょうど,「水深を測る、真相を究明する（plumb the depths）」という意味のほか、配管工（plumber）の語源でもあります。,,
5274,oneness,/ˈwʌnnəs/,名詞,一体性、一致、単一性,自分と自然、あるいは他人とが完全に一つに融合していると感じるような、深い一体感を指します。,,
5275,embankment,/ɪmˈbæŋkmənt/,名詞,堤防、土手、盛り土,川の氾濫を防ぐための堤防や、道路・鉄道を通すために土を高く盛った土手を指します。,,
5276,beggar,/ˈbegər/,名詞、動詞,【名】物乞い、乞食<br>【動】貧しくする、言葉を失わせる,路上で物乞いをする人を指します。「beggar description」で「言葉では言い表せないほど凄まじい」という慣用句があります。,,
5277,welsh,/welʃ/,動詞、名詞、形容詞,【動】（賭けの負け金を）踏み倒す、約束を破る<br>【名・形容】ウェールズの（人）,動詞として「welsh on a promise」のように約束や債務を不当に踏み倒す意味で使われます。,,
5278,corroboration,/kəˌrɑːbəˈreɪʃn/,名詞,確証、裏付け（証拠）,ある証言や理論が正しいことを証明する、追加の証拠や裏付けを指します。,,
5279,canteen,/kænˈtiːn/,名詞,食堂、水筒,学校や工場の「簡易食堂・売店」のほか、キャンプなどで携帯する金属やプラスチック製の「水筒」も指します。,,
5280,furlough,/ˈfɜːrloʊ/,名詞、動詞,【名】一時帰休、休暇<br>【動】一時帰休にする,特に政府閉鎖や会社の経営不振の際、一時的に給与支払いを停止した状態で行われる「無給一時解雇・帰休」を指すことが多いです。,,
5281,egalitarian,/ɪˌɡæliˈteriən/,形容詞、名詞,【形容】平等主義の<br>【名】平等主義者,すべての人間が平等であり、同じ権利や機会を持つべきだという思想や態度を表します。,,
5282,filibuster,/ˈfɪlɪbʌstər/,名詞、動詞,【名】議事進行妨害<br>【動】議事進行を妨害する,国会などで、長時間の演説を行うことによって法案の決議や進行を意図的に引き延ばす戦術を指します。,,
5283,cavern,/ˈkævərn/,名詞,大洞窟,一般的な洞窟（cave）よりも、はるかに規模が大きくて深く、暗い地下の「大洞窟」を指します。,,
5284,barrow,/ˈbæroʊ/,名詞,手押し車、古墳,荷物を運ぶための一輪車（wheelbarrow）や、古代の埋葬場所（古墳、墳墓）を指す歴史的な言葉です。,,
5285,pentagon,/ˈpentəɡɑːn/,名詞,五角形、ペンタゴン（米国国防総省）,幾何学の「五角形」を指します。大文字の「The Pentagon」は「アメリカ国防総省」を意味します。,,
5286,neurosis,/nʊˈroʊsɪs/,名詞,神経症、ノイローゼ,【医学】過度な不安やストレス、葛藤などによって生じる心身の不調（神経症）を指す精神医学用語です。,,
5287,hegemony,/hɪˈdʒeməni/,名詞,覇権、主導権,ある一国や特定の集団が、他国や社会全体に対して握る、圧倒的な政治的・経済的・軍事的な主導権（覇権）を指します。,,
5288,propulsion,/prəˈpʌlʃn/,名詞,推進、推進力,船やロケット、車などを前方に押し進めるための物理的な力（推進力）を指します。,,
5289,subjugate,/ˈsʌbdʒʊɡeɪt/,動詞,征服する、隷属させる、服従させる,武力や権力によって、他国や他民族を完全に支配下に置き、従わせることを指します。,,
5290,biceps,/ˈbaɪ.seps/,名詞,二頭筋、上腕二頭筋,腕を曲げたときにできる、いわゆる「力こぶ」にあたる筋肉（上腕二頭筋）を指します。単数・複数同形として扱われます。,,
5291,iniquity,/ɪˈnɪkwəti/,名詞,不正（行為）、不道徳、極悪,宗教的・倫理的な意味での深刻な悪徳や不公正を指します。,,
5292,ransack,/ˈrænsæk/,動詞,徹底的に捜索する、荒らし回る,泥棒などが家の中を荒らして捜し回るニュアンスを含みます。,,
5293,recrimination,/rɪˌkrɪmɪˈneɪʃn/,名詞,互いの非難、逆襲、非難返し,一方が非難されたときに、相手を非難し返す行為を指します。,,
5294,encryption,/ɪnˈkrɪpʃn/,名詞,暗号化,データを第三者に読めない形式に変換すること。対義語は decryption（復号）。,,
5295,genotype,/ˈdʒenətaɪp/,名詞,遺伝子型,生物が持つ遺伝的な構成。個体の身体的特徴を指す phenotype（表現型）と対比されます。,,
5296,autism,/ˈɔːtɪzəm/,名詞,自閉症,対人関係やコミュニケーションに困難が生じる発達障害の一種。,,
5297,promontory,/ˈpɑːmən-tɔːri/,名詞,岬、高台,海や平野に突き出た高い崖や土地を指します。,,
5298,curio,/ˈkjʊrioʊ/,名詞,骨董品、珍奇な美術品,珍しくて面白い、または美術的価値のある小さな収集品を指します。,,
5299,diction,/ˈdɪkʃn/,名詞,言葉遣い、発声法、用語の選択,話し方や書き方における言葉の選び方や、発音の明瞭さを指します。,,
5300,esophagus,/ɪˈsɑːfəɡəs/,名詞,食道,口から胃へ食べ物を送る管状の消化器官。イギリス英語では oesophagus と綴ります。,,
5301,rut,/rʌt/,名詞、動詞,【名】わだち、マンネリ<br>【動】わだちを作る,get stuck in a rut（マンネリに陥る、型にはまる）という表現でよく使われます。,,
5302,hermit,/ˈhɜːrmɪt/,名詞,世捨て人、隠者,社会から離れ、宗教的または個人的な理由で一人で暮らす人を指します。,,
5303,lathe,/leɪð/,名詞,旋盤（せんばん）,金属や木材を回転させ、刃物を当てて削る工作機械のこと。,,
5304,precipice,/ˈpresəpɪs/,名詞,絶壁、崖、破滅の危機,切り立った非常に険しい崖。比喩的に「破滅寸前の危機」も意味します。,,
5305,epitome,/ɪˈpɪtəmi/,名詞,典型、縮図、象徴,the epitome of ~（〜の典型、極み）という形でよく用いられます。,,
5306,gait,/ɡeɪt/,名詞,歩き方、足取り,人や馬などの歩く様子、歩容を指します。,,
5307,rump,/rʌmp/,名詞,（動物の）臀部（お尻）、（組織などの）残骸,牛などの腰からお尻にかけての肉（ランプ肉）や、グループの残党を指します。,,
5308,accomplice,/əˈkɑːmplɪs/,名詞,共犯者、結託者,犯罪や悪事に協力した人を指します。単なる協力者より悪いニュアンスがあります。,,
5309,exponent,/ɪkˈspoʊnənt/,名詞,支持者、解説者、指数,ある理論や技術の「主唱者・代表的実践者」という意味や、数学の「指数」を意味します。,,
5310,puberty,/ˈpjuːbərti/,名詞,思春期,子どもから大人へと身体が成熟する時期（一般的に10代前半）を指します。,,
5311,squeak,/skwiːk/,動詞、名詞,【動】（ネズミやドアが）キーキー鳴く<br>【名】キーキーいう音,かすかな、または甲高い摩擦音や鳴き声を指します。,,
5312,introspection,/ˌɪntrəˈspekʃn/,名詞,内省、自己反省,自分の考えや感情、精神的な状態を深く見つめ直すこと。,,
5313,crony,/ˈkroʊni/,名詞,（悪い意味での）長年の仲間、取り巻き,政治やビジネスでの贔屓（ひいき）や癒着を伴う「親しい仲間」を指すことが多いです。,,
5314,emissary,/ˈemɪseri/,名詞,使節、特使,特別な任務や交渉のために派遣される代表者や使者を指します。,,
5315,fable,/ˈfeɪbl/,名詞,寓話、たとえ話,動物などを登場させ、道徳的な教訓を教える短い物語（例：イソップ寓話）。,,
5316,ratification,/ˌrætɪfɪˈkeɪʃn/,名詞,（条約などの）批准、承認,政府や議会が公式に条約や法案を承認し確定させること。,,
5317,pique,/piːk/,名詞、動詞,【名】不機嫌、立腹<br>【動】（興味を）そそる、立腹させる,pique one's interest / curiosity（人の興味を引きつける）という表現で非常によく使われます。,,
5318,escapade,/ˈeskəpeɪd/,名詞,とっぴな行動、いたずら、冒険,常識から外れた、スリルや楽しみを求める向こう見ずな行動を指します。,,
5319,forgery,/ˈfɔːrdʒəri/,名詞,偽造（罪）、偽造品,通貨や美術品、文書などを本物に見せかけて偽造する行為、またはその偽造品。,,
5320,whimper,/ˈwɪmpər/,動詞、名詞,【動】しくしく泣く、鼻を鳴らす<br>【名】すすり泣き,恐怖や痛み、悲しみで弱々しく泣く、または犬などがクンクン鳴くこと。,,
5321,rebuttal,/rɪˈbʌtl/,名詞,反論、反証,相手の主張や批判に対して、証拠や論理を用いて正式に反論すること。,,
5322,retract,/rɪˈtrækt/,動詞,（前言などを）撤回する、引っ込める,発言や約束を取り消すことや、体の一部（爪など）を内側に引っ込めること。,,
5323,elation,/ɪˈleɪʃn/,名詞,大得意、意気揚々、大喜び,成功や幸運によって、非常に気分が高揚し、誇らしげに喜んでいる状態。,,
5324,hatchet,/ˈhætʃɪt/,名詞,手斧（ておの）,片手で扱える小さな斧。bury the hatchet（和解する、争いをやめる）というイディオムが有名です。,,
5325,infertility,/ˌɪnfɜːrˈtɪləti/,名詞,不妊（症）、不毛,人や動物が妊娠できない状態、または土地が不毛であること。,,
5326,provocation,/ˌprɑːvəˈkeɪʃn/,名詞,挑発、怒らせるもの,相手を怒らせたり、行動を起こさせたりするための意図的な言動。,,
5327,node,/noʊd/,名詞,結び目、節目、（ネットワークの）接続点,植物の茎の節や、ネットワーク・コンピュータ用語としての「接続点」を指します。,,
5328,dune,/duːn/,名詞,砂丘,風によって砂が運ばれてできた丘や堤防状の地形（例：鳥取砂丘）。,,
5329,circumference,/sərˈkʌmfərəns/,名詞,円周、周囲、周囲の長さ,円や丸い物体の外周、またはその長さを表します。,,
5330,infatuation,/ɪnˌfætʃuˈeɪʃn/,名詞,夢中、のぼせ上がり、一時的なのぼせ,理性を失うほど一時的に誰かや何かに強く惹かれ、盲目的になること。,,
5331,mulch,/mʌltʃ/,名詞、動詞,【名】マルチ（覆い藁など）<br>【動】マルチを敷く,雑草防止や保湿のために、植物の根元の土を藁やウッドチップで覆うこと。,,
5332,parson,/ˈpɑːrsn/,名詞,聖職者、牧師,特に英国国教会（プロテスタント）の地方の牧師や教区司祭を指します。,,
5333,malady,/ˈmælədi/,名詞,病気、慢性的弊害,身体の病気だけでなく、社会や組織の「深刻な弊害、不健全な状態」にも使われます。,,
5334,pellet,/ˈpelɪt/,名詞,小球、丸薬、固形燃料,薬、プラスチック、動物の餌、燃料などを小さく丸めたり固めたりした粒。,,
5335,transpire,/trænˈspaɪr/,動詞,起こる、明らかになる、（植物が）蒸散する,It transpired that ~（〜ということが判明した）の形でよく用いられます。,,
5336,amity,/ˈæməti/,名詞,友好、親善,特に国と国、あるいはグループ同士の平和で親密な関係を指します。,,
5337,dichotomy,/daɪˈkɑːtəmi/,名詞,二分法、二分された状態,相反する2つのグループや概念（例：善と悪、心と体）に完全に分けること。,,
5338,dike,/daɪk/,名詞,堤防、防波堤,水害を防ぐために川や海沿いに築かれた土手（dyke とも綴ります）。,,
5339,nomad,/ˈnoʊmæd/,名詞,遊牧民、放浪者,定住せず、家畜を連れて移動しながら暮らす人々。現代では「デジタルノマド」も定着しています。,,
5340,caprice,/kəˈpriːs/,名詞,気まぐれ、気まぐれな行動,合理的な理由がなく、その時の気分でコロコロ変わる考えや行動。,,
5341,recuperate,/rɪˈkuːpəreɪt/,動詞,（健康を）回復する、（損失を）取り戻す,病気や疲労から体力を回復させること（recover と同様ですが、よりフォーマル）。,,
5342,manipulator,/məˈnɪpjuleɪtər/,名詞,操縦者、巧妙に人を操る人,機械を操作する人、または自分の都合の良いように他人や状況を陰で操る人。,,
5343,proscribe,/proʊˈskraɪb/,動詞,（法律などで）禁止する、排斥する,公式に、または法律によって特定の行為や組織を禁止すること（prescribe「処方する」と混同注意）。,,
5344,ethos,/ˈiːθɑːs/,名詞,民族性、社会風潮、気風,特定の社会、集団、文化が持つ道徳的・精神的な特質や価値観。,,
5345,dung,/dʌŋ/,名詞,（動物の）糞,特に牛や馬などの大きな動物の糞を指し、肥料（manure）として使われることもあります。,,
5346,orator,/ˈɔːrətər/,名詞,演説家、雄弁家,人々を感動させたり説得したりするのが得意な、優れた話し手を指します。,,
5347,fission,/ˈfɪʃn/,名詞,（核）分裂、細胞分裂,原子核が分裂する「核分裂（nuclear fission）」や、生物の「分裂」を指します。対義語は fusion（融合）。,,
5348,resurgence,/rɪˈsɜːrdʒəns/,名詞,復活、再起、再び湧き起こること,一時的に衰退していたものが、再び勢いを取り戻して現れること。,,
5349,cutback,/ˈkʌtbæk/,名詞,削減、縮小,予算、人員、生産量などを減らすこと。,,
5350,forfeit,/ˈfɔːrfət/,動詞、名詞,【動】没収される、失う<br>【名】罰金、喪失,規則違反や義務不履行の結果として、権利や財産を失うこと。,,
5351,anorexia,/ˌænəˈreksiə/,名詞,拒食症、食欲不振,極端な体重減少や太ることへの恐怖から、食事を拒む摂食障害。,,
5352,aviary,/ˈeɪvieri/,名詞,鳥舎、大きな鳥かご,動物園などで、鳥が飛び回れるように作られた網や檻で囲まれた大きなスペース。,,
5353,migraine,/ˈmaɪɡreɪn/,名詞,偏頭痛,頭の片側がズキズキと痛む、発作性の激しい頭痛。,,
5354,crevice,/ˈkrevɪs/,名詞,（岩や壁などの）裂け目、割れ目,岩石や建物の壁などにできた、非常に狭く深い隙間。,,
5355,quarantine,/ˈkwɔːrəntiːn/,名詞、動詞,【名】隔離、検疫<br>【動】隔離する,感染症の拡大を防ぐために、人や動物、植物を一定期間隔離・検査すること。,,
5356,raze,/reɪz/,動詞,完全に破壊する、平らに押しつぶす,建物や都市を、跡形もなく完全に破壊して更地（平ら）にすること。,,
5357,cistern,/ˈsɪstərn/,名詞,貯水槽、水槽,主に雨水や家庭用の水を貯めておくための地下や屋上のタンク。,,
5358,wrest,/rest/,動詞,もぎ取る、力ずくで奪う,人の手から物や権利、権力をひったくるように無理やり奪い取ること。,,
5359,innuendo,/ˌɪnjuˈendoʊ/,名詞,暗示、当てこすり、皮肉,他人の名誉を傷つけるような批判や噂を、直接言わずに遠回しにほのめかすこと。,,
5360,jubilee,/ˈdʒuːbɪliː/,名詞,記念祭、祝祭,特に25周年（シルバー）、50周年（ゴールデン）、60周年（ダイヤモンド）などの特別な節目を祝う式典。,,
5361,lagoon,/ləˈɡuːn/,名詞,潟（かた）、ラグーン、礁湖,サンゴ礁や砂州によって外海から隔てられた、浅い静かな水域。,,
5362,mutiny,/ˈmjuːtəni/,名詞、動詞,【名】反乱、暴動<br>【動】反乱を起こす,特に軍隊や船の乗組員が、指揮官の命令を拒否して反乱を起こすこと。,,
5363,rummage,/ˈrʌmɪdʒ/,動詞、名詞,【動】かき回して捜す<br>【名】徹底的な捜索,引き出しや箱の中などを、物をひっくり返して散らかしながら捜すこと。,,
5364,aperture,/ˈæpərtʃər/,名詞,穴、隙間、（カメラの）絞り,光を通すための小さな開口部や、カメラのレンズの光量を調節する絞り。,,
5365,twitter,/ˈtwɪtər/,動詞、名詞,【動】（鳥が）さえずる、おしゃべりする<br>【名】さえずり,小鳥がチチチと高音で鳴くこと。SNS「Twitter」（現X）の語源。,,
5366,amends,/əˈmendz/,名詞,償い、埋め合わせ,make amends to 人 for 事（〜に対して罪滅ぼし・償いをする）という表現でよく使われます。複数形扱いです。,,
5367,billow,/ˈbɪloʊ/,動詞、名詞,【動】（煙や帆が）大きく膨らむ、うねる<br>【名】大波、うねり,煙や雲、カーテンなどが風を含んで大きく波打つように広がる様子。,,
5368,revere,/rɪˈvɪr/,動詞,崇拝する、深く敬う,人の徳、才能、年齢などに対して、深い尊敬と畏敬の念を抱くこと。,,
5369,citadel,/ˈsɪtədəl/,名詞,砦、要塞,都市を守るために高台などに築かれた最後の防衛拠点となる城砦。,,
5370,hearsay,/ˈhɪrseɪ/,名詞,噂、風聞、伝聞,他人から聞いた、確証のない話。法的な文脈では「伝聞証拠（hearsay evidence）」として知られます。,,
5371,repudiate,/rɪˈpjuːdieɪt/,動詞,拒絶する、否認する、関係を断つ,主張や告発を「事実無根として断固拒絶する」ことや、契約・義務の履行を拒むこと。,,
5372,remission,/rɪˈmɪʃn/,名詞,（病気の）寛解（一時的軽快）、（刑などの）免除,病気の症状が一時的に収まることや、借金・罰則・罪などの免除。,,
5373,hedonism,/ˈhiːdənɪzəm/,名詞,快楽主義,人生の最大の目的や善を、肉体的・精神的な快楽を追求することとする考え方。,,
5374,cot,/kɑːt/,名詞,簡易ベッド、ベビーベッド,キャンプや軍隊、病院の緊急時などで使われる、折りたたみ式の軽いベッド。,,
5375,denunciation,/dɪˌnʌnsiˈeɪʃn/,名詞,公然たる非難、弾劾,悪事や不正を世間に向けて強く、公式に非難・告発すること。,,
5376,plaid,/plæd/,名詞、形容詞,【名】格子縞（チェック柄）、タータン<br>【形】格子柄の,スコットランド発祥の、多色の線が交差した格子模様の生地や柄。,,
5377,apex,/ˈeɪpeks/,名詞,頂点、最高峰,三角形や円錐の頂点、またはキャリアや権力などの「絶頂期、最高点」。,,
5378,barley,/ˈbɑːrli/,名詞,大麦,ビールやウイスキー、麦茶、麦飯などの原料となるイネ科の穀物。,,
5379,confederation,/kənˌfedəˈreɪʃn/,名詞,連合、同盟、連邦,複数の国家や組織が、共通の目的のために同盟を結んで構成するゆるやかな連合体。,,
5380,ledger,/ledʒər/,名詞,元帳、台帳,取引や会計記録を記入するための、企業や組織の主要な帳簿。,,
5381,municipality,/mjuːˌnɪsɪˈpæləti/,名詞,地方自治体、市町村,自治権を持つ市、町、村などの地方行政機関、またはその地域。,,
5382,duchy,/ˈdʌtʃi/,名詞,公国,公爵（duke）によって治められている領土や国家（例：ルクセンブルク大公国）。,,
5383,moratorium,/ˌmɔːrəˈtɔːriəm/,名詞,一時停止、支払猶予（モラトリアム）,社会的な合意や政府の決定に基づき、特定の活動や債務支払いを一時的に停止すること。,,
5384,bile,/baɪl/,名詞,胆汁、不機嫌,肝臓で作られる消化液。比喩的に「怒り、不機嫌、悪意」も表します。,,
5385,conservatory,/kənˈsɜːrvətɔːri/,名詞,温室、音楽学校,ガラス張りの温室（サンルーム）や、音楽・演劇などの専門学校を指します。,,
5386,supersede,/ˌsuːpərˈsiːd/,動詞,取って代わる、置き換える,古い規則、技術、製品などが、新しくより優れたものに取って代わられること。,,
5387,fluff,/flʌf/,名詞、動詞,【名】綿毛、うぶ毛、くだらない内容<br>【動】（羽毛を）ふわっとさせる,衣服の毛羽立ちや動物の柔らかい毛。比喩的に「中身のないくだらない話」も指します。,,
5388,tantalize,/ˈtæntəlaɪz/,動詞,じらす、見せびらかして焦らす,欲しいものを見せびらかして手に入りそうに思わせ、期待させて苦しめること。,,
5389,devolution,/ˌdiːvəˈluːʃn/,名詞,権限移譲、退化,中央政府から地方自治体へ権力を移譲すること（地方分権）。また、進化（evolution）の対義語としての「退化」。,,
5390,pedestal,/ˈpedɪstl/,名詞,台座、基礎,彫像や柱などを載せる台。put / place someone on a pedestal（人を過度に崇拝する・美化する）という表現が一般的です。,,
5391,reverie,/ˈrevəri/,名詞,空想、白昼夢,楽しい空想にふけって、周囲の状況を忘れている状態（daydreaming）。,,
5392,forage,/ˈfɔːrɪdʒ/,動詞、名詞,【動】（食料を）捜し回る<br>【名】（牛馬の）飼料、エサ,野生動物や兵士が、食料や必需品をあちこち歩き回って探すこと。,,
5393,panacea,/ˌpænəˈsiːə/,名詞,万能薬、あらゆる問題の解決策,あらゆる病気を治す薬。比喩的に「すべての問題を一挙に解決する手段」を指します。,,
5394,welter,/ˈweltər/,名詞,雑多な集まり、混乱、うねり,a welter of information（雑多で混乱した大量の情報）のように、整理されていない混沌とした集まりを指します。,,
5395,consternation,/ˌkɑːnstərˈneɪʃn/,名詞,仰天、ひどい狼狽、うろたえ,予期せぬ悪いニュースや出来事に驚き、どうしていいか分からず途方に暮れること。,,
5396,reprieve,/rɪˈpriːv/,名詞、動詞,【名】刑の執行猶予、一時的救済<br>【動】執行を猶予する、一時的に救う,死刑などの執行を延期すること。また、苦痛や災難から一時的に解放されること。,,
5397,presage,/ˈpresɪdʒ/,動詞、名詞,【動】前兆となる、予感させる<br>【名】前兆、予感,将来起こる出来事（特に悪いこと）をあらかじめ予感させたり、兆候を示したりすること。,,
5398,prerequisite,/ˌpriːˈrekwəzɪt/,名詞、形容詞,【名】必須条件、前提条件<br>【形】あらかじめ必要な,ある事柄を行うために、あらかじめ満たされていなければならない条件。,,
5399,accolade,/ˈækəleɪd/,名詞,栄誉、称賛、受賞,優れた業績や貢献に対して与えられる賞、栄誉、または高い評価。,,
5400,chlorine,/ˈklɔːriːn/,名詞,塩素,プールの消毒や漂白剤などに使われる、強い刺激臭を持つ気体の元素。,,
5401,environs,/ɪnˈvaɪrənz/,名詞,近郊、郊外、周辺地域,都市の周りを取り巻く地域や周辺の環境（通常は複数形で用います）。,,
5402,ligament,/ˈlɪɡəmənt/,名詞,靭帯（じんたい）,骨と骨を繋ぎ、関節を補強する繊維性の強い結合組織。,,
5403,whet,/wet/,動詞,（刃物を）研ぐ、（興味や食欲を）そそる,whet one's appetite / curiosity（食欲・好奇心をかき立てる）という表現でよく使われます。,,
5404,crux,/krʌks/,名詞,最も重要な点、核心,問題や議論の「最も重要で、解決が難しい中心的な部分（the crux of the matter）」。,,
5405,squirm,/swɜːrm/,動詞,身もだえする、もじもじする,恥ずかしさ、痛み、気まずさから体をくねらせる、もぞもぞ動くこと。,,
5406,canister,/ˈkænɪstər/,名詞,金属製の缶、保存容器,茶葉やコーヒー、ガスなどを保存するためのふた付きのシリンダー状の容器。,,
5407,delineation,/dɪˌlɪnieɪʃn/,名詞,描写、輪郭を描くこと、定義,境界線や計画、特徴などを明確に描き出すこと。,,
5408,avarice,/ˈævərɪs/,名詞,強欲、貪欲,財産や金銭に対する、異常なほど極端な欲深さ（greedのより文語的な表現）。,,
5409,peal,/piːl/,名詞、動詞,【名】（雷や鐘の）とどろき、鳴り響き<br>【動】鳴り響く,鐘が繰り返し鳴り響くことや、雷・笑い声（peals of laughter）の大きなどよめき。,,
5410,faucet,/ˈfɔːsɪt/,名詞,蛇口、活栓,水道の水などを出すための栓（イギリス英語では tap と言うことが多いです）。,,
5411,recoil,/rɪˈkɔɪl/,動詞、名詞,【動】（恐怖などで）後ずさりする、跳ね返る<br>【名】後ずさり、反動,恐怖や嫌悪感から思わず体を後ろに引くことや、銃を撃ったときの肩への反動。,,
5412,embroidery,/ɪmˈbrɔɪdəri/,名詞,刺繍（ししゅう）、潤色,布地に糸で模様を縫い表す技術、またはその模様。比喩的に「話を大げさに飾ること」も意味します。,,
5413,lair,/ler/,名詞,（野生動物の）巣、隠れ家,野生動物が眠ったり身を隠したりする穴や巣。また、悪党や犯罪者の隠れ家。,,
5414,lesion,/ˈliːʒn/,名詞,（病気や怪我による）病変、障害、外傷,病気や怪我によって、臓器や皮膚などの組織が損傷・変化している部分。,,
5415,arbitration,/ˌɑːrbɪˈtreɪʃn/,名詞,仲裁、調停,紛争当事者の合意に基づき、第三者（仲裁人）に判断を委ねて解決を図ること。,,
5416,slacken,/ˈslækən/,動詞,緩める、緩む、遅くなる,ロープなどを緩めることや、ペース・勢い・努力などが低下すること。,,
5417,sterilize,/ˈsterəlaɪz/,動詞,消毒する、不妊にする,器具を殺菌・滅菌すること。また、人や動物に不妊手術を施すこと。,,
5418,attire,/əˈtaɪər/,名詞,服装、衣装,格式の高い、または特定の場面にふさわしい衣服（formal attire などの形でよく用います）。,,
5419,rouse,/raʊz/,動詞,目を覚まさせる、奮起させる,眠っている人を起こすことや、感情・関心を呼び起こして行動を促すこと。,,
5420,scowl,/skaʊl/,動詞、名詞,【動】顔をしかめる、にらみつける<br>【名】しかめ面,怒りや不機嫌さから眉をひそめて相手を不快そうに見つめること。,,
5421,recluse,/rɪˈkluːs/,名詞,隠遁者、世捨て人,社会との接触を避け、一人でひっそりと暮らしている人（hermitとほぼ同義）。,,
5422,cataclysm,/ˈkætəklɪzəm/,名詞,変動、大災害、激変,地震や洪水などの大自然災害、または社会的な大革命や激変。,,
5423,conformity,/kənˈfɔːrməti/,名詞,適合、一致、順応,社会の規範、規則、他人の意見などに自分の行動を合わせること（同調）。,,
5424,repulse,/rɪˈpʌls/,動詞,撃退する、拒絶する,敵の攻撃を追い払うことや、人からの提案や好意を冷淡に拒絶すること。,,
5425,iris,/ˈaɪrɪs/,名詞,（目の）虹彩、アヤメ（植物）,眼球の瞳孔の周りにある、目に入る光の量を調節する色のついた膜。また、アヤメ科の植物。,,
5426,blasphemy,/ˈblæsfəmi/,名詞,神聖冒涜（ぼうとく）,神や宗教的なものに対して、不敬な言葉を吐いたり不遜な態度を取ったりすること。,,
5427,fiend,/fiːnd/,名詞,悪魔、極悪人、〜狂,非常に残酷で邪悪な人。また、特定のものが異常に好きな人（例：a fresh-air fiend：換気魔）。,,
5428,magnate,/ˈmæɡneɪt/,名詞,巨大産業の実力者、大物,産業界やビジネス界で、絶大な富と権力を持つ有力者（例：a shipping magnate：海運王）。,,
5429,muzzle,/ˈmʌzl/,名詞、動詞,【名】（動物の）鼻口部、口輪<br>【動】（犬に）口輪をはめる、口封じをする,犬などの鼻から口にかけての突き出た部分、または噛みつき防止の器具。比喩的に「言論統制」も意味します。,,
5430,chivalry,/ˈʃɪvəlri/,名詞,騎士道精神、女性への礼儀,中世の騎士に求められた、勇敢さ、弱者救済、女性に対する礼儀正しさなどの道徳観。,,
5431,husk,/hʌsk/,名詞,（穀物や果実の）外皮、殻,トウモロコシや大麦などの乾燥した外皮。比喩的に「中身のない抜け殻」も意味します。,,
5432,matrimony,/ˈmætrɪmoʊni/,名詞,結婚（生活）、婚姻,結婚している状態、または結婚の儀式や制度。より格式ばった表現です。,,
5433,prostate,/ˈpɑːstreɪt/,形容詞、動詞,【形】ひれ伏した、疲れ果てた<br>【動】ひれ伏させる,敬意や服従を示すために地面にうつ伏せになること。また、疲労困憊して動けない状態。,,
5434,wring,/rɪŋ/,動詞,絞る、ねじる、無理に引き出す,濡れたタオルなどを固く絞ることや、相手から秘密や同意を無理やり搾り取ること。,,
5435,adage,/ˈædɪdʒ/,名詞,格言、ことわざ,古くから人々に信じられ、語り継がれてきた真理や教訓を含む短い言葉（proverbとほぼ同義）。,,
5436,matron,/ˈmeɪtrən/,名詞,貫禄のある既婚女性、婦長、寮母,年配で落ち着きと威厳のある既婚女性、または病院の看護婦長や学校の寮母。,,
5437,caricature,/ˈkærɪkətʃʊr/,名詞、動詞,【名】風刺画、漫画化<br>【動】風刺画にする,人の特徴（鼻や輪郭など）を極端に強調してユーモラスに描いた肖像画や文章。,,
5438,cataract,/ˈkætərækt/,名詞,白内障、大滝,眼球の水晶体が白く濁り、視力が低下する病気。また、水量の非常に多い大きな滝。,,
5439,seethe,/siːð/,動詞,（怒りなどで）煮えくり返る、沸き立つ,怒りを表に出さずに心の中で激しく怒り狂っている状態（seethe with anger）。,,
5440,armistice,/ˈɑːrmɪstɪs/,名詞,休戦（協定）,紛争当事国が、平和条約を結ぶ前に一時的に戦闘を停止すること（truceとほぼ同義）。,,
5441,incursion,/ɪnˈkɜːrʒn/,名詞,侵入、襲撃、流入,一時的な軍事侵入や、他人の領域への立ち入りを指します。,,
5442,cryptic,/ˈkrɪptɪk/,形容詞,謎めいた、秘密の、暗号のような,謎めいた、意図が分かりにくい表現などに使います。,,
5443,pert,/pɜːrt/,形容詞,小生意気な、おてんばな、元気の良い,生意気だが魅力的、活発な様子を指します（やや古風）。,,
5444,agile,/ˈædʒaɪl/,形容詞,俊敏な、機敏な、頭の回転が速い,ビジネスの「アジャイル開発」の語源。機敏な動作や頭の回転を指します。,,
5445,insipid,/ɪnˈsɪpɪd/,形容詞,無味乾燥な、退屈な、味がしない,食べ物の味が薄いことや、会話・文章が退屈なことに使います。,,
5446,interminable,/ɪnˈtɜːrmɪnəbl/,形容詞,長々と続く、果てしない、終わりのない,退屈でうんざりするほど長く、終わりの見えない状況に用います。,,
5447,anterior,/ænˈtɪriər/,形容詞,（位置が）前の、前方の、以前の,posterior（後ろの）の対義語。解剖学などで体の前部を指します。,,
5448,legible,/ˈledʒəbl/,形容詞,（筆跡などが）判読できる、読みやすい,readableとは異なり、文字の形がはっきり読めることを指します。,,
5449,stench,/stentʃ/,名詞,悪臭、ひどい臭い,強烈で極めて不快なにおい（悪臭）を指します。,,
5450,slough,"/slaʊ/ , /slʌf/",名詞、動詞,【名】（ヘビなどの）脱皮した皮、泥沼<br>【動】（皮などを）脱ぎ捨てる、切り捨てる,slough off の形で「不要なものを捨てる」の意味でよく使われます。,,
5451,inert,/ɪˈnɜːrt/,形容詞,不活性の、自力で動けない、不活発な,化学の不活性ガスなどに使われるほか、不活発な様子も表します。,,
5452,saturation,/ˌsætʃəˈreɪʃn/,名詞,飽和、浸透、彩度,これ以上吸収できない飽和状態や、画像処理の彩度を指します。,,
5453,diagonal,/daɪˈæɡənl/,形容詞、名詞,【形】対角線の、斜めの<br>【名】対角線、斜線,「斜め方向の」という意味で、数学やデザインで幅広く使われます。,,
5454,insolent,/ˈɪnsələnt/,形容詞,傲慢な、無礼な、生意気な,目上の人やルールに対し、傲慢で非常に失礼な態度を指します。,,
5455,perfunctory,/pərˈfʌŋktəri/,形容詞,おざなりの、形だけの、やっつけの,義務感から、熱意や関心を持たずに形だけで行う様子。,,
5456,diffident,/ˈdɪfɪdənt/,形容詞,自信のない、気後れしている、控えめな,confidentの対義語。自分に自信がなく消極的な様子を指します。,,
5457,haggard,/ˈhæɡərd/,形容詞,（疲れや病気で）やつれた、衰弱した,疲れや病気、心配事などのために、顔がひどくやつれた様子。,,
5458,whisker,/ˈwɪskər/,名詞,（猫などの動物の）ひげ、（人間などの）ほおひげ,猫などの動物のひげを指します。人間のあごひげはbeard。,,
5459,sprig,/sprɪɡ/,名詞,小枝、若枝,料理の飾りなどで使われる、葉のついた小さな一枝。,,
5460,precipitous,/prɪˈsɪpɪtəs/,形容詞,険しい、急勾配の、急激な,物理的な崖の険しさだけでなく、株価などの急激な下落にも。,,
5461,demure,/dɪˈmjʊr/,形容詞,控えめな、謙虚な、おとなしい、すました,主に女性や子供の態度・服装が、控えめで上品な様子。,,
5462,judicious,/dʒuˈdɪʃəs/,形容詞,思慮深い、賢明な、判断の確かな,状況を冷静に判断し、賢明な選択ができることを表します。,,
5463,obtrusive,/əbˈtruːsɪv/,形容詞,押し付けがましい、目障りな、余計な口を出す,不快なほど目立ったり、他人に押し付けがましかったりする様子。,,
5464,shin,/ʃɪn/,名詞、動詞,【名】すね（膝から足首までの前面）<br>【動】（手足を使って）登る,膝から足首までの前面を指します。すね当てはshin guards。,,
5465,asunder,/əˈsʌndər/,副詞,ばらばらに、引き裂かれて,tear asunder（引き裂く）などの形で、文学的に使われます。,,
5466,brittle,/ˈbrɪtl/,形容詞,もろい、壊れやすい、冷淡な,硬いが、衝撃が加わると簡単に割れてしまう性質を指します。,,
5467,specious,/ˈspiːʃəs/,形容詞,もっともらしい、見かけ倒しの,一見すると正しそうだが、実際には誤っていること。,,
5468,sheath,/ʃiːθ/,名詞,（刀の）鞘、被覆、コンドーム、さや,刃物の鞘（さや）や、電気ケーブルなどの保護カバー。,,
5469,polemic,/pəˈlemɪk/,名詞、形容詞,【名】論争、反論、議論<br>【形】論争の、論客の,特定の主張に対する、激しい批判を伴う論争や反論。,,
5470,furry,/ˈfɜːri/,形容詞,毛皮に覆われた、毛皮のような,柔らかい毛で覆われた小動物や衣類などを表します。,,
5471,smudge,/smʌdʒ/,名詞、動詞,【名】汚れ、しみ、にじみ<br>【動】（こすって）汚す、にじませる,インクや炭などがこすれてできる、にじんだ汚れを指します。,,
5472,condescending,/ˌkɑːndɪˈsendɪŋ/,形容詞,見下すような、恩着せがましい、謙遜する,相手を見下すように、恩着せがましい態度をとる様子。,,
5473,copious,/ˈkoʊpiəs/,形容詞,豊富な、多量の、おびたとしい,大量の汗や涙、豊富なメモ（copious notes）などに使います。,,
5474,callous,/ˈkæləs/,形容詞,冷淡な、無慈悲な、硬くなった,他人の痛みや感情にまったく無感覚な、冷淡な態度。,,
5475,incandescent,/ˌɪnkænˈdesnt/,形容詞,白熱する、まばゆく光る、情熱的な,まばゆく光り輝く様子。白熱電球の「白熱」を意味します。,,
5476,tantrum,/ˈtæntrəm/,名詞,かんしゃく、不機嫌,主に幼児が駄々をこねて大暴れする様子（throw a tantrum）。,,
5477,slander,/ˈslændər/,名詞、動詞,【名】口頭での名誉毀損、中傷<br>【動】（口頭で）中傷する,文書による名誉毀損（libel）に対し、口頭での誹謗中傷を指します。,,
5478,infallible,/ɪnˈfæləbl/,形容詞,絶対に誤らない、完璧な、絶対に確実な,絶対に誤らない、完璧であることを意味します。,,
5479,stallion,/ˈstæliən/,名詞,（去勢されていない大人の）雄馬、種馬,去勢されていない、繁殖用などの元気なオスの馬。,,
5480,ponderous,/ˈpɑːndərəs/,形容詞,重苦しい、ずっしりした、退屈な、ぎこちない,物理的な重さだけでなく、文章や動きが重苦しく退屈なこと。,,
5481,shoal,/ʃoʊl/,名詞、動詞,【名】浅瀬、群れ（特に魚の）<br>【動】浅くなる,a shoal of fish（魚の群れ）のように、魚の集まりを指します。,,
5482,thatch,/θætʃ/,名詞、動詞,【名】わらぶき屋根、わら、豊かな髪<br>【動】（屋根を）わらでふく,イギリスなどの伝統的な「わらぶき屋根」を指します。,,
5483,soggy,/ˈsɑːɡi/,形容詞,湿っぽくて柔らかい、ふやけた、水浸しの,水分を大量に含んで、ふやけたり湿ったりした状態。,,
5484,impassive,/ɪmˈpæsɪv/,形容詞,無表情な、感情を表さない、冷淡な,感情を外に出さず、石のように無表情な様子。,,
5485,tenement,/ˈtenəmənt/,名詞,（特に貧民街の）共同住宅、アパート,主に大都市の古くて過密な、低所得者向けの共同住宅。,,
5486,capricious,/kəˈprɪʃəs/,形容詞,気まぐれな、変化しやすい,気分や天気などが、予期せずコロコロと変わること。,,
5487,impertinent,/ɪmˈpɜːrtnənt/,形容詞,生意気な、無礼な、的外れの,目上の人に対して失礼で、生意気な態度。,,
5488,lateral,/ˈlætərəl/,形容詞,側面の、横の、横方向の,lateral thinking（水平思考）など、横方向を指します。,,
5489,sieve,/sɪv/,名詞、動詞,【名】ふるい、ざる<br>【動】ふるいにかける,粉をふるう道具。have a brain like a sieve（ざる頭）という比喩も。,,
5490,talon,/ˈtælən/,名詞,（猛禽類の）鋭い爪,タカやワシなど、猛禽類の鋭い爪を指します。,,
5491,cranky,/ˈkræŋki/,形容詞,不機嫌な、気難しい、風変わりな,寝不足や体調不良で、イライラして怒りっぽくなっている状態。,,
5492,disheveled,/dɪˈʃevəld/,形容詞,（髪や服装が）だらしなく乱れた、よれよれの,髪の毛がボサボサで、衣服が着崩れているだらしない状態。,,
5493,renal,/ˈriːnl/,形容詞,腎臓の、腎臓に関する,医学用語で、腎不全（renal failure）などでよく使われます。,,
5494,vector,/ˈvektər/,名詞,【物・数】ベクトル、媒介動物、方向性,物理のベクトルのほか、病原体を運ぶ媒介生物（蚊など）も指します。,,
5495,lucid,/ˈluːsɪd/,形容詞,明快な、分かりやすい、意識がはっきりした,説明が理路整然としている様子や、意識がはっきりしている状態。,,
5496,pagan,/ˈpeɪɡən/,名詞、形容詞,【名】異教徒、自然崇拝者<br>【形】異教の,キリスト教などの一神教から見た、多神教や自然崇拝の信者。,,
5497,trough,/trɔːf/,名詞,（動物の）餌おけ、水おけ、谷（波や景気、気圧の）,餌おけのほか、景気の底や気圧の谷（気圧のくぼみ）も指します。,,
5498,spore,/spɔːr/,名詞,胞子,カビ、キノコ、シダ植物などが繁殖のために形成する単細胞。,,
5499,glaring,/ˈɡlerɪŋ/,形容詞,（光が）まぶしい、目立つ、明白な,隠しようのないほど目立つ様子（glaring error：明らかな間違い）。,,
5500,ambient,/ˈæmbiənt/,形容詞,周囲の、環境の、包み込むような,ambient temperature（周囲の気温）や環境音楽などに使われます。,,
5501,intrusive,/ɪnˈtruːsɪv/,形容詞,押し付けがましい、侵入的な、邪魔な,他人のプライバシーに踏み込んで邪魔をするような様子。,,
5502,porous,/ˈpɔːrəs/,形容詞,多孔性の、浸透しやすい、すき間だらけの,小さを穴がたくさん開いており、水や空気が通りやすい性質。,,
5503,acrid,/ˈækrɪd/,形容詞,（においや味が）つんと刺激する、からい、きつい,煙のように、鼻や喉を強く刺激してむせるような不快なにおい。,,
5504,egregious,/ɪˈɡriːdʒəs/,形容詞,実にひどい、言語道断な、突出して悪い,突出して悪い状態。「重大な違反、ひどい間違い」に。,,
5505,peevish,/ˈpiːvɪʃ/,形容詞,怒りっぽい、不機嫌な、気難しい,ささいなことで子どもっぽくイライラし、不満を言う様子。,,
5506,fastidious,/fæˈstɪdiəs/,形容詞,細心の注意を払う、気難しい、潔癖な,好みや清潔さにこだわりが強く、細部にうるさいこと。,,
5507,omnivorous,/ɑːmˈnɪvərəs/,形容詞,雑食性の、何でも貪り読む（聞く）,雑食性の意味。転じて「何でも貪り読む（聞く）」ことにも。,,
5508,scruffy,/ˈskrʌfi/,形容詞,みすぼらしい、汚らしい、だらしない,手入れされておらず、見た目が汚くてだらしのない服装や髪型。,,
5509,swine,/swaɪn/,名詞,ブタ（主に侮蔑的に）、卑劣なやつ、家畜の豚,人を激しく罵る言葉（卑劣漢）として口語や文学で使われます。,,
5510,kinetic,/kɪˈnetɪk/,形容詞,運動の、動的な、活動的な,物理学の「運動エネルギー（kinetic energy）」などで使われます。,,
5511,cursory,/ˈkɜːrsəri/,形容詞,大まかな、ぞんざいな、駆け足の、一瞥の,大急ぎでざっと行う様子（cursory glance：一瞥）。,,
5512,rapt,/ræpt/,形容詞,（話などに）聞き入っている、うっとりした、夢中になった,心を完全に奪われ、熱中して見聞きしている状態。,,
5513,slapstick,/ˈslæpstɪk/,名詞、形容詞,【名】どたばた喜劇<br>【形】どたばた喜劇の,体を使った滑稽な動作をユーモアとするコメディスタイル。,,
5514,zenith,/ˈziːnɪθ/,名詞,天頂、絶頂、極み,天の最高点から、キャリアなどの「絶頂期」を意味します。nadir（どん底）の対義語。,,
5515,dilapidated,/dɪˈlæpɪdeɪtɪd/,形容詞,荒廃した、ボロボロになった、おんぼろの,手入れされずに風雨にさらされ、崩れかけた建物や乗り物に。,,
5516,hardy,/ˈhɑːrdi/,形容詞,頑丈な、耐寒性のある、勇敢な、タフな,厳しい気候に耐える、生命力の強い動植物や人間を指します。,,
5517,malevolent,/məˈlevələnt/,形容詞,悪意のある、邪悪な、不幸を願う,他人に害を与えようとする悪意。benevolentの対義語。,,
5518,syndicate,/ˈsɪndɪkət/,名詞、動詞,【名】企業連合、シンジケート、犯罪組織<br>【動】（連合組織に）する,共通の目的や事業のために形成された、個人や企業の団体。,,
5519,tether,/ˈteðər/,名詞、動詞,【名】（つなぎ用の）ロープ、鎖、限界<br>【動】（ロープなどで）つなぎ留める,スマホの回線を共有する「テザリング」の語源。,,
5520,transgression,/trænzˈɡreʃn/,名詞,違反、罪、逸脱,規範、法律、道徳などの一線を踏み外す行為。,,
5521,ostentatious,/ˌɑːstɪnˈteɪʃəs/,形容詞,これ見よがしの、派手な、自慢げな,自分の富や能力を見せびらかし、注目を引こうとする言動。,,
5522,ruddy,/ˈrʌdi/,形容詞,（顔色が）血色の良い、赤みのある、赤い,健康的で赤みのある肌や、赤らんだ頬（ruddy cheeks）に。,,
5523,frivolous,/ˈfrɪvələs/,形容詞,軽薄な、不真面目な、取るに足りない、つまらない,軽薄で真面目さに欠け、くだらないことにうつつを抜かす様子。,,
5524,miscellaneous,/ˌmɪsəˈleɪniəs/,形容詞,雑多な、種々雑多な、その他の,さまざまな種類のものが混ざっている状態（略記は misc.）。,,
5525,stricture,/ˈstrɪktʃər/,名詞,非難、酷評、制限、緊縮、（医学）狭窄,行為に対する厳しい批判（strictures on...）や、医学の狭窄。,,
5526,depraved,/dɪˈpreɪvd/,形容詞,堕落した、邪悪な、道徳的に腐敗した,人間性や行為が、道徳的に著しく退廃・腐敗している様子。,,
5527,petite,/pəˈtiːt/,形容詞,小柄でかわいらしい、細身の,主に女性や女性向け衣類の「小柄で細身」なサイズ。,,
5528,susceptibility,/səˌseptəˈbɪləti/,名詞,感受性、影響の受けやすさ、罹患性,外部からの影響や病気に罹りやすい性質。,,
5529,abhorrent,/əbˈhɔːrənt/,形容詞,嫌悪感を抱かせる、忌まわしい、相反する,道徳的に許しがたく、強い嫌悪感や怒りを引き起こすもの。,,
5530,dingy,/ˈdɪndʒi/,形容詞,薄汚れた、薄暗い、みすぼらしい,薄暗く埃っぽい、陰気でみすぼらしい部屋や通り。,,
5531,shard,/ʃɑːrd/,名詞,（ガラスや陶器などの）破片,割れて先が尖ったガラスや陶磁器の破片を指します。,,
5532,sprite,/spraɪt/,名詞,妖精、小妖精,炭酸飲料の由来。いたずら好きな妖精や精霊。,,
5533,impetuous,/ɪmˈpetʃuəs/,形容詞,衝動的な、激しい、せっかちな,よく考えずに感情に任せて急いで行動してしまう性質。,,
5534,noxious,/ˈnɑːkʃəs/,形容詞,有害な、有毒な、不快な,体に有害な毒ガス、化学物質、煙などを指します。,,
5535,tort,/tɔːrt/,名詞,不法行為（民事）,契約違反以外で、民事上の損害賠償を伴う不法行為。,,
5536,deplorable,/dɪˈplɔːrəbl/,形容詞,嘆かわしい、実にひどい、哀れな,社会的・道徳的に極めて劣悪で、強く非難されるべき状態。,,
5537,sprightly,/ˈspraɪtli/,形容詞,元気な、活発な、陽気な,主に高齢者が、若々しくエネルギッシュな様子。,,
5538,smack,/smæk/,動詞、名詞、副詞,【動】舌を鳴らす、ピシャリと打つ、〜の味がする<br>【名】平手打ち、キスの音<br>【副】まともに、真っ向から,smack in the middle（ちょうど真ん中に）などの表現があります。,,
5539,gullible,/ˈɡʌləbl/,形容詞,だまされやすい、信じ込みやすい,他人の言うことを簡単に信用して騙されてしまう性格。,,
5540,facetious,/fəˈsiːʃəs/,形容詞,おどけた、おかしな、不真面目な,深刻な場面で不用意な冗談を言い、ひんしゅくを買う様子。,,
5541,tenancy,/ˈtenənsi/,名詞,借用、借地（借家）権、賃貸期間,家賃を支払って土地や家を借りる契約、またはその期間。,,
5542,ostensible,/ɑːˈstensəbl/,形容詞,表向きの、見せかけの,本音や真実を隠すために、外見上見せかけている理由。,,
5543,plenary,/ˈpliːnəri/,形容詞,全員出席の、完全な、絶対的な,plenary session/meeting（本会議、総会）などで使われます。,,
5544,sedentary,/ˈsednteri/,形容詞,座りがちな、ほとんど体を動かさない、定住性の,sedentary lifestyle（座りっぱなしの生活習慣）は健康問題。,,
5545,chaste,/tʃeɪst/,形容詞,純潔な、上品な、慎み深い、飾り気のない,性的・道徳的に身を慎んでいること、またはデザインがシンプルなこと。,,
5546,anthropological,/ˌænθrəpəˈlɑːdʒɪkl/,形容詞,人類学的な、人類学に関する,人類学（anthropology）の形容詞形。,,
5547,equestrian,/ɪˈkwestriən/,形容詞、名詞,【形】馬術の、乗馬の<br>【名】乗馬者、馬術選手,オリンピックの馬術競技（equestrian sports）などで使われます。,,
5548,omniscient,/ɑːmˈnɪʃənt/,形容詞,全知の、何でも知っている,omni（すべての）＋ scientia（知識）で、「全知の」という意味。,,
5549,solvent,/ˈsɑːlvənt/,形容詞、名詞,【形】支払い能力がある、溶解力がある<br>【名】溶媒、溶剤,財政的に支払い能力があること、または他物質を溶かす液体。,,
5550,topography,/təˈpɑːɡrəfi/,名詞,地形、地勢、地形学,山・谷・川などの物理的な地形の特徴や配置。,,
5551,lusty,/ˈlʌsti/,形容詞,元気いっぱいの、頑健な、強健な、欲情的な,活気やエネルギーに溢れて非常に力強い様子。,,
5552,vulgarity,/vʌlˈɡærəti/,名詞,卑俗、野卑、下品な言葉（行為）,上品さやマナーが欠けており、下品で品格がないこと。,,
5553,pedantic,/pɪˈdæntɪk/,形容詞,規則にうるさい、学者ぶった、細部にこだわる,ささいな誤りを執拗に指摘し、知識を見せびらかす態度。,,
5554,prodigal,/ˈprɑːdɪɡl/,形容詞,放蕩な、浪費する、気前の良い,聖書の「放蕩息子」に由来し、お金を浪費する様子。,,
5555,wad,/wɑːd/,名詞、動詞,【名】（紙幣などの）束、詰め物<br>【動】（紙などを）丸める、詰め物をする,a wad of cash（札束）や、綿などの詰め物を指します。,,
5556,fraught,/frɔːt/,形容詞,（危険や心配などに）満ちた、緊迫した,fraught with danger（危険に満ちた）という形で使われます。,,
5557,somber,/ˈsɑːmbər/,形容詞,薄暗い、憂うつな、厳かな、くすんだ,厳かで悲しげな雰囲気、または暗く地味な色調。,,
5558,flabby,/ˈflæbi/,形容詞,（筋肉が）たるんだ、締まりのない、だらしない,運動不足などで、筋肉や脂肪がたるんで緩んでいる様子。,,
5559,scruple,/ˈscruːpl/,名詞、動詞,【名】ためらい、良心の呵責、慎重さ<br>【動】ためらう,良心の呵責によるためらい（主に否定文で用いる）。,,
5560,pensive,/ˈpensɪv/,形容詞,考え込んでいる、物思いに沈んだ,少し寂しげな表情で、静かに深く考え込んでいる様子。,,
5561,primordial,/praɪˈmɔːrdiəl/,形容詞,原始の、根源的な、最初の,生命誕生の地（primordial soup：原始の海）などの文脈に。,,
5562,spurious,/ˈspjʊriəs/,形容詞,偽の、偽造の、根拠のない、でたらめな,一見それらしく見えるが、偽物である、またはでたらめなこと。,,
5563,immaterial,/ˌɪməˈtɪriəl/,形容詞,重要でない、無形の、精神的な、関係のない,裁判などで「無関係かつ重要でない」という決まり文句。,,
5564,sediment,/ˈsedɪmnt/,名詞,沈殿物、堆積物,底に自重で沈んで溜まった砂や地質学的な堆積物。,,
5565,ancillary,/ˈænsəleri/,形容詞、名詞,【形】補助的な、付随する<br>【名】補助的なもの,主要な組織や業務をサポートするために付随するサービス。,,
5566,sonic,/ˈsɑːnɪk/,形容詞,音の、音速の,sonic boom（衝撃波）のように、音波や音速に関する形容詞。,,
5567,stenographer,/stəˈnɑːɡrəfər/,名詞,速記記者、速記者,法廷などで、発言内容を特殊な速記符号で記録する専門職。,,
5568,hoarse,/hɔːrs/,形容詞,（声が）かすれた、しわがれた,叫びすぎや風邪によって、声がかすれたりしわがれたりした状態。,,
5569,opinionated,/əˈpɪnjəneɪtɪd/,形容詞,頑固な、自説を曲げない、独断的な,他人の意見を聞き入れず、自分の考えを頑固に主張する様子。,,
5570,emeritus,/ɪˈmerɪtəs/,形容詞,名誉職の、引退した,professor emeritus（名誉教授）などの引退後の名誉職に。,,
5571,canonical,/kəˈnɑːnɪkl/,形容詞,正典の、標準的な、規則にかなった,広く「公式設定の」「業界の標準的な」という意味で使われます。,,
5572,xenophobia,/ˌzenəˈfoʊbiə/,名詞,外国人嫌い、嫌外癖、異邦人恐怖症,外国人や不慣れな文化に対する、排他的な嫌悪や恐怖。,,
5573,senile,/ˈsiːnaɪl/,形容詞,老いぼれた、ボケた、老年期の、高齢による,主に加齢によって知能や身体の機能が衰えている様子。,,
5574,spruce,/spruːs/,名詞、形容詞、動詞,【名】トウヒ（針葉樹）<br>【形】小ぎれいな、スマートな<br>【動】身なりを整える、おしゃれにする（up）,spruce up の形で、身なりを整えたり片付けたりする際によく使われます。,,
5575,pharmaceutical,/ˌfɑːrməˈsuːtɪkl/,形容詞、名詞,【形】製薬の、調剤の<br>【名】医薬品、製薬産業,pharmaceutical company（製薬会社）などの医療ニュースで頻出。,,
5576,tummy,/ˈtʌmi/,名詞,お腹、胃、ぽんぽん,tummy ache（お腹が痛い）など、stomachの幼児向け表現。,,
5577,seismic,/ˈsaɪzmɪk/,形容詞,地震の、地震による、甚大な、激甚な,地震波（seismic waves）や、社会的な激震（seismic shift）に。,,
5578,petulant,/ˈpetʃələnt/,形容詞,不機嫌な、怒りっぽい、子どもっぽい、わがままな,子どものように、思い通りにいかないとすぐにふてくされる態度。,,
5579,privy,/ˈprɪvi/,形容詞、名詞,【形】秘密を共有して（to）<br>【名】（屋外の）便所、プライベートな場所,be privy to a secret（秘密を打ち明けられている）という表現。,,
5580,upholstery,/ʌpˈhoʊlstəri/,名詞,（家具の）カバー、詰め物、張り地、シート張り,ソファーや車の座席などのクッション、カバー素材や技術。,,
5581,ecstatic,/ɪkˈstætɪk/,形容詞,有頂天の、狂喜乱舞した、狂喜した,喜びや興奮が最高潮に達し、有頂天になっている様子。,,
5582,sap,/sæp/,名詞、動詞,【名】樹液、活力、お人好し（俗語）<br>【動】（気力や体力を）徐々に奪う、すり減らす,sap strength などの形で「気力を徐々に消耗させる」の意で使われます。,,
5583,incredulous,/ɪnˈkredjələs/,形容詞,疑い深い、信じようとしない、怪訝そうな,信じられない出来事に対し、怪訝そうに懐疑的になっている様子。,,
5584,pungent,/ˈpʌndʒənt/,形容詞,（においや味が）刺激の強い、辛辣な、痛烈な,にんにくなどのツンと鼻を突くにおいや、痛烈な批評（criticism）。,,
5585,scuffle,/ˈskʌfl/,名詞、動詞,【名】乱闘、つかみ合いのケンカ、小競り合い<br>【動】取っ組み合いのケンカをする,手足を使った、小規模で一時的なもみ合い・取っ組み合い。,,
5586,garish,/ˈɡerɪʃ/,形容詞,派手な、けばけばしい、不快に明るい,色彩や装飾が安っぽく、下品なほどけばけばしく目立つ様子。,,
5587,reciprocal,/rɪˈsɪprəkl/,形容詞、名詞,【形】相互の、返礼の、互恵的な、対等の<br>【名】反数、逆数,互恵関係（reciprocal relationship）など、双方向のやり取り。,,
5588,languid,/ˈlæŋɡwɪd/,形容詞,物憂げな、だるい、活気のない、のろのろした,夏の暑さや疲労で、動きがだるくゆったりとしている様子。,,
5589,despotic,/dɪˈspɑːtɪk/,形容詞,専制的な、独裁的な、暴虐な,despot（独裁者、暴君）の形容詞形。専制的な支配。,,
5590,nonchalant,/ˌnɑːnʃəˈlɑːnt/,形容詞,無関心な、平然とした、のんきな,心配事や困難があっても、動揺せず落ち着いている様子。,,
5591,bashful,/ˈbæʃfl/,形容詞,恥ずがり屋の、内気な,人前で恥ずかしがったり、内気で控えめな態度。,,
5592,brusque,/brʌsk/,形容詞,ぶっきらぼうな、不愛想な、突然の,話し方や態度が、無愛想で手短い様子。,,
5593,serum,/ˈsɪrəm/,名詞,血清、液、美容液,血液中の血清、あるいは高濃度の栄養成分を含む美容液。,,
5594,sluice,/sluːs/,名詞、動詞,【名】水門、水路、放水<br>【動】（水で）洗い流す,水流を調整する水門や、それによって流れる水を指します。,,
5595,hazy,/ˈheɪzi/,形容詞,かすんだ、もやのかかった、漠然とした,景色がかすんでいる様子や、記憶・計画が曖昧なこと。,,
5596,jovial,/ˈdʒoʊviəl/,形容詞,陽気な、気さくな、愉快な,非常にフレンドリーで、楽しげに笑い合う様子。,,
5597,tentacle,/ˈtentəkl/,名詞,（イカなどの）触手、触角、触毛,イカやタコなどの吸盤のある手足や、アメーバの触手。,,
5598,effervescent,/ˌefərˈvesnt/,形容詞,泡立つ、発泡性の、活気に満ちた,炭酸水のように泡立つ様子や、人が元気で明るい様子。,,
5599,sedate,/sɪˈdeɪt/,形容詞、動詞,【形】落ち着いた、物静かな<br>【動】鎮静剤を投与する,感情が安定して静かな様子、または医療で落ち着かせること。,,
5600,perpendicular,/ˌpɜːrpənˈdɪkjələr/,形容詞、名詞,【形】垂直の、直角の<br>【名】垂直線,水平面に対して90度（直角）に交わっている状態。,,
5601,thimble,/ˈθɪmbl/,名詞,指ぬき、シンブル,裁縫の際に針を押すために指にはめる道具。,,
5602,clerical,/ˈklerɪkl/,形容詞,事務の、聖職者の,一般的な事務職（clerical work）や、教会に関する事柄。,,
5603,tang,/tæŋ/,名詞,（独特の）強い風味、つんとくる味,レモンなどの酸味や強い香り。また、刃物の柄に収まる部分。,,
5604,spire,/ˈspaɪər/,名詞,（教会の）尖塔、らせん,教会の屋根などにある、天に向かって細く伸びた塔。,,
5605,arable,/ˈærəbl/,形容詞,耕作に適した、耕地向きの,作物を育てるのに適した肥沃な土地（arable land）。,,
5606,uterus,/ˈjuːtərəs/,名詞,子宮,医学用語。日常会話などでは womb もよく使われます。,,
5607,slovenly,/ˈslʌvənli/,形容詞、副詞,【形】だらしのない、ぞんざいな<br>【副】だらしなく,服装や作業が汚らしくて、整理整頓ができていない状態。,,
5608,omnipotent,/ɑːmˈnɪpətənt/,形容詞,全能の、絶大な権力を持つ,神（God）を形容する「全知全能」の「全能」の部分。,,
5609,smallpox,/ˈsmɔːlpɑːks/,名詞,天然痘,人類が唯一、予防接種によって根絶に成功した感染症。,,
5610,synopsis,/sɪˈnɑːpsɪs/,名詞,概要、あらすじ、要約,小説や論文などの全体像を簡潔にまとめたもの。,,
5611,turnpike,/ˈtɜːrnpaɪk/,名詞,有料道路、ターンパイク,アメリカなどで見られる、料金所がある主要な高速道路。,,
5612,litigant,/ˈlɪtɪɡənt/,名詞,訴訟当事者、原告または被告,裁判で争っている当事者（plaintiff や defendant の総称）。,,
5613,tandem,/ˈtændəm/,名詞、副詞、形容詞,【名】2人乗り自転車、縦の並び<br>【副】縦に並んで、協力して,in tandem（協力して、同時に）というフレーズで頻出。,,
5614,insurmountable,/ˌɪnsərˈmaʊntəbl/,形容詞,乗り越えられない、克服できない,困難などが大きすぎて、どうにも解決できない様子。,,
5615,despondent,/dɪˈspɑːndənt/,形容詞,落胆した、失望した、元気のない,希望を失い、すっかり意気消沈している様子。,,
5616,plaintive,/ˈpleɪntɪv/,形容詞,哀れな、悲しげな、哀愁を帯びた,鳴き声や音楽が、悲しみに満ちて胸を打つような様子。,,
5617,volition,/vəˈlɪʃn/,名詞,意志、意欲、決断力,of one's own volition（自発的に、自分の意志で）の形で頻出。,,
5618,sacrilegious,/ˌsækrəˈlɪdʒəs/,形容詞,不敬な、神聖を汚す,聖なるもの（教会、聖書、信仰）に対して冒涜的なこと。,,
5619,ephemeral,/ɪˈfemərəl/,形容詞,はかない、一時的な、短命な,カゲロウの寿命のように、非常に短期間しか存在しない様子。,,
5620,urn,/ɜːrn/,名詞,（装飾用の）つぼ、骨つぼ、湯沸かし器,遺骨を収めるつぼや、紅茶やコーヒーの大型容器。,,
5621,onerous,/ˈɑːnərəs/,形容詞,煩わしい、厄介な、重荷となる,義務や責任が非常に重く、負担が大きい様子。,,
5622,docile,/ˈdɑːsl/,形容詞,素直な、従順な、扱いやすい,犬や子供などが、教えやすく言うことをよく聞く様子。,,
5623,oblique,/əˈbliːk/,形容詞、名詞、動詞,【形】斜めの、遠回しの、間接的な,直接言わずに遠回しに批判する態度（oblique remark）などに。,,
5624,thesaurus,/θɪˈsɔːrəs/,名詞,類語辞典、シソーラス,似た意味の言葉をまとめた辞書。表現を豊かにするのに使われます。,,
5625,furtive,/ˈfɜːrtɪv/,形容詞,密かな、コソコソした、ずるそうな,見つからないように、コソコソと素早く行動する様子。,,
5626,schematic,/skɪˈmætɪk/,形容詞、名詞,【形】図式の、図解の<br>【名】回路図、略図,回路やシステムの構造をシンプルに示した図。,,
5627,syntax,/ˈsɪntæks/,名詞,構文、文法、構文論,文を構成する語順。プログラミング言語の文法規則も指します。,,
5628,sortie,/ˈsɔːrti/,名詞、動詞,【名】（軍用機の）出撃、突撃<br>【動】出撃する,軍用機が任務のために飛び立つことを指すことが多いです。,,
5629,intermittent,/ˌɪntərˈmɪtənt/,形容詞,断続的な、時折起こる,雨が降ったり止んだりする様子（intermittent rain）。,,
5630,torpedo,/tɔːrˈpiːdoʊ/,名詞、動詞,【名】魚雷<br>【動】魚雷で攻撃する、台無しにする,計画や法律などを完全に破綻・無効にする比喩でも使われます。,,
5631,dignified,/ˈdɪɡnɪfaɪd/,形容詞,威厳のある、気品のある、堂々とした,態度や様子が、落ち着いていて立派に見えること。,,
5632,wicker,/ˈwɪkər/,名詞、形容詞,【名】柳の枝、編み細工<br>【形】柳細工の,柳や竹などを編んで作った家具やカゴ（wicker basket）。,,
5633,assertive,/əˈsɜːrtɪv/,形容詞,主張の強い、自己主張できる、積極的な,他人の権利を侵さず、自分の意見を適切に主張する様子。,,
5634,subsistence,/səbˈsɪstəns/,名詞,最低限の生活維持、生存、生活手段,subsistence farming（自給自足の農業）などの表現で使われます。,,
5635,illiterate,/ɪˈlɪtərət/,形容詞、名詞,【形】読み書きのできない、疎い,文字の読み書きができない人。また「〜に疎い（computer illiterate）」。,,
5636,sleigh,/sleɪ/,名詞、動詞,【名】（馬などに引かせる）そり<br>【動】そりに乗る,サンタクロースが乗るような、大型のそりを指します。,,
5637,wart,/wɔːrt/,名詞,いぼ、木のこぶ、欠点,皮膚にできる小さな良性のできもの（イボ）。,,
5638,amenable,/əˈmiːnəbl/,形容詞,従順な、従う義務がある、受け入れる,提案やアドバイスなどを喜んで聞き入れる様子。,,
5639,antiseptic,/ˌæntɪˈseptɪk/,名詞、形容詞,【名】消毒剤、防腐剤<br>【形】消毒の、防腐の,傷口などを殺菌・消毒する薬。,,
5640,derisive,/dɪˈraɪsɪv/,形容詞,あざ笑うような、嘲弄的な,他人をばかにして冷笑する態度（derisive laughter：冷笑）。,,
5641,seclude,/sɪˈkluːd/,動詞,隔離する、遮断する、隠遁させる,主に seclude oneself in...（〜に引きこもる）の形で用います。,,
5642,sorcerer,/ˈsɔːrsərər/,名詞,魔法使い、魔術師,超自然的な力を操る、主に男性の魔法使い。女性は sorceress。,,
5643,abject,/ˈæbdʒekt/,形容詞,悲惨な、卑屈な、極限の,abject poverty（どん底の貧困）などの形でよく使われます。,,
5644,stratum,/ˈstreɪtəm/,名詞,層、地層、社会階層,地層や、社会を構成する特定の階層。複数形は strata。,,
5645,vagabond,/ˈvæɡəbɑːnd/,名詞、形容詞、動詞,【名】放浪者、浮浪者<br>【形】放浪する、あてのない,定住せずにあちこちを旅したりさまよったりする人。,,
5646,sewerage,/ˈsuːərɪdʒ/,名詞,下水道、下水処理設備,下水（sewage）を流す管や、システム全体。,,
5647,tableau,/tæˈbloʊ/,名詞,絵画的な描写、活人画、ドラマチックな場面,静止して場面を再現する「活人画」や、美しい静止画のような光景。,,
5648,stupor,/ˈstuːpər/,名詞,昏睡、意識朦朧、呆然,酒や薬、ショックなどで意識がはっきりしない状態（in a drunken stupor）。,,
5649,seedling,/ˈsiːdlɪŋ/,名詞,苗、苗木,種から発芽したばかりの小さな植物の苗。,,
5650,posthumous,/ˈpɑːstʃəməs/,形容詞,死後の、遺作の,死後に授与される賞（posthumous award）や、死後に発表された作品。,,
5651,lethargic,/ləˈθɑːrdʒɪk/,形容詞,気だるい、無気力な、昏睡状態の,エネルギーがなく、だるくて動きたくない様子。,,
5652,conciliatory,/kənˈsɪliətɔːri/,形容詞,なだめるような、和解的な、協調的な,相手に譲歩したり妥協したりして、争いを穏便に終わらせようとする態度。,,
5653,thoroughfare,/ˈθɜːroʊfer/,名詞,主要道路、大通り、通り抜け可能な道,人や車の往来が激しい、主要な街路。,,
5654,typhoid,/ˈtaɪfɔɪd/,名詞、形容詞,【名】腸チフス<br>【形】チフス性の,チフス菌によって引き起こされる、深刻な感染症。,,
5655,syringe,/sɪˈrɪndʒ/,名詞、動詞,【名】注射器、シリンジ<br>【動】（注射器等で）注入する,液体を吸引・注入する道具。,,
5656,stubble,/ˈstʌbl/,名詞,（ひげの）剃り残し、無精ひげ、刈り株,剃ってから数日たってザラザラしたひげや、刈り取り後の麦などの根元。,,
5657,eviction,/ɪˈvɪkʃn/,名詞,立ち退き、追い立て、立ち退き強制,家賃滞納などの理由で、借家から強制的に退去させられること。,,
5658,demarcation,/ˌdiːmɑːrˈkeɪʃn/,名詞,境界設定、区分、限界,権限や領土、責任の範囲などをはっきりと区別して線を引くこと。,,
5659,diva,/ˈdiːvə/,名詞,歌姫、ディーヴァ、わがままなスター,卓越したオペラ歌手や女性ポップスター。転じて「わがままな有名人」。,,
5660,culminate,/ˈkʌlmɪneɪt/,動詞,最高潮に達する、ついに（〜に）終わる（in）,一連の活動が、最終的に素晴らしい結果を迎えること。,,
5661,deference,/ˈdefərəns/,名詞,服従、敬意、尊重,相手の意見や地位を重んじて、敬意を払い従うこと（in deference to...）。,,
5662,plop,/plɑːp/,動詞、名詞、副詞,【動】ポチャンと落ちる、ドサッと座る,水に物が落ちる音や、重い体をソファーに勢いよく投げ出す様子。,,
5663,procrastinate,/proʊˈkræstɪneɪt/,動詞,先延ばしにする、ぐずぐずする,やらなければいけない課題や仕事を、面倒くさがって後回しにすること。,,
5664,flora,/ˈflɔːrə/,名詞,植物相、植物群,ある特定の地域や時代に自生する植物の全種類。動物相は fauna。,,
5665,futility,/fjuːˈtɪləti/,名詞,無駄、無益、骨折り損,努力しても成果が出ず、まったく効果がないこと。,,
5666,abomination,/əˌbɑːmɪˈneɪʃn/,名詞,嫌悪、忌まわしいもの、ひどく嫌なこと,道徳的に極めて不快で、非常に嫌悪される人や行為。,,
5667,compost,/ˈkɑːmpoʊst/,名詞、動詞,【名】堆肥、コンポスト<br>【動】堆肥にする,生ゴミや落ち葉を微生物で分解させて作った肥料。,,
5668,surmise,/sərˈmaɪz/,動詞、名詞,【動】推測する、憶測する<br>【名】推測、憶測,十分な証拠がない状態で、状況からなんとなく推し量ること。,,
5669,coddle,/ˈkɑːdl/,動詞,過保護に育てる、甘やかす、弱火で煮る,子供や部下などを大事にしすぎて、過剰に甘やかすこと。,,
5670,constipation,/ˌkɑːnstɪˈpeɪʃn/,名詞,便秘,お腹の調子が悪く、排便が滞っている状態。,,
5671,whittle,/ˈwɪtl/,動詞,（木を）削る、徐々に減らす,whittle down で、選択肢や予算、人員を少しずつ削って減らす意味。,,
5672,tranquilize,/ˈtræŋkwəlaɪz/,動詞,落ち着かせる、静める、麻酔をかける,興奮した人や動物に鎮静剤（tranquilizer）を使って静めること。,,
5673,writhe,/raɪð/,動詞,（苦痛で）のたうち回る、もがく,腹痛や激しい痛み、または恥ずかしさなどで体をよじる様子。,,
5674,admonition,/ˌædməˈnɪʃn/,名詞,忠告、警告、説教,過ちを犯さないように、または優しく注意・指導すること。,,
5675,diatribe,/ˈdaɪətraɪb/,名詞,痛烈な非難、酷評,特定の相手に対して、長く怒りに満ちた言葉で激しく攻撃すること。,,
5676,hiccup,/ˈhɪkʌp/,名詞、動詞,【名】しゃっくり、一時的な障害,計画におけるささいな問題や、一時的な滞り（a temporary hiccup）も意味します。,,
5677,warble,/ˈwɔːrbl/,動詞、名詞,【動】（鳥が）さえずる<br>【名】さえずり,鳥が喉を震わせて美しくさえずる様子を指します。,,
5678,voluptuous,/vəˈlʌptʃuəs/,形容詞,豊満な、肉感的な、官能的な,主に女性の体つきが豊満で魅力的なこと。五感を楽しませる贅沢さ。,,
5679,embellish,/ɪmˈbelɪʃ/,動詞,飾る、美しくする、話を盛る,装飾することに加え、話を面白くするために誇張してディテールを加える。,,
5680,underpin,/ˌʌndərˈpɪn/,動詞,補強する、支持する、土台を支える,土台を支えるほか、理論や事実が主張の強固な裏付けとなること。,,
5681,blunder,/ˈblʌndər/,名詞、動詞,【名】大失敗、致命的なミス<br>【動】大失敗をする,不注意や判断ミスによって犯す、恥ずかしい重大な過ち。,,
5682,dispensary,/dɪˈspensəri/,名詞,配薬所、薬局、診療所,病院内で薬を調剤して渡す場所や、学校・企業内にある簡易的な保健室。,,
5683,din,/dɪn/,名詞、動詞,【名】（長く続く）騒音<br>【動】繰り返す,ガヤガヤとした不快で大きな雑音が、鳴り響いて止まない状態。,,
5684,cinch,/sɪntʃ/,名詞、動詞,【名】簡単なこと、確実なこと<br>【動】確実に手に入れる,It's a cinch. で「朝飯前だ、とても簡単だ」というカジュアルな表現。,,
5685,epilepsy,/ˈepɪlepsi/,名詞,てんかん,脳の神経細胞が過剰に興奮し、発作を繰り返す慢性の病気。,,
5686,dishevel,/dɪˈʃevəl/,動詞,だらしなく乱す、ボサボサにする,通常、過去分詞形 disheveled（だらしなく乱れた）の形容詞的用法で使われます。,,
5687,lug,/lʌɡ/,動詞、名詞,【動】引きずる、力任せに運ぶ,スーツケースや重い荷物を、苦労して引きずりながら持ち運ぶ様子。,,
5688,meddle,/ˈmedl/,動詞,干渉する、お節介を焼く、いじる,他人の私事などに、求められていないのに余計に口出しすること。,,
5689,contagion,/kənˈteɪdʒən/,名詞,接触感染、感染症、伝染,病気が触れ合うことでうつること。また、恐怖や感情が周囲へ波及すること。,,
5690,rebuke,/rɪˈbjuːk/,動詞、名詞,【動】厳しく叱る、非難する<br>【名】非難,部下や子どもの好ましくない行動を、厳格な態度で叱責・注意すること。,,
5691,exclamation,/ˌekskləˈmeɪʃn/,名詞,叫び、感嘆,驚きや怒りで思わずあげる叫び声。感嘆符「！」は exclamation mark。,,
5692,purr,/pɜːr/,動詞、名詞,【動】（猫が）喉をゴロゴロ鳴らす,猫が満足しているときに喉を鳴らす音や、高級車の軽いエンジン音。,,
5693,slit,/slɪt/,名詞、動詞,【名】切り込み、細長い裂け目<br>【動】細長く切る,スカートの切れ込みや、郵便受けなどの細長い隙間を指します。,,
5694,expropriate,/ɪkˈsproʊprieɪt/,動詞,（土地などを）収用する、没収する,政府などの公的機関が、公共の利益のために個人の財産を強制的に買い上げること。,,
5695,contrivance,/kənˈtraɪvəns/,名詞,考案、考案物、からくり、不自然な計画,工夫して作られた装置や計画。やや作為的・不自然なニュアンスも含みます。,,
5696,enshrine,/ɪnˈshraɪn/,動詞,祀る、安置する、心に刻む,神社などに神体を大切に納めること。また、憲法などに権利を明記すること。,,
5697,unkempt,/ˌʌnˈkempt/,形容詞,（髪などが）くしゃくしゃの、手入れされていない,髪の毛がボサボサで、髭も伸び放題な不潔でだらしない様子。,,
5698,cavalier,/ˌkævəˈlɪr/,形容詞、名詞,【形】横柄な、気にかけない,他人の感情や重要な問題を軽視し、傲慢にやり過ごす態度。,,
5699,eulogy,/ˈjuːlədʒi/,名詞,追悼の辞、称賛、賛辞,葬儀の際に、故人の人柄や功績を称えて述べるスピーチ。,,
5700,imposition,/ˌɪmpəˈzɪʃn/,名詞,押し付け、課税、重荷,ルールや税金の強制的な適用。また、他人に頼み事をして負担をかけること。,,
5701,wacky,/ˈwæki/,形容詞,風変わりな、奇妙な、おかしな,風変わりで少しおバカだが、ユーモラスで愛嬌がある様子を表すカジュアルな語。,,
5702,pout,/paʊt/,動詞、名詞,【動】唇を尖らせる、ふくれっ面をする,不満や甘えの気持ちから、子どもや女性が口を尖らせてふてくされる様子。,,
5703,voluble,/ˈvɑːljəbl/,形容詞,饒舌な、おしゃべりな、流暢な,口数が非常に多く、早口でペラペラとよどみなく喋る様子。,,
5704,wheedle,/ˈwiːdl/,動詞,言葉巧みにだます、おだてて手に入れる,甘い言葉やお世辞を使って、相手をその気にさせて何かをさせたりすること。,,
5705,implode,/ɪmˈploʊd/,動詞,内側に破裂する、自滅する、内部崩壊する,外圧で内側へ潰れる現象。組織などが内部要因で突然崩壊すること。,,
5706,inculcate,/ɪnˈkʌlkeɪt/,動詞,（思想などを）教え込む、たたき込む,同じことを何度も繰り返し言い聞かせて、習慣や考え方を心に植え付けること。,,
5707,foreclose,/fɔːrˈkloʊz/,動詞,担保権を実行する、締め出す、排除する,住宅ローンの返済が滞ったために、銀行が家を差し押さえること。,,
5708,avenger,/əˈvendʒər/,名詞,復讐者、仇討ちをする人,映画『アベンジャーズ』でおなじみ。悪に立ち向かい制裁を下す者。,,
5709,bridle,/ˈbraɪdl/,名詞、動詞,【名】頭絡（馬具）、抑制<br>【動】抑制する,馬を制御する革紐。動詞として bridle one's anger（怒りを抑える）のように使用。,,
5710,stigmatize,/ˈstɪɡmətaɪz/,動詞,汚名を着せる、非難する,特定のグループや行為に対し、「不名誉なもの」として社会的なレッテルを貼ること。,,
5711,postulate,/ˈpɑːstʃəleɪt/,動詞、名詞,【動】仮定する、要求する<br>【名】仮定、前提,議論を始めるための前提条件として、ある事柄が正しいと仮定・主張すること。,,
5712,excruciate,/ɪkˈskruːʃieɪt/,動詞,ひどく苦しめる,痛みや苦痛を与えること（形容詞 excruciating「猛烈に痛い」が一般的）。,,
5713,bog,/bɑːɡ/,名詞、動詞,【名】泥沼、湿地<br>【動】泥沼にはまらせる,get bogged down in detail で「細部にこだわりすぎて進まなくなる」の意味。,,
5714,carcinoma,/ˌkɑːrsɪˈnoʊmə/,名詞,がん、悪性腫瘍,医学用語。上皮組織に発生するがん（悪性腫瘍）を指します。,,
5715,herbicide,/ˈhɜːrbɪsaɪd/,名詞,除草剤,雑草を枯らすために散布する化学薬剤。,,
5716,convulsion,/kənˈvʌlʃn/,名詞,痙攣、ひきつけ、激動,手足が勝手に震える医学的症状。また、社会や経済などの突然の「大激震」。,,
5717,legitimize,/lɪˈdʒɪtəmaɪz/,動詞,合法化する、正当化する,違法・不正であった行為を、法律やルールの枠内で認められるものにすること。,,
5718,puke,/pjuːk/,動詞、名詞,【動】吐く、戻す<br>【名】嘔吐物,嘔吐（vomit）を表す、非常に口語的でやや下品な表現。,,
5719,deviate,/ˈdiːvieɪt/,動詞、名詞、形容詞,【動】逸脱する、それる,通常のコースや規則、標準的な行動から外れること。,,
5720,pulverize,/ˈpʌlvəraɪz/,動詞,粉砕する、粉にする、完敗させる,岩などを粉々に砕く物理的意味のほか、対戦相手を「圧倒する」意味。,,
5721,balm,/bɑːm/,名詞,香油、バーム、慰め、鎮痛剤,乾燥した唇に塗る「リップバーム」や、心を穏やかにしてくれる存在。,,
5722,apathy,/ˈæpəθi/,名詞,無関心、冷淡、アパシー,物事に対して全く興味や関心、熱意が持てない精神状態。,,
5723,blob,/blɑːb/,名詞、動詞,【名】しずく、不鮮明な塊,形の定まらない、ドロッとした液体の塊や影などを指します。,,
5724,impel,/ɪmˈpel/,動詞,強いる、駆り立てる、押し進める,内的な衝動が、人をある行動へと突き動かすこと（feel impelled to do）。,,
5725,blurb,/blɜːrb/,名詞,（本のカバーなどに書かれた）推薦文,読者の興味を引くために、本や映画の紹介として書かれる短い宣伝用の文章。,,
5726,wheeze,/wiːz/,動詞、名詞,【動】ゼーゼーと息をする,喘息や風邪などで、呼吸をする際に気管がゼーゼーと鳴る様子。,,
5727,cessation,/seˈseɪʃn/,名詞,休止、停止、中止,活動、戦争、喫煙などを完全に、または一時的にやめること。,,
5728,allegiance,/əˈliːdʒəns/,名詞,（国家や指導者への）忠誠、忠義,祖国や自分の属する組織、指導者に対して尽くす義務や忠誠心。,,
5729,brothel,/ˈbrɑːθl/,名詞,売春宿,性的なサービスを提供する商業施設。,,
5730,groin,/ɡrɔɪn/,名詞、動詞,【名】鼠径部（そけいぶ）、股の付け根,お腹と太ももの境界にある、脚の付け根部分を指します。,,
5731,apprenticeship,/əˈprentɪʃɪp/,名詞,見習い期間、徒弟制度,技術や職能を身につけるために、熟練者のもとで働きながら学ぶ期間。,,
5732,crotch,/krɑːtʃ/,名詞,股、股ぐら、二また（枝などの）,人間の両足が交わる股の部分、またはズボンの股の部分。,,
5733,audacity,/ɔːˈdæsəti/,名詞,図々しさ、大胆さ、豪胆,常識外れで大胆な様子。時に「図々しい、失礼だ」という否定的な意味も含みます。,,
5734,embezzle,/ɪmˈbezl/,動詞,横領する、使い込む,自分が管理を任されている公金や他人の資金を、不正に私物化すること。,,
5735,ellipse,/ɪˈlɪps/,名詞,楕円,数学的に定義される、卵のようなきれいな長円形。,,
5736,critter,/ˈkrɪtər/,名詞,生物、動物、やつ,creature の崩れた口語表現。小動物に対して親しみを込めて使われます。,,
5737,blatantly,/ˈbleɪtəntli/,副詞,露骨に、目に余るほど、あからさまに,嘘や違反行為を、隠そうともせず平然と行う様子。,,
5738,blanch,/blæntʃ/,動詞,青ざめる、白くする、さっとゆでる,恐怖などで顔から血の気が引く様子、または食材を下ゆですること。,,
5739,flip-flop,/ˈflip flɑːp/,名詞、動詞,【名】ビーチサンダル、方針転換,パタパタと音がするサンダルの意味。また、主張を180度転換すること。,,
5740,roundup,/ˈraʊndʌp/,名詞,まとめ、要約、検挙、集めること,ニュースの最後にある「主要ニュースのまとめ」などでよく使われます。,,
5741,nullify,/ˈnʌlɪfaɪ/,動詞,無効にする、取り消す,法律、契約、または選挙の結果などを正式に無効にすること。,,
5742,irk,/ɜːrk/,動詞,いらいらさせる、うんざりさせる,ささいな出来事や人の態度が、神経に触って不快にさせる様子。,,
5743,thrifty,/ˈthɪfti/,形容詞,倹約な、節約する,無駄遣いをせず、お金や資源を賢く管理して節約する様子。,,
5744,annotation,/ˌænəˈteɪʃn/,名詞,注釈、注記,テキストや図面に付け加えられた、説明や解説用のメモ。,,
5745,beseech,/bɪˈsiːtʃ/,動詞,嘆願する、懇願する,非常に熱心に、または必死になって頼み込むこと。,,
5746,chronology,/krəˈnɑːlədʒi/,名詞,年代記、年代順、歴史的順序,出来事が起こった時間の順序。またはそれを表した表。,,
5747,usurp,/juːˈsɜːrp/,動詞,（権力などを）強奪する、奪う,法的な権利がないのに、他人の権利や王位などを力ずくで奪い取ること。,,
5748,agitate,/ˈædʒɪteɪt/,動詞,扇動する、かき混ぜる、動揺させる,世論を動かすために不満を煽る活動をする、または液体などを激しく攪拌すること。,,
5749,commotion,/kəˈmoʊʃn/,名詞,騒動、動乱、大騒ぎ,突然の出来事などで人々が慌てふためき、ガヤガヤと騒がしい状態。,,
5750,emancipate,/ɪˈmænsɪpeɪt/,動詞,（奴隷などを）解放する,奴隷制度や古い慣習、親の束縛などから自由の身にすること。,,
5751,rumble,/ˈrʌml/,動詞、名詞,【動】ゴロゴロと鳴る<br>【名】ゴロゴロいう音,雷や電車の音、空腹の時にお腹が鳴る様子。,,
5752,regurgitate,/rɪˈɡɜːrdʒɪteɪt/,動詞,吐き出す、そのまま繰り返す,食べたものを胃から戻すこと、また学んだ知識をそのまま丸暗記して吐き出すこと。,,
5753,visceral,/ˈvɪsərəl/,形容詞,内臓の、直感的な、本能的な,理屈ではなく、体で感じる強烈な「直感的感覚（visceral feeling）」。,,
5754,jingle,/ˈdʒɪŋɡl/,名詞、動詞,【名】チリンチリンという音<br>【動】チリンチリンと鳴る,鍵やコインがこすれ合う音、またはテレビCMなどの耳に残りやすい短い曲。,,
5755,contention,/kənˈtenʃn/,名詞,主張、論争、争い,議論の中での主張（bone of contention: 争いの種）や、激しい競い合い。,,
5756,gratuity,/ɡrəˈtuːəti/,名詞,心付け、チップ、手当,サービスに対して支払われる任意の、または金額指定のチップ。,,
5757,creak,/kriːk/,名詞、動詞,【名】きしみ音<br>【動】キーキーときしむ,古い木造の床やドアを開け閉めする際に出る、ギシギシという音。,,
5758,quench,/kwentʃ/,動詞,（渇きを）癒す、（火を）消す,冷たい水を飲んで喉の渇きを鎮める（quench one's thirst）などで頻出。,,
5759,fling,/flɪŋ/,動詞、名詞,【動】投げ捨てる<br>【名】ひと時の楽しみ,怒りや勢いに任せて物を力強く投げる様子。また一時の火遊び・浮気。,,
5760,teeter,/ˈtiːtər/,動詞,ぐらつく、シーソーに乗る,崩れそうな崖の縁で「バランスを崩してぐらつく（teeter on the edge）」などの比喩。,,
5761,finery,/ˈfaɪnəri/,名詞,華麗な衣服、美しい飾り物,特別な祝祭やイベントに身につける、派手で非常に美しい衣装。,,
5762,cleave,/kliːv/,動詞,切り裂く、割る、忠実に従う（to）,鋭い刃物で真っ二つに切り裂く意味と、密着して従うという相反する2つの意味を持ちます。,,
5763,fabrication,/ˌfæbrɪˈkeɪʃn/,名詞,作り話、捏造、製造,事実をねじ曲げて作られた嘘（作り話）、または部品から製品を組み立てること。,,
5764,drool,/druːl/,動詞、名詞,【動】よだれを垂らす<br>【名】よだれ,赤ちゃんがよだれを垂らす様子や、美味しそうな食べ物を見てよだれを流す様子。,,
5765,amputation,/ˌæmpjuˈteɪʃn/,名詞,（手足の）切断術、切断,事故や重度糖尿病の治療などで、腕や脚を外科手術で切り落とすこと。,,
5766,vascular,/ˈvæskjələr/,形容詞,脈管の、血管の、導管の,医学用語。vascular system（循環器系、血管系）などの言葉で使われます。,,
5767,transitory,/ˈtrænsətɔːri/,形容詞,一時的な、はかない、長続きしない,長続きせず、すぐに消え去ってしまう性質（ephemeralの類義語）。,,
5768,prowl,/praʊl/,動詞、名詞,【動】うろつく、忍び歩く<br>【名】うろつき、忍び歩き,獲物を探す肉食動物や泥棒が、見つからないように怪しく歩き回る様子。,,
5769,resuscitate,/rɪˈsʌsɪteɪt/,動詞,（意識などを）蘇生させる,心肺蘇生などで人工呼吸を行い息を吹き返させること。,,
5770,concordance,/kənˈkɔːrdəns/,名詞,一致、調和、（語彙の）索引,特定の著作（聖書など）に出てくる単語の使用箇所をまとめた索引。,,
5771,emancipation,/ɪˌmænsɪˈpeɪʃn/,名詞,（束縛からの）解放,リンカーンの奴隷解放宣言（Emancipation Proclamation）で非常によく知られています。,,
5772,gaffe,/ɡæf/,名詞,（公の場での）失言、マナー違反,政治家などが公の場で行ってしまう、非常に気まずい発言やうっかりミス。,,
5773,enumerate,/ɪˈnuːməreɪt/,動詞,列挙する、一挙に数え上げる,理由や項目などを、一つひとつ詳しく挙げながら説明すること。,,
5774,mutilate,/ˈmjuːtɪleɪt/,動詞,ひどく傷つける、切断する,事故や暴力で体を切断・損傷させる。また文書を部分的に削って台無しにすること。,,
5775,perforate,/ˈpɜːrfəreɪt/,動詞,（〜に）穴を開ける、貫通する,書類の切り取り線用の細かいミシン目（perforation）を入れること。,,
5776,scamper,/ˈskæmpər/,動詞、名詞,【動】（小動物が）ちょこちょこ走る,ネズミやリス、子犬などが、小さな歩幅で大急ぎで楽しそうに駆け回る様子。,,
5777,tardy,/ˈtɑːrdi/,形容詞,遅い、遅刻した、のろのろした,学校に遅刻する（tardy for school）の意で、アメリカなどで頻繁に使われる言葉。,,
5778,repatriate,/ˌriːˈpeɪtrieɪt/,動詞,本国へ送還する、帰国させる,戦争の難民や捕虜、また海外にある資金を自国へ送り返すこと。,,
5779,enthrall,/ɪnˈθrɔːl/,動詞,魅了する、心を奪う,物語や演奏、美しさに完全に夢中にさせ、引き込まれて身動きが取れなくなること。,,
5780,crucifixion,/ˌkruːsəˈfɪkʃn/,名詞,十字架にかけること、磔刑,イエス・キリストが受けたような、十字架に釘付けにする古代の処刑方法。,,
5781,crypt,/krɪpt/,名詞,地下聖堂、地下納骨堂,古い大聖堂などの床下にある、礼拝や埋葬用の薄暗い石造りの地下室。,,
5782,denigrate,/ˈdenɪɡreɪt/,動詞,中傷する、格下げする、卑しめる,他人の功績や努力を過小評価し、不当に批判して名誉を傷つけること。,,
5783,grail,/ɡreɪl/,名詞,聖杯、追い求めるもの,伝説の「聖杯（Holy Grail）」。転じて、誰もが熱望し探し求めている究極の目標。,,
5784,amplitude,/ˈæmplɪtuːd/,名詞,広さ、十分さ、【物理】振幅,物理で波の最大の高さを表す「振幅」。また容量や度量の広さ。,,
5785,virile,/vɪraɪl/,形容詞,男らしい、力強い、繁殖力のある,肉体的に力強く、精力にあふれて男性的であること。,,
5786,budge,/bʌdʒ/,動詞、名詞,【動】少し動く、意見を譲る,重い物が「びくとも動かない（won't budge）」、または頑固な人が意見を変えないこと。,,
5787,filth,/fɪlθ/,名詞,不潔、汚れ、下品な言葉,泥やゴミなどのひどい汚れのほか、道徳的に卑猥で下品なもの。,,
5788,chastise,/tʃæˈstaɪz/,動詞,激しく非難する、厳しく罰する,過ちや悪い行為に対して、厳重に叱責したり懲らしめたりすること。,,
5789,fart,/fɑːrt/,名詞、動詞,【名】おなら<br>【動】おならをする,カジュアルでやや下品な口語表現。,,
5790,sputter,/ˈpʌtər/,動詞、名詞,【動】パチパチ飛ばす、口ごもる,エンジンが不調で不規則な音を立てる様子、または怒りでまくし立てる様子。,,
5791,ensconce,/ɪnˈskɑːns/,動詞,（心地よく）落ち着く、安置する,ソファーなどのお気に入りの場所に、体をすっぽり落ち着かせること。,,
5792,saunter,/ˈsɔːntər/,動詞、名詞,【動】ぶらぶら歩く、散歩する,急ぐ必要がなく、のんびりと楽しそうに散歩する様子（strollに近い）。,,
5793,unequivocal,/ˌʌnɪˈkwɪvəkl/,形容詞,明確な、疑う余地のない、率直な,曖昧さが一切なく、白黒が非常にはっきりした態度や主張。,,
5794,loiter,/ˈlɔɪtər/,動詞,（あてもなく）うろうろする,公共の場所などで目的もなく立ち止まったり、時間つぶしにうろつくこと。,,
5795,pervade,/pərˈveɪd/,動詞,〜に広がる、充満する,においや空気が部屋全体に充満する、また特定の考え方が社会全体に浸透すること。,,
5796,stupendous,/stjuːˈpendəs/,形容詞,驚くべき、膨大な、途方もない,その大きさや素晴らしさに、息をのむほど圧倒される様子。,,
5797,arousal,/əˈraʊzl/,名詞,目覚め、覚醒、性的興奮,心理・身体的なエネルギーが高まり、刺激に対して目覚め、活発になる状態。,,
5798,discomfiture,/dɪsˈkʌmfɪtʃər/,名詞,（気まずさによる）狼狽、挫折,恥ずかしい出来事や予想外の質問で、動揺して非常にきまずくなること。,,
5799,detest,/dɪˈtest/,動詞,ひどく嫌う、憎む,hateよりもさらに強い嫌悪感を表し、大嫌いであること。,,
5800,gird,/ɡɜːrd/,動詞、名詞,【動】（帯などで）締める、身構える,gird oneself for ... で「困難や戦いに備えて心身を引き締める、身構える」の意味。,,
5801,aegis,/ˈiːdʒɪs/,名詞,（ゼウスの）盾、保護、後援,under the aegis of ... で「〜の庇護・後援のもとで」というフォーマルな表現。,,
5802,absolve,/əbˈzɑːlv/,動詞,許す、免除する、無罪を言い渡す,責任、義務、あるいは罪から正式に許して解放すること（absolve from guilt）。,,
5803,faze,/feɪz/,動詞,ひるませる、当惑させる,通常、否定文で nothing fazes him（何があっても彼は平気だ）のように用います。,,
5804,fruition,/fruˈɪʃn/,名詞,結実、達成、実現,計画や努力が時間をかけてようやく実を結び、実現すること（come to fruition）。,,
5805,epitomize,/ɪˈpɪtəmaɪz/,動詞,〜の典型である、要約する,特定のスタイルや性質を、完璧な形で体現している様子。,,
5806,buttock,/ˈbʌtək/,名詞,お尻の片側、臀部,通常は複数形 buttocks で「お尻全体」を指します。,,
5807,uncouth,/ʌnˈkuːθ/,形容詞,（態度が）粗野な、無作法な、野暮な,礼儀作法を知らず、行動や話し方が下品で洗練されていない様子。,,
5808,reminiscent,/ˌremɪˈnɪsnt/,形容詞,連想させる、懐古的な,ある雰囲気や香りが、過去の出来事や別のものを思い出させる様子（reminiscent of ...）。,,
5809,mesmerize,/ˈmezməraɪz/,動詞,魅了する、催眠術をかける,何かに強烈に引き込まれ、まるで催眠術にかかったように見入ってしまうこと。,,
5810,hone,/hoʊn/,動詞、名詞,【動】（技術などを）磨く,刃物を研ぐ意味から、スキルや感覚を長年の訓練でさらに鋭く磨き上げること。,,
5811,belittle,/bɪˈlɪtl/,動詞,見くびる、過小評価する、けなす,他人の功績や努力を大したことではないとして、意図的に価値を低く見せる発言。,,
5812,aptitude,/ˈæptɪtuːd/,名詞,才能、適性、素質,特定の仕事や学習に対して、生まれつき持っている得意分野（aptitude test: 適性検査）。,,
5813,belie,/bɪˈlaɪ/,動詞,矛盾する、偽る,Her smile belied her sadness（彼女の笑顔は悲しみを偽っていた）のように用います。,,
5814,gist,/dʒɪst/,名詞,要点、骨子、主旨,話や本、議論などの、最も重要で肝心なポイント（get the gist of...）。,,
5815,coop,/kuːp/,名詞、動詞,【名】（鶏などの）小屋、おり,coop up で「狭い部屋や家の中にずっと閉じ込められて息が詰まる」状態を表します。,,
5816,consummation,/ˌkɑːnsəˈmeɪʃn/,名詞,完成、極み、初夜の成就,長年のプロセスや結婚、契約が、決定的な行為によってついに完了・成立すること。,,
5817,allegory,/ˈæləɡɔːri/,名詞,寓話、比喩、寓意,登場人物や状況を別の何かに見立てて、道徳的・政治的な教訓を伝える物語。,,
5818,antigen,/ˈæntɪdʒən/,名詞,抗原,医学用語。体内で抗体（antibody）を生成する原因となる、細菌やウイルスなどの異物。,,
5819,sojourn,/ˈsoʊdʒɜːrn/,名詞、動詞,【名】（一時的な）滞在、逗留,旅行中や留学中などに、特定の場所に短期間だけとどまること。,,
5820,colt,/koʊlt/,名詞,若いオスの馬、初心者,去勢されていない、おおむね4歳以下の若いオス馬。,,
5821,projectile,/prəˈdʒektl/,名詞、形容詞,【名】投射物、弾丸、ロケット,銃から発射される弾丸や、大砲から飛び出す砲弾などを指します。,,
5822,blemish,/ˈblemɪʃ/,名詞、動詞,【名】（肌などの）しみ、欠点,果物の傷や、肌のニキビ・しみなど、完璧さを損なう小さな不完全な部分。,,
5823,deadlock,/ˈdedlɑːk/,名詞、動詞,【名】行き詰まり<br>【動】行き詰まる,意見が対立したまま双方が譲らず、交渉やゲームがこれ以上進まない状態。,,
5824,exchequer,/ɪksˈtʃekər/,名詞,（英国の）財務省、国庫、財源,特にイギリスの財務大臣は Chancellor of the Exchequer と呼ばれます。,,
5825,allele,/əˈliːl/,名詞,对立遺伝子,遺伝学用語。ある遺伝子座を占める、互いに異なる塩基配列を持つ遺伝子。,,
5826,allot,/əˈlɑːt/,動詞,割り当てる、配分する,時間、仕事、資金などを、計画に基づいて特定のグループや人に公平に分けること。,,
5827,exonerate,/ɪɡˈzɑːnəreɪt/,動詞,無罪とする、容疑を晴らす,調査の結果、犯行の疑いや責任が完全にないことを公式に証明すること。,,
5828,nag,/næɡ/,動詞、名詞,【動】（しつこく）小言を言う,母親が子どもに「勉強しなさい」としつこく言い続けるような様子。,,
5829,honk,/hɑːŋk/,名詞、動詞,【名】クラクションの音,車が怒りや警告のためにブブーとクラクションを鳴らすこと。,,
5830,imbue,/ɪmˈbjuː/,動詞,（思想や感情などで）満たす,感情や価値観、精神を心に深く浸透させること（be imbued with patriotism）。,,
5831,rescind,/rɪˈsɪnd/,動詞,（法律や契約などを）廃止する,決定、招待、命令などを正式にキャンセルして取り消すこと。,,
5832,broach,/broʊtʃ/,動詞,（話しにくい話題を）切り出す,切り出しにくいデリケートな相談などを、意を決して話し始めること。,,
5833,lurk,/lɜːrk/,動詞、名詞,【動】潜む、待ち伏せる,暗闇や物陰に隠れて様子を伺うこと。ネット掲示板のROM行為も指します。,,
5834,redress,/rɪˈdres/,名詞、動詞,【名】補償、是正<br>【動】正す、是正する,不平等や不正、被害などを、補償を提供したり改善したりして正すこと。,,
5835,rustle,/ˈrʌsl/,動詞、名詞,【動】ガサガサ鳴る,風で木の葉がこすれ合う音や、紙が擦れ合うかすかな乾いた音。,,
5836,backdrop,/ˈbækdrɑːp/,名詞,（舞台の）背景幕、背景、状況,演劇の背景。また「〜を背景にして（against the backdrop of...）」の比喩でも頻出。,,
5837,resonate,/ˈrezəneɪt/,動詞,響き渡る、共鳴する、心に響く,音が反響する意味のほか、そのアイデアや言葉が「他人の心に深く刺さり共感される」意味。,,
5838,aquifer,/ˈækwɪfər/,名詞,帯水層、水を含む地層,地下水が溜まっており、井戸などで水を汲み上げることができる砂や岩の層。,,
5839,cartilage,/ˈkɑːrtəlɪdʒ/,名詞,軟骨,耳や鼻、関節などの骨と骨の間にある、白くて弾力のある組織。,,
5840,reminisce,/ˌremɪˈnɪs/,動詞,（楽しかった過去を）追想する,昔の楽しかった思い出話などを、懐かしそうに笑顔で話し合うこと。,,
5841,succulent,/ˈsʌkjələnt/,形容詞、名詞,【形】汁の多い、多肉の,みずみずしくて美味しい食べ物。サボテンなどの多肉植物を指すこともあります。,,
5842,herein,/ˌhɪrˈɪn/,副詞,この中に、本文中に、ここに,契約書などの法的な文書で、「この書類の中に」という意味でよく使われる硬い語。,,
5843,unscrupulous,/ˌʌnˈskruːpjələs/,形容詞,不道徳な、不実な,良心の呵責が全くなく、目的のために卑怯な手段を平気で使う様子。,,
5844,renege,/rɪˈneɡ/,動詞,（約束や合意などを）破る、背く,事前に交わした約束や契約などを土壇場で守らないこと（renege on a promise）。,,
5845,vanquish,/ˈvæŋkwɪʃ/,動詞,（敵を完全に）征服する、打ち破る,戦争や競い合いにおいて、敵やライバルを完璧に打ち負かすこと。,,
5846,exemplar,/ɪɡˈzemplər/,名詞,模範、典型、手本,他人が手本にすべき、非常に優れた基準となるもの。,,
5847,decimate,/ˈdesɪmeɪt/,動詞,多くの命を奪う、大破させる,病気や災害などで、人口や集団の数が激減すること。,,
5848,figment,/ˈfɪɡmənt/,名詞,（想像上の）作り事、虚構,実在しない、頭の中だけで作り出した妄想（a figment of one's imagination）。,,
5849,echelon,/ˈeʃəlɑːn/,名詞、動詞,【名】（組織などの）階層、段階,政府や大企業などの組織の、高いランクや階層（the upper echelons of power）。,,
5850,epiphany,/ɪˈpɪfəni/,名詞,直感、突然の悟り,何かの瞬間に、長年の謎や人生の本質が「はっ」と突然理解できるひらめき。,,
5851,wriggle,/ˈwrɪɡl/,動詞、名詞,【動】くねくね進む、逃れる,ミミズや幼虫が地面を這う動き、または面倒な責任からうまく逃れること。,,
5852,brook,/brʊk/,名詞、動詞,【名】小川<br>【動】（否定文で）許容する,小川の意味に加え、動詞として I will brook no delay（遅れは一切認めない）のように使用。,,
5853,crease,/kriːs/,名詞、動詞,【名】（ズボン等の）折り目、しわ,アイロンでつけたズボンの折り目、または顔にできた深いしわ。,,
5854,duchess,/ˈdʌtʃəs/,名詞,公爵夫人、女性の公爵,爵位制度における最高位である「公爵（duke）」の夫人、または女性公爵。,,
5855,sundry,/ˈsʌndri/,形容詞、名詞,【形】雑多な、様々な,all and sundry で「誰彼を問わず、すべての人々」という決まり文句。,,
5856,debunk,/ˌdiːˈbʌŋk/,動詞,（噂や誤った考えの）誤りを暴く,迷信や都市伝説、誇大広告などが、科学的にでたらめであることを証明すること。,,
5857,camaraderie,/ˌkɑːməˈrɑːdəri/,名詞,仲間意識、友情、友愛,同じチームや職場で、困難を共に乗り越えた同志の間に芽生える強い連帯感。,,
5858,exhortation,/ˌeɡzɔːrˈteɪʃn/,名詞,（熱心な）勧告、激励、説得,行動を起こすように、熱意を込めて強く促したり励ましたりする言葉。,,
5859,quaver,/ˈkweɪvər/,動詞、名詞,【動】（声や音が）震える,緊張や恐怖、寒さなどで声が不安定に小刻みに震える様子。,,
5860,acupuncture,/ˈækjupʌŋktʃər/,名詞,鍼治療（はりちりょう）、鍼灸,東洋医学の一つで、体にあるツボに細い金属の針を刺して治療する方法。,,
5861,veer,/vɪr/,動詞,急に変わる、方向転換する,車や船が障害物を避けるために、ガバッと急激に進路を変更する様子。,,
5862,canopy,/ˈkænəpi/,名詞、動詞,【名】林冠、天蓋、ひさし,森林の最も高い梢が集まった部分（forest canopy）や、ベッドの上部を覆う天蓋。,,
5863,subterranean,/ˌsʌbtəˈreɪniən/,形容詞,地下の、隠れた、水面下の,地表の下にある物理的な地下だけでなく、秘密裏に行われる活動。,,
5864,surly,/ˈsɜːrli/,形容詞,無愛想な、不機謙な、横柄な,イライラして口数が少なく、近づきがたいほどの不機嫌な態度。,,
5865,pelt,/pelt/,動詞、名詞,【動】投げつける、（雨が）激しく降る,雨が激しく叩きつけるように降る様子（pelting rain）。動物の生皮も指します。,,
5866,artifice,/ˈɑːrtɪfɪs/,名詞,巧妙な手段、策略、器用さ,他人を騙すための、よく練られたずる賢いトリック。,,
5867,exponentially,/ˌekspəˈnenʃəli/,副詞,指数関数的に、飛躍的に,感染者数や人口などが、時間が経つにつれて急激に何倍にも増加していく様子。,,
5868,slither,/ˈslɪðər/,動詞,這って進む、滑るように動く,足のない蛇が地面を左右にうねりながら滑るように進む様子。,,
5869,daub,/dɔːb/,動詞、名詞,【動】下手に塗る、汚す,ペンキや化粧品を、雑にベタベタと塗りたくること。,,
5870,eavesdrop,/ˈeːvzdrɑːp/,動詞,盗み聞きする、立ち聞きする,他人がプライベートな会話をしているのを、隠れてこっそり聞き耳を立てること。,,
5871,compunction,/kəmˈpʌŋkʃn/,名詞,良心の呵責、ためらい、悔恨,show/feel no compunction about ...（〜することに全く罪悪感を持たない）の形で。,,
5872,berate,/bɪˈreɪt/,動詞,叱りつける、非難する,犯した過ちに対して、長い時間怒鳴りつけたり、ひどく叱る様子。,,
5873,exhilarating,/ɪɡˈzɪləreɪtɪŋ/,形容詞,ワクワクさせる、爽快な,コースターに乗ったときのような、心が高揚する気持ち良さ。,,
5874,affliction,/əˈflɪkʃn/,名詞,（心身の）苦痛、災難、病気,長引く病気や大きな心配事など、人間をひどく苦しめる要因。,,
5875,bard,/bɑːrd/,名詞,詩人、吟遊詩人,古代の伝説を歌った吟遊詩人。シェイクスピア（The Bard of Avon）が有名。,,
5876,succinct,/səkˈsɪŋkt/,形容詞,簡潔な、要を得た,無駄な言葉が一切なく、短く重要なことだけがまとめられている様子。,,
5877,benevolence,/bəˈnevələns/,名詞,慈悲心、善行、思いやり,他人の幸福を願い、親切で温かい手を差し伸べようとする心（対：malevolence）。,,
5878,dally,/ˈdæli/,動詞,無駄にする、もてあそぶ、ぐずぐずする,真面目に取り組まずにふざけて時間を無駄にする、または恋愛感情をもてあそぶこと。,,
5879,concussion,/kənˈkʌʃn/,名詞,脳震盪（のうしんとう）、激しい動揺,スポーツの衝突などで頭を強く打ち、一時的に脳の機能が乱れること。,,
5880,tremulous,/ˈtremjələs/,形容詞,震える、おののく、臆病な,緊張、恐怖、または老齢などのために、声や手足が小刻みに震えている様子。,,
5881,extortion,/ɪkˈstɔːrʃn/,名詞,（脅迫による）強要、ゆすり,暴力や脅迫、または職権を乱用して、他人からお金や財産を無理やり奪うこと。,,
5882,fortress,/fɔːrtres/,名詞,要塞、砦,敵の攻撃から守るために、強固に建設された大規模な軍事施設。,,
5883,concomitant,/kənˈkɑːmɪtənt/,形容詞、名詞,【形】（結果として）付随する,ある主要な事柄（例えば老化）に必然的に伴って発生する現象などを表します。,,
5884,diverge,/daɪˈvɜːrdʒ/,動詞,（道や意見などが）分岐する、それる,一本の道が二つに分かれる様子。また、人々の意見が次第にかけ離れていくこと。,,
5885,claimant,/ˈkleɪmənt/,名詞,（権利などの）要求者、申請者,保険金や給付金などの受け取り権利を公式に主張して申請する人。,,
5886,gill,/ɡɪl/,名詞、動詞,【名】（魚などの）えら、ひだ,魚が水中で呼吸するための器官。きのこの傘の裏側にあるひだも指します。,,
5887,ingest,/ɪnˈdʒest/,動詞,（食べ物などを）摂取する、取り込む,食事や薬などを、口から体内に入れる（飲み込む）ことを指すフォーマルな語。,,
5888,constellation,/ˌkɑːnstəˈleɪʃn/,名詞,星座、（類似するものの）集まり,オリオン座などの「星座」。また、素晴らしいものの一堂に会する様子。,,
5889,heirloom,/ˈerluːm/,名詞,家宝、先祖伝来の品,家族の中で、親から子へと何代にもわたって大切に受け継がれてきた品。,,
5890,doze,/doʊz/,動詞、名詞,【動】うたた寝する、居眠りする<br>【名】うたた寝,doze off で「（いつの間にか）うたた寝する」の意味で頻出します。,,
5891,cuddle,/ˈkʌdl/,動詞、名詞,【動】（愛情を込めて）抱きしめる<br>【名】抱擁,親子や恋人同士が、愛情を持って優しくハグし合う様子。,,
5892,enjoin,/ɪnˈdʒɔɪn/,動詞,（〜に）命じる、禁止する,裁判所などが公式に特定の行為を命令または禁止（差し止め）すること。,,
5893,amnesia,/æmˈniːʒə/,名詞,記憶喪失、物忘れ,事故、病気、またはショックによって記憶が失われる症状。,,
5894,chum,/tʃʌm/,名詞、動詞,【名】親友、仲良し<br>【動】親しくする,親しい友人（friend）の非常にカジュアルでやや古風な表現。,,
5895,oftentimes,/ˈɔːfntaɪmz/,副詞,しばしば、多くの場合、度々,often（よく、しばしば）のやや古風、または強調された表現。,,
5896,promulgate,/ˈpɑːmlɡeɪt/,動詞,（法律などを）公表する、普及させる,新法や教義などを公に発表し、広く知らしめること。,,
5897,confluence,/ˈkɑːnfluəns/,名詞,（川の）合流点、合流、集まり,複数の川が一つに交わる場所。異なるアイデアなどが交わること。,,
5898,smolder,/ˈsmoʊldər/,動詞、名詞,【動】くすぶる<br>【名】くすぶり,火が炎を上げずに静かに燃え続けること。怒りが密かに続いていることにも。,,
5899,infatuate,/ɪnˈfætʃueɪt/,動詞,夢中にさせる、のぼせ上がらせる,通常は past の形 be infatuated with（〜にすっかり夢中である）で頻出。,,
5900,venerate,/ˈvenəreɪt/,動詞,（深い敬意を持って）尊ぶ、崇拝する,歴史的偉人や聖職者、神聖なものを深く尊敬し、崇めること。,,
5901,hereby,/ˌhɪrˈbaɪ/,副詞,これによって、ここに,契約書などで「この文書（または行為）をもって」という意味で使われる非常に硬い言葉。,,
5902,extoll,/ɪkˈstoʊl/,動詞,激賛する、褒めちぎる,通常 extol と綴られます。誰かや何かの功績を非常に高く称賛すること。,,
5903,fiduciary,/fɪˈduːʃieri/,形容詞、名詞,【形】受託者の、信託の、信頼に基づく,fiduciary duty（受託者責任）など、他人の資産を任された人の法的な義務。,,
5904,trite,/traɪt/,形容詞,ありふれた、陳腐な、使い古された,表現やジョークなどが使い古されていて、新鮮味がなくつまらない様子。,,
5905,rectify,/ˈrektɪfaɪ/,動詞,改正する、修正する、正す,間違いや不公平な状況、不具合などを正しい状態に戻すこと。,,
5906,annexation,/ˌænekˈseɪʃn/,名詞,（領土などの）併合、付加,他国の領土や土地を、自国（または自都市）へ正式に取り込んで合流させること。,,
5907,cramp,/kræmp/,名詞、動詞、形容詞,【名】（筋肉の）けいれん、締め金,運動中に筋肉がつる現象。また、自由な活動や発達を制限・妨げること。,,
5908,heterogeneity,/ˌhetərədʒəˈniːəti/,名詞,異質性、異種混交,性質が異なるものが、同じ集団の中に多様に混ざり合っていること（対：homogeneity）。,,
5909,binge,/bɪndʒ/,名詞、動詞,【名】度を超したドカ食い、一気見,binge-watch でドラマを「一気見する」という意味でよく使われます。,,
5910,deity,/ˈdiːəti/,名詞,神、女神、神格,特定の宗教や神話に登場する、崇拝対象としての「神（または女神）」。,,
5911,fissure,/ˈfɪʃər/,名詞、動詞,【名】（地割れなどの）裂け目,岩石、氷、地表、または脳の構造などに見られる、深く細長い亀裂。,,
5912,wean,/wiːn/,動詞,離乳させる、引き離す（from）,授乳をやめて固形食に慣れさせること。転じて、良くない習慣や依存から引き離すこと。,,
5913,shrivel,/ˈʃrɪvl/,動詞,しぼむ、しわが寄る、衰える,植物や肌が水分を失い、小さく縮んでしわくちゃになる様子。,,
5914,glutton,/ˈɡlʌtn/,名詞,大食漢、過食家、熱中する人,a glutton for punishment で「あえて自ら苦労を背負い込む人」というユーモラスな表現。,,
5915,dab,/dæb/,動詞、名詞,【動】軽くたたく、そっと塗る,ペンキや化粧品を、指先などでトントンと軽く触れるようにそっと塗ること。,,
5916,heretic,/ˈherətɪk/,名詞、形容詞,【名】異端者、不信仰者<br>【形】異端の,公認の教義や正当とされる信仰に背き、独自の説を主張する人。,,
5917,hypnosis,/hɪpˈnoʊsɪs/,名詞,催眠、催眠状態、催眠術,暗示にかかりやすい、一時的な変性意識状態。,,
5918,fixate,/ˈfɪkseɪt/,動詞,固定する、執着する（on）,関心や視線が、特定の一点に過度に集中し、離れなくなること（過去分詞形でも頻出）。,,
5919,derelict,/ˈderəlɪkt/,形容詞、名詞,【形】放棄された、怠慢な,手入れされずに荒れ果てた家や船。また職務を怠っている状態。,,
5920,acquiescence,/ˌækwiˈesns/,名詞,（しぶしぶ行う）黙認、承諾、同意,積極的ではないが、反対もせず黙って従うこと（消極的な同意）。,,
5921,extrapolate,/ɪkˈstræpəleɪt/,動詞,（既知の事実から）推測する、外挿する,現在のデータに基づいて、未知の将来や全体の状況を論理的に推し量ること。,,
5922,fortitude,/ˈfɔːrtətuːd/,名詞,不屈の精神、不撓不屈、根気,困難や苦痛に対して、勇気と忍耐を持って立ち向かう静かで強い精神力。,,
5923,sulk,/sʌlk/,動詞、名詞,【動】（不満で）すねる、ふてくされる,思い通りにいかない時、不満そうに口をききもせず不機嫌な態度をとる様子。,,
5924,dribble,/ˈdribl/,動詞、名詞,【動】したたる、よだれを垂らす,水滴がポタポタと落ちる、またはスポーツのドリブル。,,
5925,elucidation,/ɪˌluːsɪˈdeɪʃn/,名詞,説明、解明、明示,複雑で分かりにくい事柄を、明らかにして分かりやすく解説すること。,,
5926,foundry,/ˈfaʊndri/,名詞,鋳造所、鋳物工場,金属を溶かし、型に流して金属製品を作る工場。半導体受託製造企業を指すことも。,,
5927,apparition,/ˌæpəˈrɪʃn/,名詞,（幽霊などの）幻影、お化け、出現,不意に目の前に現れる、実体のない幽霊や不思議な幻影。,,
5928,annotate,/ˈænəteɪt/,動詞,注釈をつける、解釈を施す,本や論文、プログラミングコードなどに、説明のための解説メモを入れること。,,
5929,alloy,/ˈælɔɪ/,名詞、動詞,【名】合金<br>【動】合金にする、質を落とす,複数の金属を混ぜ合わせて作った金属物質（ブロンズやステンレスなど）。,,
5930,baloney,/bəˈloʊni/,名詞,たわごと、ばかげたこと,That's baloney! で「そんなのデタラメだ、くだらない！」という口語的表現。,,
5931,acrimony,/ˈækrɪmoʊni/,名詞,（言葉や態度の）とげとげしさ、辛慢,喧嘩や対立の際に見られる、怒りや憎しみに満ちた冷たくて鋭い雰囲気。,,
5932,leer,/lɪr/,動詞、名詞,【動】横目（いやらしい目）で見る,悪意や、いやらしい関心を持って、横目でニヤニヤしながら人を見る様子。,,
5933,indemnity,/ɪnˈdemnəti/,名詞,賠償、補償、保障、免責,損害や不利益が生じた際に支払われる補償金、または損失から守るという保障契約。,,
5934,hackneyed,/ˈhækniːd/,形容詞,（言葉などが）陳腐な、使い古された,何度も使われすぎて新鮮味がなく、独創性に欠ける言い回し（triteに類似）。,,
5935,entrenched,/ɪnˈtrentʃt/,形容詞,（習慣などが）強固に確立した,考え方や社会の習慣などが深く根付いており、変えるのが非常に難しい状態。,,
5936,gubernatorial,/ˌɡuːbərnəˈtɔːriəl/,形容詞,知事の、知事に関する,アメリカなどの州知事（governor）に関する形容詞（gubernatorial election: 州知事選挙）。,,
5937,pancreatic,/ˌpæŋkriˈætɪk/,形容詞,膵臓の、膵臓に関する,医学用語。pancreatic cancer（膵臓がん）などでよく使われます。,,
5938,fretting,/ˈfretɪŋ/,名詞、動詞,【名】やきもきすること、浸食,ささいな心配事に対して、イライラしながらずっと悩み心配している様子。,,
5939,prosaic,/proʊˈzeɪɪk/,形容詞,平凡な、退屈な、散文の,詩的な美しさや想像力に欠けており、極めて日常的で面白みのないこと。,,
5940,kindred,/ˈkɪndrəd/,名詞、形容詞,【名】親族、血縁<br>【形】同種の、同様の,kindred spirits で「志を同じくする仲間、気心の知れた友人」という重要表現があります。,,
5941,apathetic,/ˌæpəˈθetɪk/,形容詞,無関心な、冷淡な、無感情な,物事に対して全く興味、関心、情熱を示さない状態（apathyの形容詞形）。,,
5942,repentance,/rɪˈpentəns/,名詞,後悔、悔恨、悔い改め,過去に犯した過ちや罪を深く反省し、心を改めること（宗教的な懺悔など）。,,
5943,rafter,/ˈræftər/,名詞,たるき（垂木）,建築用語。屋根を支えるために、棟から軒に傾斜して渡される骨組みの木材。,,
5944,auspicious,/ɔːˈspɪʃəs/,形容詞,幸先の良い、縁起の良い、吉兆の,今後の成功を予感させるような、素晴らしいスタートや兆し。,,
5945,prerogative,/rɪˈrɑːɡətɪv/,名詞,特権、特典,大統領や特定の地位にある人だけに公式に認められている、決定などの独占的権利。,,
5946,leeway,/ˈliːweɪ/,名詞,（行動の）自由度、余裕、ゆとり,予算、スケジュール、ルールにおいて認められている、多少の自由な選択範囲。,,
5947,primacy,/ˈpraɪməsi/,名詞,第1位、卓越、首位,他よりも最も重要であり、優位に立っている状態（give primacy to ...：最優先する）。,,
5948,flippant,/ˈflɪpənt/,形容詞,軽薄な、不真面目な、生意気な,真面目であるべき場面で、真剣さに欠け、軽々しくおどけた態度をとる様子。,,
5949,valor,/ˈvælər/,名詞,（戦いにおける）勇気、武勇、武勲,特に戦場や命の危険がある場面で、恐れずに立ち向かう素晴らしい勇気。,,
5950,shroud,/shraʊd/,名詞、動詞,【名】（遺体を包む）死に装束<br>【動】覆う、隠す,霧や闇などが何かをすっぽり包んで、見えなくすること（shrouded in mystery）。,,
5951,inscrutable,/ɪnˈskruːtəbl/,形容詞,計り知れない、不可解な、謎めいた,表情や意図がまったく読み取れず、何を考えているのか見当がつかない様子。,,
5952,prim,/prɪm/,形容詞、動詞,【形】お堅い、すました,規則を几帳面に守り、お行儀がよすぎて少し近寄りがたい様子を指します。,,
5953,valet,"/væˈlei/ , /ˈvælɪt/",名詞、動詞,【名】従者、執事、ホテルの駐車係,レストランなどの入り口で車を預かって駐車してくれるサービス（valet parking）。,,
5954,vignette,/vɪˈnjet/,名詞、動詞,【名】小さなスケッチ、短い紹介文,ある人物や出来事の、短いけれど特徴を生き生きと描いた文章や場面。,,
5955,ebriate,/ˈiːbrieɪt/,形容詞、動詞、名詞,【形】酔った<br>【動】酔わせる,一般には inebriated（酔っ払った）の形、または inebriate がよく使われます。,,
5956,lithe,/laɪð/,形容詞,しなやかな、体が柔らかい、優美な,主に人の体や動きが、柔らかく軽やかで洗練されている様子を表します。,,
5957,ecclesiastical,/ɪˌkliːziˈæstɪkl/,形容詞,教会の、聖職者の、キリスト教会の,一般的な教会、またはその組織・運営に関する事柄。,,
5958,obdurate,/ˈɑːbdjʊrət/,形容詞,頑固な、妥協しない、頑なな,説得、哀願、または非難されても、絶対に自分の決定や考えを譲らない様子。,,
5959,submissive,/səbˈmɪsɪv/,形容詞,従順な、服従的な、おとなしい,反抗することなく、他人の力や権威に甘んじておとなしく従う態度。,,
5960,spearhead,/ˈspɪrhed/,名詞、動詞,【名】槍の先、先鋒<br>【動】先頭に立つ、指揮する,新しいプロジェクトやキャンペーンなどの最前線に立って主導すること。,,
5961,estranged,/ɪˈstreɪndʒd/,形容詞,疎遠になった、仲違いした,家族や配偶者と関係が崩れ、連絡を取らなくなっている状態（estranged wife）。,,
5962,irrepressible,/ˌɪrɪˈpresəbl/,形容詞,抑えきれない、こらえきれない,笑い、興奮、または元気なキャラクターなどが、他からの力で抑えつけられない様子。,,
5963,genially,/ˈdʒiːniəli/,副詞,愛想よく、親切に、和やかに,態度がとてもフレンドリーで優しく、周囲を暖かく歓迎するような様子。,,
5964,locomotive,/ˌloʊkəˈmoʊtɪv/,名詞、形容詞,【名】機関車<br>【形】移動力のある、運動の,列車を引っ張る先頭の動力車。また物理的な移動に関する性質。,,
5965,triad,/ˈtraɪæd/,名詞,3つ組、中国系犯罪組織,密接に関連する3つの要素。また、香港などを拠点とする犯罪組織の総称。,,
5966,vat,/væt/,名詞、動詞,【名】大型の樽、大桶,ビール、ワイン、チーズの製造や、染色工程で使われる非常に大きな液体用容器。,,
5967,retorted,/rɪˈtɔːrtɪd/,動詞,言い返した、反論した,retortの過去・過去分詞形。相手の批判や冗談に対して、素早く反論すること。,,
5968,nil,/nɪl/,名詞,ゼロ、無,スポーツのスコアなどで「ゼロ点」を表す際によく使われます（two-nil: 2対0）。,,
5969,expedient,/ɪkˈspiːdiənt/,形容詞、名詞,【形】好都合な、便宜的な手段,長期的ではないが、現在の状況を解決するために最も手早く便利な手段。,,
5970,utensil,/juːˈtensl/,名詞,器具、用具、家庭用品,主に台所で使われるスプーンや鍋などの調理器具（kitchen utensils）。,,
5971,extemporaneous,/ɪkˌstempəˈreɪniəs/,形容詞,即興の、即座の、準備なしの,事前に準備や練習をせず、その場で即座に話したり演奏したりすること。,,
5972,indolent,/ˈndələnt/,形容詞,怠惰な、怠ける、無痛性の,働くのを極端に嫌い、のんびりと怠ける様子。また医学用語で進行が遅く痛みのない状態。,,
5973,preponderance,/prɪˈpɑːndərəns/,名詞,優勢、優位、圧倒的多数,他を圧倒するほどの多さや強さがあること（preponderance of evidence: 証拠の圧倒的優勢）。,,
5974,sinew,/ˈsɪnjuː/,名詞、動詞,【名】腱、筋肉、活力の源,骨と筋肉をつなぐ「腱（けん）」を指します。また比喩的に、肉体的な力強さ。,,
5975,appalled,/əˈpɔːld/,形容詞,愕然とした、ゾッとした,恐ろしい出来事や信じられないほど悪いマナーを目にしてショックを受け唖然としている状態。,,
5976,humdrum,/ˈhʌmdrʌm/,形容詞、名詞,【形】平凡な、退屈な、単調な,毎日同じことの繰り返しで、面白みが一切ない退屈な生活や仕事（humdrum routine）。,,
5977,nascent,/ˈnæsnt/,形容詞,発生期の、初期の、生まれつつある,新しい活動、産業、感情などが、ちょうど始まったばかりで、これから成長していく段階。,,
5978,vicarious,/vaɪˈkeriəs/,形容詞,（他人の経験を通じて）代理の,自分が直接経験せず、他人の話などを通じて自分も体験したような気分になること。,,
5979,spatula,/ˈspætʃələ/,名詞,スパチュラ、へら,お菓子作りで生地を混ぜるゴムベラや、料理をひっくり返すフライ返しなどの器具。,,
5980,filial,/ˈfɪliəl/,形容詞,子の、子としての,filial piety で東洋の道徳観である「親孝行」を表現する際によく用いられます。,,
5981,preemptive,/priˈemptɪv/,形容詞,先制の、予防的な、先制攻撃の,相手の動きを未然に防ぐために、先手を打って行動すること（preemptive strike: 先制攻撃）。,,
5982,trident,/ˈtraɪdnt/,名詞,三叉の銛（もり）、三叉の矛,ギリシャ神話の海の神ポセイドンが持っているような、先端が3つに分かれた武器。,,
5983,laity,/ˈleiəti/,名詞,門外漢、一般信徒,聖職者（clergy）ではない一般の信徒。また、専門家ではない一般市民（素人）。,,
5984,serviceman,/ˈsɜːrvɪsmæn/,名詞,軍人、整備士、修理工,陸海空軍の兵士。また、家電などの保守や修理を専門に行う人を指します。,,
5985,valiant,/ˈvæliənt/,形容詞,勇敢な、勇気ある,主に戦いや困難な試練に対して、恐れずに果敢に立ち向かう立派な勇気。,,
5986,intangible,/ɪnˈtændʒəbl/,形容詞、名詞,【形】無形の、実体のない,物理的な形がなく、手で触れることができないもの（企業のブランド価値や信頼など）。,,
5987,vestige,/ˈvestɪdʒ/,名詞,面影、名残、痕跡,過去に存在した巨大な文明やシステムが、現代にわずかに残している小さな痕跡。,,
5988,incongruous,/ɪnˈkɑːŋɡruəs/,形容詞,不調和な、そぐわない、場違いな,周囲の環境や状況とまったく合っておらず、奇妙で不自然に見える様子。,,
5989,residual,/rɪˈzɪdʒuəl/,形容詞、名詞,【形】残りの、残余の,化学や医療で、治療後にわずかに体に「残留している（residual effect）」などの意味。,,
5990,rigorous,/ˈrɪɡərəs/,形容詞,厳格な、徹底的な、厳密な,規則や基準が非常に厳しく、徹底的に細部まで正確に行う様子（rigorous training）。,,
5991,auxiliary,/ɔːɡˈzɪlieri/,形容詞、名詞,【形】補助の、予備の,主要なシステムが故障した時の予備（auxiliary generator: 補助発電機）など。,,
5992,aboveboard,/əˌbʌvˈbɔːrd/,副詞、形容詞,【副】公明正大に、堂々と,ポーカーでテーブルの上に手を置いて（不正をせず）堂々とプレイする様子が語源。,,
5993,vivacious,/vɪˈveɪʃəs/,形容詞,元気いっぱいの、活気のある、快活な,主に女性の性格や様子が、非常にエネルギッシュで明るく、魅力に満ちていること。,,
5994,gluttonous,/ˈɡlʌtənəs/,形容詞,大食の、貪欲な、欲張りな,食べ物を大量に貪り食う様子、または欲張って何でも欲しがる態度。,,
5995,ravage,/ˈrævɪdʒ/,動詞、名詞,【動】（国などを）荒らす、破壊する,戦争、災害、あるいは深刻な病気などが、地域や身体に甚大なダメージを与えること。,,
5996,nocturnal,/nɑːkˈtɜːrnl/,形容詞,夜行性の、夜の,フクロウのように夜間に活動する動物（nocturnal animals）。,,
5997,kiln,/kɪln/,名詞、動詞,【名】（陶磁器用の）窯、かま,陶磁器やレンガを高温で焼き上げるための、専門の焼き窯。,,
5998,monastic,/məˈnæstɪk/,形容詞,修道院の、禁欲的な、質素な,修道院の生活のように、贅沢を一切排して規律正しく質素な生活。,,
5999,overtly,/oʊˈvɜːrtli/,副詞,公然と、明白に、あからさまに,隠そうとせず、誰の目にも明らかなように堂々と行動する様子（対：covertly）。,,
6000,truant,/ˈtruːənt/,名詞、形容詞、動詞,【名】（学校の）無断欠席者,親に黙って学校を無断でサボる子ども（play truant）を指します。,,
6001,daft,/dæft/,形容詞,愚かな、ばかげた、正気でない,You are daft! で「君はどうかしているよ」という、親しい間で使われる軽めの表現。,,
6002,urbane,/ɜːrˈbeɪn/,形容詞,洗練された、都会風の、上品な,都会的でマナーが非常によく、物腰が洗練されていて紳士的な様子。,,
6003,vigilante,/ˌvɪdʒɪˈlænti/,名詞,自警団員、私設警察,警察が頼りにならない状況などで、市民が自ら法を守るために結成した非公式自警団員。,,
6004,foolhardy,/ˈfuːlhɑːrdi/,形容詞,無鉄砲な、向こう見ずな、蛮勇の,危険を十分に考えず、無謀さから無鉄砲な行動をとる様子。,,
6005,memorabilia,/ˌmemərəˈbɪliə/,名詞,記念品、思い出の品,有名なスポーツ選手、ミュージシャン、映画などのコレクターズアイテム。,,
6006,mint,/mɪnt/,名詞、形容詞、動詞,【名】ミント、造幣局、巨額,ハーブのミント。コレクター用語で in mint condition（ほぼ新品・極美品）は定番です。,,
6007,infirm,/ɪnˈfɜːrm/,形容詞、動詞,【形】（高齢で）心身が衰えた,病気や極度の高齢のために、体や精神が弱々しくなってしまっている様子。,,
6008,rabies,/ˈreɪbiːz/,名詞,狂犬病,狂犬病ウイルスによる人獣共通感染症。発症すると致死率がほぼ100％に達する病。,,
6009,stead,/sted/,名詞、動詞,【名】代理、身代わり、場所,stand someone in good stead で「（将来）〜の役に立つ、力になる」の意味。,,
6010,lattice,/ˈlætɪs/,名詞、動詞,【名】格子、ラティス,木製や金属製の細い棒を交差させて作った、庭のフェンスや目隠しなどの格子。,,
6011,interstellar,/ˌintərˈstelər/,形容詞,星間の、宇宙の,恒星と恒星の間の宇宙空間（interstellar space）を表します。,,
6012,awry,/əˈraɪ/,副詞、形容詞,【副】ねじれて、間違って,計画や物事が予期せぬ方向へ狂って失敗すること（go awry: 計画が狂う）。,,
6013,coarsely,/ˈkɔːrsli/,副詞,粗雑に、粗く、下品に,スパイスなどを「粗く挽く（coarsely ground）」や、態度が下品で荒々しい様子。,,
6014,incision,/ɪnˈsɪʒn/,名詞,切り口、切り込み、手術の切開,外科手術などで、皮膚にメスを入れて細くきれいに切開した傷口。,,
6015,minion,/ˈmɪnjən/,名詞,手先、手下、お気に入り,映画キャラクターの「ミニオンズ」の由来。権力者の忠実な手下や子分。,,
6016,queasy,/ˈkwiːzi/,形容詞,吐き気がする、むかつく、不安な,車酔いや体調不良で、胃がムカムカして気持ち悪い状態。,,
6017,onus,/ˈoʊnəs/,名詞,負担、責任、義務,the onus of proof で「立証責任」など、誰かに課せられる重い責任や義務。,,
6018,duly,/ˈduːli/,副詞,当然のこととして、正当に,ルールや期待通りに、しかるべきタイミングで適切に行われる様子。,,
6019,wanton,/ˈwɑːntən/,形容詞、名詞、動詞,【形】不当な、理不尽な、みだらな,他人の感情や財産、命に対して無神経な、理不尽な破壊・攻撃。,,
6020,kerosene,/ˈkerəsiːn/,名詞,灯油、ケロシン,家庭用のストーブなどで使われる一般的な燃料用の油。,,
6021,faltered,/ˈfɔːltərd/,動詞,ためらった、衰えた、口ごもった,falterの過去・過去分詞形。自信を失って足取りが鈍る、言葉に詰まる様子。,,
6022,solstice,/ˈsɑːlstɪs/,名詞,至、二至点（夏至・冬至）,1年で最も昼が長い夏至（summer solstice）や、最も昼が短い冬至。,,
6023,profanity,/prəˈfænəti/,名詞,不敬、冒涜、下品な言葉,Fワードなどの汚い罵り言葉や、神聖なものを汚す発言。,,
6024,contractual,/kənˈtræktʃuəl/,形容詞,契約の、契約上の,法律に基づき交わされる契約に関する事柄（contractual obligation: 契約上の義務）。,,
6025,talisman,/ˈtælɪzmən/,名詞,お守り、魔除け,幸運をもたらしたり、邪悪なものから身を守ってくれると信じられているアイテム。,,
6026,rejoinder,/rɪˈdʒɔɪndər/,名詞、動詞,【名】（機知に富む）答え,相手の意見や冗談に対して、素早く、かつ巧妙に返すウィットに富んだ返答。,,
6027,culpable,/ˈkʌlpəbl/,形容詞,責められるべき、有罪の、非難に値する,過失があり、非難されて当然である状態（culpable negligence: 有過失の怠慢）。,,
6028,mayhem,/ˈmeɪhem/,名詞,大混乱、騒乱,事故、事件、パニックなどによって、収集がつかないほどめちゃくちゃに混乱した状況。,,
6029,ulterior,/ʌlˈtɪriər/,形容詞,隠された、表に表れない,裏に「何か別の目的がある（ulterior motive: 下心、隠された動機）」。,,
6030,memento,/mɪˈmentoʊ/,名詞,記念品、思い出の種,旅行の思い出や、大切な人、出来事を思い起こさせるためのささいな記念の品。,,
6031,kitty,/ˈkɪti/,名詞、形容詞、動詞,【名】共同用のプール資金,旅行やパーティーのために、全員から集めてためておく共同の財布・資金。,,
6032,reckoning,/ˈrekənɪŋ/,名詞、動詞,【名】計算、推測、報い、清算,最終的な清算の日、または自分の行動に対する責任を問われる報いの時（day of reckoning）。,,
6033,quandary,/ˈkwɑːndəri/,名詞,窮地、板挟み、困惑,2つの選択肢の間でどうすべきか決定できず、非常に困り果てている状態（in a quandary）。,,
6034,leaden,/ˈledn/,形容詞、動詞,【形】鉛色の、重苦しい,雨が降りそうな重苦しい曇り空（leaden sky）や、疲れて鉛のように重い足取り。,,
6035,militantly,/ˈmɪlɪtəntli/,副詞,戦闘的に、過激に、好戦的に,自分の主張や目的を達成するために、非常にアグレッシブで強い態度で行動する様子。,,
6036,daunting,/ˈdɔːntɪŋ/,形容詞,気が遠くなるような、威圧的な,目の前にある課題や仕事が大きすぎて、始める前から圧倒され、不安になる様子。,,
6037,mumps,/mʌmps/,名詞,おたふく風邪、流行性耳下腺炎,ウイルス感染によって耳の下（耳下腺）が大きく腫れて痛む、一般的な病気。,,
6038,glacial,/ˈɡleɪʃl/,形容詞,氷河の、非常に冷たい、のろのろした,氷河に関する意味のほか、仕事などの進みが「極端に遅い（glacial pace）」の比喩。,,
6039,ditto,/ˈdɪtoʊ/,名詞、副詞、動詞,【名】同上、同じこと<br>【副】同じく,会話で「私も同じ意見です」と手短に相手に同意する際にも「Ditto!」と使われます。,,
6040,plumage,/ˈpluːmɪdʒ/,名詞,羽毛、（鳥の）全羽、美しい羽衣,鳥の体を覆う羽毛。特に、求愛期などの美しく色鮮やかな羽を指すことが多い。,,
6041,sidekick,/ˈsaɪdkɪk/,名詞,相棒、親友、助手,ヒーローを助ける親しいパートナー（例：バットマンに対するロビン）。,,
6042,menial,/ˈmiːniəl/,形容詞、名詞,【形】卑しい、単調な仕事<br>【名】使用人,特別な技術を必要とせず、社会的ステータスが低いとされる退屈な雑務。,,
6043,blithe,/blaɪð/,形容詞,陽気な、軽快な、無頓着な,心配事がなく明るい様子。また、他人の迷惑を考えずにお気楽すぎる様子。,,
6044,sentry,/ˈsentri/,名詞,歩哨（ほしょう）、番兵、見張り,基地や城の入り口を守り、不審者の侵入を防ぐために見張りをする兵士。,,
6045,rind,/raɪnd/,名詞、動詞,【名】（果物やチーズの）外皮,レモンやチーズの硬い外側の皮（リンゴなどの薄い皮は peel）。,,
6046,throng,/θrɔːŋ/,名詞、動詞,【名】群衆、人混み,特定の場所に密集して集まっている、非常に大きな人の集まり。,,
6047,veal,/viːl/,名詞、動詞,【名】子牛肉,主に生後数か月までの若い牛の肉。ビーフ（beef）と区別されます。,,
6048,downcast,/ˈdaʊnkæst/,形容詞、名詞,【形】うつむいた、がっかりした,悲しみや気まずさで目を伏せている様子（downcast eyes）、または落胆している様子。,,
6049,kiosk,/ˈkiːɑːsk/,名詞,キオスク、売店、案内所,駅や通りにある、新聞などを売る小さな店舗、またはタッチパネル式端末。,,
6050,pelvis,/ˈpelvɪs/,名詞,骨盤,解剖学用語。腰の部分で、下半身を支える大きな骨格組織。,,
6051,sultry,/ˈsʌltri/,形容詞,蒸し暑い、うだるような,湿気が多く不快な暑さ。また、女性の容姿や歌声が妖艶でセクシーな様子。,,
6052,satchel,/ˈsætʃəl/,名詞,肩掛けかばん、学生かばん,横長で平らな、ショルダーストラップのついた革製や布製のかばん。,,
6053,piecemeal,/ˈpiːsmiːl/,副詞、形容詞,【副】少しずつ、ばらばらに,一括してではなく、その都度細切れに少しずつ進めたり行ったりする様子。,,
6054,insufferable,/ɪnˈsʌfərəbl/,形容詞,耐えられない、鼻持ちならない,態度が極めて不快で、我慢の限界を超える様子（insufferable arrogance: 耐え難い傲慢さ）。,,
6055,impervious,/ɪmˈpɜːrviəs/,形容詞,（水などを）通さない、影響されない,染み込まない物理的性質。また、他人の批判に全く動じない様子。,,
6056,ravine,/rəˈviːn/,名詞,渓谷、急流の流れる深い谷,流水の侵食作用によってできた、切り立った崖に囲まれた深くて狭い谷。,,
6057,tempestuous,/temˈpestʃuəs/,形容詞,激しい、大荒れの,物理的な嵐だけでなく、感情のぶつかり合い（tempestuous relationship: 激動の関係）。,,
6058,frugal,/ˈfruːɡl/,形容詞,倹約な、質素な、無駄のない,資源を無駄にせず、注意深く節約する様子（frugal meal: 質素な食事）。,,
6059,delirious,/dɪˈlɪriəs/,形容詞,意識朦朧とした、熱狂した,高熱や極度の興奮のために、意識が混濁して支離滅裂な言動をとる様子。,,
6060,mirth,/mɜːrθ/,名詞,歓喜、笑い、愉快,ジョークや楽しい雰囲気から生じる、抑えきれない笑いや楽しげな感情。,,
6061,prospectus,/prəˈspektəs/,名詞,案内書、目論見書,投資家や入学希望者向けに、事業内容や財務データをまとめた公式な冊子。,,
6062,isotope,/ˈaɪsətoʊp/,名詞,同位体、アイソトープ,化学・物理用語。原子番号が同じで、中性子数が異なる元素。,,
6063,painstaking,/ˈpeɪnzteɪkɪŋ/,形容詞、名詞,【形】入念な、細心の注意を払う,間違いがないよう、信じられないほどの時間と細心の注意を払って行うこと。,,
6064,payload,/ˈpeɪloʊd/,名詞,有効搭載量、最大積載量,飛行機やロケットが運ぶ、乗客や荷物の純粋な積載量。ITではデータ本体を指す。,,
6065,shank,/ʃæŋk/,名詞、動詞,【名】すね、軸,膝から足首までの脚部分。また、ボルトなどの細長い軸の部分。,,
6066,incubation,/ˌɪnkjuˈbeɪʃn/,名詞,孵化、培養、潜伏期、育成,卵を温めてかえすこと。医療の「潜伏期間」。また、新規スタートアップの育成。,,
6067,mockery,/ˈmɑːkəri/,名詞,あざけり、冷笑、まがいもの,他人を笑いものにする行為。また、形骸化して意味をなさない形だけの茶番。,,
6068,monoxide,/məˈnɑːksaɪd/,名詞,一酸化物,化学用語。酸素原子1個を含む化合物（例：carbon monoxide「一酸化炭素」）。,,
6069,muffled,/ˈmʌfld/,形容詞,（音が）消された、くぐもった,壁や布などで遮られて、外へはっきりと聞こえないにぶい音（muffled voice）。,,
6070,moat,/moʊt/,名詞、動詞,【名】（城などの）堀、お堀,城を敵の攻撃から守るために、周囲に掘られた水が張ってある溝。,,
6071,precept,/ˈpriːsept/,名詞,教訓、規律、指示、モットー,行動の基準となるような、道徳的な教えや規則（precepts of Buddhism）。,,
6072,contemptible,/kənˈtemptəbl/,形容詞,卑るべき、卑劣な,道徳的に極めて低劣で、激しい軽蔑の対象となるような卑怯な行動。,,
6073,adroit,/əˈdrɔɪt/,形容詞,器用な、巧みな、機転の利く,手先が器用であること。また、難しい交渉をうまくさばくスマートさ。,,
6074,effusive,/ɪˈfjuːsɪv/,形容詞,あふれんばかりの、感情を露にした,感謝や喜びの気持ちを、非常に大げさに、かつ熱狂的に表現する様子。,,
6075,pastime,/ˈpæstaɪm/,名詞,気晴らし、娯楽、趣味,余暇に楽しむ、気軽なレクリエーション（Baseball is America's favorite pastime）。,,
6076,piety,/ˈpaɪəti/,名詞,敬虔、信心、孝行,神、宗教、または親に対して、深い敬意と忠誠を払う態度（filial piety: 親孝行）。,,
6077,moniker,/ˈmɑːnɪkər/,名詞,名前、ニックネーム、あだ名,人や物の、一般的な呼称や愛称を指すカジュアルな語。,,
6078,complicit,/kənˈplɪsɪt/,形容詞,（犯罪などに）共謀して、加担して,犯罪、不正、または道徳的に良くない行為に手を貸していること。,,
6079,quorum,/ˈquɔːrəm/,名詞,定足数（ていそくすう）,会議で決定を下すために最低限出席していなければならない人数。,,
6080,wavelength,/ˈweɪvleŋθ/,名詞,波長、周波数、意見の調和,物理の波の長さ。また be on the same wavelength で「波長が合う、意見が一致する」の意味。,,
6081,haphazardly,/hæpˈhæzərdli/,副詞,無計画に、行き当たりばったりに,明確なルールや計画がなく、でたらめかつ雑に行われる様子。,,
6082,clairvoyant,/klerˈvɔɪənt/,形容詞、名詞,【形】透視力のある、千里眼の,物理的な距離や未来を超えて、目に見えないものを感知する超能力。,,
6083,desolate,/ˈdesələt/,形容詞、動詞,【形】荒涼とした、孤独な、さびれた,人が誰も住んでおらず、荒れ果てた陰気な場所。また、極度の孤独感。,,
6084,tycoon,/taɪˈkuːn/,名詞,大物、巨頭、タイクーン,ビジネスや産業界で、絶大な権力と富を持つ成功者（日本語の「大君」が語源）。,,
6085,magnanimous,/mæɡˈnænɪməs/,形容詞,寛大な、器の大きい、心が広い,ライバルや敗者に対して恨みを持たず、寛容で慈悲深い態度をとること。,,
6086,threadbare,/ˈθredber/,形容詞,すり切れた、陳腐な、使い古された,何度も着て生地の糸が見えるほどボロボロの服。また、使い古されたアイデア。,,
6087,variegated,/ˈveriəɡeɪtɪd/,形容詞,多彩な、まだらの、変化に富んだ,葉や花が、複数の異なる色（斑入り）で彩られている様子。,,
6088,juxtaposition,/ˌdʒʌkstəpəˈzɪʃn/,名詞,並置、並列、対比,2つの対照的なもの（例：新旧、白黒）をあえて隣同士に並べて対比させること。,,
6089,irksome,/ˈɜːrksəm/,形容詞,イライラさせる、煩わしい、退屈な,退屈で時間がかかり、非常に面倒な作業や問題（irksome task）。,,
6090,schism,/ˈskɪzəm/,名詞,分裂、宗派分裂,主に宗教団体や政党が、意見の激しい対立によって2つの敵対グループに分裂すること。,,
6091,sagacious,/səˈɡeɪʃəs/,形容詞,賢明な、機転の利く、判断の確かな,長年の経験や知恵から、状況を冷静に見極めて賢い選択ができること。,,
6092,indulgent,/ɪnˈdʌldʒənt/,形容詞,寛大な、甘い、放任的な,自分自身、または子どもやペットを非常に甘やかす態度。,,
6093,morsel,/ˈmɔːrsl/,名詞、動詞,【名】一口、少量,食べ物のほんの少量を指します（a tasty morsel: 一口のおいしい食べ物）。,,
6094,impudent,/ˈɪmpjədənt/,形容詞,生意気な、無礼な、厚かましい,目上の人に対して失礼で、自分の無礼さを気に留めない傲慢な態度。,,
6095,negligent,/neɡlɪdʒənt/,形容詞,怠慢な、不注意な、無頓着な,法律上・業務上の義務や注意を怠っている様子（negligent driving: 不注意運転）。,,
6096,repressive,/rɪˈpresɪv/,形容詞,抑圧的な、弾圧的な,政府などが市民の自由、発言、デモなどを力ずくで厳しく取り締まる様子。,,
6097,mercenary,/ˈmɜːrsəneri/,名詞、形容詞,【名】傭兵（雇われ兵）,お金（給料）のためだけに働く外国人兵士。転じて、お金のためだけに動く人物。,,
6098,serendipity,/ˌserənˈdɪpəti/,名詞,セレンディピティ、偶然の幸運,何かを意図せず探しているときに、偶然に素晴らしい発見に出会う才能。,,
6099,underhand,/ˌʌndərˈhænd/,形容詞、副詞,【形】秘密の、陰険な,ずる賢く、他人の目の届かない場所でコソコソと行う不正な行為。,,
6100,concave,/kɑːnˈkeɪv/,形容詞、名詞,【形】凹（おう）面の、くぼんだ,お椀の内側のように、中心が低く丸くくぼんだ形状（対：convex）。,,
6101,nutty,/ˈnʌti/,形容詞,ナッツのような、ばかげた,ナッツの香ばしい風味。また、人の行動が非常に奇妙でクレイジーな様子。,,
6102,chubby,/ˈtʃʌbi/,形容詞,ぽっちゃりした、丸ぽちゃの,赤ちゃんや動物などが、肉付きがよくて健康的で可愛らしい様子（ふくよか）。,,
6103,quizzical,/ˈkwɪzɪkl/,形容詞,怪訝そうな、おどけた、戸惑った,相手の不審な行動に対して、眉をひそめて怪訝そうな表情（quizzical look）をする様子。,,
6104,palliative,/ˈpæliətɪv/,形容詞、名詞,【形】一時しのぎの、緩和する,根本治療ではなく、がんなどの痛みや不快感を和らげる「緩和治療（palliative care）」。,,
6105,sclerosis,/skləˈroʊsɪs/,名詞,硬化症、硬化,医学用語。特定の組織が硬くなる病気（例：arteriosclerosis「動脈硬化」）。,,
6106,discerning,/dɪˈsɜːrnɪŋ/,形容詞,洞察力のある、確かな審美眼を持つ,本物と偽物を見分けることができる、優れた審美眼（discerning customer: 目の肥えた顧客）。,,
6107,penitence,/ˈpenɪtəns/,名詞,後悔、懺悔、悔い改め,自分が犯した過ちや罪を深く反省し、申し訳なく思っている状態。,,
6108,penance,/ˈpenəns/,名詞、動詞,【名】（罪滅ぼしの）苦行,宗教的な過ちや罪を償うために、自らに課す肉体的・精神的な試練。,,
6109,vested,/ˈvestɪd/,形容詞,既得の、確定した、権利の与えられた,vested interest で「既得権益」を指し、自らの利益を守ろうとする文脈で頻出。,,
6110,bountiful,/ˈbaʊntɪfl/,形容詞,豊富な、寛大な、気前の良い,食べ物や作物が収穫でたくさん実り豊かな様子（bountiful harvest: 豊作）。,,
6111,morose,/məˈroʊs/,形容詞,気難しい、不機嫌な、陰気な,非常に不機嫌で、口をきかずに暗いオーラを放っている様子。,,
6112,squalid,/ˈskwɑːlɪd/,形容詞,不潔な、極貧の、みすぼらしい,掃除や手入れが全くなされておらず、非常に汚くて悲惨な住環境。,,
6113,sod,/sɑːd/,名詞、動詞,【名】芝生、芝土,根っこが付いた状態で四角く切り出された、庭に敷くための「芝の塊」。,,
6114,upshot,/ˈʌpʃɑːt/,名詞,結果、結論、大詰,議論や一連の出来事の「最終的な結末（the upshot of the meeting）」。,,
6115,potency,/ˈpoʊtnsi/,名詞,効能、説得力、勢力,薬、化学物質、お酒、またはスピーチの持つ、強力な影響力や効き目。,,
6116,sullen,/ˈsʌlən/,形容詞,（怒りで）仏頂面の、不機嫌な,不満や怒りを内に秘めて、むっつりと黙り込んでいる不快な表情（sullen look）。,,
6117,oscillation,/ˌɑːsɪˈleɪʃn/,名詞,振動、揺れ、心の迷い,振り子のように2つの点の間を規則正しく行き来する揺れ。また、迷い。,,
6118,reparation,/ˌrepəˈreɪʃn/,名詞,（戦争などの）賠償金、補償,戦争の被害国に対して支払う戦後賠償金。または不正に対する償い。,,
6119,precedence,/ˈpresɪdəns/,名詞,優先、先行、上位,take precedence over ... で「〜よりも優先される」という、非常に重要な重要表現。,,
6120,rubric,/ˈruːbrɪk/,名詞,評価基準、指示、カテゴリー,学校の試験や評価で用いられる、点数のつけ方を明記した詳細な「評価基準表」。,,
6121,starch,/stɑːrtʃ/,名詞、動詞,【名】でんぷん、のり,米やジャガイモに含まれるでんぷん。また、シャツの襟をピシッとさせるのり。,,
6122,impend,/ɪmˈpend/,動詞,今にも起こりそうである、差し迫る,主に現在分詞形 impending（差し迫った）の形容詞的用法で非常によく使われます。,,
6123,polyglot,/ˈpɑːliɡlɑːt/,名詞、形容詞,【名】数カ国語を話す人（ポリグロット）,poly-（多くの）＋ glot（言語）。3カ国語以上を流暢に操る人。,,
6124,averse,/əˈvɜːrs/,形容詞,（〜を）嫌って、反対して（to）,be averse to doing ...（〜することを嫌う・好まない）という形で使われます。,,
6125,knell,/nel/,名詞、動詞,【名】（弔いの）鐘の音、破滅の兆し,葬儀で寂しく鳴り響く鐘の音。転じて、何かの終わりや破滅を告げる不吉な兆し。,,
6126,schema,/ˈskiːmə/,名詞,図式、認知スキーマ、枠組み,物事を理解するための心理的な枠組み、またはデータベース設計での構造定義。,,
6127,abreast,/əˈbrest/,副詞,並んで、遅れずに（of）,keep abreast of the news で「ニュースに遅れずについていく」という重要表現。,,
6128,shingle,/ˈʃɪŋɡl/,名詞、動詞,【名】屋根板、海岸の小石,屋根を覆うための薄い板やタイル。複数形 shingles は「帯状疱疹（病気）」。,,
6129,fussy,/ˈfʌsi/,形容詞,（好みが）神経質な、うるさい,細かいディテールを気にして好みが非常にうるさいこと（fussy about food）。,,
6130,visage,/ˈvɪzɪdʒ/,名詞,顔、顔立ち、容貌,表情や人柄がよく表れている、主に人の「顔」や「顔立ち」を指す文学的な言葉。,,
6131,obstetrician,/ˌɑːbstəˈtrɪʃn/,名詞,産科医、産婦人科医,妊娠から出産、産後のケアまでを専門とする医師（婦人科医は gynecologist）。,,
6132,tuft,/tʌft/,名詞、動詞,【名】（髪・草などの）房、束,髪の毛、草、羽毛などが、根元が一つで先端が広がっている小さな束。,,
6133,saline,/ˈseɪliːn/,形容詞、名詞,【形】塩分を含んだ<br>【名】生理食塩水,医学で点滴などに使われる「生理食塩水（normal saline）」。,,
6134,servile,/sɜːrvl/,形容詞,奴隷のような、卑屈な、へつらう,目上の人に対して、極端に自分の意見を言わずに卑屈にペコペコする様子。,,
6135,altruistic,/ˌæltruˈɪstɪk/,形容詞,利他主義の、他人に尽くす,自分の利益を顧みず、ひたすら他人の幸福や手助けのために行動すること。,,
6136,inveterate,/ɪnˈvetərət/,形容詞,（習慣などが）根深い、常習的な,ギャンブルや嘘などの良くない習慣が染み付いており、直らない様子（inveterate liar）。,,
6137,rudimentary,/ˌruːdɪˈmentəri/,形容詞,基本の、初歩的な、未発達な,非常にシンプルで最初の段階の知識やツール（rudimentary knowledge）。,,
6138,pliant,/ˈplaɪənt/,形容詞,曲がりやすい、しなやかな、素直な,物理的に曲げやすいこと、また素直で他人の意見に簡単に従う柔軟な性格。,,
6139,meek,/miːk/,形容詞,従順な、おとなしい、意気地のない,自分の主張を全くせず、争いを避けておとなしく従うおっとりした様子。,,
6140,taciturn,/ˈtæsɪtɜːrn/,形容詞,寡黙な、無口な、口数の少ない,おしゃべりを嫌い、性格的にいつも静かで余計な発言をしない様子。,,
6141,marquee,/mɑːrˈkiː/,名詞、形容詞,【名】電光看板、大テント<br>【形】大物の,劇場の電光掲示板の意味から、marquee player で「チームの目玉（スター）選手」。,,
6142,montage,/mɑːnˈtɑːʒ/,名詞、動詞,【名】モンタージュ、切り貼り映像,映画で、複数の短いシーンを次々に繋ぎ合わせて時間の経過などを表現する技法。,,
6143,tacky,/ˈtæki/,形容詞,安っぽい、趣味の悪い,色合いやデザインが下品で趣味が悪く、いかにも安物に見える様子。,,
6144,vociferous,/voʊˈsɪfərəs/,形容詞,（抗議などが）大声の、騒々しい,自分の主張や不満を、非常に激しく、大声で抗議してアピールする様子。,,
6145,padlock,/ˈpædlɑːk/,名詞、動詞,【名】南京錠、パドロック,本体からU字型の金属の輪が出ていて、鍵でロックする持ち運び可能な錠。,,
6146,overcast,/ˌoʊvərˈkæst/,形容詞、名詞、動詞,【形】（空が）雲に覆われた,青空が一切見えず、グレーの雲が一面を覆っている重苦しい天気。,,
6147,parochial,/pəˈroʊkiəl/,形容詞,（考えが）狭い、偏狭な,狭い地域（教区）しか見えておらず、視野が狭く独善的な態度（parochial mindset）。,,
6148,spasm,/ˈspæzəm/,名詞、動詞,【名】（筋肉の）痙攣、突然の激発,自分の意思とは関係なく、筋肉が突発的にギュッと収縮して痛むこと。,,
6149,pompous,/ˈpɑːmpəs/,形容詞,横柄な、もったいぶった、傲慢な,自分の重要性を過剰に見せて、尊大で偉そうな態度をとる様子。,,
6150,vehement,/ˈviːəmənt/,形容詞,（抗議・感情などが）激しい,激しい怒りや強い感情を伴う反対意見（vehement denial: 強硬な否認）。,,
6151,periphery,/pəˈrɪfəri/,名詞,周辺、外周、周辺部,ある地域の中心から離れた外側の部分。主要な議論から外れた本質的でない部分。,,
6152,complacent,/kənˈpleɪsnt/,形容詞,自己満足した、現状に甘んじた,現在の状況に完全に満足し、今後起こるかもしれない危険への備えを怠る様子。,,
6153,membrane,/ˈmembreɪn/,名詞,膜、薄膜、細胞膜,生物の体を包む細胞膜（cell membrane）や、物質を分ける薄い柔軟な膜。,,
6154,nepotism,/ˈnepətɪzəm/,名詞,身内びいき、縁故主義,権力者がその職権を利用して、親族や友人を優先的に就職・昇進させること。,,
6155,illegible,/ɪˈledʒəbl/,形容詞,（字が汚くて）読めない、判読不能な,字が極めて雑で汚く、なんと書いてあるのか解読できない様子（対：legible）。,,
6156,tactile,/ˈtæktl/,形容詞,触覚の、触ってわかる,触る感覚（触覚）に関する事柄（tactile sensation: 触感）。,,
6157,predisposition,/ˌpriːdɪspəˈzɪʃn/,名詞,素因、体質、傾向,生まれつき病気になりやすい体質、または特定の考え方に傾きやすい性質。,,
6158,scribe,/skraɪb/,名詞、動詞,【名】写本筆写者、書記,印刷技術がない時代に、手書きで聖書や本を書き写していた書記官。,,
6159,manic,/ˈmænɪk/,形容詞,躁病の、熱狂的な、慌ただしい,狂ったようにエネルギーが高まり、非常に慌ただしく興奮している様子。,,
6160,modality,/moʊˈdæləti/,名詞,様式、モダリティ,医療における治療法・診断機器（CT、MRI等）の分類。また特定の感覚のあり方。,,
6161,unscathed,/ʌnˈskeɪðd/,形容詞,無傷の、無事な,事故や戦争、激しい論争の渦中にいながら、全く傷を負わずに無事だった状態。,,
6162,vale,/veɪl/,名詞,谷、渓谷、この世,valley（谷）のやや詩的・文学的な表現。,,
6163,diabolic,/ˌdaɪəˈbɑːlɪk/,形容詞,極悪非道な、悪魔のような,diabolical とも。極めて残酷で、悪意に満ちた邪悪な企みや行動。,,
6164,instantaneous,/ˌɪnstənˈteɪniəs/,形容詞,即時の、瞬時の、同時の,ボタンを押した瞬間に、時間差なくその場ですぐに実行される様子。,,
6165,tetanus,/ˈtetənəs/,名詞,破傷風（はしょうふ）,傷口から破傷風菌が入り、全身の筋肉が激しく強直する危険な病気。,,
6166,contrived,/kənˈtraɪvd/,形容詞,不自然な、作為的な、作り物の,自然ではなく、いかにも他人が裏で計算して作り上げたような不自然な言動や演出。,,
6167,meticulously,/məˈtɪkjələsli/,副詞,細心の注意を払って、几帳面に,ささいなミスも許さないほど、非常にきれいに、時間をかけて几帳面に行う様子。,,
6168,pinnacle,/ˈpɪnəkl/,名詞、動詞,【名】頂点、絶頂、小尖塔,尖った山の頂上。また、キャリアなどの最高峰（pinnacle of success）。,,
6169,quadrant,/ˈkwɑːdrənt/,名詞,四分円、第4象限,円を4等分にしたうちの1つ。グラフにおける4つのエリア（第1〜第4象限）。,,
6170,inadvertent,/ˌnədˈvɜːrtənt/,形容詞,うっかりの、故意でない,意図したものではなく、偶然やうっかりミスで引き起こされたこと。,,
6171,pathological,/ˌpæθəˈlɑːdʒɪkl/,形容詞,病理学的な、病的な,病気の研究。また、常識を遥かに超えた病的で抑えられない行動（病的虚言癖など）。,,
6172,euphoric,/juːˈfɔːrɪk/,形容詞,幸福感に満ちた、極度に上機嫌な,喜びや幸福感が爆発し、まるで雲の上にいるかのような、強烈な快楽・興奮状態。,,
6173,circumspect,/ˈsɜːrkəmspekt/,形容詞,慎重な、注意深い、用心深い,周囲の状況や起こりうるリスクを細かく見渡して、慎重に行動する様子。,,
6174,inlet,/ˈɪnlet/,名詞、動詞,【名】入り江、吸入口,海や湖の、陸地に細長く入り込んだ静かな入り江。またガスなどの流入口。,,
6175,subservient,/səbˈsɜːrviənt/,形容詞,服従する、補助的な、卑屈な,目上の人の言うことに絶対的に従い、自分の意見を言わない卑屈な態度。,,
6176,molten,/ˈmoʊltən/,形容詞,（熱で）溶けた、液化した,火山から出たマグマや、工場で高熱によってドロドロに溶けた鉄などの金属。,,
6177,opulent,/ˈɑːpjələnt/,形容詞,豪華な、裕福な、贅沢な,豪華な宮殿や、極めて裕福で贅沢な生活スタイル（opulent lifestyle）。,,
6178,diligently,/ˈdɪlɪdʒəntli/,副詞,勤勉に、一生懸命に、地道に,サボらずに集中して、目標に向かって真面目に地道に努力し続ける様子。,,
6179,remuneration,/rɪˌmjuːnəˈreɪʃn/,名詞,報酬、給与、お返し,提供した労働、サービス、専門知識に対する、正式な金銭的な対価。,,
6180,distal,/ˈdɪstl/,形容詞,末梢の、遠位の,医学用語。体幹の中心部から最も遠い手足の先端側を指します（対：proximal）。,,
6181,immaculate,/ɪˈmæk jələt/,形容詞,一点の曇りもない、欠点のない,埃一つ落ちていない真っ白で完璧にきれいな部屋や、欠点がまったくない態度。,,
6182,maiden,/ˈmeɪdn/,名詞、形容詞,【形】初回の、未婚の、処女の,maiden voyage で「処女航海」、maiden speech で「初演説」を指します。,,
6183,whirlpool,/ˈwɜːrlpuːl/,名詞,渦巻き、渦、混沌,水流が激しく円を描いて回り、中心へと吸い込む危険な渦（鳴門の渦潮など）。,,
6184,banal,"/bəˈnæl/ , /bəˈnɑːl/",形容詞,ありふれた、陳腐な、平凡な,オリジナリティが全くなく、どこにでもある退屈で面白みのないアイデア。,,
6185,indignation,/ˌɪndɪɡˈneɪʃn/,名詞,（理不尽さへの）憤り、憤慨,不正、差別、または約束破りを目の当たりにしたときの、道徳的な強い怒り。,,
6186,ignoble,/ɪɡˈnoʊbl/,形容詞,下劣な、不名誉な,道徳的に非常に卑しく、尊敬に値しない行動や動機（ignoble thoughts）。,,
6187,nebulous,/ˈneb jələs/,形容詞,不鮮明な、漠然とした、あいまいな,霧がかかったように形がぼやけており、内容が曖昧でよく分からない計画など。,,
6188,renunciation,/rɪˌnʌnsiˈeɪʃn/,名詞,放棄、断念、拒絶,自分の権利、信仰、または財産を公式に手放して放棄すること（暴力の放棄など）。,,
6189,skid,/skɪd/,動詞、名詞,【動】スリップする、横滑りする,濡れた道路などで、車のタイヤがグリップを失ってパッと横滑りすること。,,
6190,resplendent,/rɪˈsplendənt/,形容詞,まばゆい、華麗な,極めて美しく、堂々と光り輝いている様子（resplendent dress）。,,
6191,tripod,/ˈtraɪpɑːd/,名詞,三脚、三脚台,カメラや望遠鏡を固定するための3本脚の台。,,
6192,relish,/ˈrelɪʃ/,名詞、動詞,【動】楽しむ、美味しく食べる,食事をじっくり美味しく味わうこと。また、状況を大いに楽しむこと。,,
6193,decrepit,/dɪˈkrepɪt/,形容詞,老いぼれた、ガタのきた,非常に古くなり壊れかけている建物や、体力が衰えた高齢者。,,
6194,peddler,/ˈpedlər/,名詞,行商人、（麻薬の）密売人,家々を回って小物を売る商人、または違法薬物の密売人。,,
6195,yolk,/joʊk/,名詞,卵黄、黄身,卵の黄色い部分。白い部分は egg white。,,
6196,suffrage,/ˈsʌfrɪdʒ/,名詞,参政権、選挙権,選挙で投票する権利。歴史上の女性参政権運動は women's suffrage。,,
6197,assiduous,/əˈsɪdʒuəs/,形容詞,勤勉な、根気強い、入念な,細心の注意を払い、地道に努力し続ける様子（diligentに類似）。,,
6198,promiscuous,/prəˈmɪskjuəs/,形容詞,（性的に）奔放な、雑多な,特定の相手を決めず、性的に奔放な様子。,,
6199,widget,/ˈwɪdʒɪt/,名詞,ウィジェット、小型部品,スマホ画面に配置するミニアプリ、または名前のわからない仮の工業製品。,,
6200,replete,/rɪˈpliːt/,形容詞,満ちた、充満した、満腹した,be replete with ... の形で、必要なものが豊富に備わっていること。,,
6201,mire,/ˈmaɪər/,名詞、動詞,【名】泥沼、窮地,get mired down in ... で「面倒な問題から抜け出せなくなる」という比喩。,【名】He sank into a mire of tax paperwork so deep that even the accountant sighed in sympathy.<br>【動】Don't let one small typo mire the entire report in an endless cycle of nitpicky revisions.,【名】彼は税金の書類の泥沼に深くはまり込み、会計士でさえ同情のため息をついた。<br>【動】一つの小さな誤字が、報告書全体を果てしない揚げ足取りの修正の泥沼にはめないようにしなさい。
6202,bereaved,/bɪˈriːvd/,形容詞、名詞,【形】先立たれた<br>【名】（the bereaved）遺族,愛する家族や友人を亡くして、深い悲しみの中にいる状態。,【形】The bereaved widow received nine casseroles in one day and quietly wondered what to do with them all.<br>【名】The support group welcomed the bereaved with warm tea and the comforting permission to simply sit in silence.,【形】先立たれた未亡人は一日で九つのキャセロールを受け取り、それを全部どうすべきか静かに悩んだ。<br>【名】その支援グループは遺族を温かいお茶と、ただ黙って座っていいという慰めの許しで迎えた。
6203,engross,/ɪnˈɡroʊs/,動詞,夢中にさせる、注意を奪う,be engrossed in で「（本などに）完全に熱中している」の形で頻出。,"The novel so completely engrossed him that he missed his stop, his lunch, and an important phone call.",その小説は彼をあまりに完全に夢中にさせたので、彼は降りる駅も昼食も大事な電話も逃した。
6204,undue,/ˌʌnˈduː/,形容詞,過度の、不当な,程度が不適切で過剰であること（undue pressure: 不当な圧力）。,"He placed undue importance on the office coffee, treating a weak brew as a personal betrayal.",彼はオフィスのコーヒーに過度の重要性を置き、薄い一杯を個人的な裏切りのように扱った。
6205,zodiac,/ˈzoʊdiæk/,名詞,黄道帯、十二宮,西洋占星術の12星座（the signs of the zodiac）。,"She read every zodiac sign in the paper, then chose to believe only the one predicting free snacks.",彼女は新聞の星座占いを全部読み、それから無料のおやつを予言するものだけを信じることにした。
6206,amphibian,/æmˈfɪbiən/,名詞、形容詞,【名】両生類、水陸両用車,カエルやサンショウウオのように、水中と陸上両方で生活する生物。,"【名】The frog is an amphibian that seemed deeply unimpressed by the children's enthusiastic screaming.<br>【形】The military showed off its amphibian vehicle, which crawled from the lake looking oddly smug.",【名】そのカエルは両生類で、子どもたちの熱狂的な叫び声に深く感心していない様子だった。<br>【形】軍はその水陸両用車を披露し、それは奇妙に得意げな様子で湖から這い上がってきた。
6207,extant,"/ekˈstænt/ , /ˈekstənt/",形容詞,現存する、今も残っている,古い書物や芸術作品などが、紛失・破壊されずに現代まで残っている状態。,The oldest extant copy of the recipe revealed grandma's secret ingredient was simply twice the butter.,そのレシピの現存する最古の写しは、祖母の秘密の材料が単にバター二倍だったことを明かした。
6208,heinous,/ˈheɪnəs/,形容詞,（犯罪などが）極悪な、憎むべき,極めて凶悪で、人道的に絶対に許しがたい重大な犯罪。,The heinous crime of finishing the shared office cake was solved by a single incriminating fork.,共用のオフィスケーキを食べ切るという極悪な犯罪は、一本の決定的なフォークによって解決された。
6209,sheepishly,/ˈshɪːpɪʃli/,副詞,恥ずかしそうに、気まずそうに,失敗がばれて、きまり悪そうにモジモジしながらハニカむ様子。,He grinned sheepishly after realizing he had been enthusiastically waving at a total stranger.,彼はまったくの他人に熱心に手を振っていたと気づき、恥ずかしそうににやりと笑った。
6210,materialism,/məˈtɪriəlɪzəm/,名詞,物質主義、唯物論,精神的価値よりも、目に見える富やお金、物的な豊かさを最優先する考え方。,His sudden interest in materialism faded fast when he saw the price tag on the shiny new gadget.,物質主義への彼の突然の興味は、ぴかぴかの新型ガジェットの値札を見た時、あっという間に冷めた。
6211,transcendent,/trɪnˈsendənt/,形容詞,卓越した、超越的な,通常の限界を遥かに超えて、非常に優れている様子。,"The chef claimed his soup was a transcendent experience, though it tasted mostly of confident salt.",そのシェフは自分のスープが超越的な体験だと主張したが、味は主に自信たっぷりの塩だった。
6212,foolproof,/ˈfuːl pruːf/,形容詞,絶対に安全な、確実な,誰が操作しても失敗しないほど、シンプルで確実なシステムや計画。,His foolproof plan to wake up early relied entirely on a single alarm he always slept through.,早起きするという彼の絶対確実な計画は、いつも寝過ごす一つの目覚まし時計に完全に頼っていた。
6213,rasp,/ræsp/,動詞、名詞,【動】耳障りな声で言う,金属をやすりで削る。また、喉が枯れた不快なしゃがれ声（raspy voice）。,"【動】""Who ate my sandwich?"" he rasped, having lost his voice yelling about the very same crime yesterday.<br>【名】The file has a rough rasp that took the sharp edge off the wood, and off the woodworker's patience.",【動】「誰が俺のサンドイッチを食べた？」と彼は耳障りな声で言った。昨日まさに同じ犯罪について叫んで声を失っていたのだ。<br>【名】そのやすりは粗い研磨面を持ち、木材の鋭い角を、そして木工職人の忍耐をも削り落とした。
6214,untenable,/unˈtenəbl/,形容詞,（立場が）維持できない,批判や反論に耐えられず、その主張や立場を守り抜くことができないこと。,His untenable claim that he'd read the entire report collapsed the moment someone asked a single question.,報告書を全部読んだという彼の維持できない主張は、誰かが一つ質問した瞬間に崩れ去った。
6215,agrarian,/əˈɡreriən/,形容詞,農地の、農業の,土地や農業、小作人の権利に関する事柄（agrarian reform: 農地改革）。,The city dweller romanticized the agrarian life until he met his first genuinely angry rooster.,その都会人は、初めて本当に怒った雄鶏に出会うまで、農業の暮らしを美化していた。
6216,chronically,/ˈkrɑːnɪkli/,副詞,慢性的に、常に,病気だけでなく、問題や資金不足が常に長期間にわたって続いている状態。,"He is chronically late, arriving to his own surprise party a full forty minutes after the surprise.",彼は慢性的に遅刻し、自分のサプライズパーティーに、サプライズの丸四十分後に到着した。
6217,tactful,/ˈtæktfl/,形容詞,機転の利く、配慮のある,他人の感情を傷つけないよう、状況に応じて言葉を慎重に選べること。,Her tactful way of saying the haircut was 'bold' spared his feelings while telling him nothing useful.,その髪型を「大胆」と言う彼女の機転の利いた言い方は、彼の気持ちを守りつつ、何ら有用なことは伝えなかった。
6218,snippet,/ˈsnɪpɪt/,名詞,小片、断片、スニペット,会話やニュースの短い切り抜き。IT用語ではコード断片。,He overheard just a snippet of the conversation and spent all week inventing dramatic conclusions.,彼は会話の断片だけを耳にし、一週間かけて劇的な結論を捏造して過ごした。
6219,caustic,/ˈkɔːstɪk/,形容詞、名詞,【形】腐食性の、辛辣な,皮膚を溶かす化学的性質。転じて、非常にトゲのあるきつい批判。,【形】His caustic review of the play was so brutal that the director framed it as a badge of honor.<br>【名】The plumber warned that pouring the caustic down the sink would only anger the ancient pipes further.,【形】その劇への彼の辛辣な批評はあまりに容赦なく、監督はそれを名誉の勲章として額装した。<br>【名】配管工は、その腐食剤を流しに流しても、古い配管をさらに怒らせるだけだと警告した。
6220,derogatory,/dɪˈrɑːɡətɔːri/,形容詞,見下した、軽蔑的な,他人をばかにし、その価値や名誉をおとしめるような発言。,"He made a derogatory comment about the office plant, which promptly wilted in silent, dramatic protest.",彼はオフィスの観葉植物について軽蔑的な発言をし、それは即座に無言で劇的な抗議としてしおれた。
6221,treacherous,/ˈtretʃərəs/,形容詞,裏切りの、不実な、危険な,味方のふりをして裏切る狡猾さ。また「一見安全だが実は危険な」状態。,The treacherous patch of ice near the door claimed three coworkers and one very startled pizza delivery.,ドア近くの危険な氷の一角は、三人の同僚と、非常に驚いたピザ配達を一件、犠牲にした。
6222,passbook,/ˈpæsbʊk/,名詞,預金通帳、銀行通帳,銀行の取引履歴や預金残高を記録する冊子（bankbook）。,"He proudly showed his old passbook, whose balance was mostly a long, uninterrupted record of coffee.",彼は古い預金通帳を誇らしげに見せたが、その残高は主にコーヒーの長く途切れない記録だった。
6223,proviso,/prəˈvaɪzoʊ/,名詞,ただし書き、条件,契約書などで、「〜という条件のもとで」と加えられる制限条項。,"He agreed to help move, with the firm proviso that pizza and gratitude be supplied in abundance.",彼は引っ越しの手伝いに同意したが、ピザと感謝をふんだんに提供するという厳格な条件付きだった。
6224,pallid,/ˈpælɪd/,形容詞,（顔が）青白い、活気のない,病気や恐怖のために、顔から血の気が引いて白くなっている様子。,His pallid face after the rollercoaster suggested he would be sticking to the merry-go-round from now on.,ジェットコースターの後の彼の青白い顔は、彼が今後メリーゴーラウンドに専念することを物語っていた。
6225,vindictive,/vɪnˈdɪktɪv/,形容詞,復讐心のある、執念深い,ささいな嫌がらせに対して、仕返しをせずにはいられない執念深い性格。,The vindictive cat waited three full days before knocking the guilty guest's phone into the fish tank.,その執念深い猫は丸三日待ってから、罪深い客のスマホを水槽の中へ叩き落とした。
6226,ruefully,/ˈruːfəli/,副詞,後悔して、悲しそうに,自分の失敗を振り返り、少し悲しそうに残念そうに苦笑いする様子。,"He smiled ruefully at the empty cookie jar, having forgotten that he himself had emptied it last night.",彼は空のクッキー瓶に悔しそうに微笑んだ。昨夜それを空にしたのが自分自身だと忘れていたのだ。
6227,rogue,/roʊɡ/,名詞、形容詞、動詞,【形】ならず者の、制御不能な,ルールを無視して勝手に行動するならず者（rogue nation: ならず者国家）。,"【形】The one rogue printer in the office jammed only during urgent tasks, as if it enjoyed the drama.<br>【名】He played the lovable rogue in the movie, charming the audience while robbing every character blind.<br>【動】The single tomato plant rogued across the entire garden, strangling the polite, well-behaved herbs.",【形】オフィスの一台の制御不能なプリンターは、まるで騒動を楽しむかのように緊急の仕事の時だけ紙詰まりを起こした。<br>【名】彼は映画で愛すべきならず者を演じ、あらゆる登場人物から根こそぎ盗みつつ観客を魅了した。<br>【動】その一本のトマトの苗は庭全体に暴走し、行儀のよい礼儀正しいハーブを絞め殺した。
6228,inquisitive,/ɪnˈkwɪzətɪv/,形容詞,好奇心の強い、詮索好きな,好奇心が旺盛で、他人のプライバシーを根掘り葉掘り聞くお節介なニュアンスも。,The inquisitive toddler asked 'why' so many times that the tired parent began questioning reality itself.,その好奇心旺盛な幼児が「なぜ」を何度も尋ねるので、疲れた親は現実そのものを疑い始めた。
6229,semen,/ˈsiːmən/,名詞,精液,医学用語。オスの生殖細胞（精子）を含む液体。,"The biology teacher explained how semen carries genetic information, while half the class stared at the ceiling.",生物の教師は精液がどう遺伝情報を運ぶか説明したが、クラスの半分は天井を見つめていた。
6230,fitful,/ˈfɪtfl/,形容詞,断続的な、時折の,一定のペースではなく、始まったり止まったりする様子（fitful sleep: 浅い眠り）。,"After a fitful night of sleep interrupted by a snoring cat, he arrived at work resembling a tired ghost.",いびきをかく猫に邪魔された断続的な夜の睡眠の後、彼は疲れた幽霊のような姿で出勤した。
6231,vacuous,/ˈvækjuəs/,形容詞,空虚な、うつろな、中身のない,表情が完全に空っぽで、知性や考えが全く感じられない様子。,"His vacuous stare during the meeting revealed his mind was firmly somewhere on a distant, sunny beach.",会議中の彼のうつろな視線は、彼の心が遠くの陽の当たるビーチのどこかにしっかりあることを露呈していた。
6232,resurgent,/rɪˈsɜːrdʒənt/,形容詞,復活する、再起する,一度衰退した勢力や病気が、再び勢いを取り戻して現れる様子。,"The resurgent interest in the old cafe puzzled the owner, who had changed absolutely nothing in years.",その古いカフェへの復活した関心は、何年も何一つ変えていなかった店主を困惑させた。
6233,harangue,/həˈræŋ/,名詞、動詞,【名】大演説、長説教,他人を非難するために、一方的に長く、怒鳴るように説教すること。,"【名】His nightly harangue about proper dishwashing technique had become the family's unofficial bedtime story.<br>【動】She began to harangue the committee about parking, and forty patient minutes later, still had not stopped.",【名】適切な皿洗いの技術についての彼の毎晩の大演説は、家族の非公式な就寝前の物語になっていた。<br>【動】彼女は駐車について委員会に長々と説教を始め、辛抱強い四十分後もまだ止まらなかった。
6234,truncate,/ˈtrʌŋkeɪt/,動詞,切り詰める、省略する,長い文章やデータの一部を、途中でバッサリと切り落として短くすること。,"He tried to truncate his long story for the impatient group, then somehow added two extra tangents.",彼はせっかちな集団のために長話を切り詰めようとし、それからなぜか二つの余談を追加した。
6235,zephyr,/ˈzefər/,名詞,そよ風、西風,主に春や夏に吹く、非常に心地よくて穏やかな弱い風。,A gentle zephyr drifted through the window and carried off the single most important paper on his desk.,穏やかなそよ風が窓から漂い込み、彼の机の上でただ一つ最も重要な書類を運び去った。
6236,juxtapose,/ˌdʒʌkstəˈpoʊz/,動詞,並置する、並列する,2つの対照的なもの（新旧など）を隣同士に並べて対比させること。,"The gallery chose to juxtapose a priceless sculpture with a half-eaten sandwich, and critics debated for weeks.",そのギャラリーは値のつけられない彫刻を食べかけのサンドイッチと並置することを選び、評論家たちは何週間も議論した。
6237,crass,/kræs/,形容詞,粗野な、配慮のない、下品な,他人の感情を全く考えない、デリカシーのない言動。,His crass joke at the elegant dinner landed with the grace of a brick dropped into a bowl of soup.,上品なディナーでの彼の粗野な冗談は、スープの器に落とされたレンガのような優雅さで着地した。
6238,dogmatic,/dɔːɡˈmætɪk/,形容詞,独断的な、教義上の,自分の考えが絶対に正しいと思い込み、他人の意見を全く聞き入れない態度。,"The dogmatic food critic insisted there was exactly one correct way to boil an egg, and he alone knew it.",その独断的な料理評論家は、卵を茹でる正しい方法はただ一つ存在し、彼だけがそれを知っていると言い張った。
6239,obfuscate,/ˈɑːbfʌskeɪt/,動詞,曖昧にする、混乱させる,都合の悪い真実を隠すために、説明を意図的に複雑にすること。,The politician managed to obfuscate a simple yes-or-no question into a twenty-minute cloud of vague nouns.,その政治家は単純なイエスかノーの質問を、二十分にわたるあいまいな名詞の雲へと巧みにぼかした。
6240,sacrosanct,/ˌsækroʊˈsæŋkt/,形容詞,極めて神聖な、侵すべからざる,宗教的に神聖なもの。転じて、絶対に変更や批判が許されないルール。,"His afternoon nap was sacrosanct, and even a ringing fire alarm was expected to show some patience.",彼の午後の昼寝は極めて神聖で、鳴り響く火災報知器でさえ少しは辛抱を見せることが期待された。
6241,lackluster,/ˈlækˌlʌstər/,形容詞,活気のない、冴えない,演奏や業績がパッとせず、平凡で退屈な様子（lack「欠ける」＋luster「光沢」）。,The team's lackluster performance in the first half was only outdone by their lackluster excuses afterward.,前半のそのチームの冴えないプレーは、その後の冴えない言い訳によってのみ上回られた。
6242,iconoclast,/aɪˈkɑːnəklæst/,名詞,偶像破壊者、因習打破主義者,伝統的な信仰や、社会の古い習慣・ルールを打ち破ろうとする開拓者。,"The office iconoclast questioned the sacred tradition of Friday donuts, and was met with horrified silence.",そのオフィスの因習打破主義者は、金曜のドーナツという神聖な伝統に疑問を呈し、恐怖の沈黙で迎えられた。
6243,xenophile,/ˈzenəfaɪl/,名詞,外国人好みの人、新しいもの好きな人,自国の文化よりも、外国の文化や人々に強い憧れや親しみを持つ人（対：xenophobe）。,"A true xenophile, he greeted every foreign tourist so enthusiastically they assumed he worked for the city.",生粋の外国好きである彼は、あらゆる外国人観光客をあまりに熱烈に迎えたので、彼らは彼が市の職員だと思い込んだ。
6244,nefarious,/nɪˈferiəs/,形容詞,（行為などが）極悪な、不道徳な,法律だけでなく、道徳的・人道的に極めて悪質で卑劣な企みや犯罪。,"The cat's nefarious plot to be fed twice involved pretending, with great skill, that no one had fed it once.",二度餌をもらうというその猫の極悪な陰謀は、一度も餌をもらっていないふりを見事な腕前ですることを含んでいた。
6245,fallacious,/fəˈleɪʃəs/,形容詞,誤った、当てにならない,一見正しいように見えて、実は論理的な破綻や誤りを含んでいる論説。,"His fallacious claim that dessert doesn't count if eaten standing up was, sadly, believed by no one.",立って食べればデザートは勘定に入らないという彼の誤った主張は、悲しいことに誰にも信じられなかった。
6246,jubilant,/ˈdʒuːbɪlənt/,形容詞,歓喜に満ちた、大喜びの,合格や勝利により、興奮して飛び上がって喜んでいる様子。,The jubilant crowd celebrated the victory so loudly that the winning player couldn't hear his own interview.,歓喜に満ちた群衆はあまりに大声で勝利を祝ったので、勝った選手は自分のインタビューが聞こえなかった。
6247,veracity,/vəˈsæsəti/,名詞,真実性、誠実さ、正確さ,陳述や情報が、嘘偽りなくどれだけ真実・正確であるかということ。,The veracity of his fishing story dropped sharply each time he retold it and the fish grew another foot.,彼の釣りの話の真実性は、語り直すたびに、魚がまた一フィート伸びるにつれて急落した。
6248,virtuoso,/ˈvɜːrtʃuoʊsoʊ/,名詞、形容詞,【名】（芸術などの）巨匠、名手,楽器演奏などにおいて、卓越した超一流の技術を持つ人物。,"【名】The piano virtuoso stunned the crowd, then admitted he still couldn't play chopsticks without wincing.<br>【形】She gave a virtuoso performance of parallel parking that drew unexpected applause from the sidewalk.",【名】そのピアノの巨匠は聴衆を驚嘆させたが、いまだに顔をしかめずに「箸」を弾けないと認めた。<br>【形】彼女は名人芸的な縦列駐車を披露し、歩道から思いがけない拍手を浴びた。
6249,dawdle,/ˈdɔːdl/,動詞,ぐずぐずする、時間を無駄にする,急ぐべき場面で、のんびりと無駄な動作をして時間を浪費すること。,The kids dawdled so long over choosing ice cream that it melted before a single decision was ever made.,子どもたちはアイスクリーム選びにあまりにぐずぐずしたので、一つの決断が下される前にそれは溶けてしまった。
6250,yeasty,/ˈjiːsti/,形容詞,酵母の、活発な、落ち着かない,パンのイースト菌。転じて、感情やアイデアが次々と沸き起こり活発な様子。,"The yeasty smell of fresh bread drifted through the office, instantly dissolving everyone's productivity.",焼きたてパンの酵母の香りがオフィスに漂い、全員の生産性を瞬時に溶かした。
6251,knave,/neɪv/,名詞,ならず者、悪党、トランプのJ,ずる賢く、不誠実で信用できない男（やや古風な表現）。,"The charming knave talked his way into the party, then quietly walked off with all the good appetizers.",その魅力的な悪党は口先でパーティーに入り込み、それから旨い前菜を全部持ってこっそり立ち去った。
6252,ebullient,/ɪˈbʌliənt/,形容詞,あふれんばかりの、熱狂的な,喜び、興奮、活気がみなぎり、非常に上機嫌で生き生きとしている様子。,"Her ebullient greeting at 7 a.m. was, for the non-morning people, both admirable and mildly threatening.",午前七時の彼女のあふれんばかりの挨拶は、朝が苦手な人々にとって、称賛に値し、かつ軽く脅威的でもあった。
6253,pugnacious,/pʌɡˈneɪʃəs/,形容詞,喧嘩早い、好戦的な,すぐ怒って手を出したり、他人に論争を吹っかけたりする攻撃的な性格。,"The pugnacious little terrier squared up to a Great Dane, utterly convinced it had a real fighting chance.",その喧嘩早い小さなテリアは、勝算が本当にあると固く信じて、グレートデーンに立ち向かった。
6254,solemnity,/səˈlemnəti/,名詞,厳粛、厳か、まじめさ,葬儀や公式の儀式などの、静かで重々しく厳かな雰囲気。,The solemnity of the ceremony was briefly disturbed by a phone loudly playing a cheerful cartoon theme.,その式典の厳粛さは、陽気なアニメのテーマ曲を大音量で流すスマホによって、しばし乱された。
6255,invigorate,/ɪnˈvɪɡəreɪt/,動詞,元気づける、活力を与える,運動などで、体や精神をシャキッとリフレッシュさせ、活力を吹き込むこと。,A single cup of good coffee could invigorate him enough to face the truly horrifying stack of morning emails.,一杯の良いコーヒーは、本当に恐ろしい朝のメールの山に立ち向かえるほど彼を元気づけることができた。
6256,litigate,/ˈlɪtɪɡeɪt/,動詞,訴訟を起こす、法廷で争う,紛争や問題を解決するために、正式に裁判所に訴え出て、法的手段で争うこと。,"He threatened to litigate over the missing office stapler, drafting a formal letter of surprising length.",彼は行方不明のオフィスのホチキスを巡って訴訟を起こすと脅し、驚くほどの長さの正式な手紙を起草した。
6257,querulous,/ˈkwerələs/,形容詞,不平の多い、愚痴を言う,子どもや不満の多い人が、キーキーと不快な声でささいな不平を何度も言う様子。,"The querulous customer complained the free sample was too small, too warm, and disappointingly delicious.",その不平の多い客は、無料試食が小さすぎ、温かすぎ、そして残念なほど美味しいと文句を言った。
6258,sanctimonious,/ˌsæŋktɪˈmoʊniəs/,形容詞,神聖ぶった、偽善的な,他人を非難しながら、自分こそが正しいと「善人ぶる」鼻持ちならない態度。,His sanctimonious lecture on recycling was undercut by the plastic cup he was holding the entire time.,リサイクルに関する彼の神聖ぶった説教は、その間ずっと握っていたプラスチックカップによって台無しにされた。
6259,rambunctious,/ræmˈbʌŋktʃəs/,形容詞,騒々しい、やんちゃな,エネルギーが有り余って、部屋中をドタバタと騒がしく走り回る子ども。,The rambunctious puppies turned a calm living room into a chaotic scene of scattered cushions and pure joy.,その騒々しい子犬たちは、穏やかな居間を、散らばったクッションと純粋な喜びの混沌とした光景に変えた。
6260,unflappable,/ˌʌnˈflæpəbl/,形容詞,動じない、冷静な、沈着な,どんな危機が起きても、パニックにならず冷静に対処できる性格。,The unflappable pilot calmly announced the delay as though a passing volcano were merely a minor inconvenience.,その動じないパイロットは、通りすがりの火山などほんの些細な不便であるかのように、落ち着いて遅延を告げた。
6261,verbose,/vɜːrˈboʊs/,形容詞,多弁な、言葉数の多い、くどい,文章や説明において、必要な言葉以上に無駄な言葉が多すぎて長ったらしいこと。,"His verbose apology was so long that by the end, everyone had forgotten what he was even apologizing for.",彼の多弁な謝罪はあまりに長く、終わる頃には何について謝っているのか全員が忘れていた。
6262,beleaguer,/bɪˈliːɡər/,動詞,包囲する、苦しめる,beleaguered（問題に囲まれて苦しんでいる）の形で頻出（例：苦境に立つ企業）。,"Beleaguered by three back-to-back meetings, he began to view his lunch break as a distant, mythical legend.",三つの立て続けの会議に苦しめられ、彼は昼休みを遠く神話的な伝説のように見なし始めた。
6263,quibble,/ˈkwɪbl/,動詞、名詞,【動】屁理屈を言う,本質的でない、重要でない言葉尻や細かい規則にこだわって不満を言うこと。,"【名】Her only quibble with the perfect vacation was that it had, unforgivably, eventually ended.<br>【動】He loves to quibble over tiny details, once debating for an hour whether a hot dog qualifies as a sandwich.",【名】完璧な休暇への彼女の唯一の不満は、それが許しがたくも、ついに終わってしまったことだった。<br>【動】彼は細かい点で屁理屈を言うのが大好きで、かつてホットドッグはサンドイッチかどうか一時間議論した。
6264,knoll,/noʊl/,名詞、動詞,【名】（丸みのある）小山、丘,草に覆われた、なだらかで小さくて丸みのある丘（hillよりも小さい）。,"【名】The picnickers claimed the grassy knoll, guarding the perfect shady spot from any and all latecomers.<br>【動】The distant church bells seemed to knoll gently across the valley, as though announcing nothing in particular.",【名】ピクニックの一行は草の小山を占領し、完璧な日陰の場所をあらゆる遅刻者から守った。<br>【動】遠くの教会の鐘が、まるで特に何も告げていないかのように、谷を越えて穏やかに鳴り渡るようだった。
6265,gerrymander,/ˈdʒerimændər/,動詞、名詞,【動】選挙区を改変する,選挙で勝つために、選挙区の形を不自然にねじ曲げて調整する政治的行為。,"【名】The oddly shaped district was a textbook gerrymander, resembling a startled dragon more than a map.<br>【動】The party tried to gerrymander the seating chart so that all the loud relatives ended up at one distant table.",【名】その奇妙な形の選挙区は教科書通りのゲリマンダーで、地図というより驚いた竜に似ていた。<br>【動】その一家は、うるさい親戚全員が一つの離れたテーブルに収まるよう、席次表を都合よくいじろうとした。
6266,iconoclastic,/aɪˌcɑːnəˈklæstɪk/,形容詞,因習打破の、偶像破壊の,古い慣習、権威、または絶対的とされているルールを批判し、壊そうとする姿勢。,His iconoclastic decision to serve dessert first was condemned by traditionalists and adored by everyone under ten.,デザートを先に出すという彼の因習打破的な決断は、伝統主義者に非難され、十歳未満の全員に敬愛された。
6267,horticulture,/ˈhɔːrtɪkʌltʃər/,名詞,園芸、園芸学,果物、野菜、花などの栽培や、庭園のデザインなどに関する専門分野。,"His passion for horticulture meant the balcony held forty pots and, tragically, room for exactly no people.",園芸への彼の情熱のせいで、バルコニーには四十個の鉢と、悲劇的に、人の入る余地がまったくなかった。
6268,calumny,/ˈkæləmni/,名詞,中傷、誹謗、デマ,他人の社会的地位を壊すために、嘘の情報を故意に流して悪評を立てること。,"The calumny that he snored in meetings spread through the office, though he insisted he was merely 'resting deeply.'",彼が会議でいびきをかくという中傷はオフィスに広まったが、彼はただ「深く休んでいた」だけだと言い張った。
6269,bellicose,/ˈbelɪkoʊs/,形容詞,好戦的な、喧嘩早い,国家や人物が、すぐに戦争や暴力で他国を脅そうとする極めて攻撃的な様子。,His bellicose stance on the correct way to load the dishwasher started a feud that lasted three long weekends.,食洗機の正しい入れ方に対する彼の好戦的な姿勢は、三度の長い週末にわたる争いを引き起こした。
6270,loquacious,/loʊˈkweɪʃəs/,形容詞,おしゃべりな、おしゃべり好きな,とにかく喋ることが大好きで、口数が多く早口な性格（talkativeに類似）。,The loquacious taxi driver told his entire life story before the meter had even reached the first dollar.,そのおしゃべりなタクシー運転手は、メーターが最初の一ドルに達する前に、自分の人生の全てを語った。
6271,neophyte,/ˈniːəfaɪt/,名詞,初心者、新参者,特定の仕事や活動を始めたばかりの未経験者（beginnerのフォーマル語）。,"The neophyte confidently added salt instead of sugar, transforming the cake into a truly unforgettable experience.",その初心者は自信満々に砂糖の代わりに塩を加え、そのケーキを実に忘れがたい体験へと変えた。
6272,quixotic,/kwɪkˈsɑːtɪk/,形容詞,空想的な、非現実的な、無謀な,物語『ドン・キホーテ』が語源。理想が高すぎて現実的に不可能な計画。,"His quixotic quest to reply to every single email eventually cost him an entire, and quite lovely, weekend.",全てのメールに一つ残らず返信するという彼の無謀な探求は、結局まるまる一つの、かなり素敵な週末を犠牲にした。
6273,winsome,/ˈwɪnsəm/,形容詞,愛嬌のある、魅力的な,純真で親しみやすく、見ている人をハッピーにさせるような魅力的な笑顔・様子。,"The puppy's winsome expression convinced everyone to forgive the shredded remains of a single, expensive slipper.",その子犬の愛嬌のある表情は、ずたずたになった一足の高価なスリッパの残骸を全員に許させた。
6274,vexation,/vekˈseɪʃn/,名詞,苛立ち、悩みの種、不快,思うようにいかないことで、イライラして非常にストレスを感じている状態。,The daily vexation of a squeaky chair finally drove him to oil it at 3 a.m. in a fit of quiet desperation.,きしむ椅子の日々の苛立ちが、ついに彼を静かな絶望の発作の中、午前三時に油をさすまで追い込んだ。
6275,feign,/feɪn/,動詞,装う、ふりをする,病気のふりをする（feign illness）など、意図的に周囲を騙すこと。,"He tried to feign surprise at the party, but he had accidentally read the group chat an hour earlier.",彼はパーティーで驚いたふりをしようとしたが、一時間前にうっかりグループチャットを読んでしまっていた。
6276,vacillate,/ˈvæsəleɪt/,動詞,ぐらつく、躊躇する,どちらに決めるべきか何度も迷い、自分の意見がコロコロ変わること。,She continued to vacillate between two nearly identical shades of white paint for a truly heroic three weeks.,彼女はほぼ同一の二つの白い塗料の色合いの間で、実に英雄的な三週間、ぐらつき続けた。
6277,opulence,/ˈɑːpjəlens/,名詞,富裕、豊かさ、豪華さ,贅沢で非常に多くの富や豪華な持ち物に囲まれている状態。,"The hotel's opulence extended even to the towels, which were somehow too luxurious to actually use.",そのホテルの豪華さはタオルにまで及び、それはなぜか実際に使うにはあまりに贅沢すぎた。
6278,torpid,/ˈtɔːrpɪd/,形容詞,無気力な、だるい、冬眠している,エネルギーがまったくなく、精神的・肉体的に非常に動きが鈍くて怠惰な様子。,The torpid office cat moved only to relocate itself into whichever square of sunlight was currently warmest.,その無気力なオフィスの猫は、その時最も暖かい陽だまりの一角へ移動するためだけに動いた。
6279,zestful,/ˈzestfl/,形容詞,熱意のある、エネルギッシュな,人生や活動に対して、非常に前向きでワクワクしながら取り組む様子。,Her zestful approach to the dull spreadsheet involved color-coding it into something resembling festive art.,退屈な表計算への彼女の熱意ある取り組みは、それを祝祭的なアートのようなものに色分けすることを含んでいた。
6280,malleable,/ˈmæliəbl/,形容詞,（金属が）引き伸ばせる、影響されやすい,叩いて形を変えられる物理的性質。他人の言うことに素直に従う柔軟な性格も。,"His opinions were remarkably malleable, shifting instantly to match whoever had spoken to him most recently.",彼の意見は驚くほど影響されやすく、最も直近に話しかけてきた者に合わせて即座に変化した。
6281,ardor,/ˈɑːrdər/,名詞,情熱、熱意、熱心,目標や趣味、または人に対して、燃えるような強い情熱を抱いている状態。,His ardor for the new hobby lasted exactly until the moment it required him to leave the comfortable couch.,新しい趣味への彼の情熱は、快適なソファを離れることを要求された瞬間まで、ちょうど続いた。
6282,abnegation,/ˌæbnɪˈɡeɪʃn/,名詞,（権利などの）放棄、自己否定,自らの利益や欲望、権利などを意識的に諦めて我慢すること（自己犠牲）。,"In an act of noble abnegation, he gave up the last slice of pizza, then quietly regretted it all evening.",気高い自己犠牲の行為として、彼は最後のピザ一切れを譲り、それから晩じゅう静かに後悔した。
6283,yeoman,/ˈjoʊmən/,名詞,自営農民、衛兵、下士官,中世イギリスなどの独立自営農民。また、王室の護衛（Yeoman of the Guard）。,"The sturdy yeoman worked his small farm alone, answering to no one but a very demanding flock of geese.",その頑健な自営農民は小さな農場を一人で営み、非常に要求の多いガチョウの群れ以外の誰にも従わなかった。
6284,garrulous,/ˈɡærələs/,形容詞,おしゃべりな、冗長な,重要でないことを延々とだらだらと喋り続ける、無駄に口数が多い様子。,"The garrulous neighbor cornered him by the mailbox and, forty minutes later, still had not reached the point.",そのおしゃべりな隣人は郵便受けのそばで彼を捕まえ、四十分後もまだ本題にたどり着いていなかった。
6285,obviate,/ˈɑːbvieɪt/,動詞,未然に防ぐ、不要にする,あらかじめ対策を立てることで、将来の問題や追加作業を不要にさせること。,Buying a bigger freezer would obviate his weekly panic over where to store yet another bulk-purchased lasagna.,より大きな冷凍庫を買えば、また一つ大量購入したラザニアをどこにしまうかという彼の毎週のパニックを未然に防げるだろう。
6286,bilk,/bɪlk/,動詞,騙し取る、踏み倒す,本来支払うべきお金を支払わずに踏み倒したり、だまし取ったりすること。,"The con artist tried to bilk the old widow, not knowing she had spent forty years auditing tax fraud.",その詐欺師は年老いた未亡人を騙し取ろうとしたが、彼女が四十年間脱税を監査してきたことを知らなかった。
6287,jocose,/dʒoʊˈkoʊs/,形容詞,ひょうきんな、おどけた,常に冗談を言ったり笑わせようとしたりする、ユーモアたっぷりで楽しげな様子。,His jocose remarks at the tense meeting either eased the mood or made everything considerably more awkward.,緊迫した会議での彼のひょうきんな発言は、雰囲気を和らげたか、あるいは全てをかなり気まずくしたかのどちらかだった。
6288,yonder,/ˈjɑːndər/,副詞、形容詞、名詞,【副】あそこに、向こうに,少し離れた場所を指す、やや古風、または方言的な表現。,"【副】""The lost keys are somewhere over yonder,"" he said, gesturing vaguely at an entire, unhelpful field.<br>【形】The hikers admired the yonder peak for an hour before realizing they had a very long way still to go.<br>【名】He gazed into the great blue yonder, mostly to avoid making eye contact during the awkward silence.",【副】「失くした鍵はあそこの向こうのどこかだ」と彼は、役に立たない野原全体をあいまいに指し示しながら言った。<br>【形】ハイカーたちは向こうの山頂を一時間眺め、それからまだ非常に長い道のりがあると気づいた。<br>【名】彼は大空の彼方を見つめたが、それは主に気まずい沈黙の間に目を合わせるのを避けるためだった。
6289,cavalcade,/ˌcævlˈkeɪd/,名詞,（馬や車による）パレード、行列,一列になって厳かに行進する、馬、車、または人々の長いパレード。,"The tiny town's annual cavalcade consisted of two decorated tractors, a marching band, and one confused goat.",その小さな町の毎年の行列は、飾りつけられたトラクター二台、マーチングバンド、そして一匹の困惑したヤギで構成されていた。
6290,hubris,/ˈhjuːbrɪs/,名詞,傲慢、過信、傲り,自分の能力や地位を過信し、過剰にプライドが高くなっている状態。,His hubris in claiming he'd never lose at chess vanished the moment his eight-year-old niece said 'checkmate.',チェスで絶対に負けないという彼の傲慢さは、八歳の姪が「チェックメイト」と言った瞬間に消え去った。
6291,malice,/ˈmælɪs/,名詞,悪意、敵意、恨み,他人に故意に害や苦痛を与えようとする邪悪な動機（with malice: 悪意を持って）。,The cat knocked the glass off the table with such calm malice that everyone suspected careful premeditation.,その猫はあまりに冷静な悪意でグラスをテーブルから落としたので、全員が入念な計画性を疑った。
6292,ravenous,/ˈrævənəs/,形容詞,非常に空腹な、飢えた,お腹がぺこぺこで、食べ物をいくらでも貪り食えそうな極限の空腹状態。,The ravenous hikers reached the summit and devoured their sandwiches faster than they could enjoy the view.,飢えたハイカーたちは山頂に着き、景色を楽しむ暇もなくサンドイッチをむさぼり食った。
6293,nebula,/ˈnebjələ/,名詞,星雲,宇宙空間に存在する、ガスや宇宙塵からなる巨大な雲のような天体。,"The astronomer showed the class a distant nebula, then had to explain it was not, in fact, a smudge on the lens.",その天文学者はクラスに遠い星雲を見せ、それからそれが実はレンズの汚れではないと説明せねばならなかった。
6294,emaciated,/ɪˈmeɪʃieɪtɪd/,形容詞,極度に痩せ細った,食料不足や深刻な病気のために、筋肉や脂肪がなくなってげっそりと痩せている様子。,The emaciated houseplant survived on nothing but forgotten promises and the occasional guilty splash of water.,その痩せ細った観葉植物は、忘れられた約束と、時折の罪悪感からの水しぶきだけで生き延びていた。
6295,gauche,/ɡoʊʃ/,形容詞,無作法な、不器用な、ぎこちない,フランス語で「左の」が語源。社交の場でマナーを知らず、ぎこちない様子。,His gauche attempt to compliment her cooking somehow turned into an accidental critique of her entire family.,彼女の料理を褒めようという彼の無作法な試みは、なぜか彼女の家族全体への偶発的な批判に変わった。
6296,enervate,/ˈenərveɪt/,動詞,気力を奪う、弱らせる,夏の強烈な暑さなどが、体力や気力を徐々に奪い取ってぐったりさせること。,The endless team-building exercises seemed designed to enervate the very morale they were meant to boost.,その果てしないチームビルディングの演習は、高めるはずの士気そのものを奪うために作られたかのようだった。
6297,flabbergast,/ˈflæbərɡæst/,動詞,びっくり仰天させる,flabbergasted の形で「腰が抜けるほど非常に驚いている」の意味で使われます。,"The magician's final trick flabbergasted the audience, though it was mostly just a very confident use of a mirror.",そのマジシャンの最後のトリックは観客をびっくり仰天させたが、それは主にただの非常に自信に満ちた鏡の使い方だった。
6298,mawkish,/ˈmɔːkɪʃ/,形容詞,過度に感傷的な、不快に甘ったるい,お涙頂戴の演出やベタベタした愛情表現が、見ている側にとって不快な様子。,"The movie's mawkish ending, in which even the villain cried over a puppy, left the whole theater groaning.",悪役までもが子犬を見て泣くその映画の過度に感傷的な結末は、劇場全体をうめかせた。
6299,sully,/ˈsʌli/,動詞,（名誉などを）汚す、傷つける,これまで大切に守ってきた綺麗な名前、評判、または名誉に泥を塗ること。,One clumsy spill managed to sully both the pristine white carpet and his reputation as a careful houseguest.,一度の不器用なこぼしが、真っ白なカーペットと、慎重な客としての彼の評判の両方を汚すことに成功した。
6300,guffaw,/ɡʌˈfɔː/,名詞、動詞,【名】（大声での）笑い<br>【動】大声で笑う,突然「ワハハ！」と大口を開けて大声で笑う様子。,"【名】A sudden guffaw from the back of the quiet library made every studying head snap up in unison.<br>【動】He tried to guffaw politely at the boss's weak joke, but it came out as a strangled, honking cough.",【名】静かな図書館の奥からの突然の大笑いは、勉強中の全員の頭を一斉にはっと上げさせた。<br>【動】彼は上司のつまらない冗談に礼儀正しく大笑いしようとしたが、それは絞め殺されたような、ガチョウの鳴くような咳になって出た。
6301,profuse,/prəˈfjuːs/,形容詞,おびただしい、非常に豊富な,これでもかと何度も繰り返す謝罪（profuse apologies）や、大量の冷や汗。,,
6302,indomitable,/ɪnˈdɑːmɪtəbl/,形容詞,不屈の、へこたれない,困難や強敵に直面しても、決して屈しない強固な意志（indomitable spirit）。,,
6303,augment,/ɔːɡˈment/,動詞、名詞,【動】増やす、増加させる,既存の価値、数量、または能力をさらに高めて増やすこと（AR: 拡張現実）。,,
6304,jargon,/ˈjɑːrɡən/,名詞,業界用語、専門用語,ITや医療、法律などで、専門家以外の一般の人には全く理解できない特有の言葉。,,
6305,zeppelin,/ˈzepəlɪn/,名詞,巨大飛行船,硬式構造を持つ巨大な飛行船。考案したドイツのツェッペリン伯爵に由来。,,
6306,vituperate,/vaɪˈtuːpəreɪt/,動詞,激しく非難する、罵倒する,非常に怒り、他人の名誉を傷つけるような汚い言葉で怒鳴りつけて罵ること。,,
6307,serrated,/ˈseretɪd/,形容詞,鋸歯状の、ギザギザの,パン切り包丁などのように、刃の先がギザギザした形状（serrated knife）。,,
6308,abate,/əˈbeɪt/,動詞,和らぐ、減じる,猛威を振るっていた嵐や、激しい痛みが次第に静まって弱まること。,,
6309,trepidation,/ˌtrepɪˈdeɪʃn/,名詞,おののき、うろたえ、恐怖,結果がどうなるか分からず、極度の不安や心配で体が震えるような恐怖心。,,
6310,vehemently,/ˈviːəməntli/,副詞,激しく、猛烈に、強硬に,強い怒りや感情を乗せて、激しく反対・拒否する様子（vehemently deny）。,,
6311,cacophony,/kəˈkɑːfəni/,名詞,不協和音、不快な雑音,様々な不快な音が一度に鳴り響いて、耳を覆いたくなるような騒がしい状態。,,
6312,effigy,/ˈefɪdʒi/,名詞,人形、肖像、像,デモなどで怒った群衆が作るターゲットの政治家そっくりの人形（burn in effigy）。,,
6313,fallible,/ˈfæləbl/,形容詞,過ちを犯しやすい,神とは異なり、人間は誰でも間違いや失敗をしてしまう性質（Humans are fallible）。,,
6314,hedonistic,/ˌhiːdəˈnɪstɪk/,形容詞,快楽主義の、快楽を追い求める,道徳や仕事よりも、今この瞬間の楽しさや身体的快楽を最優先するスタイル。,,
6315,juggernaut,/ˈdʒʌɡərnɔːt/,名詞,圧倒的脅威、巨大な力,進路にあるすべてのものを押し潰しながら進む、圧倒的で恐ろしい巨大な勢力。,,
6316,laconic,/ləˈkɑːnɪk/,形容詞,簡潔な、口数の少ない、寡黙な,余計な説明を一切せず、必要最小限の言葉だけでズバッと答えるクールな様子。,,
6317,parsimonious,/ˌpɑːrsɪˈmoʊniəs/,形容詞,ケチな、出し渋る,お金を出すのを極端に嫌い、不快なほどに節約してケチケチしている様子。,,
6318,surreptitious,/ˌsɜːrəpˈtɪʃəs/,形容詞,秘密の、隠密の、裏の,他人の目を盗んで、見つからないようにコソコソと素早く行う様子。,,
6319,abdicate,/ˈæbdɪkeɪt/,動詞,放棄する、退位する,公式に王位から退くこと。また、親や指導者としての責任を途中で放棄すること。,,
6320,calamitous,/kəˈlæmɪtəs/,形容詞,悲惨な、大災害の,地震や事故、戦争などによって引き起こされる、壊滅的で非常に悲惨な状況。,,
6321,dauntless,/ˈdɔːntləs/,形容詞,不撓不屈の、恐れを知らない,目の前にある大きな危険や困難に対しても、全くひるまず果敢に挑戦する様子。,,
6322,idiosyncrasy,/ˌɪdiəˈsɪŋkrəsi/,名詞,特異性、一風変わった癖,その人だけが持つ、ちょっと変わった行動パターンや好み。,,
6323,narcissistic,/ˌnɑːrsɪˈsɪstɪk/,形容詞,自己愛の強い、ナルシシストの,自意識が非常に過剰で、自分の容姿や能力ばかりを愛し誇示する様子。,,
6324,quaint,/kweɪnt/,形容詞,古風で趣のある,古いヨーロッパの街並みのように、素朴でどこか可愛らしく魅力的な古さ。,,
6325,xenophobic,/ˌzenəˈfoʊbɪk/,形容詞,外国人嫌いの、排他的な,外国人や外国の文化に対して、極度の嫌悪感や排他的な恐怖心を抱く様子。,,
6326,zeal,/ziːl/,名詞,熱意、情熱、熱心,目表や活動に対して注ぐ、非常に強いエネルギーと真面目な情熱（with zeal）。,,
6327,belabor,/bɪˈleɪbər/,動詞,執拗に繰り返す,通常 belabour。すでに十分に分かっている意見を、執拗に何度も長々と話し続けること。,,
6328,halcyon,/ˈhælsiən/,形容詞、名詞,【形】穏やかな、平和な,halcyon days で「（過去の）穏やかで平和に満ち溢れていた、輝かしい幸福な日々」の比喩。,,
6329,obtuse,/əbˈtuːs/,形容詞,愚鈍な、鈍い、鈍角の,刃物が丸いこと。また、状況を理解するのが遅く、空気が読めない鈍感な様子。,,
6330,tantamount,/ˈtæntəmaʊnt/,形容詞,〜に等しい、同等である,His silence was tantamount to an admission of guilt.（彼の沈黙は罪を認めたも同然だった）。,,
6331,umbrage,/ˈʌmbrɪdʒ/,名詞,憤慨、不快、不機嫌,take umbrage at ... で「（他人の発言や態度に対して）不快に思い、ひどく腹を立てる」の意味。,,
6332,yawp,/jɔːp/,名詞、動詞,【名】（耳障りな）叫び声,粗野で非常に大きく不快な叫び声や、不満を言うこと。,,
6333,convoluted,/ˈkɑːnvəluːtɪd/,形容詞,複雑で難解な、ねじくれた,話の展開や契約書の内容などが複雑に絡み合い、極めて理解しにくい様子。,,
6334,dexterous,/ˈdekstrəs/,形容詞,器用な、手先のきく,手先が信じられないほどよく動き、細かい作業をすばやく正確に行う様子。,,
6335,ignominy,/ˈɪɡnəmɪni/,名詞,不名誉、恥辱、不面目,公の場で受ける、非常に深い不名誉や恥ずかしい屈辱。,,
6336,lackadaisical,/ˌlækəˈdeɪzɪkl/,形容詞,熱意のない、のんきな,サボり癖があり、何事に対してもやる気や注意力を示さず、ダラダラしている様子。,,
6337,mendacious,/menˈdeɪʃəs/,形容詞,嘘偽りの、偽りの,真実を全く言わず、平気でたくさんの嘘を織り交ぜる様子（mendacious report: 虚偽の報告）。,,
6338,paucity,/ˈpɔːsəti/,名詞,小量、不足、欠乏,ある物事が、必要な基準を満たさないほど著しく不足していること。,,
6339,stymie,/ˈstaɪmi/,動詞、名詞,【動】妨害する、行き詰まらせる,他人の進路を塞ぐ、または計画や努力を完全に邪魔して進行を止めてしまうこと。,,
6340,unctuous,/ˈʌŋktʃuəs/,形容詞,おべっかを使う、油気のある,お世辞が過ぎて不自然にへつらい、どこか怪しく油ぎった態度を指します。,,
6341,yoke,/joʊk/,名詞、動詞,【名】くびき、絆、支配<br>【動】くびきでつなぐ,牛の首にかける木製の道具。転じて、自由を奪う「抑圧・支配」の比喩。,,
6342,aberrant,"/æˈberənt/ , /ˈæbərənt/",形容詞、名詞,【形】常軌を逸した、異常な,通常の基準や正しい軌道から大きく外れた、異常な行動や状態。,,
6343,deleterious,/ˌdeləˈtɪriəs/,形容詞,有害な、不利益な,健康や状況などに対して、徐々に、しかし確実に害を及ぼすこと。,,
6344,exasperate,/ɪɡˈzæspəreɪt/,動詞,激怒させる、いらいらさせる,度重なる問題や他人の愚かな態度に、我慢の限界がきてひどく怒らせること。,,
6345,histrionic,/ˌhɪstriˈɑːnɪk/,形容詞、名詞,【形】演劇のような、大げさな,注目を集めるために、わざとらしく芝居がかった大げさな泣き方や怒り方をする様子。,,
6346,ineffable,/ɪnˈefəbl/,形容詞,言葉で表現できない、言いようのない,美しさや喜びが大きすぎて、言葉にできないほどの感動。,,
6347,kindle,/ˈkɪndl/,動詞、名詞,【動】（火を）つける、（感情などを）あおる・かき立てる<br>【名】点火、興奮,Amazonの電子書籍リーダー「Kindle」はこの語に由来し、「知的好奇心に火をつける」イメージ。kindle interest（興味をかき立てる）の形で頻出。,,
6348,obstreperous,/əbˈstrepərəs/,形容詞,騒々しい、手に負えない,言うことを全く聞かず、大声で抗議したり大騒ぎしたりして反抗的な様子。,,
6349,sycophantic,/ˌsɪkəˈfæntɪk/,形容詞,おべっかを使う、へつらう,お世辞を言って、権力のある人に取り入ろうとする態度（sycophant：ごますり）。,,
6350,diaphanous,/daɪˈæfənəs/,形容詞,極めて薄く透き通るような,シルクのように非常に細かく薄い、繊細で美しい透け感のある素材。,,
6351,immutable,/ɪˈmjuːtəbl/,形容詞,不変の、変えられない,時間の経過や環境の変化によっても、絶対に変わらない絶対的な法則など。,,
6352,labyrinthine,/ˌlæbəˈrɪnθɪn/,形容詞,迷宮のような、複雑に入り組んだ,ギリシャ神話のラビリンスから。通路やシステム、問題が極めて複雑なこと。,,
6353,palpitate,/ˈpælpɪteɪt/,動詞,（心臓が）激しく鼓動する,運動や緊張、または病気などのために、心臓がバクバクと速く不規則に脈打つこと。,,
6354,rhapsodize,/ˈræpsədaɪz/,動詞,熱狂的に語る、大げさに褒める,通常 rhapsodise。何かについて、大いに興奮しながら語り続けること。,,
6355,vainglorious,/ˌveɪnˈɡlɔːriəs/,形容詞,虚栄心の強い、うぬぼれの強い,自分の能力に対して過剰に誇りを持ち、自慢げに周囲に見せびらかす態度。,,
6356,yore,/yɔːr/,名詞,（the yoreで）往時、昔,主に in days of yore（昔々、はるか昔に）というおとぎ話などの決まり文句で用います。,,
6357,ignominious,/ˌɪɡnəˈmɪniəs/,形容詞,不名誉な、恥ずべき、無様な,公の場で惨めな失敗をし、深い不名誉や辱めを受ける様子（ignominious defeat: 惨敗）。,,
6358,jocular,/ˈdʒɑːkjələr/,形容詞,ひょうきんな、おどけた、ふざけた,ユーモアやジョークが大好きで、常に周囲を笑わせようとする陽気な雰囲気。,,
6359,wily,/ˈwaɪli/,形容詞,ずる賢い、狡猾な,目的を達成するために、巧妙に他人の目を盗んでずるい計画を立てる様子。,,
6360,abstain,/əbˈsteɪn/,動詞,控える、自制する、棄権する,健康や宗教のために、お酒や好きな食べ物を我慢する（abstain from alcohol）。,,
6361,cavort,/kəˈvɔːrt/,動詞,はしゃぎ回る、浮かれ騒ぐ,楽しさや興奮のあまり、大はしゃぎして元気よく跳ね回る様子。,,
6362,feral,/ˈferəl/,形容詞,野生化した、凶暴な、野性的な,もともと飼い慣らされていた動物が、逃げ出して野生に戻った状態（feral cat: 野良猫）。,,
6363,hew,/hjuː/,動詞,叩き切る、ルールを固守する（to）,斧で切る意味のほか、hew to the rules で「規則や伝統に忠実に従う」の意味。,,
6364,impede,/ɪmˈpiːd/,動詞,邪魔する、妨げる、遅らせる,進行中のプロジェクトや個人の移動などを、物理的、またはルールで邪魔すること。,,
6365,lilt,/lɪlt/,名詞、動詞,【名】軽快なリズム、抑揚,話す言葉や音楽が、弾むようでリズミカルに流れる心地よい抑揚。,,
6366,paltry,/ˈpɔːltri/,形容詞,ごくわずかな、取るに足りない,金額や価値、努力が非常に小さく、役に立たない様子（paltry amount: わずかな額）。,,
6367,vex,/veks/,動詞,いらいらさせる、悩ます,ささいな問題が、人を絶え間なくイライラさせ、悩ませること（vexing issue: 厄介な問題）。,,
6368,xylophone,/ˈzaɪləfoʊn/,名詞,木琴、シロフォン,音階が並んだ木製の板を、マレット（バチ）で叩いて演奏する打楽器。,,
6369,bedraggled,/bɪˈdræɡld/,形容詞,濡れそぼった、ひどく汚れた,大雨に降られたりして、髪や服がびしょ濡れで汚く乱れている状態。,,
6370,cajole,/kəˈdʒoʊl/,動詞,おだてて（何かを）させる,甘いお世辞やしつこい懇願を使って、嫌がっている相手をその気にさせて説得すること。,,
6371,equivocate,/ɪˈkwɪvəkeɪt/,動詞,言葉を濁す、はぐらかす,はっきりと答えるのを避け、曖昧な言い方で真実を隠すこと。,,
6372,gesticulate,/dʒeˈstɪkjuleɪt/,動詞,身振り手振りで話す,自分の主張を相手に伝えるために、手や腕を大きく動かして熱心に話す様子。,,
6373,hobnob,/ˈhɑːbnɑːb/,動詞、名詞,【動】（有名人等と）親しく付き合う,社交の場などで、著名人や権力のある人と楽しそうに談笑して付き合うこと。,,
6374,imbibe,/ɪmˈbaɪb/,動詞,飲む、吸い込む、吸収する,お酒などを飲むこと。また、新しい文化や知識を自分の心にしっかりと取り込むこと。,,
6375,maelstrom,/ˈmeɪlstrɑːm/,名詞,大渦巻き、大混乱、激動,感情や政治などの収集がつかない「激しい大混乱の渦」を表します。,,
6376,palliate,/pælieɪt/,動詞,和らげる、一時的に緩和する,根本解決をせず、一時的に痛みや深刻さを軽くすること（緩和ケアなど）。,,
6377,yelp,/jelp/,名詞、動詞,【名】（犬などの）鋭い鳴き声,犬などが痛がったり驚いたりして発する、鋭くて高いキャンという鳴き声。,,
6378,bluster,/ˈbʌstər/,動詞、名詞,【動】わめき散らす、（風が）荒れる,風が吹き荒れること。また、自信のなさを隠すために、大声で怒鳴ったり威張ったりすること。,,
6379,effulgent,/ɪˈfʌldʒənt/,形容詞,輝かしい、まばゆい、光輝く,太陽などがまばゆく光り輝く様子、また非常に華やかで美しいこと。,,
6380,macabre,"/məˈkɑːbrə/ , /məˈkɑːb/",形容詞,気味の悪い、不気味な、死を連想させる,死、骸骨、墓などをテーマにした、非常にグロテスクで不気味な雰囲気。,,
6381,obsequious,/əbˈsiːkwiəs/,形容詞,へつらう、お世辞を使う、卑屈な,お世辞を言い、極端に自分の意見を言わずにペコペコする様子。,,
6382,wan,/wɑːn/,形容詞、動詞,【形】青白い、やつれた、力のない,病気や疲労のために顔に血色がなく、力なく弱々しい微笑み（wan smile）を浮かべる様子。,,
6383,abysmal,/əˈbɪzməl/,形容詞,底知れない、極めて深刻な、最低の,パフォーマンスや状況が「あまりにも最悪である」様子（abysmal failure: 大失敗）。,,
6384,jejune,/dʒɪˈdʒuːn/,形容詞,退屈な、幼稚な、中身のない,通常 jejune。話や本の中身が退屈。また、行動が子どもっぽくて幼稚な様子。,,
6385,rapacious,/rəˈpeɪʃəs/,形容詞,強欲な、略奪する、貪欲な,お金や他人の財産を、激しく強引に奪い取ろうとする強欲な性格。,,
6386,abscond,/əbˈskɑːnd/,動詞,密かに逃亡する、姿をくらます,人目を盗んで、盗んだお金などを持ったまま急いで姿を消すこと（abscond with money）。,,
6387,bereft,/bɪˈreft/,形容詞,奪われた、喪失した、失った,bereave（奪う）の過去分詞。愛する人や大切な権利を失い、深い喪失感にある状態。,,
6388,decadent,/ˈdekədənt/,形容詞、名詞,【形】退廃的な、堕落した、贅沢な,道徳観や自制心を失い、欲望のままに贅沢や快楽に溺れていく様子。,,
6389,feckless,/ˈfekləs/,形容詞,意気地のない、役に立たない、無能な,責任感が全くなく、仕事も怠けて、将来への計画も立てない無能な様子。,,
6390,grotesque,/ɡroʊˈtesk/,形容詞、名詞,【形】異様な、グロテスクな,現実離れして不気味に歪んでいる物理的、または道徳的に異様な様子。,,
6391,recumbent,/rɪˈkʌmbənt/,形容詞、名詞,【形】横たわった、寝ている,リラックスして、地面やソファーの上に体全体を横に倒して寝ている様子。,,
6392,xenolith,/ˈzenəlɪθ/,名詞,捕獲岩（地質学）,地質学用語。マグマが上昇する際、周囲の異なる種類の岩石を取り込んで固まったもの。,,
6393,hermetic,/hɜːrˈmetɪk/,形容詞,密閉された、気密の、世を避けた,空気が一切出入りしないよう完全に密封された状態（hermetic seal）。,,
6394,voracious,/vəˈreɪʃəs/,形容詞,食欲旺盛な、むさぼるような,お腹が非常に減って大量に食べる様子。転じて、本を貪り読む読書家。,,
6395,cunning,/ˈcʌnɪŋ/,形容詞、名詞,【形】ずる賢い、抜け目のない,他人の目を盗む悪賢さ（cunning fox）。テストでの「カンニング」は cheating。,,
6396,adulation,/ˌædʒuˈleɪʃn/,名詞,（過度な）賛辞、お世辞,有名人や権力者に対して、周囲の人々が過剰に捧げる、ほとんど盲目的な称賛。,,
6397,inanimate,/ɪnˈænɪmət/,形容詞,生命のない、無生の,石や家具のように、命が吹き込まれておらず自ら動かない物質（inanimate object）。,,
6398,incorrigible,/ɪnˈkɔːrɪdʒəbl/,形容詞,矯正できない、救い難い,嘘やサボり癖などの良くない行動が頑固に染み付いており、いくら叱っても絶対に直らない様子。,,
6399,vapid,/ˈvæpɪd/,形容詞,無味乾燥な、退屈な、気の抜けた,ビールなどの炭酸が抜けていること。また、話、本、または人の性格が面白みなく退屈。,,
6400,xenial,/ˈziːniəl/,形容詞,おもてなしの、親善の,ギリシャ語の「もてなし」から。旅行者やゲストを暖かく歓迎するホストの親切さ。,,
6401,store,/stɔːr/,名詞、動詞,【名】店、蓄え<br>【動】蓄える、保存する,動詞としては、データを「保存する」という意味で、IT分野でもよく使われます。,,
6402,design,/dɪˈzaɪn/,名詞、動詞,【名】設計、デザイン、計画<br>【動】設計する、デザインする,日本語の「デザイン（色や形）」だけでなく、「設計や計画（仕組み作り）」という意味も広く含みます。,,
6403,idea,/aɪˈdiːə/,名詞,考え、アイデア、思いつき、概念,have no idea の形で「全くわからない（don't know）」という意味のイディオムとしてよく使われます。,,
6404,thought,/θɔːt/,名詞,考え、思考、思い,think（考える）の過去・過去分詞形と同じ綴りですが、名詞としても非常によく使われます。,,
6405,memory,/ˈmeməri/,名詞,記憶、思い出、記憶力、（PCの）メモリ,in memory of 〜 で「〜を記念して、〜の追悼のために」という表現になります。,,
6406,possible,/ˈpɑːsəbl/,形容詞,可能な、あり得る,as soon as possible (ASAP) で「できるだけ早く」という意味になります。対義語は impossible。,,
6407,blank,/blæŋk/,形容詞、名詞,【形】白紙の、空欄の、うつろな<br>【名】空欄、余白,fill in the blanks で「空欄を埋める」というテストなどでよく見られるフレーズになります。,,
6408,contact,/ˈkɑːntækt/,名詞、動詞,【名】接触、連絡、人脈<br>【動】連絡を取る,動詞として使う場合、contact with とせず、contact someone のように他動詞として直接目的語を取ります。,,
6409,model,/ˈmɑːdl/,名詞、形容詞、動詞,【名】模型、型、モデル、手本<br>【形】模範的な<br>【動】モデルを務める、形作る,単にファッションモデルだけでなく、「ビジネスモデル」や「最新モデル（新型）」などの意味でも使われます。,,
6410,phrase,/freɪz/,名詞、動詞,【名】句、慣用句、言葉遣い<br>【動】表現する,文法的には「2語以上のまとまりで、主語と動詞を含まないもの」を指します（含むものは clause）。,,
6411,digital,/ˈdɪdʒɪtl/,形容詞,デジタルの、計数型の,アナログ（analog/analogue）の対義語。digital transformation (DX) など、現代ビジネスで不可欠な言葉です。,,
6412,plastic,/ˈplæstɪk/,名詞、形容詞,【名】プラスチック、ビニール、クレジットカード<br>【形】プラスチック製の、柔軟な、不自然な,英語の plastic bag は「ビニール袋」を指します。また、クレジットカードを口語で plastic と呼ぶこともあります。,,
6413,necessary,/ˈnesəseri/,形容詞、名詞,【形】必要な、不可欠な<br>【名】必需品,It is necessary for A to do 〜 で「Aが〜することが必要だ」という形式主語の構文でよく使われます。,,
6414,section,/ˈsekʃn/,名詞,部分、部門、区画、課,書類やウェブサイトの「セクション（章・節）」や、組織の「部署・課」を表す際に使われます。,,
6415,topic,/ˈtɑːpɪk/,名詞,話題、主題、テーマ,議論や文章、会話の「中心となる具体的なテーマ」を指します。,,
6416,balance,/ˈbæləns/,名詞、動詞,【名】均衡、バランス、残高<br>【動】釣り合わせる,銀行口座の「預金残高（bank balance）」という意味で使われることが多いので要注目です。,,
6417,actual,/ˈæktʃuəl/,形容詞,実際の、現実の、事実上の,副詞形 actually（実は、実際に）は、会話で相槌や強調として頻繁に使われます。,,
6418,repeat,/rɪˈpiːt/,動詞、名詞,【動】繰り返す、復唱する<br>【名】繰り返し、再放送,repeat after me で「私の後に続いて繰り返してください」という英語授業の定番フレーズです。,,
6419,personality,/ˌpɜːrsəˈnæləti/,名詞,個性、性格、人格、有名人,単に「性格」だけでなく、テレビなどに出る「タレント・有名人（celebrity）」を指すこともあります。,,
6420,overseas,/ˌoʊvərˈsiːz/,形容詞、副詞,【形】海外の、国外の<br>【副】海外へ、国外で,副詞として使う場合、go overseas（海外に行く）のように前置詞 to を伴わずに動詞の後ろに直接置きます。,,
6421,bite,/baɪt/,動詞、名詞,【動】噛む、刺す<br>【名】噛むこと、ひとかじり、軽い食事,過去形は bit、過去分詞形は bitten。蚊や虫などが「刺す」ときにも bite が使われます（例：mosquito bite）。,,
6422,neighborhood,/ˈneɪbərhʊd/,名詞,近所、近隣、近所の人々,in the neighborhood of 〜 で「〜の近くに」または金額について「およそ〜」という意味でも使われます。,,
6423,lawyer,/ˈlɔːjər/,名詞,弁護士,法律家全般を指す最も一般的な語。法廷に立つ専門職として attorney もよく使われます。,,
6424,unknown,/ˌʌnˈnoʊn/,形容詞、名詞,【形】未知の、知られていない、無名の<br>【名】未知のもの［人］,接頭辞 un-（否定）＋known（知られている）からなる単語です。,,
6425,violent,/ˈvaɪələnt/,形容詞,暴力的な、激しい,名詞形は violence（暴力、激しさ）です。天候などが「猛烈な」という意味でも使われます。,,
6426,request,/rɪˈkwest/,名詞、動詞,【名】要請、依頼、要望<br>【動】〜を要請する、頼む,at the request of 〜 で「〜の要請に応じて」という意味になります。丁寧な依頼のニュアンスがあります。,,
6427,loan,/loʊn/,名詞、動詞,【名】ローン、貸付（金）<br>【動】貸し出す,主に「利子をとって金を貸すこと」を指します。動詞としては lend と同様に使われます。,,
6428,route,/ruːt/,名詞,道、ルート、航路、手段,アメリカ英語では「ラウト（/raʊt/）」と発音されることもあります。,,
6429,immigration,/ˌɪmɪˈɡreɪʃn/,名詞,移住、移民、（空港の）入国審査,外国から入ってくる移民を指します。空港の「入国審査カウンター」もこれを指します。,,
6430,disadvantage,/ˌdɪsədˈvæntɪdʒ/,名詞,不利（な点）、デメリット、損失,接頭辞 dis-（否定）＋advantage（利点）からなる語。対義語は advantage。,,
6431,motion,/ˈmoʊʃn/,名詞、動詞,【名】動き、動作、身振り、発議<br>【動】身振りで指示する,会議などにおける「提案・発議（動議）」という意味もあります。,,
6432,dramatic,/drəˈmætɪk/,形容詞,劇的な、ドラマチックな、急激な,変化や効果が「劇的で目に見えて大きい」様子を表す際によく使われます。,,
6433,exact,/ɪɡˈzækt/,形容詞,正確な、精密な、まさにその,Exactly! と一言で返すと「その通り！」という強い同意の相槌になります。,,
6434,disagree,/ˌdɪsəˈɡriː/,動詞,意見が異なる、不一致である、同意しない,agree の対義語。disagree with 人 で「人に反対する」という意味になります。,,
6435,tone,/toʊn/,名詞,音調、口調、トーン、色調,声の調子や、文章・絵画などの「全体の雰囲気、色合い、作風」を表す時にも使われます。,,
6436,discount,/ˈdɪskaʊnt/,名詞、動詞,【名】割引<br>【動】（価格を）割り引く、無視する、割り引いて考える,名詞のときは第一音節にストレス（/ˈdɪskaʊnt/）、動詞のときは第二音節にストレスが置かれることがあります（/dɪsˈkaʊnt/）。,,
6437,cooperation,/koʊˌɑːpəˈreɪʃn/,名詞,協力、協調、共同作業,動詞形は cooperate。Thank you for your cooperation.（ご協力ありがとうございます）はビジネスの定番フレーズ。,,
6438,frequent,/ˈfriːkwənt/,形容詞,頻繁な、度々の,frequent flyer（航空会社の常連客）などの表現でおなじみ。副詞形は frequently。,,
6439,meaningful,/ˈmiːnɪŋfl/,形容詞,意味のある、重要な、有意義な,meaning（意味）＋-ful（〜に満ちた）からなる形容詞。対義語は meaningless。,,
6440,forth,/fɔːrθ/,副詞,前へ、先へ、外へ,and so forth で「〜など、その他（etc.）」という意味の頻出フレーズになります。,,
6441,license,/ˈlaɪsns/,名詞、動詞,【名】免許、許可（証）<br>【動】〜に免許を与える、許可する,イギリス英語では名詞が licence、動詞が license と綴り分けられることがあります。,,
6442,motor,/ˈmoʊtər/,名詞,原動機、モーター、自動車,motor industry（自動車産業）や motorbike（オートバイ）などのように形容詞的に使われることも多いです。,,
6443,league,/liːɡ/,名詞,連盟、リーグ、同盟,out of my league で「（高嶺の花など）自分には手が届かない、不相応な」という口語表現もあります。,,
6444,contest,/ˈkɑːntest/,名詞、動詞,【名】コンテスト、競技会、争い<br>【動】（決定などに）異議を唱える、争う,動詞として使われる場合、発音は /kənˈtest/ と後ろにアクセントが来ることが多いです。,,
6445,guard,/ɡɑːrd/,名詞、動詞,【名】警備員、守衛、警戒<br>【動】守る、警戒する,on guard で「警戒して」、keep guard で「見張りをする」という意味になります。,,
6446,guideline,/ˈɡaɪdlaɪn/,名詞,指針、ガイドライン、指標,政策やルール、業務の手順などを方向付ける「緩やかな規則や目安」を指します。,,
6447,platform,/ˈplætfɔːrm/,名詞,プラットフォーム、演壇、駅のホーム、基盤,駅の乗降口（ホーム）だけでなく、IT業界におけるソフトやサービスを動かす「基盤システム」も指します。,,
6448,channel,/ˈtʃænl/,名詞、動詞,【名】チャンネル、経路、伝達経路、海峡<br>【動】（資金や感情などを）向ける,テレビのチャンネル以外に、情報を伝える「ルート（連絡経路）」や、物流・販売の「チャネル」という意味で重要です。,,
6449,artistic,/ɑːrˈtɪstɪk/,形容詞,芸術的な、美術の、芸術の才がある,名詞 artist（芸術家、画家）の形容詞形です。,,
6450,classic,/ˈklæsɪk/,形容詞、名詞,【形】最高クラスの、一流の、典型的な、古典的な<br>【名】傑作、古典,classical（古典の、クラシック音楽の）と混同しやすいですが、classic は「最高傑作、定番の」という意味合いが強いです。,,
6451,royal,/ˈrɔɪəl/,形容詞,王室の、国王の、高貴な,royal family で「王室、皇室」を表します。loyal（忠実な /ˈlɔɪəl/）との発音・スペルの違いに注意。,,
6452,pop,/pɑːp/,名詞、動詞、形容詞,【名】ポンという音、ポップス<br>【動】ポンと弾ける、急に現れる<br>【形】大衆的な,pop up（急に飛び出す、出現する）という動詞句は、PCの「ポップアップ」画面などの由来です。,,
6453,wed,/wed/,動詞,結婚する、嫁ぐ、結びつける,marry より古風・文学的な表現。wedding（結婚式）の動詞形です。過去・過去分詞形は wed または wedded。,,
6454,infection,/ɪnˈfekʃn/,名詞,感染、感染症、伝染,動詞形は infect（感染させる）。細菌やウイルスが体内に侵入して増殖することを指します。,,
6455,mall,/mɔːl/,名詞,ショッピングモール、大規模ショッピングセンター,一般に多くの店舗が1つの大きな建物や敷地内に集まった商業施設を指します。,,
6456,chip,/tʃɪp/,名詞、動詞,【名】（木・石などの）かけら、ポテトチップス、半導体素子<br>【動】削る、欠けさせる,microchip（マイクロチップ）や、お皿が「欠ける（be chipped）」などの意味でも使われます。,,
6457,instant,/ˈɪnstənt/,形容詞、名詞,【形】即座の、即席の<br>【名】一瞬、瞬間,instant noodles（インスタントラーメン）のように、手軽にすぐできるものを指します。,,
6458,slip,/slɪp/,動詞、名詞,【動】滑る、滑り落ちる、そっと忍び込む<br>【名】滑ること、小さなミス、伝票,a slip of the tongue で「口を滑らせること、言い間違い」という慣用表現になります。,,
6459,bob,/bɑːb/,動詞、名詞,【動】上下にひょこひょこ動く［振る］<br>【名】ボブ（髪型）、上下の軽い動き,水面に浮かぶ浮きがひょこひょこ上下に動く様子などを表します。,,
6460,underlie,/ˌʌndərˈlaɪ/,動詞,〜の基礎となる、〜の根底にある,under（下に）＋lie（横たわる）から。「基礎となる」という意味の他動詞です。形容詞形 underlying（根本的な）も重要。,,
6461,justify,/ˈdʒʌstɪfaɪ/,動詞,正当化する、弁明する、揃える,自分の行動や意見が「正しい（just）と証明・説明する」という意味。名詞形は justification。,,
6462,pump,/pʌmp/,名詞、動詞,【名】ポンプ、くみ上げ機、（靴の）パンプス<br>【動】ポンプで汲む、注入する,ガソリンスタンドの給油機も pump と呼びます（gas pump）。,,
6463,panel,/ˈpænl/,名詞、動詞,【名】パネル、掲示板、有識者グループ、討論者<br>【動】パネルをはめる,討論番組などの「パネリスト、回答者・専門家集団」を panel と呼ぶことが多いです。,,
6464,mixture,/ˈmɪkstʃər/,名詞,混合、ブレンド、混合物,動詞 mix（混ぜる）の名詞形です。複数のものが合わさった状態や物を表します。,,
6465,informal,/ɪnˈfɔːrml/,形容詞,非公式の、形式ばらない、略式の、日常の,formal（公式の、改まった）に否定の接頭辞 in- がついた語。カジュアルな服装や会話などを指します。,,
6466,magnetic,/mæɡˈnetɪk/,形容詞,磁石の、磁気を帯びた、魅力的な,人を引きつける力（魅力）がある、という意味でも magnetic personality（魅力的な人柄）のように使われます。,,
6467,polar,/ˈpoʊlər/,形容詞,極地の、南極［北極］の、対極の,polar bear で「ホッキョクグマ」。polar opposites で「（性格などが）正反対のもの」という意味になります。,,
6468,unrelated,/ˌʌnrɪˈleɪtɪd/,形容詞,無関係の、血縁関係のない,related（関連のある、親戚の）に否定の接頭辞 un- がついた形です。,,
6469,blend,/blend/,動詞、名詞,【動】混ぜ合わせる、調和する<br>【名】混合、ブレンド,コーヒーや紅茶の「ブレンド」だけでなく、周囲の風景や環境に「溶け込む（blend in）」という意味でもよく使われます。,,
6470,pitch,/pɪtʃ/,名詞、動詞,【名】音の高さ、売り込み、ピッチ（傾斜・グラウンド）<br>【動】投げる、強く売り込む,ビジネスでの短いプレゼンや提案を「セールスピッチ（sales pitch）」と呼びます。,,
6471,input,/ˈɪnpʊt/,名詞、動詞,【名】入力、投入、意見・助言<br>【動】入力する,ビジネスシーンでは、他人のアイデアや意見を求める際「I need your input.（あなたの意見が必要です）」のように使われます。,,
6472,joint,/dʒɔɪnt/,名詞、形容詞、動詞,【名】関節、継ぎ目、安料理店<br>【形】共同の、連名の<br>【動】接合する,形容詞としての「共同の、連名の（joint venture、joint account）」はビジネスで頻出です。,,
6473,clinic,/ˈklɪnɪk/,名詞,診療所、クリニック、専門相談所,大病院（hospital）と異なり、特定の診療科を持つ小規模な医院や、研修・講習会を指すこともあります。,,
6474,fingerprint,/ˈfɪŋɡərprɪnt/,名詞、動詞,【名】指紋、特徴的な痕跡<br>【動】（人の）指紋を採取する,事件捜査の指紋だけでなく、遺伝子や物質の「固有の識別特徴（DNA fingerprint）」を指すこともあります。,,
6475,file,/faɪl/,名詞、動詞,【名】ファイル、書類とじ、列<br>【動】（書類を）ファイリングする、提出する、列をつくって進む,ビジネスや法的な手続きで、申請や訴訟を「提出・提起する（file a lawsuit / file a tax return）」という動詞としてよく使われます。,,
6476,panic,/ˈpænɪk/,名詞、動詞,【名】パニック、恐慌<br>【動】うろたえる、パニックに陥る,動詞の過去形・過去分詞形は c の後ろに k を足して panicked、現在分詞は panicking と綴る点に注意。,,
6477,dynamic,/daɪˈnæmɪk/,形容詞、名詞,【形】動的な、力強い、ダイナミックな<br>【名】原動力、動態,static（静的な）の対義語。変化が激しく活力に満ちた状態を指します。,,
6478,versus,/ˈvɜːrsəs/,前置詞,〜対〜、〜と対比して,略して vs. または v. と表記されることが多く、スポーツの試合や裁判、意見の対立などで使われます。,,
6479,orient,/ˈɔːrient/,動詞、名詞,【動】（関心などを）向けさせる、適応させる<br>【名】東洋（the Orient）,orient oneself で「自分の方向（現在地）を確かめる、環境に適応する」という意味になります。,,
6480,surf,/sɜːrf/,動詞、名詞,【動】サーフィンをする、ネットサーフィンをする<br>【名】打ち寄せる波、砕け波,ウェブサイトを次々に見て回る「ネットサーフィン（surf the internet）」の語源です。,,
6481,filter,/ˈfɪltər/,名詞、動詞,【名】フィルター、ろ過器<br>【動】ろ過する、不要なものを取り除く,SNSなどの画像加工用「フィルター」や、情報を選択して伝えることにも使われます。,,
6482,landmine,/ˈlændmaɪn/,名詞,地雷,文字通りの兵器としての「地雷」のほか、会話などで「触れてはいけない話題（タブー）」の比喩としても使われます。,,
6483,fiber,/ˈfaɪbər/,名詞,繊維、食物繊維、素質,dietary fiber（食物繊維）や optical fiber（光ファイバー）などで日常生活になじみ深い単語です。,,
6484,gallery,/ˈɡæləri/,名詞,美術館、画廊、観客、ギャラリー,絵画を展示する場所だけでなく、ゴルフなどの「（競技の）観客」を指すこともあります。,,
6485,slavery,/ˈsleɪvəri/,名詞,奴隷制度、奴隷の身分,slave（奴隷）の名詞形。人道的に不当な束縛や過酷な労働環境を指すときにも比喩的に使われます。,,
6486,scenery,/ˈsiːnəri/,名詞,風景、景色、舞台装置,不可算名詞なので、a scenery や sceneries とはできない点に注意が必要です（可算名詞は view や landscape）。,,
6487,tablet,/ˈtæblət/,名詞,錠剤、タブレット（端末）、平板（石板など）,薬の「錠剤」と、iPadなどの「タブレット型PC」の双方の代表的な意味を持ちます。,,
6488,aboriginal,/ˌæbəˈrɪdʒənl/,形容詞、名詞,【形】先住民の、原生の<br>【名】先住民族,特にオーストラリアの先住民族（アボリジニ）を指す際に大文字（Aboriginal）で使われることが多いです。,,
6489,irrelevant,/ɪˈreləvənt/,形容詞,無関係な、見当違いの、重要でない,relevant（関連のある）に否定の接頭辞 ir- がついた語。議論などで「本筋と関係ない、的外れな」という意味で使われます。,,
6490,fairy,/ˈferi/,名詞、形容詞,【名】妖精<br>【形】妖精の（ような）,fairy tale で「おとぎ話、童話」という意味になります。,,
6491,accustom,/əˈkʌstəm/,動詞,慣れさせる、習慣づける,be accustomed to 名詞/動名詞 の形で「〜に慣れている（= be used to）」という表現でよく使われます。,,
6492,click,/klɪk/,動詞、名詞,【動】カチッと音を立てる、（PCの）クリックをする、意気投合する<br>【名】カチッという音、クリック,会話などで two people clicked と言うと「（二人が）意気投合した、ピンときた」という意味になります。,,
6493,clip,/klɪp/,名詞、動詞,【名】クリップ、留め具、動画の一部<br>【動】クリップで留める、刈り取る、切り取る,動画の一部を切り出した「短い映像（video clip）」や、ニュースの切り抜き（clipping）などの意味もあります。,,
6494,pin,/pɪn/,名詞、動詞,【名】ピン、留め針、ピン留めされたもの<br>【動】ピンで留める、固定する,暗証番号を指す PIN（Personal Identification Number）とは異なる単語です。,,
6495,utility,/juːˈtɪləti/,名詞、形容詞,【名】有用性、実用、公共料金（電気・ガス・水道）<br>【形】実用的な、役に立つ,複数形 utilities は、電気・ガス・水道などの「公共料金・公益事業」を指す重要なビジネス英語です。,,
6496,format,/ˈfɔːrmæt/,名詞、動詞,【名】形式、構成、フォーマット<br>【動】初期化する、フォーマットする,PCやディスクのデータを「初期化する（まっさらにする）」という意味でも動詞として使われます。,,
6497,drill,/drɪl/,名詞、動詞,【名】ドリル（穿孔機）、反復練習、訓練<br>【動】穴を開ける、反復練習させる、叩き込む,避難訓練を evacuation drill、漢字などの反復練習用の教材を漢字ドリルと言うように、訓練の意味で広く使われます。,,
6498,inability,/ˌɪnəˈbɪləti/,名詞,無力、〜できないこと,ability（能力）の対義語。inability to do 〜 で「〜することができないこと」という意味になります。,,
6499,interior,/ɪnˈtɪriər/,名詞、形容詞,【名】内部、内装、インテリア<br>【形】内部の、室内の,exterior（外部の、外装）の対義語。家や車の「内装、インサイド」を指します。,,
6500,prehistoric,/ˌpriːhɪˈstɔːrɪk/,形容詞,有史以前の、先史時代の、きわめて古い,pre-（〜より前の）＋historic（歴史上の）からなる語。文字による歴史記録が残る前の時代を指します。,,
6501,mild,/maɪld/,形容詞,温和な、穏やかな、軽い、（味が）マイルドな,気候が「温暖な」ことや、風邪などの症状が「軽い（重篤ではない）」ことを表す際にも使われます。,,
6502,wireless,/ˈwaɪərləs/,形容詞、名詞,【形】無線（の）、ワイヤレスの<br>【名】無線、ラジオ,wire（ワイヤー、電線）＋-less（〜がない）から。「ワイヤレスイヤホン」などでおなじみです。,,
6503,terrify,/ˈterɪfaɪ/,動詞,怖がらせる、恐怖でいっぱいにさせる,他動詞なので、「怖がる」と言いたいときは be terrified at / of 〜 のように受動態にします。,,
6504,swing,/swɪŋ/,動詞、名詞,【動】揺れる、振る、スイングする<br>【名】揺れ、振ること、ブランコ、スイング,公園にある遊具の「ブランコ」は英語で swing と呼ばれます。過去形は swung。,,
6505,compute,/kəmˈpjuːt/,動詞,計算する、算出する,computer（コンピューター）の動詞形。複雑な計算や統計的な数値を弾き出すときに使われます。,,
6506,flip,/flɪp/,動詞、名詞,【動】軽く弾く、パタパタめくる、裏返す<br>【名】ひっくり返ること、宙返り,コインを指でピンと弾いて裏表を決める行為を flip a coin と言います。,,
6507,gear,/ɡɪər/,名詞、動詞,【名】歯車、ギア、道具、装備<br>【動】連動させる、合わせる,スポーツなどの「道具一式、装備」を指す際、不可算名詞としてよく使われます（例：outdoor gear）。,,
6508,monk,/mʌŋk/,名詞,修道士、僧侶、お坊さん,キリスト教の「修道士」や、仏教の「僧侶」を指します（女性の修道女は nun）。,,
6509,refresh,/rɪˈfreʃ/,動詞,気分を爽快にする、元気を回復させる、最新の状態に更新する,Webブラウザの「再読み込み（リフレッシュ）」ボタンは、表示内容を「最新にする」という意味です。,,
6510,spray,/spreɪ/,名詞、動詞,【名】スプレー、噴霧、しぶき<br>【動】吹きかける、散布する,霧状の液体やそれを噴射する容器を指します。海上の「しぶき（sea spray）」などの意味もあります。,,
6511,spark,/spɑːrk/,名詞、動詞,【名】火花、ひらめき、活気<br>【動】火花を散らす、引き起こす、誘発する,比喩的に「ひらめき（a spark of genius）」や、事件・議論を「引き起こす（spark a debate）」という意味でよく使われます。,,
6512,maze,/meɪz/,名詞,迷路、迷宮、混乱状態,物理的な「迷路」だけでなく、複雑な手続きや状況を指して a maze of bureaucracy（官僚主義の迷宮）のように使われます。,,
6513,county,/ˈkaʊnti/,名詞,郡（アメリカやイギリスなどの地方行政区画）,国（country）ではなく、州（state）の下、市（city）や町（town）をいくつかまとめた「行政区画（郡）」です。,,
6514,blade,/bleɪd/,名詞,刃、ブレード、プロペラなどの羽根、草の葉,カミソリやナイフの「刃」のほか、芝生などの平たい「葉（a blade of grass）」も指します。,,
6515,insufficient,/ˌɪnsəˈfɪʃnt/,形容詞,不十分な、不足している,sufficient（十分な）に否定の接頭辞 in- がついた語。量や根拠が足りない時に使われます。,,
6516,regain,/rɪˈɡeɪn/,動詞,取り戻す、回復する、再び得る,re-（再び）＋gain（得る）から。意識、自信、健康などを「回復する」際に使われます（例：regain consciousness）。,,
6517,awaken,/əˈweɪkən/,動詞,目覚めさせる、呼び起こす、目が覚める,wake よりも堅い語で、眠りから覚ますことや、感情や自覚を「呼び起こす」比喩的表現によく使われます。,,
6518,inflation,/ɪnˈfleɪʃn/,名詞,インフレーション、物価上昇、膨張,経済的な「物価高」を指すほか、タイヤなどを空気で膨らませる行為（膨張）の意味もあります（動詞形は inflate）。,,
6519,sweatshop,/ˈswetʃɑːp/,名詞,スウェットショップ（低賃金で労働環境の劣悪な搾取工場）,sweat（汗をかく）＋shop（工場・仕事場）から。労働基準を守らないブラック企業の工場や作業場を指します。,,
6520,algorithm,/ˈælɡərɪðəm/,名詞,アルゴリズム、計算手順、処理方法,コンピュータが問題を解決するための「一連の手順や計算規則」を指します。,,
6521,prairie,/ˈpreri/,名詞,大草原（北米中西部に広がる広大な温帯草原）,アメリカやカナダの平原地域を代表する地形で、オオカミやバッファローが生息するエリアとして描かれます。,,
6522,nursery,/ˈnɜːrsəri/,名詞,託児所、保育園、子供部屋、苗床（園芸店）,nursery school（保育園・幼稚園）のほか、植物を育てる「苗床、苗木園」の意味もあります。,,
6523,mummy,/ˈmʌmi/,名詞,ミイラ、ママ（お母さん）,古代エジプトなどの「ミイラ」という意味のほかに、イギリス英語で「お母さん（mommy/mom）」を親しんで呼ぶ際にも使われます。,,
6524,nonsense,/ˈnɑːnsens/,名詞、間投詞,【名】くだらないこと、ナンセンス、たわごと<br>【間】くだらない！,non-（否定）＋sense（意味・分別）から。道理に合わないことや、無意味な言葉を指します。,,
6525,librarian,/laɪˈbreriən/,名詞,司書、図書館員,library（図書館）に人を表す接尾辞がついており、専門の資格や管理権を持つ「司書」を指します。,,
6526,obsession,/əbˈseʃn/,名詞,妄想、強迫観念、頭から離れないこと、執着,特定の考えや物事に取り憑かれ、頭から離れなくなっている状態を指します（動詞形は obsess）。,,
6527,sprawl,/sprɔːl/,動詞、名詞,【動】手足を伸ばして寝そべる、だらしなく広がる<br>【名】不規則な広がり,都市が郊外へ無秩序に拡大していく現象を「都市スプロール現象（urban sprawl）」と言います。,,
6528,enlightenment,/ɪnˈlaɪtnmənt/,名詞,啓蒙、啓発、悟り,動詞 enlighten（光を当てる、教える）の名詞形。18世紀の「啓蒙思想・啓蒙時代（the Enlightenment）」を指す際にも使われます。,,
6529,barrel,/ˈbærəl/,名詞、動詞,【名】たる（樽）、バレル（原油などの容量単位：約159L）<br>【動】樽に詰める、突進する,原油価格の報道などで「1バレルあたり（per barrel）」という単位として非常によく耳にします。,,
6530,glossary,/ˈɡlɑːsəri/,名詞,用語集、小辞典,専門書や教科書の巻末などにある、特定の学問や分野の「用語の定義を集めたリスト」を指します。,,
6531,stall,/stɔːl/,名詞、動詞,【名】露店、屋台、個室（便房など）、エンスト<br>【動】失速させる、エンストを起こす、時間稼ぎをする,市場の「屋台・露店（food stall）」のほか、トイレの個室（toilet stall）や、車の「エンスト（エンジン停止）」を指す時にも使われます。,,
6532,stack,/stæk/,名詞、動詞,【名】積み重ね、堆積、山、本棚<br>【動】積み重ねる、山積みにする,書類や本が「整然と積み重なった山」を指します（乱雑な山は pile が近いです）。,,
6533,constrain,/kənˈstreɪn/,動詞,強いる、制限する、縛る,他人の行動や自分の状況を「制約する、不自由に制限する」という意味で、名詞形は constraint（制約・制限）。,,
6534,tweet,/twiːt/,名詞、動詞,【名】（小鳥の）さえずり、ツイート<br>【動】つぶやく、ツイートする,もともとは小鳥のチュンチュンというさえずりを表す擬音語で、SNS「X（旧Twitter）」での投稿を指す言葉として広く使われています。,,
6535,plug,/plʌɡ/,名詞、動詞,【名】プラグ、差し込み口、栓<br>【動】栓をする、プラグを差し込む、宣伝する,plug in で「（電源プラグを）コンセントに差し込む」という句動詞としてよく使われます。,,
6536,await,/əˈweɪt/,動詞,〜を待つ、待ち望む、待ち構える,wait は自動詞なので wait for someone としますが、await は他動詞なので await someone のように直接目的語を取ります。,,
6537,merchandise,/ˈmɜːrtʃəndaɪs/,名詞、動詞,【名】商品、売買品<br>【動】（商品を）売買する、宣伝する,不可算名詞（数えられない名詞）であり、小売店で販売される「品物・グッズ」全体を指します。,,
6538,vendor,/ˈvendər/,名詞,物売り、行商人、販売業者、ベンダー,街頭の露店商（street vendor）のほか、IT分野で製品やサービスを提供する「販売元・ベンダー」を指します。,,
6539,rhyme,/raɪm/,名詞、動詞,【名】韻（いん）、韻文<br>【動】韻を踏む,Nursery Rhyme（マザーグースなどの童謡）でおなじみの言葉です。綴りの rh- と y に注意。,,
6540,premium,/ˈpriːmiəm/,名詞、形容詞,【名】保険料、割増料金、プレミアム、おまけ<br>【形】高級な、質の高い,保険の「保険料（insurance premium）」という意味でビジネスや契約の文脈において非常によく使われます。,,
6541,approximate,/əˈprɑːksɪmət/,形容詞、動詞,【形】おおよその、近似の<br>【動】（数値などを）近づける、見積もる,副詞形 approximately（およそ、約）は数字の前に置いて非常によく使われます（例：approximately 50%）。,,
6542,implicit,/ɪmˈplɪsɪt/,形容詞,暗黙の、言外の、無条件の,explicit（明白な）の対義語。態度や言葉で直接表現せずに「仄めかす、暗黙のうちに伝える」状態を指します。,,
6543,simulate,/ˈsɪmjuleɪt/,動詞,シミュレーションする、模擬実験をする、ふりをする,コンピュータ上で現実の状況を再現するほか、感情や態度を「装う、〜のふりをする」という意味もあります。,,
6544,preoccupy,/priˈɑːkjupaɪ/,動詞,夢中にさせる、心を奪う、先に占領する,通常、受動態の be preoccupied with 〜 で「〜に心を奪われている、〜で頭がいっぱいだ」という形でよく使われます。,,
6545,flap,/flæp/,動詞、名詞,【動】（翼や旗を）パタパタ動かす、羽ばたく、うろたえる<br>【名】垂れ下がり、フラップ、パタパタする音、パニック,飛行機の翼の動く部分（フラップ）や、封筒の折り返し部分を指します。,,
6546,commence,/kəˈmens/,動詞,始まる、始める、開始する,begin や start よりもフォーマル（堅い）語で、公式な行事やプロジェクトの開始などに使われます。名詞形は commencement。,,
6547,diplomacy,/dɪˈploʊməsi/,名詞,外交、外交手腕、駆け引き,国と国の交渉（外交）だけでなく、人間関係における「如才なさ、巧みな駆け引き」を指すこともあります。,,
6548,basin,/ˈbeɪsn/,名詞,洗面台、洗面器、盆地、川の流域,台所や洗面所の「水受け」のほかに、地理用語としての「盆地」や「（河川の）流域（river basin）」という意味もあります。,,
6549,mortgage,/ˈmɔːrɡɪdʒ/,名詞、動詞,【名】住宅ローン、抵当、担保<br>【動】担保に入れる,t の文字を発音しない（/ˈmɔːrɡɪdʒ/ モーギッジ）点に注意。家を購入する際の担保付きローンのことです。,,
6550,attorney,/əˈtɜːrni/,名詞,弁護士、（法的な）代理人,特にアメリカでよく使われる語で、lawyer よりも法廷活動や実務を担う代理人・弁護士としてのフォーマルな響きがあります。,,
6551,outfit,/ˈaʊtfɪt/,名詞、動詞,【名】服装（一式）、衣装、道具一式、組織<br>【動】（装備や衣服を）供給する,特定の目的（イベントや旅行、作業など）のために用意された「全身のコーディネート・服装」を指します。,,
6552,harassment,/həˈræsmənt/,名詞,嫌がらせ、ハラスメント、苦しめること,動詞形は harass。セクシャルハラスメント（sexual harassment）やパワハラ（和製英語、正しくは abuse of authority など）の語源です。,,
6553,hay,/heɪ/,名詞,干し草、牧草,Make hay while the sun shines.（陽のあるうちに干し草を作れ＝「好機を逃すな、思い立ったら吉日」）という有名なことわざがあります。,,
